epoch,train_loss,validation_micro_fmax,validation_macro_fmax,validation_micro_aupr,validation_macro_aupr,validation_micro_auroc,validation_macro_auroc,validation_smin,validation_micro_fmax_threshold,validation_rare_term_micro_fmax_train_count_1_to_10,rare_term_count,brier_score,expected_calibration_error_10_bins,threshold_sensitivity
1,0.4104565668989111,0.018687139200938774,0.09343500302741703,0.007124180399079715,0.04445698570649139,0.5578670587872085,0.4862296722629158,24.409827676154574,0.8245882391929626,0.0013531799729006953,490,0.2733493745326996,0.4950159932634887,"[{'threshold': 0.1, 'micro_f1': 0.011397635348489166}, {'threshold': 0.2, 'micro_f1': 0.011583847708281811}, {'threshold': 0.3, 'micro_f1': 0.011731327106378909}, {'threshold': 0.4, 'micro_f1': 0.012045540745557}, {'threshold': 0.5, 'micro_f1': 0.01328613586982281}, {'threshold': 0.6, 'micro_f1': 0.014600459139840474}, {'threshold': 0.7, 'micro_f1': 0.014986326783842716}, {'threshold': 0.8, 'micro_f1': 0.01744606612484575}, {'threshold': 0.9, 'micro_f1': 0.0}]"
2,0.37199974422732357,0.01576331907998842,0.0943128126677096,0.006982979308713459,0.04549504292329548,0.5633095024828659,0.4965511523631847,24.409827676154574,0.6914420127868652,0.0012805122048481312,490,0.27234041690826416,0.4949759269447818,"[{'threshold': 0.1, 'micro_f1': 0.011395646606914212}, {'threshold': 0.2, 'micro_f1': 0.01155193128658708}, {'threshold': 0.3, 'micro_f1': 0.01185681401535514}, {'threshold': 0.4, 'micro_f1': 0.012441878461217542}, {'threshold': 0.5, 'micro_f1': 0.013163919413919414}, {'threshold': 0.6, 'micro_f1': 0.015089280620685722}, {'threshold': 0.7, 'micro_f1': 0.015020996409677379}, {'threshold': 0.8, 'micro_f1': 0.01350611425442599}, {'threshold': 0.9, 'micro_f1': 0.0}]"
3,0.34875445154608875,0.016322416968775188,0.09781877603937186,0.007167101450304323,0.04675243006843589,0.5726247318482045,0.5122405585871104,24.409827676154574,0.6177306771278381,0.001224861182398075,490,0.27024760842323303,0.49431509187217376,"[{'threshold': 0.1, 'micro_f1': 0.01139241459453897}, {'threshold': 0.2, 'micro_f1': 0.011535754719867813}, {'threshold': 0.3, 'micro_f1': 0.01197168934902742}, {'threshold': 0.4, 'micro_f1': 0.01253789151795667}, {'threshold': 0.5, 'micro_f1': 0.013328765376218781}, {'threshold': 0.6, 'micro_f1': 0.016248197683090538}, {'threshold': 0.7, 'micro_f1': 0.01449134544646947}, {'threshold': 0.8, 'micro_f1': 0.014039902881874802}, {'threshold': 0.9, 'micro_f1': 0.0}]"
4,0.3303438267379841,0.016579844231251407,0.10440624139686458,0.007302612946902653,0.05004406370800306,0.5787538333368208,0.5236539278323188,24.409827676154574,0.6703014373779297,0.0013156152423404726,490,0.26923683285713196,0.4941529921937268,"[{'threshold': 0.1, 'micro_f1': 0.011390985085564142}, {'threshold': 0.2, 'micro_f1': 0.011543890329223606}, {'threshold': 0.3, 'micro_f1': 0.011984237145686532}, {'threshold': 0.4, 'micro_f1': 0.01261396112820275}, {'threshold': 0.5, 'micro_f1': 0.013506049480526945}, {'threshold': 0.6, 'micro_f1': 0.015746273956758622}, {'threshold': 0.7, 'micro_f1': 0.014912766143360616}, {'threshold': 0.8, 'micro_f1': 0.014034267001929711}, {'threshold': 0.9, 'micro_f1': 0.0}]"
5,0.3144285325650816,0.017705255853472764,0.1123751604219889,0.007572770625312646,0.05361972262502579,0.5872558215872675,0.5382319881459477,24.409827676154574,0.6686540246009827,0.0013106221683704933,490,0.26769477128982544,0.49331842539402826,"[{'threshold': 0.1, 'micro_f1': 0.011389141548787755}, {'threshold': 0.2, 'micro_f1': 0.01152522381913482}, {'threshold': 0.3, 'micro_f1': 0.011981022581499053}, {'threshold': 0.4, 'micro_f1': 0.012916035872013827}, {'threshold': 0.5, 'micro_f1': 0.013750260516714501}, {'threshold': 0.6, 'micro_f1': 0.01610058717347553}, {'threshold': 0.7, 'micro_f1': 0.016699274413445687}, {'threshold': 0.8, 'micro_f1': 0.015796570988248892}, {'threshold': 0.9, 'micro_f1': 0.0}]"
6,0.30295167950095325,0.01955382341057339,0.11791801629679631,0.007917560564659587,0.05582237545475686,0.5949170193163472,0.5452117706574918,24.409827676154574,0.7520385384559631,0.0014298892988905128,490,0.26679524779319763,0.49300307305422725,"[{'threshold': 0.1, 'micro_f1': 0.011386427348497676}, {'threshold': 0.2, 'micro_f1': 0.011515344692058501}, {'threshold': 0.3, 'micro_f1': 0.011972513578054182}, {'threshold': 0.4, 'micro_f1': 0.012998527754702548}, {'threshold': 0.5, 'micro_f1': 0.014178582745283446}, {'threshold': 0.6, 'micro_f1': 0.01666069886471344}, {'threshold': 0.7, 'micro_f1': 0.019244008261154962}, {'threshold': 0.8, 'micro_f1': 0.011205673758865246}, {'threshold': 0.9, 'micro_f1': 0.0}]"
7,0.293540086143862,0.023546984140611172,0.12666704825080555,0.008298481294640192,0.06211825833311104,0.6025926510789926,0.5590910578969402,24.409827676154574,0.7641872763633728,0.0017750312273871881,490,0.26593470573425293,0.4929195802807844,"[{'threshold': 0.1, 'micro_f1': 0.011384242643130704}, {'threshold': 0.2, 'micro_f1': 0.011511962778240641}, {'threshold': 0.3, 'micro_f1': 0.011995890820946029}, {'threshold': 0.4, 'micro_f1': 0.013046397537749766}, {'threshold': 0.5, 'micro_f1': 0.014285318650221179}, {'threshold': 0.6, 'micro_f1': 0.01700353250008102}, {'threshold': 0.7, 'micro_f1': 0.020267738529141262}, {'threshold': 0.8, 'micro_f1': 0.014208494208494207}, {'threshold': 0.9, 'micro_f1': 0.0}]"
8,0.2848052689165035,0.02563968395128869,0.13663943355977334,0.008713326347408777,0.07190702500391417,0.6115361350462221,0.5664384069736474,24.409827676154574,0.7672255635261536,0.0015411474324217118,490,0.26380646228790283,0.49169942664596605,"[{'threshold': 0.1, 'micro_f1': 0.01138364306673689}, {'threshold': 0.2, 'micro_f1': 0.011497339071448655}, {'threshold': 0.3, 'micro_f1': 0.011956104591090488}, {'threshold': 0.4, 'micro_f1': 0.013161894883671024}, {'threshold': 0.5, 'micro_f1': 0.014546800489794677}, {'threshold': 0.6, 'micro_f1': 0.017286696320258796}, {'threshold': 0.7, 'micro_f1': 0.022736560537949993}, {'threshold': 0.8, 'micro_f1': 0.013743910925539315}, {'threshold': 0.9, 'micro_f1': 0.0}]"
9,0.27755645177667104,0.027139968546069353,0.14672488711667983,0.009318226836050129,0.08114020494285815,0.6224550175120522,0.5768957706721032,24.409827676154574,0.7502447366714478,0.0017243666268679035,490,0.26257219910621643,0.49150117932637266,"[{'threshold': 0.1, 'micro_f1': 0.011381773365045493}, {'threshold': 0.2, 'micro_f1': 0.011476495812937417}, {'threshold': 0.3, 'micro_f1': 0.011929463347503961}, {'threshold': 0.4, 'micro_f1': 0.0131125458608794}, {'threshold': 0.5, 'micro_f1': 0.015105103809521393}, {'threshold': 0.6, 'micro_f1': 0.017970100267107384}, {'threshold': 0.7, 'micro_f1': 0.024866277408027437}, {'threshold': 0.8, 'micro_f1': 0.012445673646779927}, {'threshold': 0.9, 'micro_f1': 0.0}]"
10,0.27100121659576576,0.03083191437582629,0.1539303030555288,0.009970317918899067,0.08307809296594518,0.6257166346258944,0.585381469859528,24.409827676154574,0.7207892537117004,0.0017746228925822945,490,0.26148879528045654,0.49119335716417206,"[{'threshold': 0.1, 'micro_f1': 0.011381174048716641}, {'threshold': 0.2, 'micro_f1': 0.011462569873315748}, {'threshold': 0.3, 'micro_f1': 0.011919877829212989}, {'threshold': 0.4, 'micro_f1': 0.013235162417000372}, {'threshold': 0.5, 'micro_f1': 0.015233294901488639}, {'threshold': 0.6, 'micro_f1': 0.018613773229615993}, {'threshold': 0.7, 'micro_f1': 0.028838110333289306}, {'threshold': 0.8, 'micro_f1': 0.01545064377682403}, {'threshold': 0.9, 'micro_f1': 0.0}]"
11,0.26427937641976373,0.03554340396412848,0.1539694964816679,0.010419924618680432,0.0819895652730096,0.6325213665186884,0.592908208620908,24.409827676154574,0.7448427081108093,0.0017560675793308704,490,0.2598555386066437,0.489526342729991,"[{'threshold': 0.1, 'micro_f1': 0.011381188317419562}, {'threshold': 0.2, 'micro_f1': 0.011467275694630415}, {'threshold': 0.3, 'micro_f1': 0.011956890304307645}, {'threshold': 0.4, 'micro_f1': 0.013189685839518513}, {'threshold': 0.5, 'micro_f1': 0.015427845845170363}, {'threshold': 0.6, 'micro_f1': 0.019785807275674878}, {'threshold': 0.7, 'micro_f1': 0.029259702436050843}, {'threshold': 0.8, 'micro_f1': 0.01685575364667747}, {'threshold': 0.9, 'micro_f1': 0.0}]"
12,0.25937012381969937,0.03728696253969653,0.16977103205921223,0.011849090294988632,0.09791291751521158,0.6469619358420702,0.6043647560479286,24.409827676154574,0.7374013066291809,0.00331125827768719,490,0.25898441672325134,0.4891820331309195,"[{'threshold': 0.1, 'micro_f1': 0.011380760271894611}, {'threshold': 0.2, 'micro_f1': 0.011459516776490191}, {'threshold': 0.3, 'micro_f1': 0.011930011659417665}, {'threshold': 0.4, 'micro_f1': 0.013205382154785028}, {'threshold': 0.5, 'micro_f1': 0.015668135932085752}, {'threshold': 0.6, 'micro_f1': 0.020946135831381732}, {'threshold': 0.7, 'micro_f1': 0.03569140226393602}, {'threshold': 0.8, 'micro_f1': 0.020110957004160882}, {'threshold': 0.9, 'micro_f1': 0.0}]"
13,0.2550408784201536,0.039292163235551104,0.17348608868660337,0.013433889899282493,0.10346076772226631,0.6537874348593613,0.6112759825284786,24.354809511373325,0.7169963121414185,0.003976143140663612,490,0.25771039724349976,0.4891623119943292,"[{'threshold': 0.1, 'micro_f1': 0.011380346525158238}, {'threshold': 0.2, 'micro_f1': 0.011437008890831874}, {'threshold': 0.3, 'micro_f1': 0.0118564332006448}, {'threshold': 0.4, 'micro_f1': 0.013143375669104373}, {'threshold': 0.5, 'micro_f1': 0.015841337482255056}, {'threshold': 0.6, 'micro_f1': 0.02216548991450264}, {'threshold': 0.7, 'micro_f1': 0.037456875308033516}, {'threshold': 0.8, 'micro_f1': 0.028263795423956926}, {'threshold': 0.9, 'micro_f1': 0.0008701326952360233}]"
14,0.2509491192127662,0.043689320387850394,0.17123022019340053,0.013629612870244792,0.10149258728820394,0.6549819666821027,0.6185221304800065,24.396283779631556,0.7832039594650269,0.004184100417915084,490,0.2564861476421356,0.4877728657690782,"[{'threshold': 0.1, 'micro_f1': 0.011380317992009458}, {'threshold': 0.2, 'micro_f1': 0.011443943836683651}, {'threshold': 0.3, 'micro_f1': 0.011864538607867771}, {'threshold': 0.4, 'micro_f1': 0.013164213947896556}, {'threshold': 0.5, 'micro_f1': 0.015857014555671057}, {'threshold': 0.6, 'micro_f1': 0.023207091055600322}, {'threshold': 0.7, 'micro_f1': 0.03957790872961491}, {'threshold': 0.8, 'micro_f1': 0.030598786599841728}, {'threshold': 0.9, 'micro_f1': 0.0}]"
15,0.24727865738212748,0.04940557396184612,0.1803445159729767,0.01650373503135179,0.10935186919881394,0.6593344512363202,0.6231625893499484,24.27176572794123,0.7264021635055542,0.00720720720673257,490,0.2549152970314026,0.48720887658606776,"[{'threshold': 0.1, 'micro_f1': 0.011380046934231903}, {'threshold': 0.2, 'micro_f1': 0.011424112957521378}, {'threshold': 0.3, 'micro_f1': 0.011810018216606055}, {'threshold': 0.4, 'micro_f1': 0.013174417836134917}, {'threshold': 0.5, 'micro_f1': 0.015845827801985214}, {'threshold': 0.6, 'micro_f1': 0.024671769692031706}, {'threshold': 0.7, 'micro_f1': 0.04383355771940261}, {'threshold': 0.8, 'micro_f1': 0.03961848862802641}, {'threshold': 0.9, 'micro_f1': 0.005225342913128673}]"
16,0.2439270786665104,0.05544554455395545,0.18604442475734587,0.017100731343520817,0.11382590105914091,0.6683881994538681,0.6325760522506525,24.242175716925534,0.7816388010978699,0.005235602093748732,490,0.2551765441894531,0.4871817129063997,"[{'threshold': 0.1, 'micro_f1': 0.011379961339721556}, {'threshold': 0.2, 'micro_f1': 0.011429175747183308}, {'threshold': 0.3, 'micro_f1': 0.011840547641733534}, {'threshold': 0.4, 'micro_f1': 0.01324622534690803}, {'threshold': 0.5, 'micro_f1': 0.01626704626635833}, {'threshold': 0.6, 'micro_f1': 0.02509710606431746}, {'threshold': 0.7, 'micro_f1': 0.04179777949296443}, {'threshold': 0.8, 'micro_f1': 0.05198776758409785}, {'threshold': 0.9, 'micro_f1': 0.005202688055495338}]"
17,0.24045292433922882,0.06232532140814422,0.19372841301089255,0.020224637890312022,0.11928861987556988,0.6739595046913466,0.6398321359068339,24.114828256785266,0.7915430665016174,0.007766990290775756,490,0.2535605728626251,0.48655878867619407,"[{'threshold': 0.1, 'micro_f1': 0.011379847215710658}, {'threshold': 0.2, 'micro_f1': 0.011415163380940525}, {'threshold': 0.3, 'micro_f1': 0.011762097300117387}, {'threshold': 0.4, 'micro_f1': 0.01318283013709331}, {'threshold': 0.5, 'micro_f1': 0.016549944415860007}, {'threshold': 0.6, 'micro_f1': 0.026651042605612643}, {'threshold': 0.7, 'micro_f1': 0.04507654186891144}, {'threshold': 0.8, 'micro_f1': 0.05600612088752868}, {'threshold': 0.9, 'micro_f1': 0.0008743169398907102}]"
18,0.2367892747045194,0.06802063185002638,0.1964264376023033,0.023157104478622174,0.12370323268236535,0.6786308379283726,0.6447472858136173,24.1333058379535,0.8059927225112915,0.005551700208050687,490,0.2525363266468048,0.4855091309885774,"[{'threshold': 0.1, 'micro_f1': 0.01137986148108684}, {'threshold': 0.2, 'micro_f1': 0.011417819495819881}, {'threshold': 0.3, 'micro_f1': 0.011759654075614185}, {'threshold': 0.4, 'micro_f1': 0.013280958312286062}, {'threshold': 0.5, 'micro_f1': 0.016819563638320194}, {'threshold': 0.6, 'micro_f1': 0.027200426195821758}, {'threshold': 0.7, 'micro_f1': 0.04952902894331221}, {'threshold': 0.8, 'micro_f1': 0.06652360515021458}, {'threshold': 0.9, 'micro_f1': 0.010010881392818279}]"
19,0.23398407860092385,0.07415990729963409,0.20437137021285168,0.026248681064462903,0.12990389950175116,0.6904716678374812,0.6503619009509167,24.116927455199537,0.7511738538742065,0.005524861877970681,490,0.25286898016929626,0.48667833609741035,"[{'threshold': 0.1, 'micro_f1': 0.011379818685065586}, {'threshold': 0.2, 'micro_f1': 0.011404880806557995}, {'threshold': 0.3, 'micro_f1': 0.011724247970828182}, {'threshold': 0.4, 'micro_f1': 0.01312861593235425}, {'threshold': 0.5, 'micro_f1': 0.01744628001841522}, {'threshold': 0.6, 'micro_f1': 0.02859799501488502}, {'threshold': 0.7, 'micro_f1': 0.050641483878249745}, {'threshold': 0.8, 'micro_f1': 0.06742671009771986}, {'threshold': 0.9, 'micro_f1': 0.0017524644030668124}]"
20,0.2307379070728544,0.08536462020785775,0.20604833994839777,0.028555254234062178,0.13178997762904204,0.6863669797476024,0.6521307148768245,24.13634386158251,0.7589601874351501,0.00680272108835304,490,0.25161585211753845,0.48550282356923996,"[{'threshold': 0.1, 'micro_f1': 0.011379690298933107}, {'threshold': 0.2, 'micro_f1': 0.011403834944626455}, {'threshold': 0.3, 'micro_f1': 0.011722158900088046}, {'threshold': 0.4, 'micro_f1': 0.013221481499838914}, {'threshold': 0.5, 'micro_f1': 0.017194803083467682}, {'threshold': 0.6, 'micro_f1': 0.028665114442931607}, {'threshold': 0.7, 'micro_f1': 0.054404145077720206}, {'threshold': 0.8, 'micro_f1': 0.06981652865724955}, {'threshold': 0.9, 'micro_f1': 0.008296943231441046}]"
21,0.22866237463143768,0.09207529073202997,0.21140709631499013,0.03246872164698575,0.13931077716873735,0.6863268661211626,0.6558505130201949,24.005156009986063,0.7678574919700623,0.00764560377773573,490,0.24999310076236725,0.4843186376463028,"[{'threshold': 0.1, 'micro_f1': 0.01137976162420462}, {'threshold': 0.2, 'micro_f1': 0.01140124260734035}, {'threshold': 0.3, 'micro_f1': 0.011665096829619203}, {'threshold': 0.4, 'micro_f1': 0.013177319953411957}, {'threshold': 0.5, 'micro_f1': 0.017306069493654534}, {'threshold': 0.6, 'micro_f1': 0.029288418764962562}, {'threshold': 0.7, 'micro_f1': 0.060550989219776134}, {'threshold': 0.8, 'micro_f1': 0.07327731092436973}, {'threshold': 0.9, 'micro_f1': 0.010026155187445509}]"
22,0.22575988072566885,0.10601649684569628,0.21704816818635903,0.0358152665326707,0.14107683908448046,0.6983771644584497,0.6617838156065582,23.909139287111625,0.7650642991065979,0.010462074977899392,490,0.2486783266067505,0.4833159484557776,"[{'threshold': 0.1, 'micro_f1': 0.011379647504199362}, {'threshold': 0.2, 'micro_f1': 0.011399037900105853}, {'threshold': 0.3, 'micro_f1': 0.011678138112068788}, {'threshold': 0.4, 'micro_f1': 0.01317823126316552}, {'threshold': 0.5, 'micro_f1': 0.017868000011105035}, {'threshold': 0.6, 'micro_f1': 0.031635255774408386}, {'threshold': 0.7, 'micro_f1': 0.06457311956185681}, {'threshold': 0.8, 'micro_f1': 0.07232650249698638}, {'threshold': 0.9, 'micro_f1': 0.007855116735762599}]"
23,0.2228396785637689,0.10906684314975194,0.22231471796342928,0.04058402804049695,0.14715128465301458,0.7035627327509563,0.6637372809386207,23.764655010366813,0.7725658416748047,0.00898876404444439,490,0.24961714446544647,0.48446058368714434,"[{'threshold': 0.1, 'micro_f1': 0.011379647504199362}, {'threshold': 0.2, 'micro_f1': 0.011398007420381566}, {'threshold': 0.3, 'micro_f1': 0.01164813651739805}, {'threshold': 0.4, 'micro_f1': 0.01314216894757058}, {'threshold': 0.5, 'micro_f1': 0.017969209040327276}, {'threshold': 0.6, 'micro_f1': 0.03177364790650675}, {'threshold': 0.7, 'micro_f1': 0.06920476002283406}, {'threshold': 0.8, 'micro_f1': 0.08825038481272446}, {'threshold': 0.9, 'micro_f1': 0.010034904013961603}]"
24,0.22156461986599776,0.11558914077759422,0.22411912518926247,0.04245580599121702,0.14794960876021176,0.7034600625669325,0.6643111315473255,23.746763270428996,0.7725093364715576,0.009900990098511973,490,0.24662724137306213,0.48165973208725105,"[{'threshold': 0.1, 'micro_f1': 0.011379633239359642}, {'threshold': 0.2, 'micro_f1': 0.011395846880390055}, {'threshold': 0.3, 'micro_f1': 0.011657257539232644}, {'threshold': 0.4, 'micro_f1': 0.013145872110015536}, {'threshold': 0.5, 'micro_f1': 0.017975187901838267}, {'threshold': 0.6, 'micro_f1': 0.033352404355696454}, {'threshold': 0.7, 'micro_f1': 0.07328525098020233}, {'threshold': 0.8, 'micro_f1': 0.08087974459028023}, {'threshold': 0.9, 'micro_f1': 0.003501860363318012}]"
25,0.21859832155326056,0.11723358855228995,0.23045665490757808,0.046212049985191246,0.15405603086199685,0.7096815961476208,0.6685599595177342,23.494321848490312,0.7630811333656311,0.01358369956037033,490,0.24697820842266083,0.48226593007793916,"[{'threshold': 0.1, 'micro_f1': 0.011379561915697478}, {'threshold': 0.2, 'micro_f1': 0.011394173382718963}, {'threshold': 0.3, 'micro_f1': 0.0116111351507284}, {'threshold': 0.4, 'micro_f1': 0.013107287217027842}, {'threshold': 0.5, 'micro_f1': 0.018306687873796856}, {'threshold': 0.6, 'micro_f1': 0.03464773223473127}, {'threshold': 0.7, 'micro_f1': 0.08045920620124614}, {'threshold': 0.8, 'micro_f1': 0.0809289232934553}, {'threshold': 0.9, 'micro_f1': 0.009170305676855893}]"
26,0.216433408004897,0.12290349188845019,0.23382977946289304,0.05147955577198106,0.15707779206586628,0.715820829436402,0.6724833704621611,23.393767723188514,0.7719905972480774,0.012958963282580817,490,0.24612252414226532,0.4814244109852035,"[{'threshold': 0.1, 'micro_f1': 0.011379590445055056}, {'threshold': 0.2, 'micro_f1': 0.011396075772982336}, {'threshold': 0.3, 'micro_f1': 0.011639572485894843}, {'threshold': 0.4, 'micro_f1': 0.013058435041104497}, {'threshold': 0.5, 'micro_f1': 0.018570664867538215}, {'threshold': 0.6, 'micro_f1': 0.03571737189273267}, {'threshold': 0.7, 'micro_f1': 0.07888114595431668}, {'threshold': 0.8, 'micro_f1': 0.09999999999999998}, {'threshold': 0.9, 'micro_f1': 0.011338857392062798}]"
27,0.21474239190734884,0.13308074828271377,0.23734251726937827,0.05441919147329314,0.1628549553037851,0.7130076936864215,0.6777444869235202,23.448303927794477,0.7542123198509216,0.016334864726706068,490,0.2438916712999344,0.4792568581858929,"[{'threshold': 0.1, 'micro_f1': 0.011379561915697478}, {'threshold': 0.2, 'micro_f1': 0.011394488019972362}, {'threshold': 0.3, 'micro_f1': 0.01163287801058986}, {'threshold': 0.4, 'micro_f1': 0.012984491944007075}, {'threshold': 0.5, 'micro_f1': 0.018814417182393538}, {'threshold': 0.6, 'micro_f1': 0.03727539823716347}, {'threshold': 0.7, 'micro_f1': 0.08457346468245651}, {'threshold': 0.8, 'micro_f1': 0.09772565742714995}, {'threshold': 0.9, 'micro_f1': 0.007430069930069928}]"
28,0.21233565663849865,0.13907805133529574,0.2402539374428952,0.06264402895026086,0.16683799523217213,0.7207896321810038,0.6787675172439236,23.282821592886265,0.7613924741744995,0.02439024390194696,490,0.243414044380188,0.4790878803044161,"[{'threshold': 0.1, 'micro_f1': 0.011379547651072332}, {'threshold': 0.2, 'micro_f1': 0.011393343967790397}, {'threshold': 0.3, 'micro_f1': 0.011634425968121056}, {'threshold': 0.4, 'micro_f1': 0.013084571007732908}, {'threshold': 0.5, 'micro_f1': 0.019201994279381372}, {'threshold': 0.6, 'micro_f1': 0.03778967605895851}, {'threshold': 0.7, 'micro_f1': 0.0896154681729307}, {'threshold': 0.8, 'micro_f1': 0.11166965888689406}, {'threshold': 0.9, 'micro_f1': 0.00831327936994093}]"
29,0.21053483971843012,0.1411469615774279,0.24487436621778047,0.06275364513528309,0.17242850413972255,0.7226763824913398,0.6797188312143345,23.315013715596983,0.7506713271141052,0.01630094043863822,490,0.2421986162662506,0.4777453922563672,"[{'threshold': 0.1, 'micro_f1': 0.011379547651072332}, {'threshold': 0.2, 'micro_f1': 0.011394201985387608}, {'threshold': 0.3, 'micro_f1': 0.011664848729139327}, {'threshold': 0.4, 'micro_f1': 0.013122740482081879}, {'threshold': 0.5, 'micro_f1': 0.019308615439727745}, {'threshold': 0.6, 'micro_f1': 0.03852666346133746}, {'threshold': 0.7, 'micro_f1': 0.08982456140350877}, {'threshold': 0.8, 'micro_f1': 0.11099290780141842}, {'threshold': 0.9, 'micro_f1': 0.010471204188481673}]"
30,0.2086961921403017,0.14704513727273358,0.2473225583274154,0.06713719420489224,0.17814298722145228,0.7273994545475914,0.6821138745575315,23.214470407304777,0.7794704437255859,0.02100161550872671,490,0.24210187792778015,0.477876165053011,"[{'threshold': 0.1, 'micro_f1': 0.011379547651072332}, {'threshold': 0.2, 'micro_f1': 0.011392986498595643}, {'threshold': 0.3, 'micro_f1': 0.011593435271914782}, {'threshold': 0.4, 'micro_f1': 0.013105693054105508}, {'threshold': 0.5, 'micro_f1': 0.01956067664522144}, {'threshold': 0.6, 'micro_f1': 0.04025001863426789}, {'threshold': 0.7, 'micro_f1': 0.09555741827326068}, {'threshold': 0.8, 'micro_f1': 0.12312577174104779}, {'threshold': 0.9, 'micro_f1': 0.009178321678321676}]"
31,0.20696475715548904,0.16001120919107406,0.25037985605838575,0.07673898973202631,0.1784437056729686,0.7310330254529014,0.6837935279084192,22.948735759321604,0.7639644742012024,0.022559652928247336,490,0.24062708020210266,0.47665688529733263,"[{'threshold': 0.1, 'micro_f1': 0.011379547651072332}, {'threshold': 0.2, 'micro_f1': 0.011391971408385484}, {'threshold': 0.3, 'micro_f1': 0.011605634381435094}, {'threshold': 0.4, 'micro_f1': 0.013092063550546757}, {'threshold': 0.5, 'micro_f1': 0.020070698059609243}, {'threshold': 0.6, 'micro_f1': 0.040386835057207214}, {'threshold': 0.7, 'micro_f1': 0.09725480994838104}, {'threshold': 0.8, 'micro_f1': 0.13135289906943448}, {'threshold': 0.9, 'micro_f1': 0.011785246617197728}]"
32,0.20526112797399046,0.15782922578989927,0.24987576959120048,0.07153486065215073,0.18132448192389516,0.7334046265170998,0.6894580119709592,23.04370003234113,0.7597320079803467,0.027184466019087142,490,0.24072545766830444,0.4763718603549674,"[{'threshold': 0.1, 'micro_f1': 0.011379561915697478}, {'threshold': 0.2, 'micro_f1': 0.011394816977499065}, {'threshold': 0.3, 'micro_f1': 0.01160530631263789}, {'threshold': 0.4, 'micro_f1': 0.013216417679626365}, {'threshold': 0.5, 'micro_f1': 0.020111976764364718}, {'threshold': 0.6, 'micro_f1': 0.04074142442965263}, {'threshold': 0.7, 'micro_f1': 0.09570848424980792}, {'threshold': 0.8, 'micro_f1': 0.13340281396560708}, {'threshold': 0.9, 'micro_f1': 0.01046207497820401}]"
33,0.2032842547805221,0.17608022415528662,0.2583479107502851,0.0843541543289148,0.18860029249084687,0.736916415248809,0.6911959296158551,22.540572204223945,0.7662441730499268,0.024479804161178897,490,0.23773379623889923,0.4740613091681914,"[{'threshold': 0.1, 'micro_f1': 0.011379547651072332}, {'threshold': 0.2, 'micro_f1': 0.011389998933520698}, {'threshold': 0.3, 'micro_f1': 0.011563821575028915}, {'threshold': 0.4, 'micro_f1': 0.01306556310639299}, {'threshold': 0.5, 'micro_f1': 0.020732296823807072}, {'threshold': 0.6, 'micro_f1': 0.04506450864794268}, {'threshold': 0.7, 'micro_f1': 0.11203782754317987}, {'threshold': 0.8, 'micro_f1': 0.14371040723981898}, {'threshold': 0.9, 'micro_f1': 0.010905125408942201}]"
34,0.20080082213121747,0.17750226791611007,0.26097976205467277,0.08686946095715654,0.19102620738568993,0.7426084704702633,0.695877636007994,22.511411822764284,0.7727619409561157,0.036269430051411596,490,0.23807021975517273,0.47438482609109756,"[{'threshold': 0.1, 'micro_f1': 0.011379547651072332}, {'threshold': 0.2, 'micro_f1': 0.011390827861478098}, {'threshold': 0.3, 'micro_f1': 0.011563021416470124}, {'threshold': 0.4, 'micro_f1': 0.013085329621880366}, {'threshold': 0.5, 'micro_f1': 0.020739993378840665}, {'threshold': 0.6, 'micro_f1': 0.046095977383262654}, {'threshold': 0.7, 'micro_f1': 0.11099144757681342}, {'threshold': 0.8, 'micro_f1': 0.15771988109809404}, {'threshold': 0.9, 'micro_f1': 0.01046207497820401}]"
35,0.1990383924157531,0.18083993423958758,0.2628321107176534,0.09179566315342967,0.19504281597471196,0.7429633907584614,0.6959600711850101,22.273749312836568,0.7713022828102112,0.037986704653046335,490,0.23600217700004578,0.4721756163927653,"[{'threshold': 0.1, 'micro_f1': 0.011379547651072332}, {'threshold': 0.2, 'micro_f1': 0.01139087074034386}, {'threshold': 0.3, 'micro_f1': 0.011599444171895748}, {'threshold': 0.4, 'micro_f1': 0.01313967963117124}, {'threshold': 0.5, 'micro_f1': 0.021193422285400446}, {'threshold': 0.6, 'micro_f1': 0.046151192588212105}, {'threshold': 0.7, 'micro_f1': 0.11429308565531475}, {'threshold': 0.8, 'micro_f1': 0.15883590462833097}, {'threshold': 0.9, 'micro_f1': 0.01478260869565217}]"
36,0.19675269360264774,0.18619869125476654,0.2681232802371944,0.09320691214504673,0.19666465892241525,0.7444628249714703,0.6976152672405831,22.225904787804005,0.7668428421020508,0.040050062577829414,490,0.2351638823747635,0.471503224181471,"[{'threshold': 0.1, 'micro_f1': 0.011379547651072332}, {'threshold': 0.2, 'micro_f1': 0.011390399090574878}, {'threshold': 0.3, 'micro_f1': 0.011597296700928296}, {'threshold': 0.4, 'micro_f1': 0.013187731694669958}, {'threshold': 0.5, 'micro_f1': 0.021391702869770164}, {'threshold': 0.6, 'micro_f1': 0.04818691923258816}, {'threshold': 0.7, 'micro_f1': 0.11754314444897403}, {'threshold': 0.8, 'micro_f1': 0.15624440064504566}, {'threshold': 0.9, 'micro_f1': 0.013063357282821682}]"
37,0.1950912570984906,0.19507031604372493,0.2706248504968717,0.09475803088335319,0.1983536697839029,0.7464004024499248,0.6979570753412491,22.43324264762838,0.7675215601921082,0.04551920341351565,490,0.23481999337673187,0.4713619861305929,"[{'threshold': 0.1, 'micro_f1': 0.011379547651072332}, {'threshold': 0.2, 'micro_f1': 0.011389327304525871}, {'threshold': 0.3, 'micro_f1': 0.01155488699453776}, {'threshold': 0.4, 'micro_f1': 0.013140940673107155}, {'threshold': 0.5, 'micro_f1': 0.02143914639092315}, {'threshold': 0.6, 'micro_f1': 0.05041640312038794}, {'threshold': 0.7, 'micro_f1': 0.12314613059675264}, {'threshold': 0.8, 'micro_f1': 0.1481081081081081}, {'threshold': 0.9, 'micro_f1': 0.008737439930100479}]"
38,0.19327861110053995,0.19836564653060798,0.2721868858478966,0.10370161005695988,0.20160242659952862,0.7489870097304286,0.7003121522466392,21.7940155470132,0.7768792510032654,0.051924798567280904,490,0.23203381896018982,0.4683674896814043,"[{'threshold': 0.1, 'micro_f1': 0.011379547651072332}, {'threshold': 0.2, 'micro_f1': 0.011389770284970095}, {'threshold': 0.3, 'micro_f1': 0.011570337023281838}, {'threshold': 0.4, 'micro_f1': 0.013242506726786918}, {'threshold': 0.5, 'micro_f1': 0.021997524853463166}, {'threshold': 0.6, 'micro_f1': 0.051715212119560774}, {'threshold': 0.7, 'micro_f1': 0.12866093545096896}, {'threshold': 0.8, 'micro_f1': 0.1733735153341606}, {'threshold': 0.9, 'micro_f1': 0.013481191563383342}]"
39,0.1912787048116563,0.1992107340169576,0.27639790866986974,0.10546400570889683,0.20592214462230493,0.7522631254071473,0.6997236664741943,21.880063718118,0.7723840475082397,0.04841149773027211,490,0.23131680488586426,0.46788239914010266,"[{'threshold': 0.1, 'micro_f1': 0.011379547651072332}, {'threshold': 0.2, 'micro_f1': 0.011389613094416605}, {'threshold': 0.3, 'micro_f1': 0.011559804688000615}, {'threshold': 0.4, 'micro_f1': 0.01312942978182984}, {'threshold': 0.5, 'micro_f1': 0.02237220217482486}, {'threshold': 0.6, 'micro_f1': 0.054879950109136266}, {'threshold': 0.7, 'micro_f1': 0.12977214425833708}, {'threshold': 0.8, 'micro_f1': 0.16732495511669657}, {'threshold': 0.9, 'micro_f1': 0.013492927094668115}]"
40,0.18900762782210395,0.20178128193852216,0.277025495297415,0.11119062149220375,0.20977211596339979,0.7552493860349646,0.7012240982388452,21.549110352363748,0.7639772891998291,0.06880189798301266,490,0.23000173270702362,0.46634818606553985,"[{'threshold': 0.1, 'micro_f1': 0.011379633239359642}, {'threshold': 0.2, 'micro_f1': 0.01139101367222791}, {'threshold': 0.3, 'micro_f1': 0.011585212421237502}, {'threshold': 0.4, 'micro_f1': 0.013240067204322161}, {'threshold': 0.5, 'micro_f1': 0.0230507469430403}, {'threshold': 0.6, 'micro_f1': 0.05510497883318842}, {'threshold': 0.7, 'micro_f1': 0.13336251550302763}, {'threshold': 0.8, 'micro_f1': 0.18479985893140535}, {'threshold': 0.9, 'micro_f1': 0.02679922195807218}]"
41,0.18717880420899266,0.20601640838608057,0.28031343573122164,0.1133003454249876,0.21149497078037682,0.7612148337886794,0.7034005593917888,21.615248296996022,0.7659018635749817,0.0720461095096588,490,0.2292567789554596,0.465876940739722,"[{'threshold': 0.1, 'micro_f1': 0.011379604709787487}, {'threshold': 0.2, 'micro_f1': 0.011389170126199232}, {'threshold': 0.3, 'micro_f1': 0.011584747901689795}, {'threshold': 0.4, 'micro_f1': 0.013289046940343224}, {'threshold': 0.5, 'micro_f1': 0.02352823388065679}, {'threshold': 0.6, 'micro_f1': 0.057734398107068916}, {'threshold': 0.7, 'micro_f1': 0.14331136099263278}, {'threshold': 0.8, 'micro_f1': 0.17463467436406274}, {'threshold': 0.9, 'micro_f1': 0.012200435729847492}]"
42,0.1849723999935483,0.2099060359925919,0.28236920005037836,0.1204733180727801,0.21368731397075025,0.7586846748496989,0.7074946958430708,21.078284506062435,0.772131085395813,0.06968641114935725,490,0.22674714028835297,0.4632962532220405,"[{'threshold': 0.1, 'micro_f1': 0.011379618974555684}, {'threshold': 0.2, 'micro_f1': 0.011389670254115865}, {'threshold': 0.3, 'micro_f1': 0.011566975298753725}, {'threshold': 0.4, 'micro_f1': 0.013374828705145248}, {'threshold': 0.5, 'micro_f1': 0.023749377685173233}, {'threshold': 0.6, 'micro_f1': 0.05919774365402695}, {'threshold': 0.7, 'micro_f1': 0.14568106312292356}, {'threshold': 0.8, 'micro_f1': 0.1934438040345821}, {'threshold': 0.9, 'micro_f1': 0.022111424235855187}]"
43,0.1831198686329776,0.2159758615209569,0.2837404982908563,0.12198294712021328,0.21273506548681118,0.757124515761751,0.705984030715939,21.07662021202902,0.7696556448936462,0.07177033492784758,490,0.22482195496559143,0.4611508562430348,"[{'threshold': 0.1, 'micro_f1': 0.011379618974555684}, {'threshold': 0.2, 'micro_f1': 0.01138969883418064}, {'threshold': 0.3, 'micro_f1': 0.011601529420821679}, {'threshold': 0.4, 'micro_f1': 0.013466774597100595}, {'threshold': 0.5, 'micro_f1': 0.02419449348449851}, {'threshold': 0.6, 'micro_f1': 0.05778966472442449}, {'threshold': 0.7, 'micro_f1': 0.15059021922428328}, {'threshold': 0.8, 'micro_f1': 0.192597915918074}, {'threshold': 0.9, 'micro_f1': 0.02125352418130557}]"
44,0.18079224567880076,0.2142170989429265,0.2875539063840984,0.1192786808198491,0.21544043602461074,0.7635597831301268,0.7031786674415188,21.095274377664033,0.7696884274482727,0.08360128617318108,490,0.22437453269958496,0.4608255412116578,"[{'threshold': 0.1, 'micro_f1': 0.011379618974555684}, {'threshold': 0.2, 'micro_f1': 0.011390070388075432}, {'threshold': 0.3, 'micro_f1': 0.01161608902759527}, {'threshold': 0.4, 'micro_f1': 0.013431155375567527}, {'threshold': 0.5, 'micro_f1': 0.024771334167977978}, {'threshold': 0.6, 'micro_f1': 0.06183480248122755}, {'threshold': 0.7, 'micro_f1': 0.154041687849517}, {'threshold': 0.8, 'micro_f1': 0.17648137956338283}, {'threshold': 0.9, 'micro_f1': 0.01827278659995649}]"
45,0.1788428803442647,0.21700114211089003,0.2854760202002708,0.12317135269896298,0.21568879128579566,0.76397951752407,0.7073791808146913,20.941740401160462,0.7782254219055176,0.09187279151896348,490,0.2220063954591751,0.4580547690241422,"[{'threshold': 0.1, 'micro_f1': 0.011379618974555684}, {'threshold': 0.2, 'micro_f1': 0.01139101367222791}, {'threshold': 0.3, 'micro_f1': 0.01164494119008881}, {'threshold': 0.4, 'micro_f1': 0.01366775954505886}, {'threshold': 0.5, 'micro_f1': 0.025077186289355177}, {'threshold': 0.6, 'micro_f1': 0.05983756008619261}, {'threshold': 0.7, 'micro_f1': 0.15221916895661586}, {'threshold': 0.8, 'micro_f1': 0.199785943631823}, {'threshold': 0.9, 'micro_f1': 0.021221307925508873}]"
46,0.17635342865078538,0.2156500308067266,0.2853369752762322,0.12426253725570403,0.21540017641385178,0.7660361237858573,0.7048512278939896,20.843288967965332,0.7629076838493347,0.0804953560367076,490,0.22011910378932953,0.45621680822920574,"[{'threshold': 0.1, 'micro_f1': 0.011379633239359642}, {'threshold': 0.2, 'micro_f1': 0.011391885634403043}, {'threshold': 0.3, 'micro_f1': 0.011630971188665202}, {'threshold': 0.4, 'micro_f1': 0.013692684725607866}, {'threshold': 0.5, 'micro_f1': 0.025973920097178006}, {'threshold': 0.6, 'micro_f1': 0.06365229582895197}, {'threshold': 0.7, 'micro_f1': 0.15756412493456637}, {'threshold': 0.8, 'micro_f1': 0.20039575463212805}, {'threshold': 0.9, 'micro_f1': 0.02164502164502164}]"
47,0.1743150440946458,0.22256760957372185,0.28864138841200027,0.126423902053703,0.21624010967780294,0.7662570884878742,0.7077867042531549,20.718765544392934,0.7693425416946411,0.11320754716931618,490,0.21916326880455017,0.4548919741576039,"[{'threshold': 0.1, 'micro_f1': 0.011379618974555684}, {'threshold': 0.2, 'micro_f1': 0.011392228738082898}, {'threshold': 0.3, 'micro_f1': 0.01166029685677273}, {'threshold': 0.4, 'micro_f1': 0.01379397201434414}, {'threshold': 0.5, 'micro_f1': 0.025843421192258402}, {'threshold': 0.6, 'micro_f1': 0.06353319168782712}, {'threshold': 0.7, 'micro_f1': 0.15619954108948753}, {'threshold': 0.8, 'micro_f1': 0.20519203413940254}, {'threshold': 0.9, 'micro_f1': 0.0306100452683768}]"
48,0.1719954620908808,0.2257192815128711,0.2914544827200632,0.1358338694642133,0.22182021318678724,0.7761638333230462,0.7112614463341832,20.505713208919943,0.7652681469917297,0.10380622837323521,490,0.21859580278396606,0.45489270548464134,"[{'threshold': 0.1, 'micro_f1': 0.011379618974555684}, {'threshold': 0.2, 'micro_f1': 0.011389655964137263}, {'threshold': 0.3, 'micro_f1': 0.01160430848462365}, {'threshold': 0.4, 'micro_f1': 0.013642073856944699}, {'threshold': 0.5, 'micro_f1': 0.02711651562401892}, {'threshold': 0.6, 'micro_f1': 0.06907827508685878}, {'threshold': 0.7, 'micro_f1': 0.17061346261420843}, {'threshold': 0.8, 'micro_f1': 0.2046528535078153}, {'threshold': 0.9, 'micro_f1': 0.025535598355334338}]"
49,0.16980286896544158,0.230544579968734,0.29262205533736807,0.14247224661386027,0.21986624496102536,0.7742598249139172,0.7108794320007048,20.25495296360128,0.780267059803009,0.1205821205816262,490,0.21398897469043732,0.4496970518820944,"[{'threshold': 0.1, 'micro_f1': 0.011379618974555684}, {'threshold': 0.2, 'micro_f1': 0.011391371017631654}, {'threshold': 0.3, 'micro_f1': 0.011648019617717251}, {'threshold': 0.4, 'micro_f1': 0.014023672148370315}, {'threshold': 0.5, 'micro_f1': 0.02799252230210077}, {'threshold': 0.6, 'micro_f1': 0.07538219290028104}, {'threshold': 0.7, 'micro_f1': 0.17878934624697335}, {'threshold': 0.8, 'micro_f1': 0.213599274705349}, {'threshold': 0.9, 'micro_f1': 0.031903427462815256}]"
50,0.16745466766534028,0.22573007103353218,0.2906933326531191,0.1397576145022533,0.21730051631762132,0.7762806512092782,0.7147306527090201,20.4013094474137,0.7628723382949829,0.10038610038570012,490,0.21257397532463074,0.44805135383235534,"[{'threshold': 0.1, 'micro_f1': 0.011379618974555684}, {'threshold': 0.2, 'micro_f1': 0.011392400297673204}, {'threshold': 0.3, 'micro_f1': 0.011673884876860259}, {'threshold': 0.4, 'micro_f1': 0.014116472010767786}, {'threshold': 0.5, 'micro_f1': 0.028458082747626984}, {'threshold': 0.6, 'micro_f1': 0.07608805924723547}, {'threshold': 0.7, 'micro_f1': 0.17782977478794967}, {'threshold': 0.8, 'micro_f1': 0.20895522388059698}, {'threshold': 0.9, 'micro_f1': 0.02982494056624162}]"
51,0.16509969729595084,0.22928087713601517,0.29557824357235746,0.14102537160377976,0.22108990543235338,0.7807679967154614,0.7141272555697057,20.289513954933447,0.7678998112678528,0.12140575079827107,490,0.21199436485767365,0.4474374004344229,"[{'threshold': 0.1, 'micro_f1': 0.011379618974555684}, {'threshold': 0.2, 'micro_f1': 0.011392285924038879}, {'threshold': 0.3, 'micro_f1': 0.01165447927110471}, {'threshold': 0.4, 'micro_f1': 0.014246784747195314}, {'threshold': 0.5, 'micro_f1': 0.028847688036506367}, {'threshold': 0.6, 'micro_f1': 0.0764796389373269}, {'threshold': 0.7, 'micro_f1': 0.18064516129032254}, {'threshold': 0.8, 'micro_f1': 0.20945823518753393}, {'threshold': 0.9, 'micro_f1': 0.028935435111207077}]"
52,0.1627323378330816,0.23041157224005818,0.2942093508721223,0.13897414685448384,0.22210812280899364,0.7763944730917944,0.7146525663912853,20.180617722771984,0.7836304306983948,0.13942307692257752,490,0.20759299397468567,0.44229646616514073,"[{'threshold': 0.1, 'micro_f1': 0.011379661769074848}, {'threshold': 0.2, 'micro_f1': 0.011395846880390055}, {'threshold': 0.3, 'micro_f1': 0.011714556853715833}, {'threshold': 0.4, 'micro_f1': 0.01454301936860878}, {'threshold': 0.5, 'micro_f1': 0.029724114886754898}, {'threshold': 0.6, 'micro_f1': 0.07894850807673985}, {'threshold': 0.7, 'micro_f1': 0.18392180331139035}, {'threshold': 0.8, 'micro_f1': 0.21526772793053542}, {'threshold': 0.9, 'micro_f1': 0.02594033722438391}]"
53,0.16004052529574703,0.23292916400725847,0.29564021645055355,0.1413384540483222,0.22250136458010442,0.7844664910911276,0.7050630910502729,20.431854441427014,0.7652565836906433,0.16856492027284872,490,0.20852577686309814,0.44371814470862125,"[{'threshold': 0.1, 'micro_f1': 0.011379661769074848}, {'threshold': 0.2, 'micro_f1': 0.01139556077757944}, {'threshold': 0.3, 'micro_f1': 0.01168139990558656}, {'threshold': 0.4, 'micro_f1': 0.014254589201344325}, {'threshold': 0.5, 'micro_f1': 0.030803144406733575}, {'threshold': 0.6, 'micro_f1': 0.08312049110543532}, {'threshold': 0.7, 'micro_f1': 0.18912100111010188}, {'threshold': 0.8, 'micro_f1': 0.21140271493212667}, {'threshold': 0.9, 'micro_f1': 0.02764578833693304}]"
54,0.15730642160725972,0.23763713080132937,0.30090646669655385,0.1459535328736462,0.22729878978512907,0.7882527629283846,0.7122379627993181,20.052307150638548,0.7824953198432922,0.18652849740883293,490,0.20619522035121918,0.4406147623700803,"[{'threshold': 0.1, 'micro_f1': 0.011379676033986095}, {'threshold': 0.2, 'micro_f1': 0.011400197412539463}, {'threshold': 0.3, 'micro_f1': 0.011740791638036938}, {'threshold': 0.4, 'micro_f1': 0.014691496684902721}, {'threshold': 0.5, 'micro_f1': 0.031411952396523876}, {'threshold': 0.6, 'micro_f1': 0.0833261820990303}, {'threshold': 0.7, 'micro_f1': 0.18520295557048264}, {'threshold': 0.8, 'micro_f1': 0.22364901016586405}, {'threshold': 0.9, 'micro_f1': 0.03779257032424307}]"
55,0.15514532472721485,0.23965716169403553,0.3037132241940191,0.1531014535256745,0.2302470875872321,0.7827282759406724,0.7110972287853665,20.009821975627336,0.7640957236289978,0.15767634854722368,490,0.20176655054092407,0.43593198109806525,"[{'threshold': 0.1, 'micro_f1': 0.011379676033986095}, {'threshold': 0.2, 'micro_f1': 0.011397005743699194}, {'threshold': 0.3, 'micro_f1': 0.011714391725197398}, {'threshold': 0.4, 'micro_f1': 0.014832078091784651}, {'threshold': 0.5, 'micro_f1': 0.03295061675701054}, {'threshold': 0.6, 'micro_f1': 0.0904609744618662}, {'threshold': 0.7, 'micro_f1': 0.198418715477093}, {'threshold': 0.8, 'micro_f1': 0.21861313868613136}, {'threshold': 0.9, 'micro_f1': 0.028089887640449434}]"
56,0.15286848493038663,0.2398175301397255,0.30283212793909897,0.15187435173534497,0.22902049941959157,0.789141424979892,0.7109503815936076,20.14875478516979,0.7609242796897888,0.14872798434393528,490,0.2012448012828827,0.4354389959502382,"[{'threshold': 0.1, 'micro_f1': 0.011379661769074848}, {'threshold': 0.2, 'micro_f1': 0.011396991435307825}, {'threshold': 0.3, 'micro_f1': 0.011745287750430874}, {'threshold': 0.4, 'micro_f1': 0.015022946032124444}, {'threshold': 0.5, 'micro_f1': 0.0333446493908189}, {'threshold': 0.6, 'micro_f1': 0.09402317544216304}, {'threshold': 0.7, 'micro_f1': 0.20723902008386666}, {'threshold': 0.8, 'micro_f1': 0.21090909090909088}, {'threshold': 0.9, 'micro_f1': 0.02766969303934284}]"
57,0.15006217029359606,0.23891011795942313,0.3019956096674811,0.152370684940676,0.22742411979367308,0.7886031495436404,0.7112994185641593,20.202674688859233,0.7718613147735596,0.17194570135696643,490,0.19976148009300232,0.4335821728258132,"[{'threshold': 0.1, 'micro_f1': 0.011379661769074848}, {'threshold': 0.2, 'micro_f1': 0.011398651448374581}, {'threshold': 0.3, 'micro_f1': 0.011758099690507593}, {'threshold': 0.4, 'micro_f1': 0.015202279202279203}, {'threshold': 0.5, 'micro_f1': 0.034028888937597264}, {'threshold': 0.6, 'micro_f1': 0.09071130563874172}, {'threshold': 0.7, 'micro_f1': 0.2008277063820518}, {'threshold': 0.8, 'micro_f1': 0.2229035166816952}, {'threshold': 0.9, 'micro_f1': 0.03733905579399141}]"
58,0.14740597239877812,0.240963855421301,0.3038314095273587,0.15560580111030398,0.22945938955892078,0.789859111035482,0.7094993864847805,20.125998321804015,0.7670637369155884,0.17818181818134202,490,0.19762031733989716,0.43097973482721263,"[{'threshold': 0.1, 'micro_f1': 0.011379661769074848}, {'threshold': 0.2, 'micro_f1': 0.0114023166372335}, {'threshold': 0.3, 'micro_f1': 0.01179734290768415}, {'threshold': 0.4, 'micro_f1': 0.015392240761751346}, {'threshold': 0.5, 'micro_f1': 0.034999915459141405}, {'threshold': 0.6, 'micro_f1': 0.09472437837126693}, {'threshold': 0.7, 'micro_f1': 0.20317944250871076}, {'threshold': 0.8, 'micro_f1': 0.22575459903554201}, {'threshold': 0.9, 'micro_f1': 0.04194307725230044}]"
59,0.1450124301765331,0.24443391757420316,0.3102701123890602,0.1603871919296449,0.2383660293921785,0.7881853514480427,0.7065683732239647,19.95326341980334,0.7488191723823547,0.17073170731660464,490,0.1947554498910904,0.42787668393125433,"[{'threshold': 0.1, 'micro_f1': 0.011379676033986095}, {'threshold': 0.2, 'micro_f1': 0.011402961152304521}, {'threshold': 0.3, 'micro_f1': 0.011826134521294012}, {'threshold': 0.4, 'micro_f1': 0.015489008723172938}, {'threshold': 0.5, 'micro_f1': 0.03628434886499403}, {'threshold': 0.6, 'micro_f1': 0.1044484137109807}, {'threshold': 0.7, 'micro_f1': 0.21464879852125687}, {'threshold': 0.8, 'micro_f1': 0.2204810495626822}, {'threshold': 0.9, 'micro_f1': 0.03445305770887166}]"
60,0.14214223031959836,0.2466461936314178,0.3062437711911244,0.15964315278126295,0.23112311378958592,0.7899224205746991,0.7105848205428918,19.96230283029009,0.7528631687164307,0.1870229007628749,490,0.19167369604110718,0.4243045100239885,"[{'threshold': 0.1, 'micro_f1': 0.011379676033986095}, {'threshold': 0.2, 'micro_f1': 0.011405611591056432}, {'threshold': 0.3, 'micro_f1': 0.011834616054143302}, {'threshold': 0.4, 'micro_f1': 0.016035723508826157}, {'threshold': 0.5, 'micro_f1': 0.03835205803818832}, {'threshold': 0.6, 'micro_f1': 0.10715583000363241}, {'threshold': 0.7, 'micro_f1': 0.21844204598779912}, {'threshold': 0.8, 'micro_f1': 0.22505927412000726}, {'threshold': 0.9, 'micro_f1': 0.03483121909266824}]"
61,0.13950590816912828,0.24507042253479974,0.30692314040750407,0.16648240802915246,0.23043967469020854,0.7985636267626552,0.7174476639117666,19.838072431151087,0.7520342469215393,0.19512195121902584,490,0.18876290321350098,0.4205416942311093,"[{'threshold': 0.1, 'micro_f1': 0.01137987574649879}, {'threshold': 0.2, 'micro_f1': 0.01141226460161416}, {'threshold': 0.3, 'micro_f1': 0.011936254640098988}, {'threshold': 0.4, 'micro_f1': 0.01660412026608735}, {'threshold': 0.5, 'micro_f1': 0.03978010477968488}, {'threshold': 0.6, 'micro_f1': 0.11249886042483362}, {'threshold': 0.7, 'micro_f1': 0.21485287248949084}, {'threshold': 0.8, 'micro_f1': 0.2330027051397655}, {'threshold': 0.9, 'micro_f1': 0.03691779351792229}]"
62,0.13708238918629903,0.24797586918518233,0.3077980249314365,0.16361377855159964,0.23523235912759158,0.7959522297512667,0.709434028995318,19.905533250246645,0.7527570724487305,0.20425531914843978,490,0.18677444756031036,0.4179291269031177,"[{'threshold': 0.1, 'micro_f1': 0.011379790154563574}, {'threshold': 0.2, 'micro_f1': 0.011417876938982654}, {'threshold': 0.3, 'micro_f1': 0.011939480113857807}, {'threshold': 0.4, 'micro_f1': 0.01678612048109565}, {'threshold': 0.5, 'micro_f1': 0.040374623556276266}, {'threshold': 0.6, 'micro_f1': 0.110819552083969}, {'threshold': 0.7, 'micro_f1': 0.217737285203552}, {'threshold': 0.8, 'micro_f1': 0.22791200865488637}, {'threshold': 0.9, 'micro_f1': 0.03988848380870683}]"
63,0.13478672784314585,0.24991568296760044,0.3132019748913548,0.16537580932693366,0.24025763193638458,0.79327593762331,0.7141695922480619,19.78285390775959,0.7650521397590637,0.22425629290567864,490,0.18056607246398926,0.4103886559701031,"[{'threshold': 0.1, 'micro_f1': 0.011379690298933107}, {'threshold': 0.2, 'micro_f1': 0.011422819214193589}, {'threshold': 0.3, 'micro_f1': 0.012123794928112289}, {'threshold': 0.4, 'micro_f1': 0.017634933438122617}, {'threshold': 0.5, 'micro_f1': 0.04381398069610997}, {'threshold': 0.6, 'micro_f1': 0.11941319290086516}, {'threshold': 0.7, 'micro_f1': 0.22002923976608182}, {'threshold': 0.8, 'micro_f1': 0.2231148438926419}, {'threshold': 0.9, 'micro_f1': 0.03913978494623655}]"
64,0.13132329060444756,0.24892845367585145,0.3094834870585753,0.16875945513030216,0.2397463177501271,0.8013490299937659,0.7151966198866077,19.798181025342398,0.7629660367965698,0.20851063829737598,490,0.18183165788650513,0.41208630720667105,"[{'threshold': 0.1, 'micro_f1': 0.011379790154563574}, {'threshold': 0.2, 'micro_f1': 0.011415487774961158}, {'threshold': 0.3, 'micro_f1': 0.012066750501308501}, {'threshold': 0.4, 'micro_f1': 0.01753419212632568}, {'threshold': 0.5, 'micro_f1': 0.043749459794289666}, {'threshold': 0.6, 'micro_f1': 0.12105173876166242}, {'threshold': 0.7, 'micro_f1': 0.22343787989302208}, {'threshold': 0.8, 'micro_f1': 0.2214129643117261}, {'threshold': 0.9, 'micro_f1': 0.036144578313253004}]"
65,0.12868810449012372,0.24943310657557433,0.31570910642320776,0.1691067025250461,0.24389910234387868,0.8038536893794428,0.7108583593910525,20.028456986944864,0.758227527141571,0.1979797979793066,490,0.17929694056510925,0.40884126556002864,"[{'threshold': 0.1, 'micro_f1': 0.011379890011946503}, {'threshold': 0.2, 'micro_f1': 0.01142136452202458}, {'threshold': 0.3, 'micro_f1': 0.012169767432286113}, {'threshold': 0.4, 'micro_f1': 0.01791858698610856}, {'threshold': 0.5, 'micro_f1': 0.045440676326345325}, {'threshold': 0.6, 'micro_f1': 0.12459039012107205}, {'threshold': 0.7, 'micro_f1': 0.22268041237113398}, {'threshold': 0.8, 'micro_f1': 0.22626553774094754}, {'threshold': 0.9, 'micro_f1': 0.04116638078902229}]"
66,0.12675499439081817,0.25159287698050214,0.3172400518691347,0.1702439601962536,0.24291294872603242,0.8033544043126669,0.7190840164288702,19.76473774469014,0.7606422305107117,0.23333333333283365,490,0.17712709307670593,0.40613885792023846,"[{'threshold': 0.1, 'micro_f1': 0.011380118263974115}, {'threshold': 0.2, 'micro_f1': 0.011425174677218665}, {'threshold': 0.3, 'micro_f1': 0.012239854713919656}, {'threshold': 0.4, 'micro_f1': 0.018290451224671194}, {'threshold': 0.5, 'micro_f1': 0.04666986252648182}, {'threshold': 0.6, 'micro_f1': 0.1214698506160724}, {'threshold': 0.7, 'micro_f1': 0.2291897208902004}, {'threshold': 0.8, 'micro_f1': 0.2305206463195691}, {'threshold': 0.9, 'micro_f1': 0.042780748663101595}]"
67,0.12422545616904264,0.2532563891175129,0.3178193357167037,0.17537658468413497,0.24661612504492336,0.8072711657299414,0.7143419250243094,19.69079273496632,0.7638859748840332,0.24623115577839771,490,0.17458663880825043,0.40296032636294576,"[{'threshold': 0.1, 'micro_f1': 0.011380118263974115}, {'threshold': 0.2, 'micro_f1': 0.011432589685717202}, {'threshold': 0.3, 'micro_f1': 0.012263203545434611}, {'threshold': 0.4, 'micro_f1': 0.018744060238321515}, {'threshold': 0.5, 'micro_f1': 0.048570480606605}, {'threshold': 0.6, 'micro_f1': 0.12932387000373552}, {'threshold': 0.7, 'micro_f1': 0.23674475955610355}, {'threshold': 0.8, 'micro_f1': 0.2331951703009551}, {'threshold': 0.9, 'micro_f1': 0.04032604032604032}]"
68,0.12097979427645446,0.25168613258721834,0.31653251834185137,0.1745009311855125,0.2458092133099926,0.8077806242196844,0.7098950585613233,19.755964006558365,0.7584012746810913,0.22950819672081155,490,0.171415314078331,0.398998871282932,"[{'threshold': 0.1, 'micro_f1': 0.011380061200108812}, {'threshold': 0.2, 'micro_f1': 0.011428989241672823}, {'threshold': 0.3, 'micro_f1': 0.012385259418105126}, {'threshold': 0.4, 'micro_f1': 0.019208559056128546}, {'threshold': 0.5, 'micro_f1': 0.051894844656879484}, {'threshold': 0.6, 'micro_f1': 0.14094438282364127}, {'threshold': 0.7, 'micro_f1': 0.2310045894951555}, {'threshold': 0.8, 'micro_f1': 0.22686025408348454}, {'threshold': 0.9, 'micro_f1': 0.04076378459558034}]"
69,0.11800108719912786,0.25756295419940606,0.31851246197007776,0.18291458799551297,0.24724977227886444,0.8095868866457687,0.713908668095858,19.41199267071174,0.7702029347419739,0.24019607843087404,490,0.1696726232767105,0.3965500712342978,"[{'threshold': 0.1, 'micro_f1': 0.011380089731969929}, {'threshold': 0.2, 'micro_f1': 0.011451523524726429}, {'threshold': 0.3, 'micro_f1': 0.012523355915494572}, {'threshold': 0.4, 'micro_f1': 0.019684187756867835}, {'threshold': 0.5, 'micro_f1': 0.05278622967921412}, {'threshold': 0.6, 'micro_f1': 0.13630760666428088}, {'threshold': 0.7, 'micro_f1': 0.2422492782728756}, {'threshold': 0.8, 'micro_f1': 0.23559260601667267}, {'threshold': 0.9, 'micro_f1': 0.044549153994431344}]"
70,0.11557690799236298,0.2576292964981594,0.3196835291956652,0.18287938560500486,0.25030229307808444,0.806501317643412,0.7196966756191464,19.72686384621034,0.7443037629127502,0.24317617865955188,490,0.1628710925579071,0.38769652091863244,"[{'threshold': 0.1, 'micro_f1': 0.011380032668390763}, {'threshold': 0.2, 'micro_f1': 0.011456419451634564}, {'threshold': 0.3, 'micro_f1': 0.012748338733959105}, {'threshold': 0.4, 'micro_f1': 0.020875110122918154}, {'threshold': 0.5, 'micro_f1': 0.057213040240611975}, {'threshold': 0.6, 'micro_f1': 0.14540727902946274}, {'threshold': 0.7, 'micro_f1': 0.2484358706986444}, {'threshold': 0.8, 'micro_f1': 0.23296703296703292}, {'threshold': 0.9, 'micro_f1': 0.038246669531585724}]"
71,0.11287947921525865,0.25547445255437257,0.31624197169193186,0.18443277127822788,0.24473589018646397,0.8129024284743214,0.7155527977751001,19.507380062447357,0.7621473670005798,0.24623115577839771,490,0.1621033251285553,0.3865225437193614,"[{'threshold': 0.1, 'micro_f1': 0.011381231123742994}, {'threshold': 0.2, 'micro_f1': 0.01146932323640775}, {'threshold': 0.3, 'micro_f1': 0.012842278162910321}, {'threshold': 0.4, 'micro_f1': 0.021180831347630394}, {'threshold': 0.5, 'micro_f1': 0.05915746613421032}, {'threshold': 0.6, 'micro_f1': 0.15096295016840833}, {'threshold': 0.7, 'micro_f1': 0.24571873378308248}, {'threshold': 0.8, 'micro_f1': 0.23316437364228815}, {'threshold': 0.9, 'micro_f1': 0.04405474764756201}]"
72,0.11051466686542703,0.25823223570145476,0.32366229162120097,0.187487767385049,0.2533964827503588,0.8171357268327963,0.7217296835620485,19.72189135524695,0.7201476097106934,0.2437810945268656,490,0.1600555181503296,0.3838135189813085,"[{'threshold': 0.1, 'micro_f1': 0.011381302468330943}, {'threshold': 0.2, 'micro_f1': 0.011479109391698588}, {'threshold': 0.3, 'micro_f1': 0.012910001176928579}, {'threshold': 0.4, 'micro_f1': 0.021776725261634346}, {'threshold': 0.5, 'micro_f1': 0.06145206090464895}, {'threshold': 0.6, 'micro_f1': 0.15568060021436228}, {'threshold': 0.7, 'micro_f1': 0.24621409921671014}, {'threshold': 0.8, 'micro_f1': 0.23471615720524014}, {'threshold': 0.9, 'micro_f1': 0.047822374039282654}]"
73,0.10799223385632985,0.25599262446177834,0.32356301700632617,0.18873977490499916,0.25273287994266436,0.8184194764336933,0.7138120665672187,19.68304199443072,0.7295277118682861,0.2263279445722483,490,0.15779410302639008,0.3808961203354972,"[{'threshold': 0.1, 'micro_f1': 0.011381502237935834}, {'threshold': 0.2, 'micro_f1': 0.011490586538400443}, {'threshold': 0.3, 'micro_f1': 0.013032596752533269}, {'threshold': 0.4, 'micro_f1': 0.02229569194854749}, {'threshold': 0.5, 'micro_f1': 0.06410107433738631}, {'threshold': 0.6, 'micro_f1': 0.16727169864692848}, {'threshold': 0.7, 'micro_f1': 0.25039872408293457}, {'threshold': 0.8, 'micro_f1': 0.23313782991202342}, {'threshold': 0.9, 'micro_f1': 0.0395189003436426}]"
74,0.10508987374564327,0.25527369826387497,0.3259677825993726,0.19224939733904894,0.25450276265202837,0.8163499031326072,0.7144656861258402,19.660330374434423,0.7037459015846252,0.2506393861887633,490,0.15414299070835114,0.3758449793314154,"[{'threshold': 0.1, 'micro_f1': 0.011382387016204667}, {'threshold': 0.2, 'micro_f1': 0.011517629843956746}, {'threshold': 0.3, 'micro_f1': 0.013093310156381894}, {'threshold': 0.4, 'micro_f1': 0.02327298668952872}, {'threshold': 0.5, 'micro_f1': 0.06672595886603669}, {'threshold': 0.6, 'micro_f1': 0.17174854131375872}, {'threshold': 0.7, 'micro_f1': 0.2533071381794368}, {'threshold': 0.8, 'micro_f1': 0.23137183457824737}, {'threshold': 0.9, 'micro_f1': 0.04071137775873151}]"
75,0.10275960169614308,0.26884570082405607,0.32747762455838114,0.20268301697347024,0.25397264073640996,0.8253824156199486,0.7242673479847588,19.549771781077027,0.7245502471923828,0.22790697674368607,490,0.14967848360538483,0.36932228590877064,"[{'threshold': 0.1, 'micro_f1': 0.011383985674085445}, {'threshold': 0.2, 'micro_f1': 0.011576305671978999}, {'threshold': 0.3, 'micro_f1': 0.013545336953646254}, {'threshold': 0.4, 'micro_f1': 0.024703138252756572}, {'threshold': 0.5, 'micro_f1': 0.07072567857475982}, {'threshold': 0.6, 'micro_f1': 0.18154932264834955}, {'threshold': 0.7, 'micro_f1': 0.2617090671885192}, {'threshold': 0.8, 'micro_f1': 0.2371096586782861}, {'threshold': 0.9, 'micro_f1': 0.04241645244215937}]"
76,0.10011192170715837,0.2620967741930956,0.328164374211944,0.19479757053053937,0.25432701365719346,0.8197603498387698,0.7194365079461249,19.61199001453415,0.712682843208313,0.25128205128155656,490,0.14761660993099213,0.3669455927979721,"[{'threshold': 0.1, 'micro_f1': 0.011386255968753645}, {'threshold': 0.2, 'micro_f1': 0.011595066956885985}, {'threshold': 0.3, 'micro_f1': 0.013518828519884932}, {'threshold': 0.4, 'micro_f1': 0.0251455561850287}, {'threshold': 0.5, 'micro_f1': 0.07490429175901672}, {'threshold': 0.6, 'micro_f1': 0.1893580353295993}, {'threshold': 0.7, 'micro_f1': 0.25737994830635286}, {'threshold': 0.8, 'micro_f1': 0.2319370770074995}, {'threshold': 0.9, 'micro_f1': 0.0382548893187191}]"
77,0.09772219635033734,0.2619227857679274,0.3281509575017759,0.20176349202754998,0.25391321279693707,0.8240683217391803,0.7231002786736752,19.443475131869707,0.7302217483520508,0.25520833333284054,490,0.14654257893562317,0.3652668008972022,"[{'threshold': 0.1, 'micro_f1': 0.01138412843323393}, {'threshold': 0.2, 'micro_f1': 0.011593718032027486}, {'threshold': 0.3, 'micro_f1': 0.013679020724441202}, {'threshold': 0.4, 'micro_f1': 0.02561292023365199}, {'threshold': 0.5, 'micro_f1': 0.07594425878050319}, {'threshold': 0.6, 'micro_f1': 0.18980612883051906}, {'threshold': 0.7, 'micro_f1': 0.2606826122010212}, {'threshold': 0.8, 'micro_f1': 0.239477503628447}, {'threshold': 0.9, 'micro_f1': 0.049904030710172735}]"
78,0.0953094097514632,0.26129827444488696,0.3286313800702171,0.201428587227526,0.2544934001963278,0.8265630626066354,0.716607622541902,19.60355388133898,0.7025707960128784,0.25388601036220076,490,0.14333544671535492,0.3609013918828683,"[{'threshold': 0.1, 'micro_f1': 0.011386798688975327}, {'threshold': 0.2, 'micro_f1': 0.011631406087954922}, {'threshold': 0.3, 'micro_f1': 0.013871804123278821}, {'threshold': 0.4, 'micro_f1': 0.0267296683325761}, {'threshold': 0.5, 'micro_f1': 0.08146143437077132}, {'threshold': 0.6, 'micro_f1': 0.19566407533121646}, {'threshold': 0.7, 'micro_f1': 0.26006779661016943}, {'threshold': 0.8, 'micro_f1': 0.23439490445859867}, {'threshold': 0.9, 'micro_f1': 0.04149732620320855}]"
79,0.09293182781606756,0.27669426125953467,0.32797387303449604,0.20562224935533177,0.2565738557262173,0.8278534314901473,0.7126997052792136,19.548222983186925,0.7043812870979309,0.2585751978886911,490,0.14263711869716644,0.3599638636780177,"[{'threshold': 0.1, 'micro_f1': 0.011386170280816222}, {'threshold': 0.2, 'micro_f1': 0.011646854340606475}, {'threshold': 0.3, 'micro_f1': 0.013870307903312227}, {'threshold': 0.4, 'micro_f1': 0.02718003470884562}, {'threshold': 0.5, 'micro_f1': 0.0818452994625208}, {'threshold': 0.6, 'micro_f1': 0.19843342036553524}, {'threshold': 0.7, 'micro_f1': 0.27436426116838486}, {'threshold': 0.8, 'micro_f1': 0.2374362709395484}, {'threshold': 0.9, 'micro_f1': 0.040755040755040745}]"
80,0.09033886552172363,0.2689560095245126,0.3318847051892127,0.2086574822476139,0.2612731236699405,0.8282409568188761,0.7176200114835007,19.414097773583087,0.6801260113716125,0.25257731958713475,490,0.13737718760967255,0.35226600402941055,"[{'threshold': 0.1, 'micro_f1': 0.01139241459453897}, {'threshold': 0.2, 'micro_f1': 0.011670105841195082}, {'threshold': 0.3, 'micro_f1': 0.014334010890056767}, {'threshold': 0.4, 'micro_f1': 0.028913045214571536}, {'threshold': 0.5, 'micro_f1': 0.08828898931553587}, {'threshold': 0.6, 'micro_f1': 0.2095962551199532}, {'threshold': 0.7, 'micro_f1': 0.26515674630575886}, {'threshold': 0.8, 'micro_f1': 0.23646408839779}, {'threshold': 0.9, 'micro_f1': 0.044092465753424646}]"
81,0.08796167192320345,0.2760563380276822,0.32808319929799223,0.211703535304026,0.2586899229838693,0.8283286577392064,0.713544335638841,19.283879229868425,0.6903440356254578,0.2606382978718508,490,0.13562405109405518,0.3494121425147783,"[{'threshold': 0.1, 'micro_f1': 0.011396333288139679}, {'threshold': 0.2, 'micro_f1': 0.011719478772240076}, {'threshold': 0.3, 'micro_f1': 0.014570266632299452}, {'threshold': 0.4, 'micro_f1': 0.029965073657968678}, {'threshold': 0.5, 'micro_f1': 0.08883933280094022}, {'threshold': 0.6, 'micro_f1': 0.20285908781484002}, {'threshold': 0.7, 'micro_f1': 0.27458406600838625}, {'threshold': 0.8, 'micro_f1': 0.2388059701492537}, {'threshold': 0.9, 'micro_f1': 0.03866809881847475}]"
82,0.08559738872227846,0.26991473812374434,0.33193365002162845,0.21119102471169623,0.26164974012801256,0.8271320134894161,0.712089619807355,19.37774542550917,0.6709223389625549,0.2684931506844474,490,0.13149763643741608,0.34367198372171764,"[{'threshold': 0.1, 'micro_f1': 0.01139733543008801}, {'threshold': 0.2, 'micro_f1': 0.011790039878076058}, {'threshold': 0.3, 'micro_f1': 0.01484073226040009}, {'threshold': 0.4, 'micro_f1': 0.031192909746469988}, {'threshold': 0.5, 'micro_f1': 0.09767825019754207}, {'threshold': 0.6, 'micro_f1': 0.21661986213939236}, {'threshold': 0.7, 'micro_f1': 0.26672264203750345}, {'threshold': 0.8, 'micro_f1': 0.2421590080233406}, {'threshold': 0.9, 'micro_f1': 0.05363984674329501}]"
83,0.08388942397303051,0.277414669571083,0.32888577063130536,0.21952492849116503,0.2582171632390645,0.8316649932302845,0.7160834588507529,19.448640768979793,0.7067707180976868,0.24561403508722232,490,0.12778380513191223,0.33806417472982164,"[{'threshold': 0.1, 'micro_f1': 0.011395832417185468}, {'threshold': 0.2, 'micro_f1': 0.01186224677815106}, {'threshold': 0.3, 'micro_f1': 0.015348952098652833}, {'threshold': 0.4, 'micro_f1': 0.033064403301776804}, {'threshold': 0.5, 'micro_f1': 0.10251195318632698}, {'threshold': 0.6, 'micro_f1': 0.2299465240641711}, {'threshold': 0.7, 'micro_f1': 0.27544232130219387}, {'threshold': 0.8, 'micro_f1': 0.24016108365367012}, {'threshold': 0.9, 'micro_f1': 0.05529561888558059}]"
84,0.08131036280639588,0.2750828932820806,0.33114025126071367,0.2179240057520702,0.25778996182543884,0.8339979376057941,0.7166966351283279,19.516670497707125,0.6731746792793274,0.2606382978718508,490,0.12758375704288483,0.337610570094909,"[{'threshold': 0.1, 'micro_f1': 0.01140256300060569}, {'threshold': 0.2, 'micro_f1': 0.01191274018541972}, {'threshold': 0.3, 'micro_f1': 0.015444442748324658}, {'threshold': 0.4, 'micro_f1': 0.033288960551972405}, {'threshold': 0.5, 'micro_f1': 0.10303040900904052}, {'threshold': 0.6, 'micro_f1': 0.23098810139679252}, {'threshold': 0.7, 'micro_f1': 0.27039106145251396}, {'threshold': 0.8, 'micro_f1': 0.2453653217011995}, {'threshold': 0.9, 'micro_f1': 0.0465712454603717}]"
85,0.07929932609910056,0.2796793485171351,0.3288639072806195,0.2200708615287495,0.25663081583354846,0.8293278626903288,0.7154578406934858,19.358924227198468,0.6736934781074524,0.25974025973976655,490,0.12413801997900009,0.33258754654678174,"[{'threshold': 0.1, 'micro_f1': 0.01140157686196424}, {'threshold': 0.2, 'micro_f1': 0.011944770674761693}, {'threshold': 0.3, 'micro_f1': 0.015679435666002883}, {'threshold': 0.4, 'micro_f1': 0.03501641238674457}, {'threshold': 0.5, 'micro_f1': 0.10676944211249333}, {'threshold': 0.6, 'micro_f1': 0.23840874071998877}, {'threshold': 0.7, 'micro_f1': 0.27332759115704847}, {'threshold': 0.8, 'micro_f1': 0.23572474377745237}, {'threshold': 0.9, 'micro_f1': 0.05736137667304014}]"
86,0.07724291551365424,0.27955971120792983,0.32511907547234586,0.2206571639344852,0.2538734020804223,0.8326740443485834,0.7093750201240128,19.424762688024817,0.6611543893814087,0.2580645161285445,490,0.12275993078947067,0.33041561003675024,"[{'threshold': 0.1, 'micro_f1': 0.011401042747621114}, {'threshold': 0.2, 'micro_f1': 0.011991649451382038}, {'threshold': 0.3, 'micro_f1': 0.015954889190016173}, {'threshold': 0.4, 'micro_f1': 0.035830003928952296}, {'threshold': 0.5, 'micro_f1': 0.11280859944087884}, {'threshold': 0.6, 'micro_f1': 0.2407604454848549}, {'threshold': 0.7, 'micro_f1': 0.2762822329271748}, {'threshold': 0.8, 'micro_f1': 0.23104956268221571}, {'threshold': 0.9, 'micro_f1': 0.051150895140664954}]"
87,0.07402455156284665,0.28438991138330466,0.33337135487895997,0.22841800051071073,0.2604866387964459,0.8345059182067113,0.7149682496571277,19.46356459841196,0.6856591105461121,0.24810126582228875,490,0.11806757003068924,0.3231938671658975,"[{'threshold': 0.1, 'micro_f1': 0.011411998836897537}, {'threshold': 0.2, 'micro_f1': 0.01213628533287543}, {'threshold': 0.3, 'micro_f1': 0.016558508607796143}, {'threshold': 0.4, 'micro_f1': 0.038911980031423765}, {'threshold': 0.5, 'micro_f1': 0.11970117395944503}, {'threshold': 0.6, 'micro_f1': 0.26200284622874687}, {'threshold': 0.7, 'micro_f1': 0.28130409694171954}, {'threshold': 0.8, 'micro_f1': 0.2358126721763085}, {'threshold': 0.9, 'micro_f1': 0.049488054607508526}]"
88,0.07279979205005384,0.28272910372559273,0.3356994505440414,0.22752220889460173,0.26136372863009166,0.8341035975082112,0.7098633153021952,19.27299910974597,0.6718972325325012,0.27071823204371653,490,0.1174532026052475,0.32179708984755895,"[{'threshold': 0.1, 'micro_f1': 0.011424740498600577}, {'threshold': 0.2, 'micro_f1': 0.012071150090673015}, {'threshold': 0.3, 'micro_f1': 0.016765404720418185}, {'threshold': 0.4, 'micro_f1': 0.03909559823344983}, {'threshold': 0.5, 'micro_f1': 0.118336507670734}, {'threshold': 0.6, 'micro_f1': 0.24810455628565237}, {'threshold': 0.7, 'micro_f1': 0.2806667616469582}, {'threshold': 0.8, 'micro_f1': 0.244927536231884}, {'threshold': 0.9, 'micro_f1': 0.05655964278120348}]"
89,0.07057848943288995,0.2936751774547397,0.33652139823157706,0.23309530175348092,0.26408880947992697,0.8377849113040614,0.7145116525939892,19.231583895439375,0.6383986473083496,0.25789473684161396,490,0.11340053379535675,0.31577576674808616,"[{'threshold': 0.1, 'micro_f1': 0.011420534529410208}, {'threshold': 0.2, 'micro_f1': 0.012205063176486572}, {'threshold': 0.3, 'micro_f1': 0.017378291617387947}, {'threshold': 0.4, 'micro_f1': 0.04249622324027561}, {'threshold': 0.5, 'micro_f1': 0.13138686131386862}, {'threshold': 0.6, 'micro_f1': 0.2673581546559331}, {'threshold': 0.7, 'micro_f1': 0.2764251348593089}, {'threshold': 0.8, 'micro_f1': 0.23796448837634995}, {'threshold': 0.9, 'micro_f1': 0.04905097035615269}]"
90,0.06909274891334236,0.28780034514753644,0.3343269009083118,0.23193129678256535,0.26095207619186717,0.8359756534329568,0.712338815740806,19.232330034456275,0.6830024719238281,0.26558265582607193,490,0.11266405880451202,0.31421288675049386,"[{'threshold': 0.1, 'micro_f1': 0.011432637391612618}, {'threshold': 0.2, 'micro_f1': 0.012278669440799679}, {'threshold': 0.3, 'micro_f1': 0.01758695400197937}, {'threshold': 0.4, 'micro_f1': 0.042509833949820615}, {'threshold': 0.5, 'micro_f1': 0.1278977543112239}, {'threshold': 0.6, 'micro_f1': 0.2583295980875541}, {'threshold': 0.7, 'micro_f1': 0.28148148148148144}, {'threshold': 0.8, 'micro_f1': 0.23850886717336225}, {'threshold': 0.9, 'micro_f1': 0.07165437302423602}]"
91,0.06709073070022795,0.2920285871352889,0.3377166114935044,0.23646258487697272,0.26483723653965086,0.8371138913934338,0.7179235152654194,19.27603946871884,0.6439180970191956,0.26630434782560114,490,0.107994444668293,0.30633316553291345,"[{'threshold': 0.1, 'micro_f1': 0.011440615321629889}, {'threshold': 0.2, 'micro_f1': 0.012470155490441736}, {'threshold': 0.3, 'micro_f1': 0.01857943730033276}, {'threshold': 0.4, 'micro_f1': 0.0459054815832542}, {'threshold': 0.5, 'micro_f1': 0.13584168091864157}, {'threshold': 0.6, 'micro_f1': 0.2700786187760135}, {'threshold': 0.7, 'micro_f1': 0.2853418308227114}, {'threshold': 0.8, 'micro_f1': 0.24460431654676254}, {'threshold': 0.9, 'micro_f1': 0.06145369781733417}]"
92,0.06497315017792282,0.2913585249716439,0.33529751820891285,0.23537810732553865,0.26240510882860135,0.837093980050511,0.7150765875299294,19.227308895370665,0.6259045004844666,0.2634408602145659,490,0.10595949739217758,0.30331582276693697,"[{'threshold': 0.1, 'micro_f1': 0.011438335993852368}, {'threshold': 0.2, 'micro_f1': 0.012453611033194454}, {'threshold': 0.3, 'micro_f1': 0.01896468311562651}, {'threshold': 0.4, 'micro_f1': 0.048241687754195774}, {'threshold': 0.5, 'micro_f1': 0.14425363276089828}, {'threshold': 0.6, 'micro_f1': 0.27312919600458485}, {'threshold': 0.7, 'micro_f1': 0.27884331661257006}, {'threshold': 0.8, 'micro_f1': 0.24311183144246348}, {'threshold': 0.9, 'micro_f1': 0.0671878301288823}]"
93,0.06307319246193088,0.30201198630087034,0.34047529456170034,0.24362457871211324,0.2687696290748722,0.8394341547816547,0.708703476565648,19.200125636153757,0.6328940987586975,0.2792022792018045,490,0.1037273034453392,0.2995350465637975,"[{'threshold': 0.1, 'micro_f1': 0.011454234929470555}, {'threshold': 0.2, 'micro_f1': 0.012582249084467204}, {'threshold': 0.3, 'micro_f1': 0.019615860225776854}, {'threshold': 0.4, 'micro_f1': 0.05067693085051048}, {'threshold': 0.5, 'micro_f1': 0.15220272061010898}, {'threshold': 0.6, 'micro_f1': 0.2817738871913452}, {'threshold': 0.7, 'micro_f1': 0.28851786760398357}, {'threshold': 0.8, 'micro_f1': 0.24359207416833298}, {'threshold': 0.9, 'micro_f1': 0.06473450391368732}]"
94,0.06143224578370493,0.3021071919372012,0.34179390426861145,0.24376646320156786,0.27150496156969595,0.8380038905425438,0.7122547307376577,19.205136252227135,0.6362685561180115,0.26041666666617386,490,0.10102078318595886,0.29527778241194746,"[{'threshold': 0.1, 'micro_f1': 0.011450647405882792}, {'threshold': 0.2, 'micro_f1': 0.012725570885336147}, {'threshold': 0.3, 'micro_f1': 0.02015923887639231}, {'threshold': 0.4, 'micro_f1': 0.0533723181476945}, {'threshold': 0.5, 'micro_f1': 0.1552293361631883}, {'threshold': 0.6, 'micro_f1': 0.286788493486054}, {'threshold': 0.7, 'micro_f1': 0.286965715148769}, {'threshold': 0.8, 'micro_f1': 0.23989807062249724}, {'threshold': 0.9, 'micro_f1': 0.06350550381033021}]"
95,0.05993902397455362,0.3152903076562212,0.34276190180003513,0.25217173678696964,0.2718323996270071,0.8434267363233592,0.7127130895056358,19.142756328766524,0.6454108357429504,0.2627345844499138,490,0.09968667477369308,0.29258027065491327,"[{'threshold': 0.1, 'micro_f1': 0.011465994834337063}, {'threshold': 0.2, 'micro_f1': 0.012784795866482766}, {'threshold': 0.3, 'micro_f1': 0.020763799828472956}, {'threshold': 0.4, 'micro_f1': 0.054818772935041525}, {'threshold': 0.5, 'micro_f1': 0.15800092229651833}, {'threshold': 0.6, 'micro_f1': 0.2885588930138373}, {'threshold': 0.7, 'micro_f1': 0.29097334707701367}, {'threshold': 0.8, 'micro_f1': 0.24779080252479707}, {'threshold': 0.9, 'micro_f1': 0.07882599580712787}]"
96,0.057884462571964064,0.3126708210337189,0.3401967960351953,0.25458164183243875,0.2692708788602062,0.8428933903956922,0.7100309499868237,19.07732261999561,0.6392269134521484,0.26203208556100854,490,0.09743258357048035,0.28829923149981024,"[{'threshold': 0.1, 'micro_f1': 0.011494604105870549}, {'threshold': 0.2, 'micro_f1': 0.012947669063523147}, {'threshold': 0.3, 'micro_f1': 0.021496957951641492}, {'threshold': 0.4, 'micro_f1': 0.05662427088730299}, {'threshold': 0.5, 'micro_f1': 0.1620501893939394}, {'threshold': 0.6, 'micro_f1': 0.2962962962962962}, {'threshold': 0.7, 'micro_f1': 0.2912986824960185}, {'threshold': 0.8, 'micro_f1': 0.24919556667858417}, {'threshold': 0.9, 'micro_f1': 0.09079550187421906}]"
97,0.056401266977585185,0.3210638803129678,0.3395652762454338,0.2521312747700705,0.2664415975596857,0.8456300829362742,0.7145279715851383,19.28523672056766,0.6466681957244873,0.25128205128155656,490,0.09393260627985,0.2823421946454334,"[{'threshold': 0.1, 'micro_f1': 0.011494737110868552}, {'threshold': 0.2, 'micro_f1': 0.01308581718612393}, {'threshold': 0.3, 'micro_f1': 0.02265232389146029}, {'threshold': 0.4, 'micro_f1': 0.06212335323882026}, {'threshold': 0.5, 'micro_f1': 0.17193943400384046}, {'threshold': 0.6, 'micro_f1': 0.29501948895625807}, {'threshold': 0.7, 'micro_f1': 0.2935294117647058}, {'threshold': 0.8, 'micro_f1': 0.23834572827861414}, {'threshold': 0.9, 'micro_f1': 0.06428420384859378}]"
98,0.054849711084176626,0.31820608649175885,0.34339492601884586,0.26033327976111287,0.2747198868515161,0.8424790260416024,0.714444583942334,19.121824592928775,0.6243756413459778,0.2857142857138179,490,0.090858593583107,0.27708152258261026,"[{'threshold': 0.1, 'micro_f1': 0.011535191937400139}, {'threshold': 0.2, 'micro_f1': 0.0132820120998938}, {'threshold': 0.3, 'micro_f1': 0.023622822069287872}, {'threshold': 0.4, 'micro_f1': 0.06525528289692721}, {'threshold': 0.5, 'micro_f1': 0.18396855238420784}, {'threshold': 0.6, 'micro_f1': 0.3069492889723638}, {'threshold': 0.7, 'micro_f1': 0.29923618391493184}, {'threshold': 0.8, 'micro_f1': 0.23995617238860478}, {'threshold': 0.9, 'micro_f1': 0.09323621227887616}]"
99,0.05323117480628074,0.3179778969247654,0.34576824236553927,0.2620064246095277,0.2744151279819171,0.8470015299656559,0.7143213191931227,19.161771374299178,0.6317130327224731,0.2684931506844474,490,0.09006491303443909,0.27528407473873695,"[{'threshold': 0.1, 'micro_f1': 0.01154453027807271}, {'threshold': 0.2, 'micro_f1': 0.01341651594810208}, {'threshold': 0.3, 'micro_f1': 0.024236206039031927}, {'threshold': 0.4, 'micro_f1': 0.06665547181366496}, {'threshold': 0.5, 'micro_f1': 0.18357682619647356}, {'threshold': 0.6, 'micro_f1': 0.30859959510606455}, {'threshold': 0.7, 'micro_f1': 0.2989050014797277}, {'threshold': 0.8, 'micro_f1': 0.24873463485177147}, {'threshold': 0.9, 'micro_f1': 0.07890870933892968}]"
100,0.05165141950997095,0.3206751054847322,0.34568204379868367,0.2617872013204621,0.2757436169603071,0.8464427509694299,0.7212498947113057,19.07177038722705,0.6239795684814453,0.27374301675929674,490,0.08791937679052353,0.2717034265934867,"[{'threshold': 0.1, 'micro_f1': 0.011553633235788749}, {'threshold': 0.2, 'micro_f1': 0.01352448019267394}, {'threshold': 0.3, 'micro_f1': 0.02500341843611431}, {'threshold': 0.4, 'micro_f1': 0.07004070187186758}, {'threshold': 0.5, 'micro_f1': 0.191828724353256}, {'threshold': 0.6, 'micro_f1': 0.31394393206099896}, {'threshold': 0.7, 'micro_f1': 0.29655276230618693}, {'threshold': 0.8, 'micro_f1': 0.24511223750905137}, {'threshold': 0.9, 'micro_f1': 0.07236011779554058}]"
101,0.05028050907310985,0.3267097966723293,0.34407622706222785,0.2638506882522598,0.2743734891981138,0.8473870932960538,0.720543799777243,19.034005412972377,0.6410118341445923,0.27999999999952613,490,0.08566475659608841,0.2670261896915447,"[{'threshold': 0.1, 'micro_f1': 0.011598343315620112}, {'threshold': 0.2, 'micro_f1': 0.013789961832252834}, {'threshold': 0.3, 'micro_f1': 0.02615400361638975}, {'threshold': 0.4, 'micro_f1': 0.0723943661971831}, {'threshold': 0.5, 'micro_f1': 0.1924339139529013}, {'threshold': 0.6, 'micro_f1': 0.31071815229159144}, {'threshold': 0.7, 'micro_f1': 0.29649515287099176}, {'threshold': 0.8, 'micro_f1': 0.246070460704607}, {'threshold': 0.9, 'micro_f1': 0.07073684210526314}]"
102,0.048600470321992086,0.32357777046974007,0.3416216949943629,0.26350998784161234,0.2712915731328489,0.8473395526532235,0.7179575017668057,18.94888641594505,0.6277317404747009,0.27298050139227725,490,0.08385735005140305,0.2637254062580064,"[{'threshold': 0.1, 'micro_f1': 0.011641845259716673}, {'threshold': 0.2, 'micro_f1': 0.013941433757822325}, {'threshold': 0.3, 'micro_f1': 0.02680711514633776}, {'threshold': 0.4, 'micro_f1': 0.07531409245156677}, {'threshold': 0.5, 'micro_f1': 0.1945438282647585}, {'threshold': 0.6, 'micro_f1': 0.31277860326894497}, {'threshold': 0.7, 'micro_f1': 0.29917971662938103}, {'threshold': 0.8, 'micro_f1': 0.24873828406633017}, {'threshold': 0.9, 'micro_f1': 0.07882599580712787}]"
103,0.047667779994231683,0.32262602579082683,0.34416696676170716,0.26117266585677307,0.273656299205855,0.8465164329668258,0.7152758863633654,19.128847147169626,0.6360000967979431,0.2585751978886911,490,0.0814291387796402,0.2591752797286701,"[{'threshold': 0.1, 'micro_f1': 0.011603911131531442}, {'threshold': 0.2, 'micro_f1': 0.014207362312007267}, {'threshold': 0.3, 'micro_f1': 0.027883584186975334}, {'threshold': 0.4, 'micro_f1': 0.07997582351163493}, {'threshold': 0.5, 'micro_f1': 0.2069592724396995}, {'threshold': 0.6, 'micro_f1': 0.3106667924172403}, {'threshold': 0.7, 'micro_f1': 0.29591989239276634}, {'threshold': 0.8, 'micro_f1': 0.24977570428853396}, {'threshold': 0.9, 'micro_f1': 0.0935356474745375}]"
104,0.04645924307603054,0.33539276257673467,0.3481184891695158,0.2697851185581033,0.2777878312784929,0.8484142425115769,0.7115515471001453,19.126976132292672,0.6071798205375671,0.2506393861887633,490,0.07981045544147491,0.25584109107548303,"[{'threshold': 0.1, 'micro_f1': 0.011689273280085701}, {'threshold': 0.2, 'micro_f1': 0.01435366150782301}, {'threshold': 0.3, 'micro_f1': 0.028890217174736003}, {'threshold': 0.4, 'micro_f1': 0.08301565008025683}, {'threshold': 0.5, 'micro_f1': 0.21552750654917838}, {'threshold': 0.6, 'micro_f1': 0.33069546597151095}, {'threshold': 0.7, 'micro_f1': 0.2981013604425175}, {'threshold': 0.8, 'micro_f1': 0.24577793747754217}, {'threshold': 0.9, 'micro_f1': 0.0727349169644734}]"
105,0.04468631399450479,0.328896418198924,0.34554363017067025,0.2681361164056805,0.27270987732729995,0.8470619461614245,0.7172730402031724,19.160704740405613,0.6443668603897095,0.26109660574363286,490,0.07702206075191498,0.25038502348176617,"[{'threshold': 0.1, 'micro_f1': 0.011711755823786378}, {'threshold': 0.2, 'micro_f1': 0.014685267764041948}, {'threshold': 0.3, 'micro_f1': 0.03063832580503555}, {'threshold': 0.4, 'micro_f1': 0.08754702884435787}, {'threshold': 0.5, 'micro_f1': 0.21896237361180176}, {'threshold': 0.6, 'micro_f1': 0.3221245701184562}, {'threshold': 0.7, 'micro_f1': 0.296195652173913}, {'threshold': 0.8, 'micro_f1': 0.24955181068483323}, {'threshold': 0.9, 'micro_f1': 0.10539367637941721}]"
106,0.043567525351015976,0.33404436860018316,0.3502637713093429,0.2732545709749427,0.28117595933830236,0.8501363275691134,0.7208504410520299,19.067699770795315,0.6150609850883484,0.25994694960163195,490,0.07581889629364014,0.24832047303377092,"[{'threshold': 0.1, 'micro_f1': 0.011732065212343481}, {'threshold': 0.2, 'micro_f1': 0.014804571967888674}, {'threshold': 0.3, 'micro_f1': 0.031478736315190506}, {'threshold': 0.4, 'micro_f1': 0.09069626528588741}, {'threshold': 0.5, 'micro_f1': 0.22556326196527807}, {'threshold': 0.6, 'micro_f1': 0.33090308155924947}, {'threshold': 0.7, 'micro_f1': 0.2999237223493516}, {'threshold': 0.8, 'micro_f1': 0.24769147202607275}, {'threshold': 0.9, 'micro_f1': 0.07839027457556066}]"
107,0.04195595288245135,0.335595045772252,0.3503119119315551,0.2711291115366984,0.2798410170965742,0.8482470016732988,0.709726303582569,19.04009270821581,0.617003858089447,0.25994694960163195,490,0.07542483508586884,0.24737406617821364,"[{'threshold': 0.1, 'micro_f1': 0.01173378590828441}, {'threshold': 0.2, 'micro_f1': 0.014935240722563631}, {'threshold': 0.3, 'micro_f1': 0.03154370947921522}, {'threshold': 0.4, 'micro_f1': 0.09136168855482672}, {'threshold': 0.5, 'micro_f1': 0.22473455702188025}, {'threshold': 0.6, 'micro_f1': 0.32984855886663406}, {'threshold': 0.7, 'micro_f1': 0.29294153286882757}, {'threshold': 0.8, 'micro_f1': 0.2531872867660262}, {'threshold': 0.9, 'micro_f1': 0.10343400910219278}]"
108,0.04101305912253718,0.34308923664984403,0.34995670390264694,0.2832657347604616,0.2791801759508411,0.8500383684437998,0.715446203411309,18.783289472836977,0.6348143219947815,0.25822784810076976,490,0.07236354798078537,0.24139390197852958,"[{'threshold': 0.1, 'micro_f1': 0.011831023063228422}, {'threshold': 0.2, 'micro_f1': 0.015379227384160919}, {'threshold': 0.3, 'micro_f1': 0.03368607023167711}, {'threshold': 0.4, 'micro_f1': 0.09852987646147132}, {'threshold': 0.5, 'micro_f1': 0.23853631694790903}, {'threshold': 0.6, 'micro_f1': 0.3367958449860167}, {'threshold': 0.7, 'micro_f1': 0.30963616988887194}, {'threshold': 0.8, 'micro_f1': 0.24954792043399635}, {'threshold': 0.9, 'micro_f1': 0.09446525176862254}]"
109,0.04000718018444127,0.3477983407780584,0.3526668872652259,0.279585400757285,0.2805603827594413,0.853662269729658,0.7127995966097792,18.994537187211673,0.6154507398605347,0.27607361963145277,490,0.07065142691135406,0.2375172408305228,"[{'threshold': 0.1, 'micro_f1': 0.011846454540892242}, {'threshold': 0.2, 'micro_f1': 0.015777478422957035}, {'threshold': 0.3, 'micro_f1': 0.03559530655210269}, {'threshold': 0.4, 'micro_f1': 0.10149796572555789}, {'threshold': 0.5, 'micro_f1': 0.23684932760040253}, {'threshold': 0.6, 'micro_f1': 0.33716176756861976}, {'threshold': 0.7, 'micro_f1': 0.2980711271850512}, {'threshold': 0.8, 'micro_f1': 0.2560714285714285}, {'threshold': 0.9, 'micro_f1': 0.09759136212624583}]"
110,0.03873789929365985,0.34046306504911417,0.3520433229094057,0.28173153549404184,0.28294166502240486,0.8557499661295844,0.7117139764340782,18.935229874433368,0.6249175071716309,0.27195467422048697,490,0.0707634910941124,0.23746167619687447,"[{'threshold': 0.1, 'micro_f1': 0.011832757525081337}, {'threshold': 0.2, 'micro_f1': 0.015836269608958713}, {'threshold': 0.3, 'micro_f1': 0.035597189695550355}, {'threshold': 0.4, 'micro_f1': 0.1012858075387488}, {'threshold': 0.5, 'micro_f1': 0.2391723025932727}, {'threshold': 0.6, 'micro_f1': 0.3374445943341684}, {'threshold': 0.7, 'micro_f1': 0.3120059656972408}, {'threshold': 0.8, 'micro_f1': 0.2529432750624331}, {'threshold': 0.9, 'micro_f1': 0.11220715166461157}]"
111,0.03763187201644378,0.34866927996649194,0.3461874901971817,0.2831709696535115,0.2764085086006992,0.8535426323874352,0.7136279161773582,19.12483703409909,0.6102033257484436,0.2743902439019874,490,0.06845754384994507,0.23285219827164258,"[{'threshold': 0.1, 'micro_f1': 0.01189041381714954}, {'threshold': 0.2, 'micro_f1': 0.016242966359621858}, {'threshold': 0.3, 'micro_f1': 0.03741414628268466}, {'threshold': 0.4, 'micro_f1': 0.10725890304133091}, {'threshold': 0.5, 'micro_f1': 0.24498445888669115}, {'threshold': 0.6, 'micro_f1': 0.34252738654147097}, {'threshold': 0.7, 'micro_f1': 0.31181994335966606}, {'threshold': 0.8, 'micro_f1': 0.25924608819345657}, {'threshold': 0.9, 'micro_f1': 0.11302918207973693}]"
112,0.03687024977866304,0.3559972893602412,0.3563116311748784,0.29193261324471576,0.28586309609721794,0.8565894990277598,0.7150346579592671,18.861867925565893,0.6277574896812439,0.2815249266857511,490,0.067448191344738,0.23086769773608523,"[{'threshold': 0.1, 'micro_f1': 0.011923349893541518}, {'threshold': 0.2, 'micro_f1': 0.016483808791091868}, {'threshold': 0.3, 'micro_f1': 0.03862218326200175}, {'threshold': 0.4, 'micro_f1': 0.10983508045670028}, {'threshold': 0.5, 'micro_f1': 0.25391669850974397}, {'threshold': 0.6, 'micro_f1': 0.3507914793824506}, {'threshold': 0.7, 'micro_f1': 0.31394302848575706}, {'threshold': 0.8, 'micro_f1': 0.2620273388957926}, {'threshold': 0.9, 'micro_f1': 0.11890118901189009}]"
113,0.03552828555700009,0.36312786665125085,0.356806851325143,0.2971784175721457,0.28597793407102357,0.8561277212737017,0.7158349119273846,18.765231246466445,0.6185994148254395,0.28739002932504726,490,0.06550519913434982,0.22718348460014456,"[{'threshold': 0.1, 'micro_f1': 0.011951434296927547}, {'threshold': 0.2, 'micro_f1': 0.01676268111024574}, {'threshold': 0.3, 'micro_f1': 0.04052695971336188}, {'threshold': 0.4, 'micro_f1': 0.11753371868978806}, {'threshold': 0.5, 'micro_f1': 0.26264241455126924}, {'threshold': 0.6, 'micro_f1': 0.35884388357419084}, {'threshold': 0.7, 'micro_f1': 0.3135333741579914}, {'threshold': 0.8, 'micro_f1': 0.24462511291779582}, {'threshold': 0.9, 'micro_f1': 0.07959782153330539}]"
114,0.03473009703257097,0.3599916475250807,0.35055900468336443,0.29227796919811305,0.28245977371933134,0.855463683518307,0.7144091783783054,18.854246981821817,0.6004041433334351,0.2727272727268187,490,0.06217820197343826,0.21981713133238487,"[{'threshold': 0.1, 'micro_f1': 0.012085878241895174}, {'threshold': 0.2, 'micro_f1': 0.017688684450997444}, {'threshold': 0.3, 'micro_f1': 0.044166721585496636}, {'threshold': 0.4, 'micro_f1': 0.12517670752725654}, {'threshold': 0.5, 'micro_f1': 0.26520314206939605}, {'threshold': 0.6, 'micro_f1': 0.35937499999999994}, {'threshold': 0.7, 'micro_f1': 0.3138273491214667}, {'threshold': 0.8, 'micro_f1': 0.2526881720430107}, {'threshold': 0.9, 'micro_f1': 0.06294888043937473}]"
115,0.033580938482253006,0.35786802030407505,0.3564633180784258,0.29507166194895285,0.28604235420709834,0.8601967665568582,0.714951630548684,18.89806252909696,0.5928661823272705,0.2824207492790675,490,0.06186741590499878,0.21903247439640589,"[{'threshold': 0.1, 'micro_f1': 0.012120783936923316}, {'threshold': 0.2, 'micro_f1': 0.017817689084885447}, {'threshold': 0.3, 'micro_f1': 0.044789503776594145}, {'threshold': 0.4, 'micro_f1': 0.1277634612776346}, {'threshold': 0.5, 'micro_f1': 0.2675206047561552}, {'threshold': 0.6, 'micro_f1': 0.3548550065676467}, {'threshold': 0.7, 'micro_f1': 0.3115425451236159}, {'threshold': 0.8, 'micro_f1': 0.25873129009265855}, {'threshold': 0.9, 'micro_f1': 0.11498973305954824}]"
116,0.03293623342597611,0.36633663366286656,0.36160734442227904,0.295723984456142,0.29320345817084287,0.8587069427415959,0.7263839717973123,18.99781223088504,0.6152305006980896,0.28405797101402314,490,0.0592455230653286,0.21313029823799237,"[{'threshold': 0.1, 'micro_f1': 0.01219665714890622}, {'threshold': 0.2, 'micro_f1': 0.01875497681390229}, {'threshold': 0.3, 'micro_f1': 0.04732861041073871}, {'threshold': 0.4, 'micro_f1': 0.13442073233839083}, {'threshold': 0.5, 'micro_f1': 0.27954756570679196}, {'threshold': 0.6, 'micro_f1': 0.3621441928111364}, {'threshold': 0.7, 'micro_f1': 0.3087655444343342}, {'threshold': 0.8, 'micro_f1': 0.2569036166043114}, {'threshold': 0.9, 'micro_f1': 0.11646503998359645}]"
117,0.032135914932325406,0.36851324720773304,0.35618032925732473,0.3021001822111422,0.2839397774645199,0.8586455126534742,0.7263893510461609,18.831932248521145,0.6122660040855408,0.2912621359219068,490,0.05846695974469185,0.2111560452269847,"[{'threshold': 0.1, 'micro_f1': 0.012290028559712821}, {'threshold': 0.2, 'micro_f1': 0.018914557965159652}, {'threshold': 0.3, 'micro_f1': 0.04871354605180289}, {'threshold': 0.4, 'micro_f1': 0.13478786867464854}, {'threshold': 0.5, 'micro_f1': 0.28124660658051903}, {'threshold': 0.6, 'micro_f1': 0.3623981013311319}, {'threshold': 0.7, 'micro_f1': 0.32042200452147696}, {'threshold': 0.8, 'micro_f1': 0.2663832801983705}, {'threshold': 0.9, 'micro_f1': 0.1354694788075441}]"
118,0.03103974356104142,0.3624904922302944,0.35622007250975923,0.29724672046303957,0.28756203728447216,0.8575201184003013,0.7154901763319034,18.937982136113284,0.6072350740432739,0.3010033444812013,490,0.058247752487659454,0.21080485943702704,"[{'threshold': 0.1, 'micro_f1': 0.012243881298853504}, {'threshold': 0.2, 'micro_f1': 0.01892498107025673}, {'threshold': 0.3, 'micro_f1': 0.04896321070234114}, {'threshold': 0.4, 'micro_f1': 0.13706145013820967}, {'threshold': 0.5, 'micro_f1': 0.277874754527602}, {'threshold': 0.6, 'micro_f1': 0.3593569402122517}, {'threshold': 0.7, 'micro_f1': 0.30984643179765126}, {'threshold': 0.8, 'micro_f1': 0.26956368132838715}, {'threshold': 0.9, 'micro_f1': 0.11875511875511874}]"
119,0.030212305259531138,0.3694388671663612,0.363383213100084,0.3015103376403421,0.2990890270094741,0.8558619719729252,0.7120696430792768,18.79350181922131,0.6012597680091858,0.29801324503270243,490,0.05631960183382034,0.20638380782474652,"[{'threshold': 0.1, 'micro_f1': 0.0122639916629309}, {'threshold': 0.2, 'micro_f1': 0.019644717908003772}, {'threshold': 0.3, 'micro_f1': 0.050873772641877285}, {'threshold': 0.4, 'micro_f1': 0.14301685971110414}, {'threshold': 0.5, 'micro_f1': 0.28965049968945855}, {'threshold': 0.6, 'micro_f1': 0.3685648245429711}, {'threshold': 0.7, 'micro_f1': 0.3291748083571321}, {'threshold': 0.8, 'micro_f1': 0.2646850672328379}, {'threshold': 0.9, 'micro_f1': 0.1048503611971104}]"
120,0.029514103162067908,0.3632554036166152,0.36173377724600564,0.29848387365617196,0.2957602827318801,0.8595331084349411,0.7186830717635281,18.858544738415656,0.6049039959907532,0.289389067523689,490,0.05480881780385971,0.203061534851562,"[{'threshold': 0.1, 'micro_f1': 0.012384617186767876}, {'threshold': 0.2, 'micro_f1': 0.020194383070026436}, {'threshold': 0.3, 'micro_f1': 0.05392582048943947}, {'threshold': 0.4, 'micro_f1': 0.1507970294688047}, {'threshold': 0.5, 'micro_f1': 0.2925858739540055}, {'threshold': 0.6, 'micro_f1': 0.3603875134553282}, {'threshold': 0.7, 'micro_f1': 0.31879194630872476}, {'threshold': 0.8, 'micro_f1': 0.24830053667262966}, {'threshold': 0.9, 'micro_f1': 0.10554524840239124}]"
121,0.02849997707184345,0.3742368742363772,0.3643078630576344,0.30363945869431214,0.2962823317923325,0.8581875650352617,0.7179961037447181,18.908664508985723,0.5864865183830261,0.2900302114799073,490,0.054068729281425476,0.20167963941835731,"[{'threshold': 0.1, 'micro_f1': 0.012384919056127056}, {'threshold': 0.2, 'micro_f1': 0.020456915985330237}, {'threshold': 0.3, 'micro_f1': 0.054850712129067676}, {'threshold': 0.4, 'micro_f1': 0.15439533754249635}, {'threshold': 0.5, 'micro_f1': 0.30270401064666386}, {'threshold': 0.6, 'micro_f1': 0.37155361050328223}, {'threshold': 0.7, 'micro_f1': 0.320383841510602}, {'threshold': 0.8, 'micro_f1': 0.2436475040547846}, {'threshold': 0.9, 'micro_f1': 0.0811375993308239}]"
122,0.027748397438141403,0.3792292752729361,0.3665943396845257,0.30984395383754376,0.30031112570798674,0.8583061340123367,0.7132192854698852,18.742955415707925,0.590602695941925,0.29967426710055745,490,0.052276331931352615,0.19694765338069672,"[{'threshold': 0.1, 'micro_f1': 0.01255846735439226}, {'threshold': 0.2, 'micro_f1': 0.021374469172588915}, {'threshold': 0.3, 'micro_f1': 0.058310498961339184}, {'threshold': 0.4, 'micro_f1': 0.15792215524298578}, {'threshold': 0.5, 'micro_f1': 0.30793157076205285}, {'threshold': 0.6, 'micro_f1': 0.374331550802139}, {'threshold': 0.7, 'micro_f1': 0.32563791008505466}, {'threshold': 0.8, 'micro_f1': 0.2672307421117574}, {'threshold': 0.9, 'micro_f1': 0.12959577493398333}]"
123,0.027259621710058243,0.35933307780709756,0.36335283140324065,0.29592681391865244,0.2963956689385902,0.8587199287765357,0.7152414242857512,18.925417079191284,0.5815557837486267,0.29315960912010147,490,0.05250592157244682,0.19668238270514607,"[{'threshold': 0.1, 'micro_f1': 0.012510402883469744}, {'threshold': 0.2, 'micro_f1': 0.021535293344433246}, {'threshold': 0.3, 'micro_f1': 0.05725948721194238}, {'threshold': 0.4, 'micro_f1': 0.15242172093694387}, {'threshold': 0.5, 'micro_f1': 0.29460073388083174}, {'threshold': 0.6, 'micro_f1': 0.356313421906057}, {'threshold': 0.7, 'micro_f1': 0.3229182239497682}, {'threshold': 0.8, 'micro_f1': 0.263879128601546}, {'threshold': 0.9, 'micro_f1': 0.13197969543147206}]"
124,0.02610637702875667,0.3810623556576997,0.3630246544678117,0.3064489539363343,0.2979934751063059,0.8590935224784757,0.7213506682736728,18.95688174488046,0.584367573261261,0.29411764705840565,490,0.0491303876042366,0.18976019363712804,"[{'threshold': 0.1, 'micro_f1': 0.012640817098543597}, {'threshold': 0.2, 'micro_f1': 0.022885155946074803}, {'threshold': 0.3, 'micro_f1': 0.06325911386820568}, {'threshold': 0.4, 'micro_f1': 0.1729081009001}, {'threshold': 0.5, 'micro_f1': 0.3264831329972857}, {'threshold': 0.6, 'micro_f1': 0.3705452501405283}, {'threshold': 0.7, 'micro_f1': 0.31870170015455945}, {'threshold': 0.8, 'micro_f1': 0.24713467048710597}, {'threshold': 0.9, 'micro_f1': 0.0939318370739817}]"
125,0.025664954855249673,0.38400641346778747,0.36570664652867996,0.31310506805303023,0.29954262696615686,0.861151874942522,0.7224934054829065,18.83128849596516,0.5822345018386841,0.2970297029698849,490,0.04867774248123169,0.18819321055089092,"[{'threshold': 0.1, 'micro_f1': 0.012718741610328753}, {'threshold': 0.2, 'micro_f1': 0.023375367199254853}, {'threshold': 0.3, 'micro_f1': 0.06531379455079658}, {'threshold': 0.4, 'micro_f1': 0.1714036093592159}, {'threshold': 0.5, 'micro_f1': 0.3219030747817284}, {'threshold': 0.6, 'micro_f1': 0.3740881872618399}, {'threshold': 0.7, 'micro_f1': 0.32537631138817086}, {'threshold': 0.8, 'micro_f1': 0.2662200282087447}, {'threshold': 0.9, 'micro_f1': 0.14124293785310732}]"
126,0.025082669698845143,0.37634173055809805,0.368248930080834,0.3103930062173802,0.2981238944468943,0.8616466875134946,0.7206020531784202,18.84475326578192,0.5973280072212219,0.2903225806447362,490,0.047926321625709534,0.18647391692981174,"[{'threshold': 0.1, 'micro_f1': 0.012706394797535804}, {'threshold': 0.2, 'micro_f1': 0.023756365476020974}, {'threshold': 0.3, 'micro_f1': 0.0664721171800959}, {'threshold': 0.4, 'micro_f1': 0.18003012818690844}, {'threshold': 0.5, 'micro_f1': 0.32120079881466207}, {'threshold': 0.6, 'micro_f1': 0.3736020374266415}, {'threshold': 0.7, 'micro_f1': 0.3229966226588885}, {'threshold': 0.8, 'micro_f1': 0.2531645569620253}, {'threshold': 0.9, 'micro_f1': 0.1268611054456455}]"
127,0.024139530582245064,0.39415753781901114,0.3645230240139883,0.3282727646823091,0.2972283728242232,0.8644727246560725,0.7152529022060148,18.5564170874798,0.5847187042236328,0.2857142857138524,490,0.046423785388469696,0.18316143827513973,"[{'threshold': 0.1, 'micro_f1': 0.012860911848844896}, {'threshold': 0.2, 'micro_f1': 0.024491890268321985}, {'threshold': 0.3, 'micro_f1': 0.07138671778013923}, {'threshold': 0.4, 'micro_f1': 0.1932520862100018}, {'threshold': 0.5, 'micro_f1': 0.3399840383080606}, {'threshold': 0.6, 'micro_f1': 0.39156288567261294}, {'threshold': 0.7, 'micro_f1': 0.33951847876092617}, {'threshold': 0.8, 'micro_f1': 0.2573015588604192}, {'threshold': 0.9, 'micro_f1': 0.09973101593213324}]"
128,0.023755227999081686,0.38224385720858806,0.36150967712190696,0.31471003169871226,0.2966353131909923,0.8611101733642759,0.715049915877206,18.77027206288521,0.61170893907547,0.2866242038212243,490,0.04519106075167656,0.17921629535897646,"[{'threshold': 0.1, 'micro_f1': 0.012996094885635936}, {'threshold': 0.2, 'micro_f1': 0.025568715924045873}, {'threshold': 0.3, 'micro_f1': 0.07289326563060984}, {'threshold': 0.4, 'micro_f1': 0.18890835498097022}, {'threshold': 0.5, 'micro_f1': 0.3248054859554266}, {'threshold': 0.6, 'micro_f1': 0.37604764005293334}, {'threshold': 0.7, 'micro_f1': 0.3334350213544844}, {'threshold': 0.8, 'micro_f1': 0.2665962317309385}, {'threshold': 0.9, 'micro_f1': 0.13759611493322538}]"
129,0.0232469620843413,0.39065308567955176,0.3687524053711482,0.3240329855571894,0.30387420389439646,0.8643464772497078,0.7218288625356662,18.467161752341465,0.6155983209609985,0.289389067523689,490,0.04391099885106087,0.17640597442385528,"[{'threshold': 0.1, 'micro_f1': 0.013055069750378717}, {'threshold': 0.2, 'micro_f1': 0.026599446043852587}, {'threshold': 0.3, 'micro_f1': 0.07655027254573911}, {'threshold': 0.4, 'micro_f1': 0.1991970942458421}, {'threshold': 0.5, 'micro_f1': 0.33805695598855423}, {'threshold': 0.6, 'micro_f1': 0.3851381966470321}, {'threshold': 0.7, 'micro_f1': 0.33648921309948776}, {'threshold': 0.8, 'micro_f1': 0.26055961504188196}, {'threshold': 0.9, 'micro_f1': 0.12614819350887935}]"
130,0.022642917891658804,0.3814606186377107,0.36985354949836835,0.31211998169579624,0.30425701398939725,0.8619475045838236,0.7217397585305217,18.84905314395517,0.5729168057441711,0.29508196721269875,490,0.04370227828621864,0.1753846254015021,"[{'threshold': 0.1, 'micro_f1': 0.013100533878552964}, {'threshold': 0.2, 'micro_f1': 0.026922436750998667}, {'threshold': 0.3, 'micro_f1': 0.07566116954508073}, {'threshold': 0.4, 'micro_f1': 0.19464308116923848}, {'threshold': 0.5, 'micro_f1': 0.32816845450933646}, {'threshold': 0.6, 'micro_f1': 0.37740863787375406}, {'threshold': 0.7, 'micro_f1': 0.3329824033689276}, {'threshold': 0.8, 'micro_f1': 0.26258359732488556}, {'threshold': 0.9, 'micro_f1': 0.12382509194932569}]"
131,0.021903855302346446,0.38933906082153125,0.36527150865289126,0.32044165294621446,0.2980881503862909,0.8647123370718462,0.7205178859108804,18.702447035386037,0.5664669871330261,0.2727272727268187,490,0.04293275997042656,0.1737435616149984,"[{'threshold': 0.1, 'micro_f1': 0.013192654330069017}, {'threshold': 0.2, 'micro_f1': 0.02736864317366533}, {'threshold': 0.3, 'micro_f1': 0.0796430413237965}, {'threshold': 0.4, 'micro_f1': 0.2029572086039756}, {'threshold': 0.5, 'micro_f1': 0.3422378684337682}, {'threshold': 0.6, 'micro_f1': 0.37870359859234864}, {'threshold': 0.7, 'micro_f1': 0.34208117180347875}, {'threshold': 0.8, 'micro_f1': 0.2621273593226318}, {'threshold': 0.9, 'micro_f1': 0.12594253107805173}]"
132,0.021430145870283166,0.387620719929263,0.3647022699036637,0.32252460892420165,0.2977766524592738,0.8641435578482062,0.7271726454972024,18.387772349199174,0.5901578068733215,0.28753993610180634,490,0.04092351347208023,0.1679790493258937,"[{'threshold': 0.1, 'micro_f1': 0.013513246992308199}, {'threshold': 0.2, 'micro_f1': 0.029053714622418802}, {'threshold': 0.3, 'micro_f1': 0.08357040824900669}, {'threshold': 0.4, 'micro_f1': 0.2084989299908285}, {'threshold': 0.5, 'micro_f1': 0.34396612561750173}, {'threshold': 0.6, 'micro_f1': 0.3830465990657399}, {'threshold': 0.7, 'micro_f1': 0.34320987654320984}, {'threshold': 0.8, 'micro_f1': 0.27296773055898427}, {'threshold': 0.9, 'micro_f1': 0.13754045307443363}]"
133,0.020660884905034902,0.3796694372785764,0.37202443179784217,0.31826362234327454,0.3040665488179461,0.864346130160233,0.7237922921259812,18.677312523276488,0.5652023553848267,0.2832369942191827,490,0.040977831929922104,0.16788780227133454,"[{'threshold': 0.1, 'micro_f1': 0.013568570209442974}, {'threshold': 0.2, 'micro_f1': 0.029142640364188163}, {'threshold': 0.3, 'micro_f1': 0.08375085197718495}, {'threshold': 0.4, 'micro_f1': 0.20604718279136883}, {'threshold': 0.5, 'micro_f1': 0.3429473973355308}, {'threshold': 0.6, 'micro_f1': 0.3763012181616832}, {'threshold': 0.7, 'micro_f1': 0.34332673870034996}, {'threshold': 0.8, 'micro_f1': 0.2705635281764088}, {'threshold': 0.9, 'micro_f1': 0.14533011272141705}]"
134,0.020273239061078696,0.38393710825404226,0.37260783266481723,0.31855660213191617,0.30704244864043767,0.8621357490143976,0.7149058874044177,18.511111686883293,0.5809762477874756,0.31468531468494143,490,0.039204202592372894,0.16328702066942902,"[{'threshold': 0.1, 'micro_f1': 0.013683927189529288}, {'threshold': 0.2, 'micro_f1': 0.030795654738734544}, {'threshold': 0.3, 'micro_f1': 0.08930088837388954}, {'threshold': 0.4, 'micro_f1': 0.21677845127506187}, {'threshold': 0.5, 'micro_f1': 0.34490690820214215}, {'threshold': 0.6, 'micro_f1': 0.38297872340425526}, {'threshold': 0.7, 'micro_f1': 0.3393048537743071}, {'threshold': 0.8, 'micro_f1': 0.2709654686398872}, {'threshold': 0.9, 'micro_f1': 0.1319529029638652}]"
135,0.019811761432460377,0.3890299644484619,0.367371326731858,0.3200150181241355,0.3019435885029909,0.8624802440477081,0.7220814425861292,18.69868798294539,0.5732265114784241,0.2743902439019874,490,0.03795327991247177,0.1596315022728935,"[{'threshold': 0.1, 'micro_f1': 0.01396872510164513}, {'threshold': 0.2, 'micro_f1': 0.03230713816556137}, {'threshold': 0.3, 'micro_f1': 0.09284532110589576}, {'threshold': 0.4, 'micro_f1': 0.22343145131838435}, {'threshold': 0.5, 'micro_f1': 0.34800028618444584}, {'threshold': 0.6, 'micro_f1': 0.38336920811147607}, {'threshold': 0.7, 'micro_f1': 0.34355275022542825}, {'threshold': 0.8, 'micro_f1': 0.26851526851526847}, {'threshold': 0.9, 'micro_f1': 0.1392148927559692}]"
136,0.019411659257476607,0.39228723404205323,0.3723973565480415,0.3219726103845971,0.3057430542753629,0.8631816607555679,0.718906210892395,18.590716846239093,0.5881332159042358,0.2960526315785333,490,0.03786447271704674,0.15991532539636805,"[{'threshold': 0.1, 'micro_f1': 0.01388914855032437}, {'threshold': 0.2, 'micro_f1': 0.03241240148736627}, {'threshold': 0.3, 'micro_f1': 0.0948127317590946}, {'threshold': 0.4, 'micro_f1': 0.22686477109887623}, {'threshold': 0.5, 'micro_f1': 0.3558264189734929}, {'threshold': 0.6, 'micro_f1': 0.3841121495327102}, {'threshold': 0.7, 'micro_f1': 0.3355995055624227}, {'threshold': 0.8, 'micro_f1': 0.26699716713881017}, {'threshold': 0.9, 'micro_f1': 0.125050916496945}]"
137,0.01884769413265444,0.3865450399082806,0.3702525068764883,0.3221599263524644,0.3022934251407475,0.8628047027300152,0.7171746117869243,18.41555734687838,0.5948547124862671,0.2866242038212243,490,0.037651266902685165,0.15919515809022244,"[{'threshold': 0.1, 'micro_f1': 0.01393428492915942}, {'threshold': 0.2, 'micro_f1': 0.03251852482752747}, {'threshold': 0.3, 'micro_f1': 0.09477151318885106}, {'threshold': 0.4, 'micro_f1': 0.22665914645610077}, {'threshold': 0.5, 'micro_f1': 0.353061972863953}, {'threshold': 0.6, 'micro_f1': 0.3837371854613233}, {'threshold': 0.7, 'micro_f1': 0.3428395252042546}, {'threshold': 0.8, 'micro_f1': 0.2613475177304964}, {'threshold': 0.9, 'micro_f1': 0.12239902080783352}]"
138,0.0184847551777407,0.3895666806894464,0.37149282684822754,0.3255416738865117,0.3062457573205775,0.8633530966974172,0.711273513812703,18.621026438546203,0.5804806351661682,0.2999999999995939,490,0.03738469257950783,0.15821783962444708,"[{'threshold': 0.1, 'micro_f1': 0.014049187678934842}, {'threshold': 0.2, 'micro_f1': 0.03300412767704709}, {'threshold': 0.3, 'micro_f1': 0.09584353438682394}, {'threshold': 0.4, 'micro_f1': 0.22675293409569666}, {'threshold': 0.5, 'micro_f1': 0.3518236531070988}, {'threshold': 0.6, 'micro_f1': 0.38503900871959607}, {'threshold': 0.7, 'micro_f1': 0.3353330256883556}, {'threshold': 0.8, 'micro_f1': 0.2760307477288609}, {'threshold': 0.9, 'micro_f1': 0.14958893122117503}]"
139,0.017783137821843698,0.3863251720631356,0.3747385923165121,0.3233784766228205,0.30712594217071393,0.8680144086162803,0.7234286751892309,18.55712975524353,0.5938348770141602,0.2912621359219068,490,0.035787735134363174,0.1535287070314187,"[{'threshold': 0.1, 'micro_f1': 0.01447382643812386}, {'threshold': 0.2, 'micro_f1': 0.035376630792681524}, {'threshold': 0.3, 'micro_f1': 0.10343086291400565}, {'threshold': 0.4, 'micro_f1': 0.2380654738651457}, {'threshold': 0.5, 'micro_f1': 0.3605492396279344}, {'threshold': 0.6, 'micro_f1': 0.38305241283768177}, {'threshold': 0.7, 'micro_f1': 0.3350285097857913}, {'threshold': 0.8, 'micro_f1': 0.2684893094987732}, {'threshold': 0.9, 'micro_f1': 0.1386138613861386}]"
140,0.017501390381425463,0.39277748273980867,0.3713045997660415,0.32520424594280395,0.3061364310748257,0.8668095183027433,0.7202607725290712,18.68519241182904,0.5751913785934448,0.28481012658184357,490,0.03489680960774422,0.1516625328424673,"[{'threshold': 0.1, 'micro_f1': 0.014480371032863266}, {'threshold': 0.2, 'micro_f1': 0.0365718208209592}, {'threshold': 0.3, 'micro_f1': 0.10862569409389197}, {'threshold': 0.4, 'micro_f1': 0.24777374670184696}, {'threshold': 0.5, 'micro_f1': 0.3640928109547356}, {'threshold': 0.6, 'micro_f1': 0.38383128295254826}, {'threshold': 0.7, 'micro_f1': 0.3396110855917929}, {'threshold': 0.8, 'micro_f1': 0.2593832599118942}, {'threshold': 0.9, 'micro_f1': 0.16047904191616763}]"
141,0.017125954999337122,0.3876111622196805,0.3768522801259093,0.32395823547109637,0.31186944162195407,0.8679205542255678,0.7234247994307667,18.65638245296144,0.5706779360771179,0.2960526315785333,490,0.033669084310531616,0.14688744145163915,"[{'threshold': 0.1, 'micro_f1': 0.015087184595814176}, {'threshold': 0.2, 'micro_f1': 0.03862580301145164}, {'threshold': 0.3, 'micro_f1': 0.11074072886951505}, {'threshold': 0.4, 'micro_f1': 0.247601235973329}, {'threshold': 0.5, 'micro_f1': 0.3640587529976019}, {'threshold': 0.6, 'micro_f1': 0.379443938012762}, {'threshold': 0.7, 'micro_f1': 0.33857315598548965}, {'threshold': 0.8, 'micro_f1': 0.2773444271104177}, {'threshold': 0.9, 'micro_f1': 0.1602717825739408}]"
142,0.016812292469675263,0.3870017877794989,0.37109462007593225,0.3236408527734559,0.30305201316498165,0.8663150785212306,0.7195571352160365,18.39099634217082,0.5790854692459106,0.3061224489791988,490,0.0338008739054203,0.1470124795482994,"[{'threshold': 0.1, 'micro_f1': 0.015071363295267957}, {'threshold': 0.2, 'micro_f1': 0.038379811389484764}, {'threshold': 0.3, 'micro_f1': 0.10887607704004054}, {'threshold': 0.4, 'micro_f1': 0.24146224146224146}, {'threshold': 0.5, 'micro_f1': 0.35758028379387596}, {'threshold': 0.6, 'micro_f1': 0.3781636590625354}, {'threshold': 0.7, 'micro_f1': 0.34870403857745624}, {'threshold': 0.8, 'micro_f1': 0.27956989247311825}, {'threshold': 0.9, 'micro_f1': 0.1694378463974663}]"
143,0.016427148099022883,0.3914965270464385,0.3723594560579532,0.3242700431671989,0.3089984233606899,0.8638897609960063,0.7166318926435025,18.453910598051753,0.5701183676719666,0.29900332225872805,490,0.032977618277072906,0.14556165305120924,"[{'threshold': 0.1, 'micro_f1': 0.01499410510287427}, {'threshold': 0.2, 'micro_f1': 0.039561039356359}, {'threshold': 0.3, 'micro_f1': 0.11442894874081053}, {'threshold': 0.4, 'micro_f1': 0.2543613309505574}, {'threshold': 0.5, 'micro_f1': 0.3754308994045753}, {'threshold': 0.6, 'micro_f1': 0.381679389312977}, {'threshold': 0.7, 'micro_f1': 0.3449660284126003}, {'threshold': 0.8, 'micro_f1': 0.2597952700317684}, {'threshold': 0.9, 'micro_f1': 0.14236602628918096}]"
144,0.015902647714096087,0.4058066644666725,0.3717778622178481,0.33621734642977374,0.30715810146688033,0.8652351268702441,0.7117135997362228,18.473703920682425,0.5735592842102051,0.29411764705840565,490,0.03133981302380562,0.14112028001612847,"[{'threshold': 0.1, 'micro_f1': 0.015365875442533792}, {'threshold': 0.2, 'micro_f1': 0.042255730065198394}, {'threshold': 0.3, 'micro_f1': 0.12486873860098377}, {'threshold': 0.4, 'micro_f1': 0.27138346071118025}, {'threshold': 0.5, 'micro_f1': 0.3852293799887124}, {'threshold': 0.6, 'micro_f1': 0.3960945033751205}, {'threshold': 0.7, 'micro_f1': 0.33428120063191147}, {'threshold': 0.8, 'micro_f1': 0.25814447592067985}, {'threshold': 0.9, 'micro_f1': 0.10330578512396692}]"
145,0.01552480647941588,0.3966854350361521,0.373743348694028,0.33196008681269606,0.3065684292525087,0.8663566872163777,0.7227223456626783,18.487511351216845,0.569283664226532,0.28391167192385375,490,0.030795253813266754,0.1389086959700539,"[{'threshold': 0.1, 'micro_f1': 0.015687248580016806}, {'threshold': 0.2, 'micro_f1': 0.0437733052319522}, {'threshold': 0.3, 'micro_f1': 0.12714577210355865}, {'threshold': 0.4, 'micro_f1': 0.269499682193771}, {'threshold': 0.5, 'micro_f1': 0.37614314115308145}, {'threshold': 0.6, 'micro_f1': 0.38903916264847693}, {'threshold': 0.7, 'micro_f1': 0.34096848578016903}, {'threshold': 0.8, 'micro_f1': 0.27299600069553115}, {'threshold': 0.9, 'micro_f1': 0.15608782435129737}]"
146,0.015067141202510034,0.3912913212818373,0.3722169127548978,0.3233751572647573,0.3084557855716666,0.862916027384073,0.7138817905761661,18.734610415345383,0.550713300704956,0.2970297029698849,490,0.030627604573965073,0.13848759378461503,"[{'threshold': 0.1, 'micro_f1': 0.015687096373571782}, {'threshold': 0.2, 'micro_f1': 0.04386231392984834}, {'threshold': 0.3, 'micro_f1': 0.12694877505567928}, {'threshold': 0.4, 'micro_f1': 0.2694535848357047}, {'threshold': 0.5, 'micro_f1': 0.3746736292428198}, {'threshold': 0.6, 'micro_f1': 0.38569059464581845}, {'threshold': 0.7, 'micro_f1': 0.33322981366459625}, {'threshold': 0.8, 'micro_f1': 0.25773558368495075}, {'threshold': 0.9, 'micro_f1': 0.13395575400852444}]"
147,0.014592631498262995,0.3945089757122781,0.37468697696872205,0.33240737988322916,0.31165513490866953,0.8648812792770828,0.7147250049703678,18.44201327872176,0.5687482357025146,0.29315960912010147,490,0.030190298333764076,0.13682676250254483,"[{'threshold': 0.1, 'micro_f1': 0.01591941216988338}, {'threshold': 0.2, 'micro_f1': 0.045274327153199734}, {'threshold': 0.3, 'micro_f1': 0.1289500218785077}, {'threshold': 0.4, 'micro_f1': 0.2692202711309253}, {'threshold': 0.5, 'micro_f1': 0.37769469413730006}, {'threshold': 0.6, 'micro_f1': 0.39174768792980785}, {'threshold': 0.7, 'micro_f1': 0.34420456285408046}, {'threshold': 0.8, 'micro_f1': 0.2789327789327789}, {'threshold': 0.9, 'micro_f1': 0.1691483025610482}]"
148,0.014510881214860886,0.3953163605108334,0.3747818821060689,0.3337134000222541,0.3112341406850398,0.8669615894453777,0.7171517111248367,18.51387399840133,0.5810373425483704,0.30201342281839005,490,0.029545802623033524,0.13438591140630357,"[{'threshold': 0.1, 'micro_f1': 0.01627838753730211}, {'threshold': 0.2, 'micro_f1': 0.046924334510601656}, {'threshold': 0.3, 'micro_f1': 0.13139733250620347}, {'threshold': 0.4, 'micro_f1': 0.27281854691493246}, {'threshold': 0.5, 'micro_f1': 0.37816182246661423}, {'threshold': 0.6, 'micro_f1': 0.38312061630447275}, {'threshold': 0.7, 'micro_f1': 0.33704438005185294}, {'threshold': 0.8, 'micro_f1': 0.27827897293546144}, {'threshold': 0.9, 'micro_f1': 0.1657700737198645}]"
149,0.014262898672352392,0.4043617446973834,0.37526273004861654,0.33553497833816365,0.31036040801501763,0.8673607649685087,0.7276526860193726,18.290195448450103,0.5519695281982422,0.29900332225872805,490,0.028788814321160316,0.13235825652269023,"[{'threshold': 0.1, 'micro_f1': 0.016652439965033166}, {'threshold': 0.2, 'micro_f1': 0.048218959607457285}, {'threshold': 0.3, 'micro_f1': 0.1361347246283389}, {'threshold': 0.4, 'micro_f1': 0.2801789794364052}, {'threshold': 0.5, 'micro_f1': 0.3842071405596654}, {'threshold': 0.6, 'micro_f1': 0.3891273247496423}, {'threshold': 0.7, 'micro_f1': 0.35009196811771914}, {'threshold': 0.8, 'micro_f1': 0.26337015605821495}, {'threshold': 0.9, 'micro_f1': 0.13916901976603466}]"
150,0.013854298213368687,0.39098532494709026,0.3760205979262796,0.3272471861949333,0.3099603059327718,0.8679386445010575,0.7239249387720467,18.45916940410052,0.5721321105957031,0.29508196721269875,490,0.02891247533261776,0.13182798287715913,"[{'threshold': 0.1, 'micro_f1': 0.016840621063082456}, {'threshold': 0.2, 'micro_f1': 0.048109216767081145}, {'threshold': 0.3, 'micro_f1': 0.13438110845657195}, {'threshold': 0.4, 'micro_f1': 0.27289461573861024}, {'threshold': 0.5, 'micro_f1': 0.37231540993886186}, {'threshold': 0.6, 'micro_f1': 0.3779237239313284}, {'threshold': 0.7, 'micro_f1': 0.34855149400879715}, {'threshold': 0.8, 'micro_f1': 0.2800897945087204}, {'threshold': 0.9, 'micro_f1': 0.17336485421591802}]"
