ontology,method,threshold,ic_weighted_precision,ic_weighted_recall
molecular_function,deepgreengo,0.01,0.042576,0.791633
molecular_function,deepgreengo,0.02,0.060012,0.767583
molecular_function,deepgreengo,0.03,0.071327,0.753869
molecular_function,deepgreengo,0.04,0.080674,0.743531
molecular_function,deepgreengo,0.05,0.089252,0.736369
molecular_function,deepgreengo,0.06,0.096801,0.723393
molecular_function,deepgreengo,0.07,0.104597,0.716499
molecular_function,deepgreengo,0.08,0.111914,0.706592
molecular_function,deepgreengo,0.09,0.119552,0.706342
molecular_function,deepgreengo,0.1,0.127538,0.706135
molecular_function,deepgreengo,0.11,0.136521,0.698951
molecular_function,deepgreengo,0.12,0.143443,0.679302
molecular_function,deepgreengo,0.13,0.151587,0.668891
molecular_function,deepgreengo,0.14,0.1608,0.666936
molecular_function,deepgreengo,0.15,0.167841,0.660931
molecular_function,deepgreengo,0.16,0.176826,0.657836
molecular_function,deepgreengo,0.17,0.184267,0.652008
molecular_function,deepgreengo,0.18,0.190902,0.643831
molecular_function,deepgreengo,0.19,0.200875,0.640125
molecular_function,deepgreengo,0.2,0.209711,0.638461
molecular_function,deepgreengo,0.21,0.21816,0.636142
molecular_function,deepgreengo,0.22,0.225939,0.636108
molecular_function,deepgreengo,0.23,0.23626,0.634505
molecular_function,deepgreengo,0.24,0.248782,0.633762
molecular_function,deepgreengo,0.25,0.259152,0.630742
molecular_function,deepgreengo,0.26,0.268887,0.627323
molecular_function,deepgreengo,0.27,0.277044,0.622282
molecular_function,deepgreengo,0.28,0.284841,0.618917
molecular_function,deepgreengo,0.29,0.296847,0.615125
molecular_function,deepgreengo,0.3,0.303164,0.613848
molecular_function,deepgreengo,0.31,0.314251,0.612788
molecular_function,deepgreengo,0.32,0.322168,0.611501
molecular_function,deepgreengo,0.33,0.32786,0.607737
molecular_function,deepgreengo,0.34,0.333509,0.606611
molecular_function,deepgreengo,0.35,0.338301,0.603243
molecular_function,deepgreengo,0.36,0.340449,0.598577
molecular_function,deepgreengo,0.37,0.346294,0.596271
molecular_function,deepgreengo,0.38,0.347237,0.587856
molecular_function,deepgreengo,0.39,0.34735,0.580913
molecular_function,deepgreengo,0.4,0.352966,0.579163
molecular_function,deepgreengo,0.41,0.35706,0.575905
molecular_function,deepgreengo,0.42,0.359852,0.572236
molecular_function,deepgreengo,0.43,0.36253,0.567217
molecular_function,deepgreengo,0.44,0.364633,0.561168
molecular_function,deepgreengo,0.45,0.367392,0.560536
molecular_function,deepgreengo,0.46,0.372872,0.560079
molecular_function,deepgreengo,0.47,0.379183,0.559278
molecular_function,deepgreengo,0.48,0.384097,0.558797
molecular_function,deepgreengo,0.49,0.389002,0.557046
molecular_function,deepgreengo,0.5,0.395068,0.555845
molecular_function,deepgreengo,0.51,0.398771,0.552779
molecular_function,deepgreengo,0.52,0.405278,0.550943
molecular_function,deepgreengo,0.53,0.414764,0.547271
molecular_function,deepgreengo,0.54,0.419753,0.544057
molecular_function,deepgreengo,0.55,0.425937,0.53994
molecular_function,deepgreengo,0.56,0.433365,0.538207
molecular_function,deepgreengo,0.57,0.440444,0.53698
molecular_function,deepgreengo,0.58,0.455257,0.534975
molecular_function,deepgreengo,0.59,0.471206,0.533522
molecular_function,deepgreengo,0.6,0.479391,0.532871
molecular_function,deepgreengo,0.61,0.487417,0.532425
molecular_function,deepgreengo,0.62,0.492912,0.526477
molecular_function,deepgreengo,0.63,0.496468,0.524845
molecular_function,deepgreengo,0.64,0.498335,0.522811
molecular_function,deepgreengo,0.65,0.499617,0.519971
molecular_function,deepgreengo,0.66,0.500957,0.51894
molecular_function,deepgreengo,0.67,0.503114,0.518033
molecular_function,deepgreengo,0.68,0.507293,0.516437
molecular_function,deepgreengo,0.69,0.51014,0.512586
molecular_function,deepgreengo,0.7,0.512608,0.511811
molecular_function,deepgreengo,0.71,0.516357,0.510237
molecular_function,deepgreengo,0.72,0.518814,0.507806
molecular_function,deepgreengo,0.73,0.522036,0.506709
molecular_function,deepgreengo,0.74,0.524801,0.505357
molecular_function,deepgreengo,0.75,0.527384,0.503181
molecular_function,deepgreengo,0.76,0.533539,0.50149
molecular_function,deepgreengo,0.77,0.535704,0.500869
molecular_function,deepgreengo,0.78,0.542179,0.49972
molecular_function,deepgreengo,0.79,0.549108,0.499292
molecular_function,deepgreengo,0.8,0.555439,0.498833
molecular_function,deepgreengo,0.81,0.567817,0.496239
molecular_function,deepgreengo,0.82,0.567586,0.49363
molecular_function,deepgreengo,0.83,0.568223,0.486914
molecular_function,deepgreengo,0.84,0.575108,0.484862
molecular_function,deepgreengo,0.85,0.574881,0.480446
molecular_function,deepgreengo,0.86,0.578497,0.476997
molecular_function,deepgreengo,0.87,0.582905,0.471268
molecular_function,deepgreengo,0.88,0.583554,0.467903
molecular_function,deepgreengo,0.89,0.587147,0.465594
molecular_function,deepgreengo,0.9,0.589599,0.465014
molecular_function,deepgreengo,0.91,0.593938,0.462923
molecular_function,deepgreengo,0.92,0.59275,0.453669
molecular_function,deepgreengo,0.93,0.594178,0.447919
molecular_function,deepgreengo,0.94,0.601504,0.446107
molecular_function,deepgreengo,0.95,0.602659,0.442327
molecular_function,deepgreengo,0.96,0.603365,0.436863
molecular_function,deepgreengo,0.97,0.607187,0.431105
molecular_function,deepgreengo,0.98,0.609688,0.426019
molecular_function,deepgreengo,0.99,0.621375,0.349875
molecular_function,naive,0.01,0.024337,0.583568
molecular_function,naive,0.02,0.038696,0.392784
molecular_function,naive,0.03,0.05525,0.263175
molecular_function,naive,0.04,0.080452,0.206978
molecular_function,naive,0.05,0.086068,0.206978
molecular_function,naive,0.06,0.083894,0.188902
molecular_function,naive,0.07,0.088205,0.159277
molecular_function,naive,0.08,0.113395,0.141421
molecular_function,naive,0.09,0.130806,0.128555
molecular_function,naive,0.1,0.130806,0.128555
molecular_function,naive,0.11,0.133373,0.114776
molecular_function,naive,0.12,0.183432,0.072699
molecular_function,naive,0.13,0.183432,0.072699
molecular_function,naive,0.14,0.183432,0.072699
molecular_function,naive,0.15,0.183432,0.072699
molecular_function,naive,0.16,0.183432,0.072699
molecular_function,naive,0.17,0.225357,0.067243
molecular_function,naive,0.18,0.378778,0.04181
molecular_function,naive,0.19,0.378778,0.04181
molecular_function,naive,0.2,0.378778,0.04181
molecular_function,naive,0.21,0.378778,0.04181
molecular_function,naive,0.22,0.378778,0.04181
molecular_function,naive,0.23,0.378778,0.04181
molecular_function,naive,0.24,0.378778,0.04181
molecular_function,naive,0.25,0.378778,0.04181
molecular_function,naive,0.26,0.378778,0.04181
molecular_function,naive,0.27,0.378778,0.04181
molecular_function,naive,0.28,0.378778,0.04181
molecular_function,naive,0.29,0.378778,0.04181
molecular_function,naive,0.3,0.378778,0.04181
molecular_function,naive,0.31,0.378778,0.04181
molecular_function,naive,0.32,0.378778,0.04181
molecular_function,naive,0.33,0.378778,0.04181
molecular_function,naive,0.34,0.378778,0.04181
molecular_function,naive,0.35,0.378778,0.04181
molecular_function,naive,0.36,0.378778,0.04181
molecular_function,naive,0.37,0.378778,0.04181
molecular_function,naive,0.38,0.378778,0.04181
molecular_function,naive,0.39,0.378778,0.04181
molecular_function,naive,0.4,0.378778,0.04181
molecular_function,naive,0.41,0.378778,0.04181
molecular_function,naive,0.42,0.378778,0.04181
molecular_function,naive,0.43,0.415263,0.02647
molecular_function,naive,0.44,0.415263,0.02647
molecular_function,naive,0.45,0.415263,0.02647
molecular_function,naive,0.46,0.415263,0.02647
molecular_function,naive,0.47,0.415263,0.02647
molecular_function,naive,0.48,0.415263,0.02647
molecular_function,naive,0.49,0.415263,0.02647
molecular_function,naive,0.5,0.498674,0.012927
molecular_function,naive,0.51,0.498674,0.012927
molecular_function,naive,0.52,0.498674,0.012927
molecular_function,naive,0.53,0.498674,0.012927
molecular_function,naive,0.54,0.498674,0.012927
molecular_function,naive,0.55,0.498674,0.012927
molecular_function,naive,0.56,0.498674,0.012927
molecular_function,naive,0.57,0.498674,0.012927
molecular_function,naive,0.58,0.498674,0.012927
molecular_function,naive,0.59,0.498674,0.012927
molecular_function,naive,0.6,0.498674,0.012927
molecular_function,naive,0.61,0.498674,0.012927
molecular_function,naive,0.62,,0.0
molecular_function,naive,0.63,,0.0
molecular_function,naive,0.64,,0.0
molecular_function,naive,0.65,,0.0
molecular_function,naive,0.66,,0.0
molecular_function,naive,0.67,,0.0
molecular_function,naive,0.68,,0.0
molecular_function,naive,0.69,,0.0
molecular_function,naive,0.7,,0.0
molecular_function,naive,0.71,,0.0
molecular_function,naive,0.72,,0.0
molecular_function,naive,0.73,,0.0
molecular_function,naive,0.74,,0.0
molecular_function,naive,0.75,,0.0
molecular_function,naive,0.76,,0.0
molecular_function,naive,0.77,,0.0
molecular_function,naive,0.78,,0.0
molecular_function,naive,0.79,,0.0
molecular_function,naive,0.8,,0.0
molecular_function,naive,0.81,,0.0
molecular_function,naive,0.82,,0.0
molecular_function,naive,0.83,,0.0
molecular_function,naive,0.84,,0.0
molecular_function,naive,0.85,,0.0
molecular_function,naive,0.86,,0.0
molecular_function,naive,0.87,,0.0
molecular_function,naive,0.88,,0.0
molecular_function,naive,0.89,,0.0
molecular_function,naive,0.9,,0.0
molecular_function,naive,0.91,,0.0
molecular_function,naive,0.92,,0.0
molecular_function,naive,0.93,,0.0
molecular_function,naive,0.94,,0.0
molecular_function,naive,0.95,,0.0
molecular_function,naive,0.96,,0.0
molecular_function,naive,0.97,,0.0
molecular_function,naive,0.98,,0.0
molecular_function,naive,0.99,,0.0
molecular_function,blast,0.01,0.59306,0.452309
molecular_function,blast,0.02,0.59306,0.452309
molecular_function,blast,0.03,0.59306,0.452309
molecular_function,blast,0.04,0.59306,0.452309
molecular_function,blast,0.05,0.59306,0.452309
molecular_function,blast,0.06,0.59306,0.452309
molecular_function,blast,0.07,0.59306,0.452309
molecular_function,blast,0.08,0.602885,0.452309
molecular_function,blast,0.09,0.602885,0.452309
molecular_function,blast,0.1,0.602885,0.452309
molecular_function,blast,0.11,0.602885,0.452309
molecular_function,blast,0.12,0.602885,0.452309
molecular_function,blast,0.13,0.602885,0.452309
molecular_function,blast,0.14,0.602885,0.452309
molecular_function,blast,0.15,0.602885,0.452309
molecular_function,blast,0.16,0.602885,0.452309
molecular_function,blast,0.17,0.602885,0.452309
molecular_function,blast,0.18,0.602885,0.452309
molecular_function,blast,0.19,0.602885,0.452309
molecular_function,blast,0.2,0.602885,0.452309
molecular_function,blast,0.21,0.607732,0.452309
molecular_function,blast,0.22,0.609193,0.452309
molecular_function,blast,0.23,0.610381,0.452309
molecular_function,blast,0.24,0.610381,0.452309
molecular_function,blast,0.25,0.624288,0.452309
molecular_function,blast,0.26,0.624288,0.452309
molecular_function,blast,0.27,0.624288,0.452309
molecular_function,blast,0.28,0.624288,0.452309
molecular_function,blast,0.29,0.62427,0.45059
molecular_function,blast,0.3,0.62427,0.45059
molecular_function,blast,0.31,0.62427,0.45059
molecular_function,blast,0.32,0.62427,0.45059
molecular_function,blast,0.33,0.62427,0.45059
molecular_function,blast,0.34,0.622546,0.447294
molecular_function,blast,0.35,0.622546,0.447294
molecular_function,blast,0.36,0.622546,0.447294
molecular_function,blast,0.37,0.622546,0.447294
molecular_function,blast,0.38,0.622546,0.447294
molecular_function,blast,0.39,0.622546,0.447294
molecular_function,blast,0.4,0.622546,0.447294
molecular_function,blast,0.41,0.622546,0.447294
molecular_function,blast,0.42,0.622546,0.447294
molecular_function,blast,0.43,0.622546,0.447294
molecular_function,blast,0.44,0.622546,0.447294
molecular_function,blast,0.45,0.622546,0.447294
molecular_function,blast,0.46,0.622546,0.447294
molecular_function,blast,0.47,0.622546,0.447294
molecular_function,blast,0.48,0.622546,0.447294
molecular_function,blast,0.49,0.622546,0.447294
molecular_function,blast,0.5,0.622546,0.447294
molecular_function,blast,0.51,0.622546,0.447294
molecular_function,blast,0.52,0.622546,0.447294
molecular_function,blast,0.53,0.622546,0.447294
molecular_function,blast,0.54,0.622546,0.447294
molecular_function,blast,0.55,0.622546,0.447294
molecular_function,blast,0.56,0.622546,0.447294
molecular_function,blast,0.57,0.622546,0.447294
molecular_function,blast,0.58,0.622546,0.447294
molecular_function,blast,0.59,0.622546,0.447294
molecular_function,blast,0.6,0.622546,0.447294
molecular_function,blast,0.61,0.622546,0.447294
molecular_function,blast,0.62,0.622546,0.447294
molecular_function,blast,0.63,0.622546,0.447294
molecular_function,blast,0.64,0.622546,0.447294
molecular_function,blast,0.65,0.622546,0.447294
molecular_function,blast,0.66,0.622546,0.447294
molecular_function,blast,0.67,0.622546,0.447294
molecular_function,blast,0.68,0.622546,0.447294
molecular_function,blast,0.69,0.622546,0.447294
molecular_function,blast,0.7,0.622546,0.447294
molecular_function,blast,0.71,0.622546,0.447294
molecular_function,blast,0.72,0.622546,0.447294
molecular_function,blast,0.73,0.622546,0.447294
molecular_function,blast,0.74,0.616509,0.435983
molecular_function,blast,0.75,0.616509,0.435983
molecular_function,blast,0.76,0.616509,0.435983
molecular_function,blast,0.77,0.616509,0.435983
molecular_function,blast,0.78,0.616509,0.435983
molecular_function,blast,0.79,0.616509,0.435983
molecular_function,blast,0.8,0.616509,0.435983
molecular_function,blast,0.81,0.616509,0.435983
molecular_function,blast,0.82,0.616509,0.435983
molecular_function,blast,0.83,0.616509,0.435983
molecular_function,blast,0.84,0.616509,0.435983
molecular_function,blast,0.85,0.616509,0.435983
molecular_function,blast,0.86,0.616509,0.435983
molecular_function,blast,0.87,0.616509,0.435983
molecular_function,blast,0.88,0.615912,0.434884
molecular_function,blast,0.89,0.615912,0.434884
molecular_function,blast,0.9,0.615912,0.434884
molecular_function,blast,0.91,0.615912,0.434884
molecular_function,blast,0.92,0.615912,0.434884
molecular_function,blast,0.93,0.6184,0.434575
molecular_function,blast,0.94,0.6184,0.434575
molecular_function,blast,0.95,0.6184,0.434575
molecular_function,blast,0.96,0.6184,0.434575
molecular_function,blast,0.97,0.6184,0.434575
molecular_function,blast,0.98,0.6184,0.434575
molecular_function,blast,0.99,0.6184,0.434575
molecular_function,blast_max,0.01,0.618124,0.446194
molecular_function,blast_max,0.02,0.618124,0.446194
molecular_function,blast_max,0.03,0.618124,0.446194
molecular_function,blast_max,0.04,0.618124,0.446194
molecular_function,blast_max,0.05,0.618124,0.446194
molecular_function,blast_max,0.06,0.618124,0.446194
molecular_function,blast_max,0.07,0.618124,0.446194
molecular_function,blast_max,0.08,0.618124,0.446194
molecular_function,blast_max,0.09,0.618124,0.446194
molecular_function,blast_max,0.1,0.618124,0.446194
molecular_function,blast_max,0.11,0.618124,0.446194
molecular_function,blast_max,0.12,0.618124,0.446194
molecular_function,blast_max,0.13,0.618124,0.446194
molecular_function,blast_max,0.14,0.618124,0.446194
molecular_function,blast_max,0.15,0.618124,0.446194
molecular_function,blast_max,0.16,0.618124,0.446194
molecular_function,blast_max,0.17,0.618124,0.446194
molecular_function,blast_max,0.18,0.618124,0.446194
molecular_function,blast_max,0.19,0.618124,0.446194
molecular_function,blast_max,0.2,0.618124,0.446194
molecular_function,blast_max,0.21,0.618124,0.446194
molecular_function,blast_max,0.22,0.618124,0.446194
molecular_function,blast_max,0.23,0.618124,0.446194
molecular_function,blast_max,0.24,0.616653,0.438857
molecular_function,blast_max,0.25,0.616653,0.438857
molecular_function,blast_max,0.26,0.6163,0.435121
molecular_function,blast_max,0.27,0.6163,0.435121
molecular_function,blast_max,0.28,0.61879,0.434812
molecular_function,blast_max,0.29,0.633053,0.434812
molecular_function,blast_max,0.3,0.634214,0.433882
molecular_function,blast_max,0.31,0.634214,0.433882
molecular_function,blast_max,0.32,0.527707,0.1972
molecular_function,blast_max,0.33,0.532367,0.196862
molecular_function,blast_max,0.34,0.532367,0.196862
molecular_function,blast_max,0.35,0.304521,0.073839
molecular_function,blast_max,0.36,0.304036,0.073669
molecular_function,blast_max,0.37,0.326233,0.059631
molecular_function,blast_max,0.38,0.326233,0.059631
molecular_function,blast_max,0.39,0.326233,0.059631
molecular_function,blast_max,0.4,0.323731,0.058954
molecular_function,blast_max,0.41,0.323731,0.058954
molecular_function,blast_max,0.42,0.323731,0.058954
molecular_function,blast_max,0.43,0.323731,0.058954
molecular_function,blast_max,0.44,0.323731,0.058954
molecular_function,blast_max,0.45,0.323731,0.058954
molecular_function,blast_max,0.46,0.323731,0.058954
molecular_function,blast_max,0.47,0.323731,0.058954
molecular_function,blast_max,0.48,0.323731,0.058954
molecular_function,blast_max,0.49,0.323731,0.058954
molecular_function,blast_max,0.5,0.323731,0.058954
molecular_function,blast_max,0.51,0.323731,0.058954
molecular_function,blast_max,0.52,0.278949,0.047644
molecular_function,blast_max,0.53,0.278949,0.047644
molecular_function,blast_max,0.54,0.278949,0.047644
molecular_function,blast_max,0.55,0.278949,0.047644
molecular_function,blast_max,0.56,0.278949,0.047644
molecular_function,blast_max,0.57,0.278949,0.047644
molecular_function,blast_max,0.58,0.278949,0.047644
molecular_function,blast_max,0.59,0.278949,0.047644
molecular_function,blast_max,0.6,0.278949,0.047644
molecular_function,blast_max,0.61,0.278949,0.047644
molecular_function,blast_max,0.62,0.278949,0.047644
molecular_function,blast_max,0.63,0.278949,0.047644
molecular_function,blast_max,0.64,0.278949,0.047644
molecular_function,blast_max,0.65,0.278949,0.047644
molecular_function,blast_max,0.66,0.278949,0.047644
molecular_function,blast_max,0.67,0.278949,0.047644
molecular_function,blast_max,0.68,0.278949,0.047644
molecular_function,blast_max,0.69,0.278949,0.047644
molecular_function,blast_max,0.7,0.278949,0.047644
molecular_function,blast_max,0.71,0.278949,0.047644
molecular_function,blast_max,0.72,0.278949,0.047644
molecular_function,blast_max,0.73,0.278949,0.047644
molecular_function,blast_max,0.74,0.278949,0.047644
molecular_function,blast_max,0.75,0.278949,0.047644
molecular_function,blast_max,0.76,0.278949,0.047644
molecular_function,blast_max,0.77,0.278949,0.047644
molecular_function,blast_max,0.78,0.278949,0.047644
molecular_function,blast_max,0.79,0.278949,0.047644
molecular_function,blast_max,0.8,0.278949,0.047644
molecular_function,blast_max,0.81,0.278949,0.047644
molecular_function,blast_max,0.82,0.278949,0.047644
molecular_function,blast_max,0.83,0.278949,0.047644
molecular_function,blast_max,0.84,0.278949,0.047644
molecular_function,blast_max,0.85,0.278949,0.047644
molecular_function,blast_max,0.86,0.278949,0.047644
molecular_function,blast_max,0.87,0.278949,0.047644
molecular_function,blast_max,0.88,0.278949,0.047644
molecular_function,blast_max,0.89,0.278949,0.047644
molecular_function,blast_max,0.9,0.278949,0.047644
molecular_function,blast_max,0.91,0.278949,0.047644
molecular_function,blast_max,0.92,0.278949,0.047644
molecular_function,blast_max,0.93,0.278949,0.047644
molecular_function,blast_max,0.94,0.278949,0.047644
molecular_function,blast_max,0.95,0.278949,0.047644
molecular_function,blast_max,0.96,0.278949,0.047644
molecular_function,blast_max,0.97,0.278949,0.047644
molecular_function,blast_max,0.98,0.278949,0.04588
molecular_function,blast_max,0.99,0.278949,0.04588
molecular_function,diamond,0.01,0.621471,0.432754
molecular_function,diamond,0.02,0.621471,0.432754
molecular_function,diamond,0.03,0.621471,0.432754
molecular_function,diamond,0.04,0.621471,0.432754
molecular_function,diamond,0.05,0.621471,0.432754
molecular_function,diamond,0.06,0.621471,0.432754
molecular_function,diamond,0.07,0.621471,0.432754
molecular_function,diamond,0.08,0.621471,0.432754
molecular_function,diamond,0.09,0.621471,0.432754
molecular_function,diamond,0.1,0.621471,0.432754
molecular_function,diamond,0.11,0.621471,0.432754
molecular_function,diamond,0.12,0.621471,0.432754
molecular_function,diamond,0.13,0.621471,0.432754
molecular_function,diamond,0.14,0.621471,0.432754
molecular_function,diamond,0.15,0.621471,0.432754
molecular_function,diamond,0.16,0.621471,0.432754
molecular_function,diamond,0.17,0.621471,0.432754
molecular_function,diamond,0.18,0.621471,0.432754
molecular_function,diamond,0.19,0.621471,0.432754
molecular_function,diamond,0.2,0.621471,0.432754
molecular_function,diamond,0.21,0.621471,0.432754
molecular_function,diamond,0.22,0.621471,0.432754
molecular_function,diamond,0.23,0.621471,0.432754
molecular_function,diamond,0.24,0.621471,0.432754
molecular_function,diamond,0.25,0.621471,0.432754
molecular_function,diamond,0.26,0.621471,0.432754
molecular_function,diamond,0.27,0.621471,0.432754
molecular_function,diamond,0.28,0.621471,0.432754
molecular_function,diamond,0.29,0.621471,0.432754
molecular_function,diamond,0.3,0.621471,0.432754
molecular_function,diamond,0.31,0.621471,0.432754
molecular_function,diamond,0.32,0.621471,0.432754
molecular_function,diamond,0.33,0.621471,0.432754
molecular_function,diamond,0.34,0.621471,0.432754
molecular_function,diamond,0.35,0.621471,0.432754
molecular_function,diamond,0.36,0.621471,0.432754
molecular_function,diamond,0.37,0.621471,0.432754
molecular_function,diamond,0.38,0.621471,0.432754
molecular_function,diamond,0.39,0.621471,0.432754
molecular_function,diamond,0.4,0.621471,0.432754
molecular_function,diamond,0.41,0.621471,0.432754
molecular_function,diamond,0.42,0.621471,0.432754
molecular_function,diamond,0.43,0.621471,0.432754
molecular_function,diamond,0.44,0.621471,0.432754
molecular_function,diamond,0.45,0.621471,0.432754
molecular_function,diamond,0.46,0.621471,0.432754
molecular_function,diamond,0.47,0.621471,0.432754
molecular_function,diamond,0.48,0.621471,0.432754
molecular_function,diamond,0.49,0.621471,0.432754
molecular_function,diamond,0.5,0.621471,0.432754
molecular_function,diamond,0.51,0.621471,0.432754
molecular_function,diamond,0.52,0.621471,0.432754
molecular_function,diamond,0.53,0.621471,0.432754
molecular_function,diamond,0.54,0.621471,0.432754
molecular_function,diamond,0.55,0.621471,0.432754
molecular_function,diamond,0.56,0.621471,0.432754
molecular_function,diamond,0.57,0.621471,0.432754
molecular_function,diamond,0.58,0.621471,0.432754
molecular_function,diamond,0.59,0.621471,0.432754
molecular_function,diamond,0.6,0.621471,0.432754
molecular_function,diamond,0.61,0.621471,0.432754
molecular_function,diamond,0.62,0.621471,0.432754
molecular_function,diamond,0.63,0.621471,0.432754
molecular_function,diamond,0.64,0.621471,0.432754
molecular_function,diamond,0.65,0.621471,0.432754
molecular_function,diamond,0.66,0.621471,0.432754
molecular_function,diamond,0.67,0.621471,0.432754
molecular_function,diamond,0.68,0.621471,0.432754
molecular_function,diamond,0.69,0.621471,0.432754
molecular_function,diamond,0.7,0.621471,0.432754
molecular_function,diamond,0.71,0.621471,0.432754
molecular_function,diamond,0.72,0.621471,0.432754
molecular_function,diamond,0.73,0.621471,0.432754
molecular_function,diamond,0.74,0.615221,0.421444
molecular_function,diamond,0.75,0.615221,0.421444
molecular_function,diamond,0.76,0.615221,0.421444
molecular_function,diamond,0.77,0.615221,0.421444
molecular_function,diamond,0.78,0.615221,0.421444
molecular_function,diamond,0.79,0.615221,0.421444
molecular_function,diamond,0.8,0.615221,0.421444
molecular_function,diamond,0.81,0.615221,0.421444
molecular_function,diamond,0.82,0.615221,0.421444
molecular_function,diamond,0.83,0.615221,0.421444
molecular_function,diamond,0.84,0.615221,0.421444
molecular_function,diamond,0.85,0.615221,0.421444
molecular_function,diamond,0.86,0.615221,0.421444
molecular_function,diamond,0.87,0.615221,0.421444
molecular_function,diamond,0.88,0.615221,0.421444
molecular_function,diamond,0.89,0.615221,0.421444
molecular_function,diamond,0.9,0.615221,0.421444
molecular_function,diamond,0.91,0.615221,0.421444
molecular_function,diamond,0.92,0.615221,0.421444
molecular_function,diamond,0.93,0.615221,0.421444
molecular_function,diamond,0.94,0.615221,0.421444
molecular_function,diamond,0.95,0.615221,0.421444
molecular_function,diamond,0.96,0.615221,0.421444
molecular_function,diamond,0.97,0.615221,0.421444
molecular_function,diamond,0.98,0.615221,0.421444
molecular_function,diamond,0.99,0.615221,0.421444
molecular_function,diamond_max,0.01,0.621471,0.432754
molecular_function,diamond_max,0.02,0.621471,0.432754
molecular_function,diamond_max,0.03,0.621471,0.432754
molecular_function,diamond_max,0.04,0.621471,0.432754
molecular_function,diamond_max,0.05,0.621471,0.432754
molecular_function,diamond_max,0.06,0.621471,0.432754
molecular_function,diamond_max,0.07,0.621471,0.432754
molecular_function,diamond_max,0.08,0.621471,0.432754
molecular_function,diamond_max,0.09,0.621471,0.432754
molecular_function,diamond_max,0.1,0.621471,0.432754
molecular_function,diamond_max,0.11,0.621471,0.432754
molecular_function,diamond_max,0.12,0.621471,0.432754
molecular_function,diamond_max,0.13,0.621471,0.432754
molecular_function,diamond_max,0.14,0.621471,0.432754
molecular_function,diamond_max,0.15,0.621471,0.432754
molecular_function,diamond_max,0.16,0.621471,0.432754
molecular_function,diamond_max,0.17,0.621471,0.432754
molecular_function,diamond_max,0.18,0.621471,0.432754
molecular_function,diamond_max,0.19,0.621471,0.432754
molecular_function,diamond_max,0.2,0.621471,0.432754
molecular_function,diamond_max,0.21,0.621471,0.432754
molecular_function,diamond_max,0.22,0.621471,0.432754
molecular_function,diamond_max,0.23,0.621471,0.432754
molecular_function,diamond_max,0.24,0.621471,0.432754
molecular_function,diamond_max,0.25,0.621471,0.432754
molecular_function,diamond_max,0.26,0.621471,0.432754
molecular_function,diamond_max,0.27,0.621471,0.432754
molecular_function,diamond_max,0.28,0.621471,0.432754
molecular_function,diamond_max,0.29,0.640893,0.432276
molecular_function,diamond_max,0.3,0.640893,0.432276
molecular_function,diamond_max,0.31,0.640893,0.432276
molecular_function,diamond_max,0.32,0.640893,0.432276
molecular_function,diamond_max,0.33,0.640893,0.432276
molecular_function,diamond_max,0.34,0.640893,0.432276
molecular_function,diamond_max,0.35,0.640893,0.432276
molecular_function,diamond_max,0.36,0.640893,0.432276
molecular_function,diamond_max,0.37,0.605369,0.295213
molecular_function,diamond_max,0.38,0.323731,0.058954
molecular_function,diamond_max,0.39,0.323731,0.058954
molecular_function,diamond_max,0.4,0.323731,0.058954
molecular_function,diamond_max,0.41,0.323731,0.058954
molecular_function,diamond_max,0.42,0.323731,0.058954
molecular_function,diamond_max,0.43,0.323731,0.058954
molecular_function,diamond_max,0.44,0.323731,0.058954
molecular_function,diamond_max,0.45,0.323731,0.058954
molecular_function,diamond_max,0.46,0.323731,0.058954
molecular_function,diamond_max,0.47,0.323731,0.058954
molecular_function,diamond_max,0.48,0.323731,0.058954
molecular_function,diamond_max,0.49,0.323731,0.058954
molecular_function,diamond_max,0.5,0.323731,0.058954
molecular_function,diamond_max,0.51,0.323731,0.058954
molecular_function,diamond_max,0.52,0.323731,0.058954
molecular_function,diamond_max,0.53,0.323731,0.058954
molecular_function,diamond_max,0.54,0.278949,0.047644
molecular_function,diamond_max,0.55,0.278949,0.047644
molecular_function,diamond_max,0.56,0.278949,0.047644
molecular_function,diamond_max,0.57,0.278949,0.047644
molecular_function,diamond_max,0.58,0.278949,0.047644
molecular_function,diamond_max,0.59,0.278949,0.047644
molecular_function,diamond_max,0.6,0.278949,0.047644
molecular_function,diamond_max,0.61,0.278949,0.047644
molecular_function,diamond_max,0.62,0.278949,0.047644
molecular_function,diamond_max,0.63,0.278949,0.047644
molecular_function,diamond_max,0.64,0.278949,0.047644
molecular_function,diamond_max,0.65,0.278949,0.047644
molecular_function,diamond_max,0.66,0.278949,0.047644
molecular_function,diamond_max,0.67,0.278949,0.047644
molecular_function,diamond_max,0.68,0.278949,0.047644
molecular_function,diamond_max,0.69,0.278949,0.047644
molecular_function,diamond_max,0.7,0.278949,0.047644
molecular_function,diamond_max,0.71,0.278949,0.047644
molecular_function,diamond_max,0.72,0.278949,0.047644
molecular_function,diamond_max,0.73,0.278949,0.047644
molecular_function,diamond_max,0.74,0.278949,0.047644
molecular_function,diamond_max,0.75,0.278949,0.047644
molecular_function,diamond_max,0.76,0.278949,0.047644
molecular_function,diamond_max,0.77,0.278949,0.047644
molecular_function,diamond_max,0.78,0.278949,0.047644
molecular_function,diamond_max,0.79,0.278949,0.047644
molecular_function,diamond_max,0.8,0.278949,0.047644
molecular_function,diamond_max,0.81,0.278949,0.047644
molecular_function,diamond_max,0.82,0.278949,0.047644
molecular_function,diamond_max,0.83,0.278949,0.047644
molecular_function,diamond_max,0.84,0.278949,0.047644
molecular_function,diamond_max,0.85,0.278949,0.047644
molecular_function,diamond_max,0.86,0.278949,0.047644
molecular_function,diamond_max,0.87,0.278949,0.047644
molecular_function,diamond_max,0.88,0.278949,0.047644
molecular_function,diamond_max,0.89,0.278949,0.047644
molecular_function,diamond_max,0.9,0.278949,0.047644
molecular_function,diamond_max,0.91,0.278949,0.047644
molecular_function,diamond_max,0.92,0.278949,0.047644
molecular_function,diamond_max,0.93,0.278949,0.047644
molecular_function,diamond_max,0.94,0.278949,0.047644
molecular_function,diamond_max,0.95,0.278949,0.047644
molecular_function,diamond_max,0.96,0.278949,0.047644
molecular_function,diamond_max,0.97,0.278949,0.047644
molecular_function,diamond_max,0.98,0.278949,0.047644
molecular_function,diamond_max,0.99,0.278949,0.047644
molecular_function,foldseek,0.01,0.453935,0.519017
molecular_function,foldseek,0.02,0.453935,0.519017
molecular_function,foldseek,0.03,0.453935,0.519017
molecular_function,foldseek,0.04,0.453935,0.519017
molecular_function,foldseek,0.05,0.453935,0.519017
molecular_function,foldseek,0.06,0.453935,0.519017
molecular_function,foldseek,0.07,0.453935,0.519017
molecular_function,foldseek,0.08,0.453935,0.519017
molecular_function,foldseek,0.09,0.453935,0.519017
molecular_function,foldseek,0.1,0.453935,0.519017
molecular_function,foldseek,0.11,0.453935,0.519017
molecular_function,foldseek,0.12,0.455634,0.519017
molecular_function,foldseek,0.13,0.457455,0.519017
molecular_function,foldseek,0.14,0.464711,0.519017
molecular_function,foldseek,0.15,0.468792,0.519017
molecular_function,foldseek,0.16,0.472202,0.518955
molecular_function,foldseek,0.17,0.476408,0.517902
molecular_function,foldseek,0.18,0.48242,0.514625
molecular_function,foldseek,0.19,0.486514,0.511921
molecular_function,foldseek,0.2,0.487717,0.508432
molecular_function,foldseek,0.21,0.487717,0.508432
molecular_function,foldseek,0.22,0.487717,0.508432
molecular_function,foldseek,0.23,0.487717,0.508432
molecular_function,foldseek,0.24,0.487717,0.508432
molecular_function,foldseek,0.25,0.487717,0.508432
molecular_function,foldseek,0.26,0.487717,0.508432
molecular_function,foldseek,0.27,0.487717,0.508432
molecular_function,foldseek,0.28,0.487717,0.508432
molecular_function,foldseek,0.29,0.487904,0.508432
molecular_function,foldseek,0.3,0.487904,0.508432
molecular_function,foldseek,0.31,0.487904,0.508432
molecular_function,foldseek,0.32,0.488251,0.50837
molecular_function,foldseek,0.33,0.488251,0.50837
molecular_function,foldseek,0.34,0.488251,0.50837
molecular_function,foldseek,0.35,0.488788,0.50837
molecular_function,foldseek,0.36,0.489666,0.50837
molecular_function,foldseek,0.37,0.490316,0.50837
molecular_function,foldseek,0.38,0.493191,0.50837
molecular_function,foldseek,0.39,0.495598,0.507441
molecular_function,foldseek,0.4,0.499706,0.507317
molecular_function,foldseek,0.41,0.50079,0.50388
molecular_function,foldseek,0.42,0.50624,0.503097
molecular_function,foldseek,0.43,0.512306,0.503097
molecular_function,foldseek,0.44,0.514656,0.503097
molecular_function,foldseek,0.45,0.524426,0.503097
molecular_function,foldseek,0.46,0.532864,0.503097
molecular_function,foldseek,0.47,0.541362,0.503097
molecular_function,foldseek,0.48,0.544011,0.50223
molecular_function,foldseek,0.49,0.546101,0.501364
molecular_function,foldseek,0.5,0.547048,0.499055
molecular_function,foldseek,0.51,0.548793,0.498622
molecular_function,foldseek,0.52,0.550979,0.496601
molecular_function,foldseek,0.53,0.552185,0.496601
molecular_function,foldseek,0.54,0.554075,0.495231
molecular_function,foldseek,0.55,0.554075,0.495231
molecular_function,foldseek,0.56,0.554265,0.493861
molecular_function,foldseek,0.57,0.554669,0.49249
molecular_function,foldseek,0.58,0.555077,0.49112
molecular_function,foldseek,0.59,0.560584,0.48813
molecular_function,foldseek,0.6,0.56103,0.488095
molecular_function,foldseek,0.61,0.56123,0.488061
molecular_function,foldseek,0.62,0.56123,0.488061
molecular_function,foldseek,0.63,0.562807,0.486691
molecular_function,foldseek,0.64,0.563364,0.485536
molecular_function,foldseek,0.65,0.563364,0.485536
molecular_function,foldseek,0.66,0.563364,0.485536
molecular_function,foldseek,0.67,0.563364,0.485536
molecular_function,foldseek,0.68,0.563364,0.485536
molecular_function,foldseek,0.69,0.563406,0.485452
molecular_function,foldseek,0.7,0.563406,0.485452
molecular_function,foldseek,0.71,0.563406,0.485452
molecular_function,foldseek,0.72,0.564434,0.485452
molecular_function,foldseek,0.73,0.564434,0.485452
molecular_function,foldseek,0.74,0.564434,0.485452
molecular_function,foldseek,0.75,0.564434,0.485452
molecular_function,foldseek,0.76,0.564434,0.485452
molecular_function,foldseek,0.77,0.564434,0.485452
molecular_function,foldseek,0.78,0.564434,0.485452
molecular_function,foldseek,0.79,0.564434,0.485452
molecular_function,foldseek,0.8,0.564434,0.485452
molecular_function,foldseek,0.81,0.565285,0.485383
molecular_function,foldseek,0.82,0.565976,0.485349
molecular_function,foldseek,0.83,0.565831,0.485061
molecular_function,foldseek,0.84,0.565465,0.48434
molecular_function,foldseek,0.85,0.56499,0.483403
molecular_function,foldseek,0.86,0.563666,0.480808
molecular_function,foldseek,0.87,0.562933,0.477564
molecular_function,foldseek,0.88,0.562576,0.474824
molecular_function,foldseek,0.89,0.561865,0.473454
molecular_function,foldseek,0.9,0.561865,0.473454
molecular_function,foldseek,0.91,0.561865,0.473454
molecular_function,foldseek,0.92,0.561865,0.473454
molecular_function,foldseek,0.93,0.561865,0.473454
molecular_function,foldseek,0.94,0.561865,0.473454
molecular_function,foldseek,0.95,0.561865,0.473454
molecular_function,foldseek,0.96,0.561865,0.473454
molecular_function,foldseek,0.97,0.561865,0.473454
molecular_function,foldseek,0.98,0.561865,0.473454
molecular_function,foldseek,0.99,0.561865,0.473454
molecular_function,foldseek_max,0.01,0.514645,0.503248
molecular_function,foldseek_max,0.02,0.514645,0.503248
molecular_function,foldseek_max,0.03,0.514645,0.503248
molecular_function,foldseek_max,0.04,0.514645,0.503248
molecular_function,foldseek_max,0.05,0.514645,0.503248
molecular_function,foldseek_max,0.06,0.514645,0.503248
molecular_function,foldseek_max,0.07,0.514645,0.503248
molecular_function,foldseek_max,0.08,0.514645,0.503248
molecular_function,foldseek_max,0.09,0.514645,0.503248
molecular_function,foldseek_max,0.1,0.518469,0.500333
molecular_function,foldseek_max,0.11,0.52938,0.493617
molecular_function,foldseek_max,0.12,0.526834,0.477717
molecular_function,foldseek_max,0.13,0.54904,0.468103
molecular_function,foldseek_max,0.14,0.559813,0.462538
molecular_function,foldseek_max,0.15,0.564641,0.450928
molecular_function,foldseek_max,0.16,0.576204,0.442526
molecular_function,foldseek_max,0.17,0.590646,0.441181
molecular_function,foldseek_max,0.18,0.613594,0.440158
molecular_function,foldseek_max,0.19,0.616635,0.439989
molecular_function,foldseek_max,0.2,0.621865,0.439257
molecular_function,foldseek_max,0.21,0.622743,0.438772
molecular_function,foldseek_max,0.22,0.62239,0.434952
molecular_function,foldseek_max,0.23,0.622253,0.434699
molecular_function,foldseek_max,0.24,0.623034,0.434495
molecular_function,foldseek_max,0.25,0.623225,0.434292
molecular_function,foldseek_max,0.26,0.625165,0.433967
molecular_function,foldseek_max,0.27,0.625165,0.433967
molecular_function,foldseek_max,0.28,0.625165,0.433967
molecular_function,foldseek_max,0.29,0.641611,0.433628
molecular_function,foldseek_max,0.3,0.641342,0.433121
molecular_function,foldseek_max,0.31,0.641342,0.433121
molecular_function,foldseek_max,0.32,0.641342,0.433121
molecular_function,foldseek_max,0.33,0.641342,0.433121
molecular_function,foldseek_max,0.34,0.641297,0.433037
molecular_function,foldseek_max,0.35,0.630595,0.39599
molecular_function,foldseek_max,0.36,0.527587,0.159933
molecular_function,foldseek_max,0.37,0.40166,0.088487
molecular_function,foldseek_max,0.38,0.390604,0.083565
molecular_function,foldseek_max,0.39,0.323731,0.058954
molecular_function,foldseek_max,0.4,0.323731,0.058954
molecular_function,foldseek_max,0.41,0.323731,0.058954
molecular_function,foldseek_max,0.42,0.323731,0.058954
molecular_function,foldseek_max,0.43,0.323731,0.058954
molecular_function,foldseek_max,0.44,0.323731,0.058954
molecular_function,foldseek_max,0.45,0.323731,0.058954
molecular_function,foldseek_max,0.46,0.323731,0.058954
molecular_function,foldseek_max,0.47,0.323731,0.058954
molecular_function,foldseek_max,0.48,0.323731,0.058954
molecular_function,foldseek_max,0.49,0.323731,0.058954
molecular_function,foldseek_max,0.5,0.323731,0.058954
molecular_function,foldseek_max,0.51,0.323731,0.058954
molecular_function,foldseek_max,0.52,0.323731,0.058954
molecular_function,foldseek_max,0.53,0.278949,0.047644
molecular_function,foldseek_max,0.54,0.278949,0.047644
molecular_function,foldseek_max,0.55,0.278949,0.047644
molecular_function,foldseek_max,0.56,0.278949,0.047644
molecular_function,foldseek_max,0.57,0.278949,0.047644
molecular_function,foldseek_max,0.58,0.278949,0.047644
molecular_function,foldseek_max,0.59,0.278949,0.047644
molecular_function,foldseek_max,0.6,0.278949,0.047644
molecular_function,foldseek_max,0.61,0.278949,0.047644
molecular_function,foldseek_max,0.62,0.278949,0.047644
molecular_function,foldseek_max,0.63,0.278949,0.047644
molecular_function,foldseek_max,0.64,0.278949,0.047644
molecular_function,foldseek_max,0.65,0.278949,0.047644
molecular_function,foldseek_max,0.66,0.278949,0.047644
molecular_function,foldseek_max,0.67,0.278949,0.047644
molecular_function,foldseek_max,0.68,0.278949,0.047644
molecular_function,foldseek_max,0.69,0.278949,0.047644
molecular_function,foldseek_max,0.7,0.278949,0.047644
molecular_function,foldseek_max,0.71,0.278949,0.047644
molecular_function,foldseek_max,0.72,0.278949,0.047644
molecular_function,foldseek_max,0.73,0.278949,0.047644
molecular_function,foldseek_max,0.74,0.278949,0.047644
molecular_function,foldseek_max,0.75,0.278949,0.047644
molecular_function,foldseek_max,0.76,0.278949,0.047644
molecular_function,foldseek_max,0.77,0.278949,0.047644
molecular_function,foldseek_max,0.78,0.278949,0.047644
molecular_function,foldseek_max,0.79,0.278949,0.047644
molecular_function,foldseek_max,0.8,0.278949,0.047644
molecular_function,foldseek_max,0.81,0.278949,0.047644
molecular_function,foldseek_max,0.82,0.278949,0.047644
molecular_function,foldseek_max,0.83,0.278949,0.047644
molecular_function,foldseek_max,0.84,0.278949,0.047644
molecular_function,foldseek_max,0.85,0.278949,0.047644
molecular_function,foldseek_max,0.86,0.278949,0.047644
molecular_function,foldseek_max,0.87,0.278949,0.047644
molecular_function,foldseek_max,0.88,0.278949,0.047644
molecular_function,foldseek_max,0.89,0.278949,0.047644
molecular_function,foldseek_max,0.9,0.278949,0.047644
molecular_function,foldseek_max,0.91,0.278949,0.047644
molecular_function,foldseek_max,0.92,0.278949,0.047644
molecular_function,foldseek_max,0.93,0.278949,0.047644
molecular_function,foldseek_max,0.94,0.278949,0.047644
molecular_function,foldseek_max,0.95,0.278949,0.047644
molecular_function,foldseek_max,0.96,0.278949,0.047644
molecular_function,foldseek_max,0.97,0.278949,0.047644
molecular_function,foldseek_max,0.98,0.278949,0.047644
molecular_function,foldseek_max,0.99,0.278949,0.001765
molecular_function,deepfri_sequence,0.01,0.025185,0.539474
molecular_function,deepfri_sequence,0.02,0.040324,0.426579
molecular_function,deepfri_sequence,0.03,0.052401,0.337909
molecular_function,deepfri_sequence,0.04,0.06712,0.302083
molecular_function,deepfri_sequence,0.05,0.082364,0.277787
molecular_function,deepfri_sequence,0.06,0.094535,0.244859
molecular_function,deepfri_sequence,0.07,0.106949,0.22412
molecular_function,deepfri_sequence,0.08,0.104898,0.179749
molecular_function,deepfri_sequence,0.09,0.117995,0.165199
molecular_function,deepfri_sequence,0.1,0.122147,0.160473
molecular_function,deepfri_sequence,0.11,0.129619,0.137101
molecular_function,deepfri_sequence,0.12,0.120765,0.107152
molecular_function,deepfri_sequence,0.13,0.127204,0.099675
molecular_function,deepfri_sequence,0.14,0.123251,0.0912
molecular_function,deepfri_sequence,0.15,0.128899,0.090526
molecular_function,deepfri_sequence,0.16,0.135192,0.087399
molecular_function,deepfri_sequence,0.17,0.138288,0.087296
molecular_function,deepfri_sequence,0.18,0.156275,0.086856
molecular_function,deepfri_sequence,0.19,0.157607,0.086856
molecular_function,deepfri_sequence,0.2,0.163175,0.085705
molecular_function,deepfri_sequence,0.21,0.169129,0.084791
molecular_function,deepfri_sequence,0.22,0.167565,0.081904
molecular_function,deepfri_sequence,0.23,0.173734,0.081657
molecular_function,deepfri_sequence,0.24,0.167823,0.077039
molecular_function,deepfri_sequence,0.25,0.170229,0.077039
molecular_function,deepfri_sequence,0.26,0.171827,0.073573
molecular_function,deepfri_sequence,0.27,0.17644,0.073504
molecular_function,deepfri_sequence,0.28,0.17951,0.073229
molecular_function,deepfri_sequence,0.29,0.179773,0.073229
molecular_function,deepfri_sequence,0.3,0.180592,0.073229
molecular_function,deepfri_sequence,0.31,0.181568,0.073229
molecular_function,deepfri_sequence,0.32,0.183957,0.073229
molecular_function,deepfri_sequence,0.33,0.186214,0.073161
molecular_function,deepfri_sequence,0.34,0.193382,0.073161
molecular_function,deepfri_sequence,0.35,0.196979,0.073161
molecular_function,deepfri_sequence,0.36,0.196979,0.073161
molecular_function,deepfri_sequence,0.37,0.196979,0.073161
molecular_function,deepfri_sequence,0.38,0.196979,0.073161
molecular_function,deepfri_sequence,0.39,0.197838,0.073161
molecular_function,deepfri_sequence,0.4,0.19971,0.073161
molecular_function,deepfri_sequence,0.41,0.200238,0.073161
molecular_function,deepfri_sequence,0.42,0.200238,0.073161
molecular_function,deepfri_sequence,0.43,0.205449,0.073161
molecular_function,deepfri_sequence,0.44,0.208359,0.073161
molecular_function,deepfri_sequence,0.45,0.211056,0.073161
molecular_function,deepfri_sequence,0.46,0.208298,0.071953
molecular_function,deepfri_sequence,0.47,0.208298,0.071953
molecular_function,deepfri_sequence,0.48,0.210321,0.071953
molecular_function,deepfri_sequence,0.49,0.211743,0.071953
molecular_function,deepfri_sequence,0.5,0.211394,0.07152
molecular_function,deepfri_sequence,0.51,0.21115,0.071218
molecular_function,deepfri_sequence,0.52,0.212243,0.071218
molecular_function,deepfri_sequence,0.53,0.212243,0.071218
molecular_function,deepfri_sequence,0.54,0.212243,0.071218
molecular_function,deepfri_sequence,0.55,0.212243,0.071218
molecular_function,deepfri_sequence,0.56,0.203642,0.066885
molecular_function,deepfri_sequence,0.57,0.206823,0.066885
molecular_function,deepfri_sequence,0.58,0.199607,0.06397
molecular_function,deepfri_sequence,0.59,0.203067,0.06397
molecular_function,deepfri_sequence,0.6,0.214071,0.06366
molecular_function,deepfri_sequence,0.61,0.214071,0.06366
molecular_function,deepfri_sequence,0.62,0.221106,0.06366
molecular_function,deepfri_sequence,0.63,0.2261,0.063148
molecular_function,deepfri_sequence,0.64,0.228938,0.063148
molecular_function,deepfri_sequence,0.65,0.228938,0.063148
molecular_function,deepfri_sequence,0.66,0.228938,0.063148
molecular_function,deepfri_sequence,0.67,0.228938,0.063148
molecular_function,deepfri_sequence,0.68,0.226508,0.062281
molecular_function,deepfri_sequence,0.69,0.226508,0.062281
molecular_function,deepfri_sequence,0.7,0.227838,0.062281
molecular_function,deepfri_sequence,0.71,0.227838,0.062281
molecular_function,deepfri_sequence,0.72,0.229427,0.062281
molecular_function,deepfri_sequence,0.73,0.229427,0.062281
molecular_function,deepfri_sequence,0.74,0.229427,0.062281
molecular_function,deepfri_sequence,0.75,0.229427,0.062281
molecular_function,deepfri_sequence,0.76,0.214329,0.05659
molecular_function,deepfri_sequence,0.77,0.220056,0.05659
molecular_function,deepfri_sequence,0.78,0.220475,0.05659
molecular_function,deepfri_sequence,0.79,0.220475,0.05659
molecular_function,deepfri_sequence,0.8,0.221041,0.056528
molecular_function,deepfri_sequence,0.81,0.223045,0.056528
molecular_function,deepfri_sequence,0.82,0.223045,0.056528
molecular_function,deepfri_sequence,0.83,0.225569,0.056528
molecular_function,deepfri_sequence,0.84,0.235202,0.055629
molecular_function,deepfri_sequence,0.85,0.242181,0.055629
molecular_function,deepfri_sequence,0.86,0.255857,0.055354
molecular_function,deepfri_sequence,0.87,0.243769,0.051896
molecular_function,deepfri_sequence,0.88,0.266829,0.051896
molecular_function,deepfri_sequence,0.89,0.248531,0.042358
molecular_function,deepfri_sequence,0.9,0.226195,0.03566
molecular_function,deepfri_sequence,0.91,0.243191,0.033427
molecular_function,deepfri_sequence,0.92,0.177256,0.022412
molecular_function,deepfri_sequence,0.93,0.177256,0.022412
molecular_function,deepfri_sequence,0.94,0.179151,0.021545
molecular_function,deepfri_sequence,0.95,0.176557,0.021166
molecular_function,deepfri_sequence,0.96,0.176557,0.021166
molecular_function,deepfri_sequence,0.97,0.154614,0.017578
molecular_function,deepfri_sequence,0.98,0.124601,0.011597
molecular_function,deepfri_sequence,0.99,0.111832,0.007353
molecular_function,deepfri_structure,0.01,0.082766,0.804981
molecular_function,deepfri_structure,0.02,0.109229,0.746787
molecular_function,deepfri_structure,0.03,0.128357,0.722382
molecular_function,deepfri_structure,0.04,0.150624,0.715962
molecular_function,deepfri_structure,0.05,0.169156,0.70826
molecular_function,deepfri_structure,0.06,0.185756,0.701081
molecular_function,deepfri_structure,0.07,0.198231,0.684925
molecular_function,deepfri_structure,0.08,0.212076,0.665461
molecular_function,deepfri_structure,0.09,0.222106,0.638117
molecular_function,deepfri_structure,0.1,0.233683,0.628543
molecular_function,deepfri_structure,0.11,0.244116,0.621701
molecular_function,deepfri_structure,0.12,0.255983,0.611055
molecular_function,deepfri_structure,0.13,0.271989,0.602133
molecular_function,deepfri_structure,0.14,0.286255,0.599421
molecular_function,deepfri_structure,0.15,0.293747,0.586968
molecular_function,deepfri_structure,0.16,0.300309,0.578881
molecular_function,deepfri_structure,0.17,0.30893,0.57387
molecular_function,deepfri_structure,0.18,0.316751,0.571023
molecular_function,deepfri_structure,0.19,0.325627,0.567361
molecular_function,deepfri_structure,0.2,0.333672,0.563946
molecular_function,deepfri_structure,0.21,0.340004,0.555594
molecular_function,deepfri_structure,0.22,0.346389,0.54865
molecular_function,deepfri_structure,0.23,0.354204,0.542736
molecular_function,deepfri_structure,0.24,0.358004,0.533142
molecular_function,deepfri_structure,0.25,0.363925,0.527957
molecular_function,deepfri_structure,0.26,0.363397,0.517502
molecular_function,deepfri_structure,0.27,0.360536,0.50042
molecular_function,deepfri_structure,0.28,0.362106,0.489612
molecular_function,deepfri_structure,0.29,0.364833,0.483037
molecular_function,deepfri_structure,0.3,0.369013,0.4789
molecular_function,deepfri_structure,0.31,0.378348,0.475909
molecular_function,deepfri_structure,0.32,0.39208,0.471331
molecular_function,deepfri_structure,0.33,0.398044,0.467099
molecular_function,deepfri_structure,0.34,0.402138,0.46461
molecular_function,deepfri_structure,0.35,0.406141,0.460205
molecular_function,deepfri_structure,0.36,0.410646,0.456342
molecular_function,deepfri_structure,0.37,0.4144,0.453671
molecular_function,deepfri_structure,0.38,0.418943,0.452012
molecular_function,deepfri_structure,0.39,0.42338,0.446533
molecular_function,deepfri_structure,0.4,0.428038,0.443165
molecular_function,deepfri_structure,0.41,0.439498,0.442585
molecular_function,deepfri_structure,0.42,0.444173,0.44189
molecular_function,deepfri_structure,0.43,0.445295,0.439975
molecular_function,deepfri_structure,0.44,0.445195,0.435085
molecular_function,deepfri_structure,0.45,0.449637,0.434196
molecular_function,deepfri_structure,0.46,0.452031,0.433807
molecular_function,deepfri_structure,0.47,0.452246,0.429496
molecular_function,deepfri_structure,0.48,0.453368,0.426949
molecular_function,deepfri_structure,0.49,0.454739,0.423235
molecular_function,deepfri_structure,0.5,0.45861,0.421926
molecular_function,deepfri_structure,0.51,0.463773,0.420183
molecular_function,deepfri_structure,0.52,0.464171,0.418681
molecular_function,deepfri_structure,0.53,0.464796,0.418646
molecular_function,deepfri_structure,0.54,0.46431,0.415866
molecular_function,deepfri_structure,0.55,0.464966,0.415013
molecular_function,deepfri_structure,0.56,0.465211,0.414063
molecular_function,deepfri_structure,0.57,0.464869,0.411578
molecular_function,deepfri_structure,0.58,0.469013,0.411517
molecular_function,deepfri_structure,0.59,0.473568,0.410816
molecular_function,deepfri_structure,0.6,0.475663,0.410515
molecular_function,deepfri_structure,0.61,0.476802,0.41048
molecular_function,deepfri_structure,0.62,0.480953,0.410446
molecular_function,deepfri_structure,0.63,0.481443,0.405833
molecular_function,deepfri_structure,0.64,0.481381,0.404174
molecular_function,deepfri_structure,0.65,0.481171,0.403285
molecular_function,deepfri_structure,0.66,0.482781,0.403285
molecular_function,deepfri_structure,0.67,0.485171,0.403285
molecular_function,deepfri_structure,0.68,0.486478,0.403285
molecular_function,deepfri_structure,0.69,0.487236,0.403285
molecular_function,deepfri_structure,0.7,0.487212,0.401411
molecular_function,deepfri_structure,0.71,0.489267,0.400496
molecular_function,deepfri_structure,0.72,0.493359,0.400013
molecular_function,deepfri_structure,0.73,0.493201,0.398445
molecular_function,deepfri_structure,0.74,0.491115,0.393741
molecular_function,deepfri_structure,0.75,0.492605,0.390049
molecular_function,deepfri_structure,0.76,0.489326,0.381703
molecular_function,deepfri_structure,0.77,0.502949,0.373014
molecular_function,deepfri_structure,0.78,0.501412,0.365235
molecular_function,deepfri_structure,0.79,0.50167,0.364028
molecular_function,deepfri_structure,0.8,0.503846,0.361915
molecular_function,deepfri_structure,0.81,0.503985,0.358953
molecular_function,deepfri_structure,0.82,0.520131,0.351846
molecular_function,deepfri_structure,0.83,0.524459,0.349077
molecular_function,deepfri_structure,0.84,0.540838,0.347915
molecular_function,deepfri_structure,0.85,0.545034,0.344509
molecular_function,deepfri_structure,0.86,0.549285,0.342668
molecular_function,deepfri_structure,0.87,0.546644,0.336314
molecular_function,deepfri_structure,0.88,0.551982,0.334042
molecular_function,deepfri_structure,0.89,0.553721,0.330796
molecular_function,deepfri_structure,0.9,0.566258,0.330293
molecular_function,deepfri_structure,0.91,0.572096,0.328231
molecular_function,deepfri_structure,0.92,0.57708,0.319249
molecular_function,deepfri_structure,0.93,0.575017,0.313632
molecular_function,deepfri_structure,0.94,0.591253,0.309862
molecular_function,deepfri_structure,0.95,0.615789,0.294703
molecular_function,deepfri_structure,0.96,0.612635,0.261151
molecular_function,deepfri_structure,0.97,0.624437,0.241896
molecular_function,deepfri_structure,0.98,0.625239,0.222183
molecular_function,deepfri_structure,0.99,0.633681,0.194491
molecular_function,dpfunc,0.01,0.009434,0.128393
molecular_function,dpfunc,0.02,0.011003,0.107227
molecular_function,dpfunc,0.03,0.0128,0.099705
molecular_function,dpfunc,0.04,0.014891,0.097601
molecular_function,dpfunc,0.05,0.016942,0.094924
molecular_function,dpfunc,0.06,0.018673,0.092471
molecular_function,dpfunc,0.07,0.020344,0.08657
molecular_function,dpfunc,0.08,0.022939,0.086378
molecular_function,dpfunc,0.09,0.025231,0.086103
molecular_function,dpfunc,0.1,0.027951,0.085809
molecular_function,dpfunc,0.11,0.029751,0.08394
molecular_function,dpfunc,0.12,0.032076,0.082415
molecular_function,dpfunc,0.13,0.034099,0.082226
molecular_function,dpfunc,0.14,0.036147,0.081001
molecular_function,dpfunc,0.15,0.038937,0.079112
molecular_function,dpfunc,0.16,0.039304,0.076638
molecular_function,dpfunc,0.17,0.040369,0.074415
molecular_function,dpfunc,0.18,0.042105,0.073746
molecular_function,dpfunc,0.19,0.043066,0.070867
molecular_function,dpfunc,0.2,0.044321,0.06886
molecular_function,dpfunc,0.21,0.046512,0.06886
molecular_function,dpfunc,0.22,0.04712,0.068235
molecular_function,dpfunc,0.23,0.046869,0.06636
molecular_function,dpfunc,0.24,0.045327,0.061971
molecular_function,dpfunc,0.25,0.046909,0.061971
molecular_function,dpfunc,0.26,0.047034,0.061034
molecular_function,dpfunc,0.27,0.046845,0.060096
molecular_function,dpfunc,0.28,0.047608,0.060096
molecular_function,dpfunc,0.29,0.048451,0.060096
molecular_function,dpfunc,0.3,0.049309,0.060096
molecular_function,dpfunc,0.31,0.049701,0.058222
molecular_function,dpfunc,0.32,0.046473,0.051905
molecular_function,dpfunc,0.33,0.048171,0.051905
molecular_function,dpfunc,0.34,0.048554,0.050655
molecular_function,dpfunc,0.35,0.051257,0.050655
molecular_function,dpfunc,0.36,0.052689,0.050655
molecular_function,dpfunc,0.37,0.054201,0.050655
molecular_function,dpfunc,0.38,0.05528,0.050655
molecular_function,dpfunc,0.39,0.056667,0.050655
molecular_function,dpfunc,0.4,0.057809,0.049838
molecular_function,dpfunc,0.41,0.06062,0.049838
molecular_function,dpfunc,0.42,0.060054,0.047619
molecular_function,dpfunc,0.43,0.062067,0.047619
molecular_function,dpfunc,0.44,0.063879,0.047619
molecular_function,dpfunc,0.45,0.064904,0.047049
molecular_function,dpfunc,0.46,0.067566,0.047049
molecular_function,dpfunc,0.47,0.070489,0.046949
molecular_function,dpfunc,0.48,0.072354,0.046949
molecular_function,dpfunc,0.49,0.075681,0.046579
molecular_function,dpfunc,0.5,0.075972,0.04547
molecular_function,dpfunc,0.51,0.077273,0.045369
molecular_function,dpfunc,0.52,0.080977,0.045219
molecular_function,dpfunc,0.53,0.085515,0.045018
molecular_function,dpfunc,0.54,0.087382,0.044717
molecular_function,dpfunc,0.55,0.091245,0.044416
molecular_function,dpfunc,0.56,0.098554,0.043363
molecular_function,dpfunc,0.57,0.100415,0.042761
molecular_function,dpfunc,0.58,0.107222,0.04251
molecular_function,dpfunc,0.59,0.111031,0.042209
molecular_function,dpfunc,0.6,0.11193,0.040308
molecular_function,dpfunc,0.61,0.113429,0.039806
molecular_function,dpfunc,0.62,0.115622,0.039405
molecular_function,dpfunc,0.63,0.124078,0.038651
molecular_function,dpfunc,0.64,0.121479,0.035351
molecular_function,dpfunc,0.65,0.135819,0.035055
molecular_function,dpfunc,0.66,0.137901,0.032639
molecular_function,dpfunc,0.67,0.137568,0.031253
molecular_function,dpfunc,0.68,0.126368,0.027499
molecular_function,dpfunc,0.69,0.106198,0.020528
molecular_function,dpfunc,0.7,0.106047,0.018923
molecular_function,dpfunc,0.71,0.11076,0.018449
molecular_function,dpfunc,0.72,0.119082,0.017902
molecular_function,dpfunc,0.73,0.126765,0.017729
molecular_function,dpfunc,0.74,0.127475,0.016607
molecular_function,dpfunc,0.75,0.13384,0.016256
molecular_function,dpfunc,0.76,0.139699,0.016005
molecular_function,dpfunc,0.77,0.14876,0.015403
molecular_function,dpfunc,0.78,0.15144,0.013853
molecular_function,dpfunc,0.79,0.152823,0.013078
molecular_function,dpfunc,0.8,0.156903,0.013078
molecular_function,dpfunc,0.81,0.172671,0.013078
molecular_function,dpfunc,0.82,0.194226,0.013078
molecular_function,dpfunc,0.83,0.2451,0.012975
molecular_function,dpfunc,0.84,0.249652,0.012925
molecular_function,dpfunc,0.85,0.270106,0.012874
molecular_function,dpfunc,0.86,0.298632,0.012652
molecular_function,dpfunc,0.87,0.49093,0.012412
molecular_function,dpfunc,0.88,0.540836,0.012171
molecular_function,dpfunc,0.89,0.529423,0.011586
molecular_function,dpfunc,0.9,0.547084,0.011277
molecular_function,dpfunc,0.91,0.557093,0.011071
molecular_function,dpfunc,0.92,0.563462,0.010074
molecular_function,dpfunc,0.93,0.60307,0.009455
molecular_function,dpfunc,0.94,0.519288,0.006017
molecular_function,dpfunc,0.95,0.553957,0.005295
molecular_function,dpfunc,0.96,0.61215,0.004504
molecular_function,dpfunc,0.97,0.62585,0.003163
molecular_function,dpfunc,0.98,0.453333,0.001169
molecular_function,dpfunc,0.99,0.266667,0.000138
molecular_function,heal,0.01,0.212865,0.75313
molecular_function,heal,0.02,0.247226,0.741217
molecular_function,heal,0.03,0.276548,0.732728
molecular_function,heal,0.04,0.306299,0.727149
molecular_function,heal,0.05,0.335529,0.723572
molecular_function,heal,0.06,0.351283,0.717556
molecular_function,heal,0.07,0.370296,0.713575
molecular_function,heal,0.08,0.388649,0.708474
molecular_function,heal,0.09,0.399241,0.703767
molecular_function,heal,0.1,0.4072,0.699738
molecular_function,heal,0.11,0.412212,0.695942
molecular_function,heal,0.12,0.415575,0.685981
molecular_function,heal,0.13,0.416557,0.678878
molecular_function,heal,0.14,0.420941,0.674752
molecular_function,heal,0.15,0.42545,0.672609
molecular_function,heal,0.16,0.432169,0.669228
molecular_function,heal,0.17,0.435336,0.662892
molecular_function,heal,0.18,0.43895,0.657722
molecular_function,heal,0.19,0.440082,0.646808
molecular_function,heal,0.2,0.440642,0.640041
molecular_function,heal,0.21,0.440346,0.636884
molecular_function,heal,0.22,0.444094,0.630251
molecular_function,heal,0.23,0.447124,0.628366
molecular_function,heal,0.24,0.448565,0.625695
molecular_function,heal,0.25,0.449762,0.621856
molecular_function,heal,0.26,0.453504,0.618964
molecular_function,heal,0.27,0.455588,0.617486
molecular_function,heal,0.28,0.461023,0.616004
molecular_function,heal,0.29,0.463706,0.613109
molecular_function,heal,0.3,0.467142,0.61032
molecular_function,heal,0.31,0.471147,0.607548
molecular_function,heal,0.32,0.471828,0.600497
molecular_function,heal,0.33,0.477212,0.587644
molecular_function,heal,0.34,0.477665,0.579648
molecular_function,heal,0.35,0.47843,0.576875
molecular_function,heal,0.36,0.479368,0.576875
molecular_function,heal,0.37,0.480967,0.573975
molecular_function,heal,0.38,0.481447,0.572884
molecular_function,heal,0.39,0.481317,0.569541
molecular_function,heal,0.4,0.478165,0.559847
molecular_function,heal,0.41,0.475423,0.552444
molecular_function,heal,0.42,0.477795,0.548396
molecular_function,heal,0.43,0.47808,0.546634
molecular_function,heal,0.44,0.479427,0.546419
molecular_function,heal,0.45,0.480666,0.54579
molecular_function,heal,0.46,0.480794,0.545163
molecular_function,heal,0.47,0.481559,0.545163
molecular_function,heal,0.48,0.481587,0.543909
molecular_function,heal,0.49,0.479959,0.539577
molecular_function,heal,0.5,0.479394,0.538038
molecular_function,heal,0.51,0.481081,0.53728
molecular_function,heal,0.52,0.480553,0.533014
molecular_function,heal,0.53,0.483496,0.531533
molecular_function,heal,0.54,0.485569,0.529808
molecular_function,heal,0.55,0.484637,0.526196
molecular_function,heal,0.56,0.483666,0.523184
molecular_function,heal,0.57,0.481034,0.51528
molecular_function,heal,0.58,0.481677,0.512224
molecular_function,heal,0.59,0.484402,0.510438
molecular_function,heal,0.6,0.483615,0.504107
molecular_function,heal,0.61,0.484395,0.503485
molecular_function,heal,0.62,0.485284,0.503172
molecular_function,heal,0.63,0.485057,0.501992
molecular_function,heal,0.64,0.485534,0.498016
molecular_function,heal,0.65,0.487508,0.493343
molecular_function,heal,0.66,0.486148,0.486732
molecular_function,heal,0.67,0.486511,0.48642
molecular_function,heal,0.68,0.488348,0.486386
molecular_function,heal,0.69,0.489014,0.484609
molecular_function,heal,0.7,0.489952,0.483986
molecular_function,heal,0.71,0.49598,0.48357
molecular_function,heal,0.72,0.501153,0.48287
molecular_function,heal,0.73,0.509034,0.482437
molecular_function,heal,0.74,0.511704,0.479902
molecular_function,heal,0.75,0.518386,0.479634
molecular_function,heal,0.76,0.529323,0.47364
molecular_function,heal,0.77,0.538375,0.471394
molecular_function,heal,0.78,0.542175,0.46568
molecular_function,heal,0.79,0.543029,0.461981
molecular_function,heal,0.8,0.543842,0.461314
molecular_function,heal,0.81,0.542432,0.458141
molecular_function,heal,0.82,0.542099,0.456486
molecular_function,heal,0.83,0.538038,0.445995
molecular_function,heal,0.84,0.535383,0.440363
molecular_function,heal,0.85,0.52607,0.423625
molecular_function,heal,0.86,0.52356,0.417648
molecular_function,heal,0.87,0.524768,0.415078
molecular_function,heal,0.88,0.523025,0.411133
molecular_function,heal,0.89,0.522079,0.408166
molecular_function,heal,0.9,0.518846,0.401806
molecular_function,heal,0.91,0.517852,0.396244
molecular_function,heal,0.92,0.526168,0.393801
molecular_function,heal,0.93,0.528431,0.391058
molecular_function,heal,0.94,0.526377,0.386446
molecular_function,heal,0.95,0.514657,0.360417
molecular_function,heal,0.96,0.496784,0.332037
molecular_function,heal,0.97,0.477462,0.295718
molecular_function,heal,0.98,0.445881,0.244624
molecular_function,heal,0.99,0.4517,0.233715
biological_process,deepgreengo,0.01,0.005664,1.0
biological_process,deepgreengo,0.02,0.005739,0.999626
biological_process,deepgreengo,0.03,0.005995,0.99699
biological_process,deepgreengo,0.04,0.006512,0.983951
biological_process,deepgreengo,0.05,0.007405,0.966075
biological_process,deepgreengo,0.06,0.008615,0.929085
biological_process,deepgreengo,0.07,0.010215,0.899722
biological_process,deepgreengo,0.08,0.011901,0.85876
biological_process,deepgreengo,0.09,0.013666,0.811999
biological_process,deepgreengo,0.1,0.015622,0.767804
biological_process,deepgreengo,0.11,0.018139,0.73723
biological_process,deepgreengo,0.12,0.020441,0.684949
biological_process,deepgreengo,0.13,0.023022,0.632732
biological_process,deepgreengo,0.14,0.025262,0.578023
biological_process,deepgreengo,0.15,0.027968,0.536056
biological_process,deepgreengo,0.16,0.031457,0.503232
biological_process,deepgreengo,0.17,0.035699,0.48599
biological_process,deepgreengo,0.18,0.040047,0.471043
biological_process,deepgreengo,0.19,0.044996,0.460547
biological_process,deepgreengo,0.2,0.04967,0.443804
biological_process,deepgreengo,0.21,0.054547,0.427648
biological_process,deepgreengo,0.22,0.060879,0.416413
biological_process,deepgreengo,0.23,0.065807,0.403593
biological_process,deepgreengo,0.24,0.070895,0.392111
biological_process,deepgreengo,0.25,0.074952,0.378023
biological_process,deepgreengo,0.26,0.078052,0.357879
biological_process,deepgreengo,0.27,0.083384,0.35059
biological_process,deepgreengo,0.28,0.088927,0.341826
biological_process,deepgreengo,0.29,0.094566,0.329524
biological_process,deepgreengo,0.3,0.100511,0.32385
biological_process,deepgreengo,0.31,0.106473,0.318235
biological_process,deepgreengo,0.32,0.111576,0.313167
biological_process,deepgreengo,0.33,0.114375,0.301512
biological_process,deepgreengo,0.34,0.119172,0.292308
biological_process,deepgreengo,0.35,0.124846,0.286868
biological_process,deepgreengo,0.36,0.131208,0.282991
biological_process,deepgreengo,0.37,0.137413,0.279392
biological_process,deepgreengo,0.38,0.14294,0.277276
biological_process,deepgreengo,0.39,0.149833,0.27535
biological_process,deepgreengo,0.4,0.155259,0.270153
biological_process,deepgreengo,0.41,0.1607,0.266572
biological_process,deepgreengo,0.42,0.163163,0.261219
biological_process,deepgreengo,0.43,0.165897,0.254737
biological_process,deepgreengo,0.44,0.168282,0.25033
biological_process,deepgreengo,0.45,0.172058,0.245042
biological_process,deepgreengo,0.46,0.174647,0.238995
biological_process,deepgreengo,0.47,0.180877,0.236326
biological_process,deepgreengo,0.48,0.188051,0.234276
biological_process,deepgreengo,0.49,0.192983,0.232003
biological_process,deepgreengo,0.5,0.197302,0.230241
biological_process,deepgreengo,0.51,0.201465,0.228262
biological_process,deepgreengo,0.52,0.203949,0.22535
biological_process,deepgreengo,0.53,0.20429,0.221808
biological_process,deepgreengo,0.54,0.206762,0.220599
biological_process,deepgreengo,0.55,0.210532,0.219014
biological_process,deepgreengo,0.56,0.215124,0.216001
biological_process,deepgreengo,0.57,0.216227,0.2091
biological_process,deepgreengo,0.58,0.220531,0.206094
biological_process,deepgreengo,0.59,0.223228,0.203136
biological_process,deepgreengo,0.6,0.229078,0.202173
biological_process,deepgreengo,0.61,0.241009,0.199951
biological_process,deepgreengo,0.62,0.253814,0.196937
biological_process,deepgreengo,0.63,0.258381,0.194638
biological_process,deepgreengo,0.64,0.267448,0.193255
biological_process,deepgreengo,0.65,0.274544,0.191295
biological_process,deepgreengo,0.66,0.285985,0.189006
biological_process,deepgreengo,0.67,0.289997,0.186909
biological_process,deepgreengo,0.68,0.30156,0.18475
biological_process,deepgreengo,0.69,0.303361,0.182645
biological_process,deepgreengo,0.7,0.31259,0.180565
biological_process,deepgreengo,0.71,0.318359,0.179152
biological_process,deepgreengo,0.72,0.318868,0.175406
biological_process,deepgreengo,0.73,0.324443,0.173411
biological_process,deepgreengo,0.74,0.332824,0.171327
biological_process,deepgreengo,0.75,0.336179,0.16863
biological_process,deepgreengo,0.76,0.337613,0.164096
biological_process,deepgreengo,0.77,0.344533,0.161233
biological_process,deepgreengo,0.78,0.354574,0.158304
biological_process,deepgreengo,0.79,0.361402,0.157927
biological_process,deepgreengo,0.8,0.364757,0.157111
biological_process,deepgreengo,0.81,0.366147,0.154031
biological_process,deepgreengo,0.82,0.372805,0.152064
biological_process,deepgreengo,0.83,0.384541,0.14919
biological_process,deepgreengo,0.84,0.39454,0.145678
biological_process,deepgreengo,0.85,0.411358,0.14138
biological_process,deepgreengo,0.86,0.425394,0.136353
biological_process,deepgreengo,0.87,0.429105,0.131865
biological_process,deepgreengo,0.88,0.424369,0.125611
biological_process,deepgreengo,0.89,0.43606,0.124979
biological_process,deepgreengo,0.9,0.47648,0.122856
biological_process,deepgreengo,0.91,0.508514,0.120639
biological_process,deepgreengo,0.92,0.555073,0.118192
biological_process,deepgreengo,0.93,0.603629,0.115121
biological_process,deepgreengo,0.94,0.623865,0.113059
biological_process,deepgreengo,0.95,0.622795,0.106404
biological_process,deepgreengo,0.96,0.657756,0.098108
biological_process,deepgreengo,0.97,0.933527,0.086758
biological_process,deepgreengo,0.98,0.962528,0.028424
biological_process,deepgreengo,0.99,0.563724,0.000584
biological_process,naive,0.01,0.021304,0.408419
biological_process,naive,0.02,0.0344,0.319422
biological_process,naive,0.03,0.055488,0.259617
biological_process,naive,0.04,0.070168,0.213147
biological_process,naive,0.05,0.080274,0.190265
biological_process,naive,0.06,0.088377,0.165134
biological_process,naive,0.07,0.100738,0.137268
biological_process,naive,0.08,0.114947,0.135075
biological_process,naive,0.09,0.119326,0.1318
biological_process,naive,0.1,0.13415,0.084331
biological_process,naive,0.11,0.135143,0.080688
biological_process,naive,0.12,0.14723,0.069798
biological_process,naive,0.13,0.150771,0.067005
biological_process,naive,0.14,0.16784,0.064946
biological_process,naive,0.15,0.169669,0.056216
biological_process,naive,0.16,0.17919,0.054588
biological_process,naive,0.17,0.202063,0.051233
biological_process,naive,0.18,0.220147,0.028405
biological_process,naive,0.19,0.239217,0.025054
biological_process,naive,0.2,0.285053,0.023195
biological_process,naive,0.21,0.285053,0.023195
biological_process,naive,0.22,0.301043,0.017931
biological_process,naive,0.23,0.301043,0.017931
biological_process,naive,0.24,0.33241,0.012876
biological_process,naive,0.25,0.33241,0.012876
biological_process,naive,0.26,0.33241,0.012876
biological_process,naive,0.27,0.33241,0.012876
biological_process,naive,0.28,0.33241,0.012876
biological_process,naive,0.29,0.33241,0.012876
biological_process,naive,0.3,0.33241,0.012876
biological_process,naive,0.31,0.33241,0.012876
biological_process,naive,0.32,0.33241,0.012876
biological_process,naive,0.33,0.33241,0.012876
biological_process,naive,0.34,0.33241,0.012876
biological_process,naive,0.35,0.33241,0.012876
biological_process,naive,0.36,0.444198,0.010582
biological_process,naive,0.37,0.6313,0.006011
biological_process,naive,0.38,0.6313,0.006011
biological_process,naive,0.39,0.6313,0.006011
biological_process,naive,0.4,0.6313,0.006011
biological_process,naive,0.41,0.6313,0.006011
biological_process,naive,0.42,0.6313,0.006011
biological_process,naive,0.43,0.6313,0.006011
biological_process,naive,0.44,0.6313,0.006011
biological_process,naive,0.45,0.6313,0.006011
biological_process,naive,0.46,0.6313,0.006011
biological_process,naive,0.47,0.6313,0.006011
biological_process,naive,0.48,0.6313,0.006011
biological_process,naive,0.49,0.6313,0.006011
biological_process,naive,0.5,0.6313,0.006011
biological_process,naive,0.51,0.6313,0.006011
biological_process,naive,0.52,,0.0
biological_process,naive,0.53,,0.0
biological_process,naive,0.54,,0.0
biological_process,naive,0.55,,0.0
biological_process,naive,0.56,,0.0
biological_process,naive,0.57,,0.0
biological_process,naive,0.58,,0.0
biological_process,naive,0.59,,0.0
biological_process,naive,0.6,,0.0
biological_process,naive,0.61,,0.0
biological_process,naive,0.62,,0.0
biological_process,naive,0.63,,0.0
biological_process,naive,0.64,,0.0
biological_process,naive,0.65,,0.0
biological_process,naive,0.66,,0.0
biological_process,naive,0.67,,0.0
biological_process,naive,0.68,,0.0
biological_process,naive,0.69,,0.0
biological_process,naive,0.7,,0.0
biological_process,naive,0.71,,0.0
biological_process,naive,0.72,,0.0
biological_process,naive,0.73,,0.0
biological_process,naive,0.74,,0.0
biological_process,naive,0.75,,0.0
biological_process,naive,0.76,,0.0
biological_process,naive,0.77,,0.0
biological_process,naive,0.78,,0.0
biological_process,naive,0.79,,0.0
biological_process,naive,0.8,,0.0
biological_process,naive,0.81,,0.0
biological_process,naive,0.82,,0.0
biological_process,naive,0.83,,0.0
biological_process,naive,0.84,,0.0
biological_process,naive,0.85,,0.0
biological_process,naive,0.86,,0.0
biological_process,naive,0.87,,0.0
biological_process,naive,0.88,,0.0
biological_process,naive,0.89,,0.0
biological_process,naive,0.9,,0.0
biological_process,naive,0.91,,0.0
biological_process,naive,0.92,,0.0
biological_process,naive,0.93,,0.0
biological_process,naive,0.94,,0.0
biological_process,naive,0.95,,0.0
biological_process,naive,0.96,,0.0
biological_process,naive,0.97,,0.0
biological_process,naive,0.98,,0.0
biological_process,naive,0.99,,0.0
biological_process,blast,0.01,0.239518,0.162761
biological_process,blast,0.02,0.239518,0.162761
biological_process,blast,0.03,0.239518,0.162761
biological_process,blast,0.04,0.239518,0.162761
biological_process,blast,0.05,0.240073,0.162761
biological_process,blast,0.06,0.242812,0.162659
biological_process,blast,0.07,0.242812,0.162659
biological_process,blast,0.08,0.242812,0.162659
biological_process,blast,0.09,0.242812,0.162659
biological_process,blast,0.1,0.242812,0.162659
biological_process,blast,0.11,0.242812,0.162659
biological_process,blast,0.12,0.242812,0.162659
biological_process,blast,0.13,0.242812,0.162659
biological_process,blast,0.14,0.242812,0.162659
biological_process,blast,0.15,0.242812,0.162659
biological_process,blast,0.16,0.242812,0.162659
biological_process,blast,0.17,0.242812,0.162659
biological_process,blast,0.18,0.242812,0.162659
biological_process,blast,0.19,0.242812,0.162659
biological_process,blast,0.2,0.242812,0.162659
biological_process,blast,0.21,0.243601,0.162457
biological_process,blast,0.22,0.244333,0.162457
biological_process,blast,0.23,0.245489,0.158782
biological_process,blast,0.24,0.245489,0.158782
biological_process,blast,0.25,0.250007,0.15748
biological_process,blast,0.26,0.250007,0.15748
biological_process,blast,0.27,0.250007,0.15748
biological_process,blast,0.28,0.250147,0.15748
biological_process,blast,0.29,0.248023,0.154593
biological_process,blast,0.3,0.248023,0.154593
biological_process,blast,0.31,0.248023,0.154593
biological_process,blast,0.32,0.248023,0.154593
biological_process,blast,0.33,0.248023,0.154593
biological_process,blast,0.34,0.248219,0.154366
biological_process,blast,0.35,0.248219,0.154366
biological_process,blast,0.36,0.248219,0.154366
biological_process,blast,0.37,0.248219,0.154366
biological_process,blast,0.38,0.248219,0.154366
biological_process,blast,0.39,0.248219,0.154366
biological_process,blast,0.4,0.248219,0.154366
biological_process,blast,0.41,0.248219,0.154366
biological_process,blast,0.42,0.248219,0.154366
biological_process,blast,0.43,0.248219,0.154366
biological_process,blast,0.44,0.248219,0.154366
biological_process,blast,0.45,0.248219,0.154366
biological_process,blast,0.46,0.248219,0.154366
biological_process,blast,0.47,0.248219,0.154366
biological_process,blast,0.48,0.248219,0.154366
biological_process,blast,0.49,0.248219,0.154366
biological_process,blast,0.5,0.248219,0.154366
biological_process,blast,0.51,0.248219,0.154366
biological_process,blast,0.52,0.248219,0.154366
biological_process,blast,0.53,0.248219,0.154366
biological_process,blast,0.54,0.248219,0.154366
biological_process,blast,0.55,0.248219,0.154366
biological_process,blast,0.56,0.248219,0.154366
biological_process,blast,0.57,0.248219,0.154366
biological_process,blast,0.58,0.249791,0.154261
biological_process,blast,0.59,0.252048,0.154018
biological_process,blast,0.6,0.252048,0.154018
biological_process,blast,0.61,0.252048,0.154018
biological_process,blast,0.62,0.252048,0.154018
biological_process,blast,0.63,0.252048,0.154018
biological_process,blast,0.64,0.252048,0.154018
biological_process,blast,0.65,0.252048,0.154018
biological_process,blast,0.66,0.252048,0.154018
biological_process,blast,0.67,0.252048,0.154018
biological_process,blast,0.68,0.252048,0.154018
biological_process,blast,0.69,0.252048,0.154018
biological_process,blast,0.7,0.252048,0.154018
biological_process,blast,0.71,0.252048,0.154018
biological_process,blast,0.72,0.252048,0.154018
biological_process,blast,0.73,0.252048,0.154018
biological_process,blast,0.74,0.252048,0.154018
biological_process,blast,0.75,0.252048,0.154018
biological_process,blast,0.76,0.252048,0.154018
biological_process,blast,0.77,0.252048,0.154018
biological_process,blast,0.78,0.252048,0.154018
biological_process,blast,0.79,0.252492,0.154018
biological_process,blast,0.8,0.253187,0.154018
biological_process,blast,0.81,0.253187,0.154018
biological_process,blast,0.82,0.253187,0.154018
biological_process,blast,0.83,0.253187,0.154018
biological_process,blast,0.84,0.253187,0.154018
biological_process,blast,0.85,0.253187,0.154018
biological_process,blast,0.86,0.253187,0.154018
biological_process,blast,0.87,0.253187,0.154018
biological_process,blast,0.88,0.253187,0.154018
biological_process,blast,0.89,0.253187,0.154018
biological_process,blast,0.9,0.253187,0.154018
biological_process,blast,0.91,0.253187,0.154018
biological_process,blast,0.92,0.253187,0.154018
biological_process,blast,0.93,0.254066,0.154018
biological_process,blast,0.94,0.254066,0.154018
biological_process,blast,0.95,0.254066,0.154018
biological_process,blast,0.96,0.254066,0.154018
biological_process,blast,0.97,0.254066,0.154018
biological_process,blast,0.98,0.254066,0.154018
biological_process,blast,0.99,0.254066,0.154018
biological_process,blast_max,0.01,0.251427,0.154219
biological_process,blast_max,0.02,0.251427,0.154219
biological_process,blast_max,0.03,0.251427,0.154219
biological_process,blast_max,0.04,0.251427,0.154219
biological_process,blast_max,0.05,0.251427,0.154219
biological_process,blast_max,0.06,0.251427,0.154219
biological_process,blast_max,0.07,0.251427,0.154219
biological_process,blast_max,0.08,0.251427,0.154219
biological_process,blast_max,0.09,0.251427,0.154219
biological_process,blast_max,0.1,0.251427,0.154219
biological_process,blast_max,0.11,0.251427,0.154219
biological_process,blast_max,0.12,0.251427,0.154219
biological_process,blast_max,0.13,0.251427,0.154219
biological_process,blast_max,0.14,0.251427,0.154219
biological_process,blast_max,0.15,0.251427,0.154219
biological_process,blast_max,0.16,0.251427,0.154219
biological_process,blast_max,0.17,0.251427,0.154219
biological_process,blast_max,0.18,0.251427,0.154219
biological_process,blast_max,0.19,0.251427,0.154219
biological_process,blast_max,0.2,0.251427,0.154219
biological_process,blast_max,0.21,0.251427,0.154219
biological_process,blast_max,0.22,0.251427,0.154219
biological_process,blast_max,0.23,0.251427,0.154219
biological_process,blast_max,0.24,0.251427,0.154219
biological_process,blast_max,0.25,0.251427,0.154219
biological_process,blast_max,0.26,0.250444,0.153194
biological_process,blast_max,0.27,0.250444,0.153194
biological_process,blast_max,0.28,0.251308,0.153194
biological_process,blast_max,0.29,0.26111,0.151999
biological_process,blast_max,0.3,0.250496,0.143755
biological_process,blast_max,0.31,0.250496,0.143755
biological_process,blast_max,0.32,0.295939,0.104785
biological_process,blast_max,0.33,0.29936,0.104785
biological_process,blast_max,0.34,0.29936,0.104785
biological_process,blast_max,0.35,0.3605,0.09393
biological_process,blast_max,0.36,0.3605,0.09393
biological_process,blast_max,0.37,0.436589,0.09393
biological_process,blast_max,0.38,0.436589,0.09393
biological_process,blast_max,0.39,0.436589,0.09393
biological_process,blast_max,0.4,0.436589,0.09393
biological_process,blast_max,0.41,0.436589,0.09393
biological_process,blast_max,0.42,0.436589,0.09393
biological_process,blast_max,0.43,0.436589,0.09393
biological_process,blast_max,0.44,0.436589,0.09393
biological_process,blast_max,0.45,0.436589,0.09393
biological_process,blast_max,0.46,0.436589,0.09393
biological_process,blast_max,0.47,0.436589,0.09393
biological_process,blast_max,0.48,0.436589,0.09393
biological_process,blast_max,0.49,0.436589,0.09393
biological_process,blast_max,0.5,0.436589,0.09393
biological_process,blast_max,0.51,0.436589,0.09393
biological_process,blast_max,0.52,0.429121,0.090437
biological_process,blast_max,0.53,0.429121,0.090437
biological_process,blast_max,0.54,0.429121,0.090437
biological_process,blast_max,0.55,0.429121,0.090437
biological_process,blast_max,0.56,0.429121,0.090437
biological_process,blast_max,0.57,0.429121,0.090437
biological_process,blast_max,0.58,0.429121,0.090437
biological_process,blast_max,0.59,0.429121,0.090437
biological_process,blast_max,0.6,0.429121,0.090437
biological_process,blast_max,0.61,0.429121,0.090437
biological_process,blast_max,0.62,0.429121,0.090437
biological_process,blast_max,0.63,0.429121,0.090437
biological_process,blast_max,0.64,0.429121,0.090437
biological_process,blast_max,0.65,0.429121,0.090437
biological_process,blast_max,0.66,0.429121,0.090437
biological_process,blast_max,0.67,0.429121,0.090437
biological_process,blast_max,0.68,0.429121,0.090437
biological_process,blast_max,0.69,0.429121,0.090437
biological_process,blast_max,0.7,0.429121,0.090437
biological_process,blast_max,0.71,0.429121,0.090437
biological_process,blast_max,0.72,0.429121,0.090437
biological_process,blast_max,0.73,0.429121,0.090437
biological_process,blast_max,0.74,0.429121,0.090437
biological_process,blast_max,0.75,0.429121,0.090437
biological_process,blast_max,0.76,0.429121,0.090437
biological_process,blast_max,0.77,0.429121,0.090437
biological_process,blast_max,0.78,0.429121,0.090437
biological_process,blast_max,0.79,0.429121,0.090437
biological_process,blast_max,0.8,0.429121,0.090437
biological_process,blast_max,0.81,0.429121,0.090437
biological_process,blast_max,0.82,0.429121,0.090437
biological_process,blast_max,0.83,0.429121,0.090437
biological_process,blast_max,0.84,0.429121,0.090437
biological_process,blast_max,0.85,0.429121,0.090437
biological_process,blast_max,0.86,0.429121,0.090437
biological_process,blast_max,0.87,0.429121,0.090437
biological_process,blast_max,0.88,0.429121,0.090437
biological_process,blast_max,0.89,0.429121,0.090437
biological_process,blast_max,0.9,0.429121,0.090437
biological_process,blast_max,0.91,0.429121,0.090437
biological_process,blast_max,0.92,0.429121,0.090437
biological_process,blast_max,0.93,0.429121,0.090437
biological_process,blast_max,0.94,0.429121,0.090437
biological_process,blast_max,0.95,0.429121,0.090437
biological_process,blast_max,0.96,0.429121,0.090437
biological_process,blast_max,0.97,0.429121,0.090437
biological_process,blast_max,0.98,0.429121,0.087087
biological_process,blast_max,0.99,0.429121,0.087087
biological_process,diamond,0.01,0.248631,0.15222
biological_process,diamond,0.02,0.248631,0.15222
biological_process,diamond,0.03,0.248631,0.15222
biological_process,diamond,0.04,0.248631,0.15222
biological_process,diamond,0.05,0.248631,0.15222
biological_process,diamond,0.06,0.248631,0.15222
biological_process,diamond,0.07,0.248631,0.15222
biological_process,diamond,0.08,0.248631,0.15222
biological_process,diamond,0.09,0.248631,0.15222
biological_process,diamond,0.1,0.248631,0.15222
biological_process,diamond,0.11,0.248631,0.15222
biological_process,diamond,0.12,0.248631,0.15222
biological_process,diamond,0.13,0.248631,0.15222
biological_process,diamond,0.14,0.248631,0.15222
biological_process,diamond,0.15,0.248631,0.15222
biological_process,diamond,0.16,0.248631,0.15222
biological_process,diamond,0.17,0.248631,0.15222
biological_process,diamond,0.18,0.248631,0.15222
biological_process,diamond,0.19,0.248631,0.15222
biological_process,diamond,0.2,0.248631,0.15222
biological_process,diamond,0.21,0.248631,0.15222
biological_process,diamond,0.22,0.248631,0.15222
biological_process,diamond,0.23,0.248631,0.15222
biological_process,diamond,0.24,0.248631,0.15222
biological_process,diamond,0.25,0.248631,0.15222
biological_process,diamond,0.26,0.248631,0.15222
biological_process,diamond,0.27,0.248631,0.15222
biological_process,diamond,0.28,0.248631,0.15222
biological_process,diamond,0.29,0.248631,0.15222
biological_process,diamond,0.3,0.248631,0.15222
biological_process,diamond,0.31,0.248631,0.15222
biological_process,diamond,0.32,0.248631,0.15222
biological_process,diamond,0.33,0.248631,0.15222
biological_process,diamond,0.34,0.248631,0.15222
biological_process,diamond,0.35,0.248631,0.15222
biological_process,diamond,0.36,0.248631,0.15222
biological_process,diamond,0.37,0.248631,0.15222
biological_process,diamond,0.38,0.248631,0.15222
biological_process,diamond,0.39,0.248631,0.15222
biological_process,diamond,0.4,0.248631,0.15222
biological_process,diamond,0.41,0.248631,0.15222
biological_process,diamond,0.42,0.248631,0.15222
biological_process,diamond,0.43,0.248631,0.15222
biological_process,diamond,0.44,0.248631,0.15222
biological_process,diamond,0.45,0.248631,0.15222
biological_process,diamond,0.46,0.248631,0.15222
biological_process,diamond,0.47,0.248631,0.15222
biological_process,diamond,0.48,0.248631,0.15222
biological_process,diamond,0.49,0.248631,0.15222
biological_process,diamond,0.5,0.248631,0.15222
biological_process,diamond,0.51,0.248631,0.15222
biological_process,diamond,0.52,0.248631,0.15222
biological_process,diamond,0.53,0.248631,0.15222
biological_process,diamond,0.54,0.248631,0.15222
biological_process,diamond,0.55,0.248631,0.15222
biological_process,diamond,0.56,0.248631,0.15222
biological_process,diamond,0.57,0.248631,0.15222
biological_process,diamond,0.58,0.248631,0.15222
biological_process,diamond,0.59,0.248631,0.15222
biological_process,diamond,0.6,0.248631,0.15222
biological_process,diamond,0.61,0.248631,0.15222
biological_process,diamond,0.62,0.248631,0.15222
biological_process,diamond,0.63,0.248631,0.15222
biological_process,diamond,0.64,0.248631,0.15222
biological_process,diamond,0.65,0.248631,0.15222
biological_process,diamond,0.66,0.248631,0.15222
biological_process,diamond,0.67,0.248631,0.15222
biological_process,diamond,0.68,0.248631,0.15222
biological_process,diamond,0.69,0.248631,0.15222
biological_process,diamond,0.7,0.248631,0.15222
biological_process,diamond,0.71,0.248631,0.15222
biological_process,diamond,0.72,0.248631,0.15222
biological_process,diamond,0.73,0.248631,0.15222
biological_process,diamond,0.74,0.248631,0.15222
biological_process,diamond,0.75,0.248631,0.15222
biological_process,diamond,0.76,0.248631,0.15222
biological_process,diamond,0.77,0.248631,0.15222
biological_process,diamond,0.78,0.248631,0.15222
biological_process,diamond,0.79,0.248631,0.15222
biological_process,diamond,0.8,0.248631,0.15222
biological_process,diamond,0.81,0.248631,0.15222
biological_process,diamond,0.82,0.248631,0.15222
biological_process,diamond,0.83,0.248631,0.15222
biological_process,diamond,0.84,0.248631,0.15222
biological_process,diamond,0.85,0.248631,0.15222
biological_process,diamond,0.86,0.248631,0.15222
biological_process,diamond,0.87,0.248631,0.15222
biological_process,diamond,0.88,0.248631,0.15222
biological_process,diamond,0.89,0.248631,0.15222
biological_process,diamond,0.9,0.248631,0.15222
biological_process,diamond,0.91,0.248631,0.15222
biological_process,diamond,0.92,0.248631,0.15222
biological_process,diamond,0.93,0.248631,0.15222
biological_process,diamond,0.94,0.248631,0.15222
biological_process,diamond,0.95,0.248631,0.15222
biological_process,diamond,0.96,0.248631,0.15222
biological_process,diamond,0.97,0.248631,0.15222
biological_process,diamond,0.98,0.248631,0.15222
biological_process,diamond,0.99,0.248631,0.15222
biological_process,diamond_max,0.01,0.248631,0.15222
biological_process,diamond_max,0.02,0.248631,0.15222
biological_process,diamond_max,0.03,0.248631,0.15222
biological_process,diamond_max,0.04,0.248631,0.15222
biological_process,diamond_max,0.05,0.248631,0.15222
biological_process,diamond_max,0.06,0.248631,0.15222
biological_process,diamond_max,0.07,0.248631,0.15222
biological_process,diamond_max,0.08,0.248631,0.15222
biological_process,diamond_max,0.09,0.248631,0.15222
biological_process,diamond_max,0.1,0.248631,0.15222
biological_process,diamond_max,0.11,0.248631,0.15222
biological_process,diamond_max,0.12,0.248631,0.15222
biological_process,diamond_max,0.13,0.248631,0.15222
biological_process,diamond_max,0.14,0.248631,0.15222
biological_process,diamond_max,0.15,0.248631,0.15222
biological_process,diamond_max,0.16,0.248631,0.15222
biological_process,diamond_max,0.17,0.248631,0.15222
biological_process,diamond_max,0.18,0.248631,0.15222
biological_process,diamond_max,0.19,0.248631,0.15222
biological_process,diamond_max,0.2,0.248631,0.15222
biological_process,diamond_max,0.21,0.248631,0.15222
biological_process,diamond_max,0.22,0.248631,0.15222
biological_process,diamond_max,0.23,0.248631,0.15222
biological_process,diamond_max,0.24,0.248631,0.15222
biological_process,diamond_max,0.25,0.248631,0.15222
biological_process,diamond_max,0.26,0.248631,0.15222
biological_process,diamond_max,0.27,0.248631,0.15222
biological_process,diamond_max,0.28,0.248631,0.15222
biological_process,diamond_max,0.29,0.254178,0.143554
biological_process,diamond_max,0.3,0.254178,0.143554
biological_process,diamond_max,0.31,0.254178,0.143554
biological_process,diamond_max,0.32,0.254178,0.143554
biological_process,diamond_max,0.33,0.254178,0.143554
biological_process,diamond_max,0.34,0.254178,0.143554
biological_process,diamond_max,0.35,0.254178,0.143554
biological_process,diamond_max,0.36,0.254178,0.143554
biological_process,diamond_max,0.37,0.308679,0.132698
biological_process,diamond_max,0.38,0.436589,0.09393
biological_process,diamond_max,0.39,0.436589,0.09393
biological_process,diamond_max,0.4,0.436589,0.09393
biological_process,diamond_max,0.41,0.436589,0.09393
biological_process,diamond_max,0.42,0.436589,0.09393
biological_process,diamond_max,0.43,0.436589,0.09393
biological_process,diamond_max,0.44,0.436589,0.09393
biological_process,diamond_max,0.45,0.436589,0.09393
biological_process,diamond_max,0.46,0.436589,0.09393
biological_process,diamond_max,0.47,0.436589,0.09393
biological_process,diamond_max,0.48,0.436589,0.09393
biological_process,diamond_max,0.49,0.436589,0.09393
biological_process,diamond_max,0.5,0.436589,0.09393
biological_process,diamond_max,0.51,0.436589,0.09393
biological_process,diamond_max,0.52,0.436589,0.09393
biological_process,diamond_max,0.53,0.436589,0.09393
biological_process,diamond_max,0.54,0.429121,0.090437
biological_process,diamond_max,0.55,0.429121,0.090437
biological_process,diamond_max,0.56,0.429121,0.090437
biological_process,diamond_max,0.57,0.429121,0.090437
biological_process,diamond_max,0.58,0.429121,0.090437
biological_process,diamond_max,0.59,0.429121,0.090437
biological_process,diamond_max,0.6,0.429121,0.090437
biological_process,diamond_max,0.61,0.429121,0.090437
biological_process,diamond_max,0.62,0.429121,0.090437
biological_process,diamond_max,0.63,0.429121,0.090437
biological_process,diamond_max,0.64,0.429121,0.090437
biological_process,diamond_max,0.65,0.429121,0.090437
biological_process,diamond_max,0.66,0.429121,0.090437
biological_process,diamond_max,0.67,0.429121,0.090437
biological_process,diamond_max,0.68,0.429121,0.090437
biological_process,diamond_max,0.69,0.429121,0.090437
biological_process,diamond_max,0.7,0.429121,0.090437
biological_process,diamond_max,0.71,0.429121,0.090437
biological_process,diamond_max,0.72,0.429121,0.090437
biological_process,diamond_max,0.73,0.429121,0.090437
biological_process,diamond_max,0.74,0.429121,0.090437
biological_process,diamond_max,0.75,0.429121,0.090437
biological_process,diamond_max,0.76,0.429121,0.090437
biological_process,diamond_max,0.77,0.429121,0.090437
biological_process,diamond_max,0.78,0.429121,0.090437
biological_process,diamond_max,0.79,0.429121,0.090437
biological_process,diamond_max,0.8,0.429121,0.090437
biological_process,diamond_max,0.81,0.429121,0.090437
biological_process,diamond_max,0.82,0.429121,0.090437
biological_process,diamond_max,0.83,0.429121,0.090437
biological_process,diamond_max,0.84,0.429121,0.090437
biological_process,diamond_max,0.85,0.429121,0.090437
biological_process,diamond_max,0.86,0.429121,0.090437
biological_process,diamond_max,0.87,0.429121,0.090437
biological_process,diamond_max,0.88,0.429121,0.090437
biological_process,diamond_max,0.89,0.429121,0.090437
biological_process,diamond_max,0.9,0.429121,0.090437
biological_process,diamond_max,0.91,0.429121,0.090437
biological_process,diamond_max,0.92,0.429121,0.090437
biological_process,diamond_max,0.93,0.429121,0.090437
biological_process,diamond_max,0.94,0.429121,0.090437
biological_process,diamond_max,0.95,0.429121,0.090437
biological_process,diamond_max,0.96,0.429121,0.090437
biological_process,diamond_max,0.97,0.429121,0.090437
biological_process,diamond_max,0.98,0.429121,0.090437
biological_process,diamond_max,0.99,0.429121,0.090437
biological_process,foldseek,0.01,0.14374,0.172878
biological_process,foldseek,0.02,0.14374,0.172878
biological_process,foldseek,0.03,0.14374,0.172878
biological_process,foldseek,0.04,0.14374,0.172878
biological_process,foldseek,0.05,0.14374,0.172878
biological_process,foldseek,0.06,0.14374,0.172878
biological_process,foldseek,0.07,0.14374,0.172878
biological_process,foldseek,0.08,0.14374,0.172878
biological_process,foldseek,0.09,0.14374,0.172878
biological_process,foldseek,0.1,0.14374,0.172878
biological_process,foldseek,0.11,0.14374,0.172878
biological_process,foldseek,0.12,0.145028,0.172683
biological_process,foldseek,0.13,0.146527,0.17265
biological_process,foldseek,0.14,0.152291,0.172586
biological_process,foldseek,0.15,0.155637,0.172489
biological_process,foldseek,0.16,0.157811,0.172405
biological_process,foldseek,0.17,0.158445,0.170715
biological_process,foldseek,0.18,0.16086,0.170349
biological_process,foldseek,0.19,0.162503,0.169346
biological_process,foldseek,0.2,0.162503,0.169346
biological_process,foldseek,0.21,0.162503,0.169346
biological_process,foldseek,0.22,0.162503,0.169346
biological_process,foldseek,0.23,0.162503,0.169346
biological_process,foldseek,0.24,0.162503,0.169346
biological_process,foldseek,0.25,0.162503,0.169346
biological_process,foldseek,0.26,0.162503,0.169346
biological_process,foldseek,0.27,0.162503,0.169346
biological_process,foldseek,0.28,0.162503,0.169346
biological_process,foldseek,0.29,0.162909,0.169346
biological_process,foldseek,0.3,0.162909,0.169346
biological_process,foldseek,0.31,0.162909,0.169346
biological_process,foldseek,0.32,0.162909,0.169346
biological_process,foldseek,0.33,0.162909,0.169346
biological_process,foldseek,0.34,0.162909,0.169346
biological_process,foldseek,0.35,0.162861,0.169267
biological_process,foldseek,0.36,0.162861,0.169267
biological_process,foldseek,0.37,0.163157,0.169267
biological_process,foldseek,0.38,0.164867,0.169267
biological_process,foldseek,0.39,0.166832,0.169267
biological_process,foldseek,0.4,0.168788,0.169163
biological_process,foldseek,0.41,0.169604,0.168971
biological_process,foldseek,0.42,0.17404,0.168458
biological_process,foldseek,0.43,0.177436,0.168426
biological_process,foldseek,0.44,0.179692,0.168394
biological_process,foldseek,0.45,0.183078,0.168394
biological_process,foldseek,0.46,0.187574,0.168394
biological_process,foldseek,0.47,0.193904,0.168329
biological_process,foldseek,0.48,0.194602,0.168329
biological_process,foldseek,0.49,0.195257,0.168329
biological_process,foldseek,0.5,0.195759,0.168329
biological_process,foldseek,0.51,0.19635,0.168329
biological_process,foldseek,0.52,0.197066,0.168329
biological_process,foldseek,0.53,0.197276,0.168297
biological_process,foldseek,0.54,0.197996,0.168249
biological_process,foldseek,0.55,0.197816,0.167875
biological_process,foldseek,0.56,0.194849,0.163757
biological_process,foldseek,0.57,0.195083,0.163757
biological_process,foldseek,0.58,0.195492,0.163757
biological_process,foldseek,0.59,0.197876,0.163363
biological_process,foldseek,0.6,0.198177,0.163271
biological_process,foldseek,0.61,0.2,0.163258
biological_process,foldseek,0.62,0.200157,0.163213
biological_process,foldseek,0.63,0.200878,0.163108
biological_process,foldseek,0.64,0.201145,0.163075
biological_process,foldseek,0.65,0.201123,0.162978
biological_process,foldseek,0.66,0.201116,0.162946
biological_process,foldseek,0.67,0.201116,0.162946
biological_process,foldseek,0.68,0.201116,0.162946
biological_process,foldseek,0.69,0.201116,0.162946
biological_process,foldseek,0.7,0.201116,0.162946
biological_process,foldseek,0.71,0.201116,0.162946
biological_process,foldseek,0.72,0.201252,0.162946
biological_process,foldseek,0.73,0.201252,0.162946
biological_process,foldseek,0.74,0.201252,0.162946
biological_process,foldseek,0.75,0.201252,0.162946
biological_process,foldseek,0.76,0.201252,0.162946
biological_process,foldseek,0.77,0.201252,0.162946
biological_process,foldseek,0.78,0.201252,0.162946
biological_process,foldseek,0.79,0.201252,0.162946
biological_process,foldseek,0.8,0.201252,0.162946
biological_process,foldseek,0.81,0.201194,0.161375
biological_process,foldseek,0.82,0.204389,0.16097
biological_process,foldseek,0.83,0.208044,0.160945
biological_process,foldseek,0.84,0.211297,0.160851
biological_process,foldseek,0.85,0.212092,0.160851
biological_process,foldseek,0.86,0.212092,0.160851
biological_process,foldseek,0.87,0.212479,0.160851
biological_process,foldseek,0.88,0.212809,0.160786
biological_process,foldseek,0.89,0.212809,0.160786
biological_process,foldseek,0.9,0.212809,0.160786
biological_process,foldseek,0.91,0.212809,0.160786
biological_process,foldseek,0.92,0.212809,0.160786
biological_process,foldseek,0.93,0.212809,0.160786
biological_process,foldseek,0.94,0.212809,0.160786
biological_process,foldseek,0.95,0.212809,0.160786
biological_process,foldseek,0.96,0.212809,0.160786
biological_process,foldseek,0.97,0.212809,0.160786
biological_process,foldseek,0.98,0.212809,0.160786
biological_process,foldseek,0.99,0.212809,0.160786
biological_process,foldseek_max,0.01,0.182846,0.162546
biological_process,foldseek_max,0.02,0.182846,0.162546
biological_process,foldseek_max,0.03,0.182846,0.162546
biological_process,foldseek_max,0.04,0.182846,0.162546
biological_process,foldseek_max,0.05,0.182846,0.162546
biological_process,foldseek_max,0.06,0.182846,0.162546
biological_process,foldseek_max,0.07,0.182846,0.162546
biological_process,foldseek_max,0.08,0.182846,0.162546
biological_process,foldseek_max,0.09,0.182846,0.162546
biological_process,foldseek_max,0.1,0.18355,0.161138
biological_process,foldseek_max,0.11,0.194789,0.159912
biological_process,foldseek_max,0.12,0.199915,0.159512
biological_process,foldseek_max,0.13,0.212563,0.158637
biological_process,foldseek_max,0.14,0.221553,0.158353
biological_process,foldseek_max,0.15,0.224772,0.1579
biological_process,foldseek_max,0.16,0.225917,0.15553
biological_process,foldseek_max,0.17,0.229875,0.154173
biological_process,foldseek_max,0.18,0.239395,0.153951
biological_process,foldseek_max,0.19,0.240788,0.153951
biological_process,foldseek_max,0.2,0.244981,0.153888
biological_process,foldseek_max,0.21,0.245837,0.153875
biological_process,foldseek_max,0.22,0.244858,0.152849
biological_process,foldseek_max,0.23,0.247964,0.152768
biological_process,foldseek_max,0.24,0.249243,0.152687
biological_process,foldseek_max,0.25,0.251435,0.152606
biological_process,foldseek_max,0.26,0.252115,0.152606
biological_process,foldseek_max,0.27,0.252115,0.152606
biological_process,foldseek_max,0.28,0.252115,0.152606
biological_process,foldseek_max,0.29,0.254178,0.143554
biological_process,foldseek_max,0.3,0.254178,0.143554
biological_process,foldseek_max,0.31,0.254178,0.143554
biological_process,foldseek_max,0.32,0.254178,0.143554
biological_process,foldseek_max,0.33,0.254178,0.143554
biological_process,foldseek_max,0.34,0.254178,0.143554
biological_process,foldseek_max,0.35,0.262994,0.139767
biological_process,foldseek_max,0.36,0.358777,0.107686
biological_process,foldseek_max,0.37,0.408185,0.098776
biological_process,foldseek_max,0.38,0.412473,0.097968
biological_process,foldseek_max,0.39,0.436589,0.09393
biological_process,foldseek_max,0.4,0.436589,0.09393
biological_process,foldseek_max,0.41,0.436589,0.09393
biological_process,foldseek_max,0.42,0.436589,0.09393
biological_process,foldseek_max,0.43,0.436589,0.09393
biological_process,foldseek_max,0.44,0.436589,0.09393
biological_process,foldseek_max,0.45,0.436589,0.09393
biological_process,foldseek_max,0.46,0.436589,0.09393
biological_process,foldseek_max,0.47,0.436589,0.09393
biological_process,foldseek_max,0.48,0.436589,0.09393
biological_process,foldseek_max,0.49,0.436589,0.09393
biological_process,foldseek_max,0.5,0.436589,0.09393
biological_process,foldseek_max,0.51,0.436589,0.09393
biological_process,foldseek_max,0.52,0.436589,0.09393
biological_process,foldseek_max,0.53,0.429121,0.090437
biological_process,foldseek_max,0.54,0.429121,0.090437
biological_process,foldseek_max,0.55,0.429121,0.090437
biological_process,foldseek_max,0.56,0.429121,0.090437
biological_process,foldseek_max,0.57,0.429121,0.090437
biological_process,foldseek_max,0.58,0.429121,0.090437
biological_process,foldseek_max,0.59,0.429121,0.090437
biological_process,foldseek_max,0.6,0.429121,0.090437
biological_process,foldseek_max,0.61,0.429121,0.090437
biological_process,foldseek_max,0.62,0.429121,0.090437
biological_process,foldseek_max,0.63,0.429121,0.090437
biological_process,foldseek_max,0.64,0.429121,0.090437
biological_process,foldseek_max,0.65,0.429121,0.090437
biological_process,foldseek_max,0.66,0.429121,0.090437
biological_process,foldseek_max,0.67,0.429121,0.090437
biological_process,foldseek_max,0.68,0.429121,0.090437
biological_process,foldseek_max,0.69,0.429121,0.090437
biological_process,foldseek_max,0.7,0.429121,0.090437
biological_process,foldseek_max,0.71,0.429121,0.090437
biological_process,foldseek_max,0.72,0.429121,0.090437
biological_process,foldseek_max,0.73,0.429121,0.090437
biological_process,foldseek_max,0.74,0.429121,0.090437
biological_process,foldseek_max,0.75,0.429121,0.090437
biological_process,foldseek_max,0.76,0.429121,0.090437
biological_process,foldseek_max,0.77,0.429121,0.090437
biological_process,foldseek_max,0.78,0.429121,0.090437
biological_process,foldseek_max,0.79,0.429121,0.090437
biological_process,foldseek_max,0.8,0.429121,0.090437
biological_process,foldseek_max,0.81,0.429121,0.090437
biological_process,foldseek_max,0.82,0.429121,0.090437
biological_process,foldseek_max,0.83,0.429121,0.090437
biological_process,foldseek_max,0.84,0.429121,0.090437
biological_process,foldseek_max,0.85,0.429121,0.090437
biological_process,foldseek_max,0.86,0.429121,0.090437
biological_process,foldseek_max,0.87,0.429121,0.090437
biological_process,foldseek_max,0.88,0.429121,0.090437
biological_process,foldseek_max,0.89,0.429121,0.090437
biological_process,foldseek_max,0.9,0.429121,0.090437
biological_process,foldseek_max,0.91,0.429121,0.090437
biological_process,foldseek_max,0.92,0.429121,0.090437
biological_process,foldseek_max,0.93,0.429121,0.090437
biological_process,foldseek_max,0.94,0.429121,0.090437
biological_process,foldseek_max,0.95,0.429121,0.090437
biological_process,foldseek_max,0.96,0.429121,0.090437
biological_process,foldseek_max,0.97,0.429121,0.090437
biological_process,foldseek_max,0.98,0.429121,0.090437
biological_process,foldseek_max,0.99,0.429121,0.00335
biological_process,deepfri_sequence,0.01,0.017883,0.617213
biological_process,deepfri_sequence,0.02,0.028828,0.475076
biological_process,deepfri_sequence,0.03,0.036843,0.369269
biological_process,deepfri_sequence,0.04,0.046941,0.321504
biological_process,deepfri_sequence,0.05,0.055856,0.275169
biological_process,deepfri_sequence,0.06,0.066473,0.241722
biological_process,deepfri_sequence,0.07,0.074074,0.211351
biological_process,deepfri_sequence,0.08,0.086336,0.198256
biological_process,deepfri_sequence,0.09,0.097115,0.184159
biological_process,deepfri_sequence,0.1,0.111487,0.171966
biological_process,deepfri_sequence,0.11,0.126813,0.159828
biological_process,deepfri_sequence,0.12,0.136804,0.144087
biological_process,deepfri_sequence,0.13,0.148626,0.124481
biological_process,deepfri_sequence,0.14,0.155354,0.11621
biological_process,deepfri_sequence,0.15,0.165641,0.108692
biological_process,deepfri_sequence,0.16,0.200833,0.10535
biological_process,deepfri_sequence,0.17,0.19908,0.090026
biological_process,deepfri_sequence,0.18,0.229277,0.084879
biological_process,deepfri_sequence,0.19,0.259845,0.077924
biological_process,deepfri_sequence,0.2,0.29257,0.076384
biological_process,deepfri_sequence,0.21,0.333003,0.075099
biological_process,deepfri_sequence,0.22,0.381346,0.072203
biological_process,deepfri_sequence,0.23,0.398786,0.07023
biological_process,deepfri_sequence,0.24,0.407266,0.068081
biological_process,deepfri_sequence,0.25,0.407633,0.063637
biological_process,deepfri_sequence,0.26,0.461016,0.061513
biological_process,deepfri_sequence,0.27,0.465624,0.056884
biological_process,deepfri_sequence,0.28,0.47796,0.055708
biological_process,deepfri_sequence,0.29,0.500677,0.055456
biological_process,deepfri_sequence,0.3,0.509372,0.055226
biological_process,deepfri_sequence,0.31,0.524722,0.054726
biological_process,deepfri_sequence,0.32,0.52629,0.054522
biological_process,deepfri_sequence,0.33,0.536433,0.053891
biological_process,deepfri_sequence,0.34,0.548312,0.052227
biological_process,deepfri_sequence,0.35,0.549039,0.052227
biological_process,deepfri_sequence,0.36,0.550631,0.052214
biological_process,deepfri_sequence,0.37,0.577439,0.050945
biological_process,deepfri_sequence,0.38,0.581429,0.049252
biological_process,deepfri_sequence,0.39,0.586423,0.048803
biological_process,deepfri_sequence,0.4,0.586423,0.048803
biological_process,deepfri_sequence,0.41,0.58769,0.04879
biological_process,deepfri_sequence,0.42,0.590986,0.04879
biological_process,deepfri_sequence,0.43,0.590206,0.048358
biological_process,deepfri_sequence,0.44,0.588127,0.047945
biological_process,deepfri_sequence,0.45,0.583964,0.047129
biological_process,deepfri_sequence,0.46,0.590536,0.047129
biological_process,deepfri_sequence,0.47,0.594641,0.047129
biological_process,deepfri_sequence,0.48,0.596519,0.047129
biological_process,deepfri_sequence,0.49,0.602902,0.047129
biological_process,deepfri_sequence,0.5,0.604557,0.047104
biological_process,deepfri_sequence,0.51,0.604557,0.047104
biological_process,deepfri_sequence,0.52,0.604557,0.047104
biological_process,deepfri_sequence,0.53,0.603864,0.046967
biological_process,deepfri_sequence,0.54,0.602477,0.046696
biological_process,deepfri_sequence,0.55,0.602477,0.046696
biological_process,deepfri_sequence,0.56,0.609335,0.046696
biological_process,deepfri_sequence,0.57,0.609335,0.046696
biological_process,deepfri_sequence,0.58,0.664936,0.046696
biological_process,deepfri_sequence,0.59,0.671668,0.046696
biological_process,deepfri_sequence,0.6,0.671668,0.046696
biological_process,deepfri_sequence,0.61,0.671668,0.046696
biological_process,deepfri_sequence,0.62,0.673517,0.046696
biological_process,deepfri_sequence,0.63,0.502101,0.022169
biological_process,deepfri_sequence,0.64,0.505146,0.022169
biological_process,deepfri_sequence,0.65,0.505146,0.022169
biological_process,deepfri_sequence,0.66,0.455225,0.018147
biological_process,deepfri_sequence,0.67,0.467503,0.018147
biological_process,deepfri_sequence,0.68,0.4726,0.01799
biological_process,deepfri_sequence,0.69,0.482273,0.01799
biological_process,deepfri_sequence,0.7,0.424867,0.014267
biological_process,deepfri_sequence,0.71,0.409491,0.011888
biological_process,deepfri_sequence,0.72,0.377436,0.009515
biological_process,deepfri_sequence,0.73,0.391358,0.009515
biological_process,deepfri_sequence,0.74,0.117908,0.001607
biological_process,deepfri_sequence,0.75,0.125816,0.001607
biological_process,deepfri_sequence,0.76,0.140566,0.001607
biological_process,deepfri_sequence,0.77,0.140566,0.001607
biological_process,deepfri_sequence,0.78,0.139375,0.001425
biological_process,deepfri_sequence,0.79,0.176716,0.001425
biological_process,deepfri_sequence,0.8,0.173989,0.001335
biological_process,deepfri_sequence,0.81,0.17624,0.001335
biological_process,deepfri_sequence,0.82,0.183165,0.001335
biological_process,deepfri_sequence,0.83,0.183165,0.001335
biological_process,deepfri_sequence,0.84,0.183165,0.001335
biological_process,deepfri_sequence,0.85,0.183165,0.001335
biological_process,deepfri_sequence,0.86,0.183165,0.001335
biological_process,deepfri_sequence,0.87,0.186076,0.001335
biological_process,deepfri_sequence,0.88,0.186076,0.001335
biological_process,deepfri_sequence,0.89,0.186076,0.001335
biological_process,deepfri_sequence,0.9,0.186076,0.001335
biological_process,deepfri_sequence,0.91,0.202578,0.001335
biological_process,deepfri_sequence,0.92,0.202578,0.001335
biological_process,deepfri_sequence,0.93,0.204848,0.001335
biological_process,deepfri_sequence,0.94,0.204848,0.001335
biological_process,deepfri_sequence,0.95,0.211363,0.001335
biological_process,deepfri_sequence,0.96,0.216368,0.001335
biological_process,deepfri_sequence,0.97,1.0,0.001234
biological_process,deepfri_sequence,0.98,1.0,0.001234
biological_process,deepfri_sequence,0.99,,0.0
biological_process,deepfri_structure,0.01,0.049116,0.427324
biological_process,deepfri_structure,0.02,0.064007,0.359773
biological_process,deepfri_structure,0.03,0.075082,0.311962
biological_process,deepfri_structure,0.04,0.086898,0.288323
biological_process,deepfri_structure,0.05,0.096949,0.266792
biological_process,deepfri_structure,0.06,0.107143,0.251734
biological_process,deepfri_structure,0.07,0.116235,0.238517
biological_process,deepfri_structure,0.08,0.124766,0.229065
biological_process,deepfri_structure,0.09,0.133253,0.220642
biological_process,deepfri_structure,0.1,0.142636,0.214186
biological_process,deepfri_structure,0.11,0.150236,0.207023
biological_process,deepfri_structure,0.12,0.160768,0.204393
biological_process,deepfri_structure,0.13,0.169278,0.199845
biological_process,deepfri_structure,0.14,0.178248,0.194422
biological_process,deepfri_structure,0.15,0.189867,0.190517
biological_process,deepfri_structure,0.16,0.195156,0.182185
biological_process,deepfri_structure,0.17,0.20509,0.178312
biological_process,deepfri_structure,0.18,0.216845,0.175014
biological_process,deepfri_structure,0.19,0.227209,0.170544
biological_process,deepfri_structure,0.2,0.235191,0.167047
biological_process,deepfri_structure,0.21,0.241463,0.163935
biological_process,deepfri_structure,0.22,0.24489,0.158745
biological_process,deepfri_structure,0.23,0.245849,0.152163
biological_process,deepfri_structure,0.24,0.2528,0.146992
biological_process,deepfri_structure,0.25,0.255881,0.141944
biological_process,deepfri_structure,0.26,0.257328,0.136268
biological_process,deepfri_structure,0.27,0.264202,0.133347
biological_process,deepfri_structure,0.28,0.274019,0.131026
biological_process,deepfri_structure,0.29,0.285667,0.129065
biological_process,deepfri_structure,0.3,0.296076,0.127677
biological_process,deepfri_structure,0.31,0.302698,0.125742
biological_process,deepfri_structure,0.32,0.309578,0.123063
biological_process,deepfri_structure,0.33,0.312506,0.119475
biological_process,deepfri_structure,0.34,0.318589,0.115625
biological_process,deepfri_structure,0.35,0.317967,0.110253
biological_process,deepfri_structure,0.36,0.320574,0.104921
biological_process,deepfri_structure,0.37,0.320153,0.098856
biological_process,deepfri_structure,0.38,0.326626,0.09784
biological_process,deepfri_structure,0.39,0.338771,0.096672
biological_process,deepfri_structure,0.4,0.345142,0.094887
biological_process,deepfri_structure,0.41,0.352179,0.093876
biological_process,deepfri_structure,0.42,0.355791,0.091686
biological_process,deepfri_structure,0.43,0.357617,0.090179
biological_process,deepfri_structure,0.44,0.361383,0.089349
biological_process,deepfri_structure,0.45,0.369334,0.089053
biological_process,deepfri_structure,0.46,0.375597,0.088035
biological_process,deepfri_structure,0.47,0.381105,0.087791
biological_process,deepfri_structure,0.48,0.385221,0.08742
biological_process,deepfri_structure,0.49,0.388842,0.086562
biological_process,deepfri_structure,0.5,0.391331,0.08607
biological_process,deepfri_structure,0.51,0.38949,0.084101
biological_process,deepfri_structure,0.52,0.393529,0.083557
biological_process,deepfri_structure,0.53,0.393598,0.082834
biological_process,deepfri_structure,0.54,0.395469,0.082464
biological_process,deepfri_structure,0.55,0.397896,0.081672
biological_process,deepfri_structure,0.56,0.400554,0.081106
biological_process,deepfri_structure,0.57,0.406057,0.080893
biological_process,deepfri_structure,0.58,0.410071,0.080792
biological_process,deepfri_structure,0.59,0.413682,0.080692
biological_process,deepfri_structure,0.6,0.413643,0.080142
biological_process,deepfri_structure,0.61,0.418201,0.079953
biological_process,deepfri_structure,0.62,0.425089,0.079764
biological_process,deepfri_structure,0.63,0.42669,0.079679
biological_process,deepfri_structure,0.64,0.429924,0.079602
biological_process,deepfri_structure,0.65,0.43621,0.079314
biological_process,deepfri_structure,0.66,0.441857,0.079314
biological_process,deepfri_structure,0.67,0.451436,0.07923
biological_process,deepfri_structure,0.68,0.455744,0.079165
biological_process,deepfri_structure,0.69,0.459312,0.07893
biological_process,deepfri_structure,0.7,0.464649,0.078659
biological_process,deepfri_structure,0.71,0.462401,0.077225
biological_process,deepfri_structure,0.72,0.463788,0.076472
biological_process,deepfri_structure,0.73,0.467587,0.075839
biological_process,deepfri_structure,0.74,0.472567,0.075639
biological_process,deepfri_structure,0.75,0.47813,0.075354
biological_process,deepfri_structure,0.76,0.489048,0.075015
biological_process,deepfri_structure,0.77,0.493699,0.074353
biological_process,deepfri_structure,0.78,0.497097,0.073707
biological_process,deepfri_structure,0.79,0.499495,0.073147
biological_process,deepfri_structure,0.8,0.492347,0.070259
biological_process,deepfri_structure,0.81,0.495179,0.068475
biological_process,deepfri_structure,0.82,0.50565,0.068285
biological_process,deepfri_structure,0.83,0.518671,0.068066
biological_process,deepfri_structure,0.84,0.53554,0.067438
biological_process,deepfri_structure,0.85,0.542854,0.066924
biological_process,deepfri_structure,0.86,0.548722,0.065933
biological_process,deepfri_structure,0.87,0.553711,0.064565
biological_process,deepfri_structure,0.88,0.563079,0.063071
biological_process,deepfri_structure,0.89,0.548253,0.057079
biological_process,deepfri_structure,0.9,0.549831,0.05496
biological_process,deepfri_structure,0.91,0.552657,0.053488
biological_process,deepfri_structure,0.92,0.551499,0.051386
biological_process,deepfri_structure,0.93,0.536743,0.048011
biological_process,deepfri_structure,0.94,0.538973,0.047913
biological_process,deepfri_structure,0.95,0.541589,0.047913
biological_process,deepfri_structure,0.96,0.576721,0.047913
biological_process,deepfri_structure,0.97,0.598177,0.047881
biological_process,deepfri_structure,0.98,0.635107,0.047881
biological_process,deepfri_structure,0.99,0.654384,0.047454
biological_process,dpfunc,0.01,0.014391,0.547006
biological_process,dpfunc,0.02,0.018089,0.476787
biological_process,dpfunc,0.03,0.021622,0.433287
biological_process,dpfunc,0.04,0.02436,0.392954
biological_process,dpfunc,0.05,0.025858,0.343212
biological_process,dpfunc,0.06,0.02772,0.305051
biological_process,dpfunc,0.07,0.02916,0.270694
biological_process,dpfunc,0.08,0.030427,0.242005
biological_process,dpfunc,0.09,0.033379,0.230889
biological_process,dpfunc,0.1,0.035591,0.214387
biological_process,dpfunc,0.11,0.040661,0.210134
biological_process,dpfunc,0.12,0.043825,0.202378
biological_process,dpfunc,0.13,0.047017,0.188644
biological_process,dpfunc,0.14,0.051585,0.182085
biological_process,dpfunc,0.15,0.055402,0.177598
biological_process,dpfunc,0.16,0.058937,0.173491
biological_process,dpfunc,0.17,0.060128,0.163793
biological_process,dpfunc,0.18,0.063379,0.159153
biological_process,dpfunc,0.19,0.068027,0.156986
biological_process,dpfunc,0.2,0.07063,0.152272
biological_process,dpfunc,0.21,0.073217,0.146471
biological_process,dpfunc,0.22,0.075697,0.14082
biological_process,dpfunc,0.23,0.077911,0.136856
biological_process,dpfunc,0.24,0.078169,0.128312
biological_process,dpfunc,0.25,0.081307,0.123023
biological_process,dpfunc,0.26,0.085709,0.120272
biological_process,dpfunc,0.27,0.089249,0.117499
biological_process,dpfunc,0.28,0.094576,0.115932
biological_process,dpfunc,0.29,0.097941,0.113777
biological_process,dpfunc,0.3,0.100534,0.109238
biological_process,dpfunc,0.31,0.106051,0.106669
biological_process,dpfunc,0.32,0.109671,0.103235
biological_process,dpfunc,0.33,0.115395,0.102302
biological_process,dpfunc,0.34,0.118297,0.099517
biological_process,dpfunc,0.35,0.122291,0.097127
biological_process,dpfunc,0.36,0.126767,0.095494
biological_process,dpfunc,0.37,0.130231,0.093676
biological_process,dpfunc,0.38,0.134668,0.091948
biological_process,dpfunc,0.39,0.133918,0.085834
biological_process,dpfunc,0.4,0.13986,0.082945
biological_process,dpfunc,0.41,0.140448,0.07915
biological_process,dpfunc,0.42,0.147609,0.078638
biological_process,dpfunc,0.43,0.153425,0.077477
biological_process,dpfunc,0.44,0.156663,0.075531
biological_process,dpfunc,0.45,0.153029,0.068422
biological_process,dpfunc,0.46,0.160062,0.067157
biological_process,dpfunc,0.47,0.163752,0.064863
biological_process,dpfunc,0.48,0.174906,0.062884
biological_process,dpfunc,0.49,0.178987,0.059965
biological_process,dpfunc,0.5,0.190356,0.057568
biological_process,dpfunc,0.51,0.18853,0.050366
biological_process,dpfunc,0.52,0.195769,0.047851
biological_process,dpfunc,0.53,0.199874,0.044542
biological_process,dpfunc,0.54,0.213906,0.042424
biological_process,dpfunc,0.55,0.236086,0.041579
biological_process,dpfunc,0.56,0.226565,0.036005
biological_process,dpfunc,0.57,0.236123,0.034677
biological_process,dpfunc,0.58,0.262633,0.033958
biological_process,dpfunc,0.59,0.251898,0.028738
biological_process,dpfunc,0.6,0.247296,0.026028
biological_process,dpfunc,0.61,0.252018,0.024637
biological_process,dpfunc,0.62,0.244025,0.021129
biological_process,dpfunc,0.63,0.259216,0.019292
biological_process,dpfunc,0.64,0.274467,0.019021
biological_process,dpfunc,0.65,0.271951,0.016276
biological_process,dpfunc,0.66,0.242382,0.0125
biological_process,dpfunc,0.67,0.293268,0.011799
biological_process,dpfunc,0.68,0.338889,0.010654
biological_process,dpfunc,0.69,0.404457,0.010459
biological_process,dpfunc,0.7,0.425326,0.01026
biological_process,dpfunc,0.71,0.435094,0.010006
biological_process,dpfunc,0.72,0.463303,0.009735
biological_process,dpfunc,0.73,0.435891,0.007251
biological_process,dpfunc,0.74,0.507879,0.007186
biological_process,dpfunc,0.75,0.515376,0.006211
biological_process,dpfunc,0.76,0.556543,0.006113
biological_process,dpfunc,0.77,0.565355,0.006113
biological_process,dpfunc,0.78,0.565534,0.006075
biological_process,dpfunc,0.79,0.570093,0.005885
biological_process,dpfunc,0.8,0.570438,0.005859
biological_process,dpfunc,0.81,0.589183,0.005809
biological_process,dpfunc,0.82,0.58063,0.005468
biological_process,dpfunc,0.83,0.587291,0.005278
biological_process,dpfunc,0.84,0.609334,0.005165
biological_process,dpfunc,0.85,0.573602,0.003586
biological_process,dpfunc,0.86,0.636721,0.002715
biological_process,dpfunc,0.87,0.624557,0.001945
biological_process,dpfunc,0.88,0.607189,0.001339
biological_process,dpfunc,0.89,0.658537,0.001023
biological_process,dpfunc,0.9,0.953488,0.000518
biological_process,dpfunc,0.91,0.923077,0.000303
biological_process,dpfunc,0.92,0.875,0.000177
biological_process,dpfunc,0.93,1.0,1.3e-05
biological_process,dpfunc,0.94,,0.0
biological_process,dpfunc,0.95,,0.0
biological_process,dpfunc,0.96,,0.0
biological_process,dpfunc,0.97,,0.0
biological_process,dpfunc,0.98,,0.0
biological_process,dpfunc,0.99,,0.0
biological_process,heal,0.01,0.085153,0.222602
biological_process,heal,0.02,0.106713,0.196183
biological_process,heal,0.03,0.123247,0.181076
biological_process,heal,0.04,0.135814,0.172541
biological_process,heal,0.05,0.146378,0.163916
biological_process,heal,0.06,0.157662,0.158312
biological_process,heal,0.07,0.164929,0.149863
biological_process,heal,0.08,0.176851,0.147281
biological_process,heal,0.09,0.187498,0.144948
biological_process,heal,0.1,0.201285,0.143216
biological_process,heal,0.11,0.212687,0.141239
biological_process,heal,0.12,0.215853,0.13458
biological_process,heal,0.13,0.219419,0.129325
biological_process,heal,0.14,0.233235,0.127679
biological_process,heal,0.15,0.239955,0.122509
biological_process,heal,0.16,0.242281,0.119008
biological_process,heal,0.17,0.243989,0.113793
biological_process,heal,0.18,0.247771,0.111752
biological_process,heal,0.19,0.251582,0.110894
biological_process,heal,0.2,0.25403,0.109868
biological_process,heal,0.21,0.25769,0.10884
biological_process,heal,0.22,0.259466,0.107602
biological_process,heal,0.23,0.262987,0.106554
biological_process,heal,0.24,0.269465,0.105792
biological_process,heal,0.25,0.273675,0.104638
biological_process,heal,0.26,0.277466,0.103522
biological_process,heal,0.27,0.277953,0.102736
biological_process,heal,0.28,0.28302,0.102218
biological_process,heal,0.29,0.287915,0.101272
biological_process,heal,0.3,0.289937,0.10033
biological_process,heal,0.31,0.292453,0.098921
biological_process,heal,0.32,0.291398,0.097682
biological_process,heal,0.33,0.293395,0.09691
biological_process,heal,0.34,0.296151,0.096167
biological_process,heal,0.35,0.29756,0.095296
biological_process,heal,0.36,0.299923,0.094666
biological_process,heal,0.37,0.303588,0.094252
biological_process,heal,0.38,0.304356,0.092952
biological_process,heal,0.39,0.306177,0.092431
biological_process,heal,0.4,0.307621,0.091997
biological_process,heal,0.41,0.308292,0.091626
biological_process,heal,0.42,0.311339,0.091075
biological_process,heal,0.43,0.317942,0.09051
biological_process,heal,0.44,0.322346,0.090335
biological_process,heal,0.45,0.327862,0.090092
biological_process,heal,0.46,0.331793,0.089836
biological_process,heal,0.47,0.334032,0.089234
biological_process,heal,0.48,0.335071,0.088766
biological_process,heal,0.49,0.33557,0.08863
biological_process,heal,0.5,0.335823,0.088041
biological_process,heal,0.51,0.339403,0.088041
biological_process,heal,0.52,0.339285,0.087407
biological_process,heal,0.53,0.342271,0.087285
biological_process,heal,0.54,0.34204,0.087013
biological_process,heal,0.55,0.341113,0.086168
biological_process,heal,0.56,0.343144,0.085563
biological_process,heal,0.57,0.34716,0.085512
biological_process,heal,0.58,0.347278,0.084811
biological_process,heal,0.59,0.349686,0.084767
biological_process,heal,0.6,0.351509,0.08465
biological_process,heal,0.61,0.352725,0.084637
biological_process,heal,0.62,0.356011,0.084455
biological_process,heal,0.63,0.357685,0.084256
biological_process,heal,0.64,0.359087,0.083389
biological_process,heal,0.65,0.36041,0.083082
biological_process,heal,0.66,0.360254,0.08272
biological_process,heal,0.67,0.363989,0.082644
biological_process,heal,0.68,0.366069,0.081737
biological_process,heal,0.69,0.368415,0.081294
biological_process,heal,0.7,0.369034,0.08081
biological_process,heal,0.71,0.369797,0.0807
biological_process,heal,0.72,0.371974,0.079903
biological_process,heal,0.73,0.375953,0.079395
biological_process,heal,0.74,0.384586,0.079319
biological_process,heal,0.75,0.391417,0.079133
biological_process,heal,0.76,0.397123,0.078986
biological_process,heal,0.77,0.401275,0.078022
biological_process,heal,0.78,0.401879,0.076422
biological_process,heal,0.79,0.405157,0.075288
biological_process,heal,0.8,0.409774,0.075224
biological_process,heal,0.81,0.410365,0.073924
biological_process,heal,0.82,0.412319,0.073498
biological_process,heal,0.83,0.40994,0.072452
biological_process,heal,0.84,0.408801,0.07167
biological_process,heal,0.85,0.403155,0.068499
biological_process,heal,0.86,0.408725,0.068175
biological_process,heal,0.87,0.412916,0.066724
biological_process,heal,0.88,0.411662,0.065682
biological_process,heal,0.89,0.414026,0.065392
biological_process,heal,0.9,0.42488,0.064897
biological_process,heal,0.91,0.428529,0.064806
biological_process,heal,0.92,0.432943,0.064426
biological_process,heal,0.93,0.443409,0.06396
biological_process,heal,0.94,0.450987,0.063485
biological_process,heal,0.95,0.464611,0.063232
biological_process,heal,0.96,0.484136,0.062921
biological_process,heal,0.97,0.483052,0.058305
biological_process,heal,0.98,0.526359,0.051497
biological_process,heal,0.99,0.688896,0.049235
cellular_component,deepgreengo,0.01,0.014404,1.0
cellular_component,deepgreengo,0.02,0.014593,1.0
cellular_component,deepgreengo,0.03,0.01511,1.0
cellular_component,deepgreengo,0.04,0.016178,1.0
cellular_component,deepgreengo,0.05,0.017727,0.998817
cellular_component,deepgreengo,0.06,0.019472,0.987335
cellular_component,deepgreengo,0.07,0.02186,0.982509
cellular_component,deepgreengo,0.08,0.024244,0.969443
cellular_component,deepgreengo,0.09,0.026874,0.95875
cellular_component,deepgreengo,0.1,0.029227,0.925449
cellular_component,deepgreengo,0.11,0.031939,0.8986
cellular_component,deepgreengo,0.12,0.035392,0.887489
cellular_component,deepgreengo,0.13,0.039623,0.882387
cellular_component,deepgreengo,0.14,0.043489,0.868383
cellular_component,deepgreengo,0.15,0.047994,0.863832
cellular_component,deepgreengo,0.16,0.052968,0.858415
cellular_component,deepgreengo,0.17,0.057474,0.849785
cellular_component,deepgreengo,0.18,0.062009,0.838368
cellular_component,deepgreengo,0.19,0.064369,0.796779
cellular_component,deepgreengo,0.2,0.067684,0.777745
cellular_component,deepgreengo,0.21,0.072476,0.770115
cellular_component,deepgreengo,0.22,0.076797,0.761586
cellular_component,deepgreengo,0.23,0.080601,0.75363
cellular_component,deepgreengo,0.24,0.085173,0.745503
cellular_component,deepgreengo,0.25,0.089695,0.734408
cellular_component,deepgreengo,0.26,0.093851,0.719579
cellular_component,deepgreengo,0.27,0.098398,0.706437
cellular_component,deepgreengo,0.28,0.102844,0.69077
cellular_component,deepgreengo,0.29,0.108034,0.677716
cellular_component,deepgreengo,0.3,0.111107,0.663511
cellular_component,deepgreengo,0.31,0.115101,0.653439
cellular_component,deepgreengo,0.32,0.120344,0.648538
cellular_component,deepgreengo,0.33,0.124215,0.637503
cellular_component,deepgreengo,0.34,0.130238,0.628875
cellular_component,deepgreengo,0.35,0.13759,0.617212
cellular_component,deepgreengo,0.36,0.140552,0.596161
cellular_component,deepgreengo,0.37,0.144197,0.577054
cellular_component,deepgreengo,0.38,0.148524,0.568846
cellular_component,deepgreengo,0.39,0.153994,0.55592
cellular_component,deepgreengo,0.4,0.15663,0.544637
cellular_component,deepgreengo,0.41,0.163071,0.53807
cellular_component,deepgreengo,0.42,0.168293,0.530439
cellular_component,deepgreengo,0.43,0.172196,0.51078
cellular_component,deepgreengo,0.44,0.167666,0.464195
cellular_component,deepgreengo,0.45,0.164559,0.419311
cellular_component,deepgreengo,0.46,0.166441,0.396286
cellular_component,deepgreengo,0.47,0.174229,0.383558
cellular_component,deepgreengo,0.48,0.176626,0.366472
cellular_component,deepgreengo,0.49,0.18058,0.354857
cellular_component,deepgreengo,0.5,0.183946,0.343385
cellular_component,deepgreengo,0.51,0.188283,0.335967
cellular_component,deepgreengo,0.52,0.193261,0.328573
cellular_component,deepgreengo,0.53,0.19882,0.321909
cellular_component,deepgreengo,0.54,0.20531,0.310915
cellular_component,deepgreengo,0.55,0.20956,0.305389
cellular_component,deepgreengo,0.56,0.214467,0.301201
cellular_component,deepgreengo,0.57,0.219025,0.296655
cellular_component,deepgreengo,0.58,0.226333,0.291684
cellular_component,deepgreengo,0.59,0.235258,0.285679
cellular_component,deepgreengo,0.6,0.238637,0.27203
cellular_component,deepgreengo,0.61,0.238804,0.254352
cellular_component,deepgreengo,0.62,0.238112,0.240258
cellular_component,deepgreengo,0.63,0.226839,0.217221
cellular_component,deepgreengo,0.64,0.22477,0.202413
cellular_component,deepgreengo,0.65,0.223536,0.188997
cellular_component,deepgreengo,0.66,0.221141,0.175304
cellular_component,deepgreengo,0.67,0.209994,0.155434
cellular_component,deepgreengo,0.68,0.207431,0.144953
cellular_component,deepgreengo,0.69,0.215117,0.140625
cellular_component,deepgreengo,0.7,0.217795,0.132302
cellular_component,deepgreengo,0.71,0.208172,0.119564
cellular_component,deepgreengo,0.72,0.209562,0.114947
cellular_component,deepgreengo,0.73,0.205493,0.106451
cellular_component,deepgreengo,0.74,0.206358,0.099815
cellular_component,deepgreengo,0.75,0.204775,0.093561
cellular_component,deepgreengo,0.76,0.214995,0.090003
cellular_component,deepgreengo,0.77,0.229744,0.083305
cellular_component,deepgreengo,0.78,0.247901,0.070797
cellular_component,deepgreengo,0.79,0.282243,0.066492
cellular_component,deepgreengo,0.8,0.341511,0.064163
cellular_component,deepgreengo,0.81,0.377094,0.058653
cellular_component,deepgreengo,0.82,0.419035,0.055385
cellular_component,deepgreengo,0.83,0.453568,0.052838
cellular_component,deepgreengo,0.84,0.486988,0.047885
cellular_component,deepgreengo,0.85,0.524372,0.040763
cellular_component,deepgreengo,0.86,0.550127,0.037061
cellular_component,deepgreengo,0.87,0.573707,0.029733
cellular_component,deepgreengo,0.88,0.588112,0.026898
cellular_component,deepgreengo,0.89,0.552335,0.022962
cellular_component,deepgreengo,0.9,0.287782,0.007128
cellular_component,deepgreengo,0.91,0.055447,0.000914
cellular_component,deepgreengo,0.92,0.0,0.0
cellular_component,deepgreengo,0.93,0.0,0.0
cellular_component,deepgreengo,0.94,,0.0
cellular_component,deepgreengo,0.95,,0.0
cellular_component,deepgreengo,0.96,,0.0
cellular_component,deepgreengo,0.97,,0.0
cellular_component,deepgreengo,0.98,,0.0
cellular_component,deepgreengo,0.99,,0.0
cellular_component,naive,0.01,0.034357,0.551651
cellular_component,naive,0.02,0.052708,0.520785
cellular_component,naive,0.03,0.058529,0.411516
cellular_component,naive,0.04,0.066023,0.399252
cellular_component,naive,0.05,0.066944,0.39459
cellular_component,naive,0.06,0.082609,0.337044
cellular_component,naive,0.07,0.088785,0.327824
cellular_component,naive,0.08,0.114254,0.322901
cellular_component,naive,0.09,0.152025,0.321489
cellular_component,naive,0.1,0.181161,0.301729
cellular_component,naive,0.11,0.20353,0.294799
cellular_component,naive,0.12,0.216198,0.268759
cellular_component,naive,0.13,0.216198,0.268759
cellular_component,naive,0.14,0.227642,0.260715
cellular_component,naive,0.15,0.259734,0.249054
cellular_component,naive,0.16,0.259734,0.249054
cellular_component,naive,0.17,0.244373,0.192403
cellular_component,naive,0.18,0.258012,0.159197
cellular_component,naive,0.19,0.292059,0.132529
cellular_component,naive,0.2,0.328422,0.122942
cellular_component,naive,0.21,0.328422,0.122942
cellular_component,naive,0.22,0.328422,0.122942
cellular_component,naive,0.23,0.328422,0.122942
cellular_component,naive,0.24,0.38654,0.117882
cellular_component,naive,0.25,0.38654,0.117882
cellular_component,naive,0.26,0.38654,0.117882
cellular_component,naive,0.27,0.38654,0.117882
cellular_component,naive,0.28,0.457858,0.111214
cellular_component,naive,0.29,0.457858,0.111214
cellular_component,naive,0.3,0.457858,0.111214
cellular_component,naive,0.31,0.457858,0.111214
cellular_component,naive,0.32,0.457858,0.111214
cellular_component,naive,0.33,0.457858,0.111214
cellular_component,naive,0.34,0.521161,0.098868
cellular_component,naive,0.35,0.521161,0.098868
cellular_component,naive,0.36,0.521161,0.098868
cellular_component,naive,0.37,0.521161,0.098868
cellular_component,naive,0.38,0.521161,0.098868
cellular_component,naive,0.39,0.521161,0.098868
cellular_component,naive,0.4,0.521161,0.098868
cellular_component,naive,0.41,0.521161,0.098868
cellular_component,naive,0.42,0.521161,0.098868
cellular_component,naive,0.43,0.521161,0.098868
cellular_component,naive,0.44,0.521161,0.098868
cellular_component,naive,0.45,0.521161,0.098868
cellular_component,naive,0.46,0.521161,0.098868
cellular_component,naive,0.47,0.521161,0.098868
cellular_component,naive,0.48,0.521161,0.098868
cellular_component,naive,0.49,0.521161,0.098868
cellular_component,naive,0.5,0.521161,0.098868
cellular_component,naive,0.51,0.521161,0.098868
cellular_component,naive,0.52,0.521161,0.098868
cellular_component,naive,0.53,0.575548,0.091416
cellular_component,naive,0.54,0.606032,0.041365
cellular_component,naive,0.55,0.606032,0.041365
cellular_component,naive,0.56,0.606032,0.041365
cellular_component,naive,0.57,0.606032,0.041365
cellular_component,naive,0.58,0.606032,0.041365
cellular_component,naive,0.59,0.655414,0.027596
cellular_component,naive,0.6,0.655414,0.027596
cellular_component,naive,0.61,0.655414,0.027596
cellular_component,naive,0.62,0.655414,0.027596
cellular_component,naive,0.63,0.693634,0.013619
cellular_component,naive,0.64,0.693634,0.013619
cellular_component,naive,0.65,0.693634,0.013619
cellular_component,naive,0.66,0.693634,0.013619
cellular_component,naive,0.67,,0.0
cellular_component,naive,0.68,,0.0
cellular_component,naive,0.69,,0.0
cellular_component,naive,0.7,,0.0
cellular_component,naive,0.71,,0.0
cellular_component,naive,0.72,,0.0
cellular_component,naive,0.73,,0.0
cellular_component,naive,0.74,,0.0
cellular_component,naive,0.75,,0.0
cellular_component,naive,0.76,,0.0
cellular_component,naive,0.77,,0.0
cellular_component,naive,0.78,,0.0
cellular_component,naive,0.79,,0.0
cellular_component,naive,0.8,,0.0
cellular_component,naive,0.81,,0.0
cellular_component,naive,0.82,,0.0
cellular_component,naive,0.83,,0.0
cellular_component,naive,0.84,,0.0
cellular_component,naive,0.85,,0.0
cellular_component,naive,0.86,,0.0
cellular_component,naive,0.87,,0.0
cellular_component,naive,0.88,,0.0
cellular_component,naive,0.89,,0.0
cellular_component,naive,0.9,,0.0
cellular_component,naive,0.91,,0.0
cellular_component,naive,0.92,,0.0
cellular_component,naive,0.93,,0.0
cellular_component,naive,0.94,,0.0
cellular_component,naive,0.95,,0.0
cellular_component,naive,0.96,,0.0
cellular_component,naive,0.97,,0.0
cellular_component,naive,0.98,,0.0
cellular_component,naive,0.99,,0.0
cellular_component,blast,0.01,0.669336,0.143209
cellular_component,blast,0.02,0.669336,0.143209
cellular_component,blast,0.03,0.669336,0.143209
cellular_component,blast,0.04,0.669336,0.143209
cellular_component,blast,0.05,0.669912,0.143209
cellular_component,blast,0.06,0.673418,0.143209
cellular_component,blast,0.07,0.673418,0.143209
cellular_component,blast,0.08,0.673418,0.143209
cellular_component,blast,0.09,0.673418,0.143209
cellular_component,blast,0.1,0.673418,0.143209
cellular_component,blast,0.11,0.673418,0.143209
cellular_component,blast,0.12,0.673418,0.143209
cellular_component,blast,0.13,0.683414,0.142483
cellular_component,blast,0.14,0.683414,0.142483
cellular_component,blast,0.15,0.683414,0.142483
cellular_component,blast,0.16,0.683414,0.142483
cellular_component,blast,0.17,0.683414,0.142483
cellular_component,blast,0.18,0.683414,0.142483
cellular_component,blast,0.19,0.683414,0.142483
cellular_component,blast,0.2,0.683414,0.142483
cellular_component,blast,0.21,0.714013,0.140894
cellular_component,blast,0.22,0.714013,0.140894
cellular_component,blast,0.23,0.732565,0.139449
cellular_component,blast,0.24,0.732565,0.139449
cellular_component,blast,0.25,0.729996,0.135857
cellular_component,blast,0.26,0.729996,0.135857
cellular_component,blast,0.27,0.729996,0.135857
cellular_component,blast,0.28,0.729996,0.135857
cellular_component,blast,0.29,0.729996,0.135857
cellular_component,blast,0.3,0.729996,0.135857
cellular_component,blast,0.31,0.729996,0.135857
cellular_component,blast,0.32,0.729996,0.135857
cellular_component,blast,0.33,0.729996,0.135857
cellular_component,blast,0.34,0.728957,0.135144
cellular_component,blast,0.35,0.728957,0.135144
cellular_component,blast,0.36,0.728957,0.135144
cellular_component,blast,0.37,0.728957,0.135144
cellular_component,blast,0.38,0.728957,0.135144
cellular_component,blast,0.39,0.728957,0.135144
cellular_component,blast,0.4,0.728957,0.135144
cellular_component,blast,0.41,0.728957,0.135144
cellular_component,blast,0.42,0.728957,0.135144
cellular_component,blast,0.43,0.728957,0.135144
cellular_component,blast,0.44,0.728957,0.135144
cellular_component,blast,0.45,0.728957,0.135144
cellular_component,blast,0.46,0.728957,0.135144
cellular_component,blast,0.47,0.728957,0.135144
cellular_component,blast,0.48,0.728957,0.135144
cellular_component,blast,0.49,0.728957,0.135144
cellular_component,blast,0.5,0.728957,0.135144
cellular_component,blast,0.51,0.728957,0.135144
cellular_component,blast,0.52,0.728957,0.135144
cellular_component,blast,0.53,0.728957,0.135144
cellular_component,blast,0.54,0.728957,0.135144
cellular_component,blast,0.55,0.728957,0.135144
cellular_component,blast,0.56,0.728957,0.135144
cellular_component,blast,0.57,0.728957,0.135144
cellular_component,blast,0.58,0.728957,0.135144
cellular_component,blast,0.59,0.728957,0.135144
cellular_component,blast,0.6,0.728957,0.135144
cellular_component,blast,0.61,0.728957,0.135144
cellular_component,blast,0.62,0.728957,0.135144
cellular_component,blast,0.63,0.728957,0.135144
cellular_component,blast,0.64,0.728957,0.135144
cellular_component,blast,0.65,0.728957,0.135144
cellular_component,blast,0.66,0.728957,0.135144
cellular_component,blast,0.67,0.728957,0.135144
cellular_component,blast,0.68,0.728957,0.135144
cellular_component,blast,0.69,0.728957,0.135144
cellular_component,blast,0.7,0.728957,0.135144
cellular_component,blast,0.71,0.728957,0.135144
cellular_component,blast,0.72,0.728957,0.135144
cellular_component,blast,0.73,0.728957,0.135144
cellular_component,blast,0.74,0.728957,0.135144
cellular_component,blast,0.75,0.728957,0.135144
cellular_component,blast,0.76,0.728957,0.135144
cellular_component,blast,0.77,0.728957,0.135144
cellular_component,blast,0.78,0.728957,0.135144
cellular_component,blast,0.79,0.728692,0.134963
cellular_component,blast,0.8,0.728293,0.134691
cellular_component,blast,0.81,0.728293,0.134691
cellular_component,blast,0.82,0.728293,0.134691
cellular_component,blast,0.83,0.728293,0.134691
cellular_component,blast,0.84,0.728293,0.134691
cellular_component,blast,0.85,0.728293,0.134691
cellular_component,blast,0.86,0.728293,0.134691
cellular_component,blast,0.87,0.728293,0.134691
cellular_component,blast,0.88,0.728293,0.134691
cellular_component,blast,0.89,0.728293,0.134691
cellular_component,blast,0.9,0.728293,0.134691
cellular_component,blast,0.91,0.728293,0.134691
cellular_component,blast,0.92,0.728293,0.134691
cellular_component,blast,0.93,0.728293,0.134691
cellular_component,blast,0.94,0.728293,0.134691
cellular_component,blast,0.95,0.728293,0.134691
cellular_component,blast,0.96,0.728293,0.134691
cellular_component,blast,0.97,0.728293,0.134691
cellular_component,blast,0.98,0.728293,0.134691
cellular_component,blast,0.99,0.728293,0.134691
cellular_component,blast_max,0.01,0.716062,0.135417
cellular_component,blast_max,0.02,0.716062,0.135417
cellular_component,blast_max,0.03,0.716062,0.135417
cellular_component,blast_max,0.04,0.716062,0.135417
cellular_component,blast_max,0.05,0.716062,0.135417
cellular_component,blast_max,0.06,0.716062,0.135417
cellular_component,blast_max,0.07,0.716062,0.135417
cellular_component,blast_max,0.08,0.716062,0.135417
cellular_component,blast_max,0.09,0.716062,0.135417
cellular_component,blast_max,0.1,0.716062,0.135417
cellular_component,blast_max,0.11,0.716062,0.135417
cellular_component,blast_max,0.12,0.716062,0.135417
cellular_component,blast_max,0.13,0.716062,0.135417
cellular_component,blast_max,0.14,0.716062,0.135417
cellular_component,blast_max,0.15,0.716062,0.135417
cellular_component,blast_max,0.16,0.716062,0.135417
cellular_component,blast_max,0.17,0.716062,0.135417
cellular_component,blast_max,0.18,0.716062,0.135417
cellular_component,blast_max,0.19,0.716062,0.135417
cellular_component,blast_max,0.2,0.716062,0.135417
cellular_component,blast_max,0.21,0.716062,0.135417
cellular_component,blast_max,0.22,0.716062,0.135417
cellular_component,blast_max,0.23,0.716062,0.135417
cellular_component,blast_max,0.24,0.764989,0.133654
cellular_component,blast_max,0.25,0.764989,0.133654
cellular_component,blast_max,0.26,0.764989,0.133654
cellular_component,blast_max,0.27,0.764989,0.133654
cellular_component,blast_max,0.28,0.764989,0.133654
cellular_component,blast_max,0.29,0.776454,0.133654
cellular_component,blast_max,0.3,0.783758,0.132554
cellular_component,blast_max,0.31,0.783758,0.132554
cellular_component,blast_max,0.32,0.783758,0.132554
cellular_component,blast_max,0.33,0.783758,0.132554
cellular_component,blast_max,0.34,0.783758,0.132554
cellular_component,blast_max,0.35,0.783758,0.132554
cellular_component,blast_max,0.36,0.783758,0.132554
cellular_component,blast_max,0.37,0.786705,0.132554
cellular_component,blast_max,0.38,0.786705,0.132554
cellular_component,blast_max,0.39,0.786705,0.132554
cellular_component,blast_max,0.4,0.786705,0.132554
cellular_component,blast_max,0.41,0.786705,0.132554
cellular_component,blast_max,0.42,0.786705,0.132554
cellular_component,blast_max,0.43,0.786705,0.132554
cellular_component,blast_max,0.44,0.786705,0.132554
cellular_component,blast_max,0.45,0.786705,0.132554
cellular_component,blast_max,0.46,0.786705,0.132554
cellular_component,blast_max,0.47,0.786705,0.132554
cellular_component,blast_max,0.48,0.786705,0.132554
cellular_component,blast_max,0.49,0.786705,0.132554
cellular_component,blast_max,0.5,0.786705,0.132554
cellular_component,blast_max,0.51,0.786705,0.132554
cellular_component,blast_max,0.52,0.785474,0.131587
cellular_component,blast_max,0.53,0.785474,0.131587
cellular_component,blast_max,0.54,0.785474,0.131587
cellular_component,blast_max,0.55,0.785474,0.131587
cellular_component,blast_max,0.56,0.785474,0.131587
cellular_component,blast_max,0.57,0.785474,0.131587
cellular_component,blast_max,0.58,0.785474,0.131587
cellular_component,blast_max,0.59,0.785474,0.131587
cellular_component,blast_max,0.6,0.785474,0.131587
cellular_component,blast_max,0.61,0.785474,0.131587
cellular_component,blast_max,0.62,0.785474,0.131587
cellular_component,blast_max,0.63,0.785474,0.131587
cellular_component,blast_max,0.64,0.785474,0.131587
cellular_component,blast_max,0.65,0.785474,0.131587
cellular_component,blast_max,0.66,0.785474,0.131587
cellular_component,blast_max,0.67,0.785474,0.131587
cellular_component,blast_max,0.68,0.785474,0.131587
cellular_component,blast_max,0.69,0.785474,0.131587
cellular_component,blast_max,0.7,0.785474,0.131587
cellular_component,blast_max,0.71,0.785474,0.131587
cellular_component,blast_max,0.72,0.785474,0.131587
cellular_component,blast_max,0.73,0.785474,0.131587
cellular_component,blast_max,0.74,0.785474,0.131587
cellular_component,blast_max,0.75,0.785474,0.131587
cellular_component,blast_max,0.76,0.785474,0.131587
cellular_component,blast_max,0.77,0.785474,0.131587
cellular_component,blast_max,0.78,0.785474,0.131587
cellular_component,blast_max,0.79,0.785474,0.131587
cellular_component,blast_max,0.8,0.785474,0.131587
cellular_component,blast_max,0.81,0.785474,0.131587
cellular_component,blast_max,0.82,0.785474,0.131587
cellular_component,blast_max,0.83,0.785474,0.131587
cellular_component,blast_max,0.84,0.785474,0.131587
cellular_component,blast_max,0.85,0.785474,0.131587
cellular_component,blast_max,0.86,0.785474,0.131587
cellular_component,blast_max,0.87,0.785474,0.131587
cellular_component,blast_max,0.88,0.785474,0.131587
cellular_component,blast_max,0.89,0.785474,0.131587
cellular_component,blast_max,0.9,0.785474,0.131587
cellular_component,blast_max,0.91,0.785474,0.131587
cellular_component,blast_max,0.92,0.785474,0.131587
cellular_component,blast_max,0.93,0.785474,0.131587
cellular_component,blast_max,0.94,0.785474,0.131587
cellular_component,blast_max,0.95,0.785474,0.131587
cellular_component,blast_max,0.96,0.785474,0.131587
cellular_component,blast_max,0.97,0.785474,0.131587
cellular_component,blast_max,0.98,0.785474,0.126713
cellular_component,blast_max,0.99,0.785474,0.126713
cellular_component,diamond,0.01,0.757495,0.133654
cellular_component,diamond,0.02,0.757495,0.133654
cellular_component,diamond,0.03,0.757495,0.133654
cellular_component,diamond,0.04,0.757495,0.133654
cellular_component,diamond,0.05,0.757495,0.133654
cellular_component,diamond,0.06,0.757495,0.133654
cellular_component,diamond,0.07,0.757495,0.133654
cellular_component,diamond,0.08,0.757495,0.133654
cellular_component,diamond,0.09,0.757495,0.133654
cellular_component,diamond,0.1,0.757495,0.133654
cellular_component,diamond,0.11,0.757495,0.133654
cellular_component,diamond,0.12,0.757495,0.133654
cellular_component,diamond,0.13,0.757495,0.133654
cellular_component,diamond,0.14,0.757495,0.133654
cellular_component,diamond,0.15,0.757495,0.133654
cellular_component,diamond,0.16,0.757495,0.133654
cellular_component,diamond,0.17,0.757495,0.133654
cellular_component,diamond,0.18,0.757495,0.133654
cellular_component,diamond,0.19,0.757495,0.133654
cellular_component,diamond,0.2,0.757495,0.133654
cellular_component,diamond,0.21,0.757495,0.133654
cellular_component,diamond,0.22,0.757495,0.133654
cellular_component,diamond,0.23,0.757495,0.133654
cellular_component,diamond,0.24,0.757495,0.133654
cellular_component,diamond,0.25,0.757495,0.133654
cellular_component,diamond,0.26,0.757495,0.133654
cellular_component,diamond,0.27,0.757495,0.133654
cellular_component,diamond,0.28,0.757495,0.133654
cellular_component,diamond,0.29,0.757495,0.133654
cellular_component,diamond,0.3,0.757495,0.133654
cellular_component,diamond,0.31,0.757495,0.133654
cellular_component,diamond,0.32,0.757495,0.133654
cellular_component,diamond,0.33,0.757495,0.133654
cellular_component,diamond,0.34,0.757495,0.133654
cellular_component,diamond,0.35,0.757495,0.133654
cellular_component,diamond,0.36,0.757495,0.133654
cellular_component,diamond,0.37,0.757495,0.133654
cellular_component,diamond,0.38,0.757495,0.133654
cellular_component,diamond,0.39,0.757495,0.133654
cellular_component,diamond,0.4,0.757495,0.133654
cellular_component,diamond,0.41,0.757495,0.133654
cellular_component,diamond,0.42,0.757495,0.133654
cellular_component,diamond,0.43,0.757495,0.133654
cellular_component,diamond,0.44,0.757495,0.133654
cellular_component,diamond,0.45,0.757495,0.133654
cellular_component,diamond,0.46,0.757495,0.133654
cellular_component,diamond,0.47,0.757495,0.133654
cellular_component,diamond,0.48,0.757495,0.133654
cellular_component,diamond,0.49,0.757495,0.133654
cellular_component,diamond,0.5,0.757495,0.133654
cellular_component,diamond,0.51,0.757495,0.133654
cellular_component,diamond,0.52,0.757495,0.133654
cellular_component,diamond,0.53,0.757495,0.133654
cellular_component,diamond,0.54,0.757495,0.133654
cellular_component,diamond,0.55,0.757495,0.133654
cellular_component,diamond,0.56,0.757495,0.133654
cellular_component,diamond,0.57,0.757495,0.133654
cellular_component,diamond,0.58,0.757495,0.133654
cellular_component,diamond,0.59,0.757495,0.133654
cellular_component,diamond,0.6,0.757495,0.133654
cellular_component,diamond,0.61,0.757495,0.133654
cellular_component,diamond,0.62,0.757495,0.133654
cellular_component,diamond,0.63,0.757495,0.133654
cellular_component,diamond,0.64,0.757495,0.133654
cellular_component,diamond,0.65,0.757495,0.133654
cellular_component,diamond,0.66,0.757495,0.133654
cellular_component,diamond,0.67,0.757495,0.133654
cellular_component,diamond,0.68,0.757495,0.133654
cellular_component,diamond,0.69,0.757495,0.133654
cellular_component,diamond,0.7,0.757495,0.133654
cellular_component,diamond,0.71,0.757495,0.133654
cellular_component,diamond,0.72,0.757495,0.133654
cellular_component,diamond,0.73,0.757495,0.133654
cellular_component,diamond,0.74,0.757495,0.133654
cellular_component,diamond,0.75,0.757495,0.133654
cellular_component,diamond,0.76,0.757495,0.133654
cellular_component,diamond,0.77,0.757495,0.133654
cellular_component,diamond,0.78,0.757495,0.133654
cellular_component,diamond,0.79,0.757495,0.133654
cellular_component,diamond,0.8,0.757495,0.133654
cellular_component,diamond,0.81,0.757495,0.133654
cellular_component,diamond,0.82,0.757495,0.133654
cellular_component,diamond,0.83,0.757495,0.133654
cellular_component,diamond,0.84,0.757495,0.133654
cellular_component,diamond,0.85,0.757495,0.133654
cellular_component,diamond,0.86,0.757495,0.133654
cellular_component,diamond,0.87,0.757495,0.133654
cellular_component,diamond,0.88,0.757495,0.133654
cellular_component,diamond,0.89,0.757495,0.133654
cellular_component,diamond,0.9,0.757495,0.133654
cellular_component,diamond,0.91,0.757495,0.133654
cellular_component,diamond,0.92,0.757495,0.133654
cellular_component,diamond,0.93,0.757495,0.133654
cellular_component,diamond,0.94,0.757495,0.133654
cellular_component,diamond,0.95,0.757495,0.133654
cellular_component,diamond,0.96,0.757495,0.133654
cellular_component,diamond,0.97,0.757495,0.133654
cellular_component,diamond,0.98,0.757495,0.133654
cellular_component,diamond,0.99,0.757495,0.133654
cellular_component,diamond_max,0.01,0.757495,0.133654
cellular_component,diamond_max,0.02,0.757495,0.133654
cellular_component,diamond_max,0.03,0.757495,0.133654
cellular_component,diamond_max,0.04,0.757495,0.133654
cellular_component,diamond_max,0.05,0.757495,0.133654
cellular_component,diamond_max,0.06,0.757495,0.133654
cellular_component,diamond_max,0.07,0.757495,0.133654
cellular_component,diamond_max,0.08,0.757495,0.133654
cellular_component,diamond_max,0.09,0.757495,0.133654
cellular_component,diamond_max,0.1,0.757495,0.133654
cellular_component,diamond_max,0.11,0.757495,0.133654
cellular_component,diamond_max,0.12,0.757495,0.133654
cellular_component,diamond_max,0.13,0.757495,0.133654
cellular_component,diamond_max,0.14,0.757495,0.133654
cellular_component,diamond_max,0.15,0.757495,0.133654
cellular_component,diamond_max,0.16,0.757495,0.133654
cellular_component,diamond_max,0.17,0.757495,0.133654
cellular_component,diamond_max,0.18,0.757495,0.133654
cellular_component,diamond_max,0.19,0.757495,0.133654
cellular_component,diamond_max,0.2,0.757495,0.133654
cellular_component,diamond_max,0.21,0.757495,0.133654
cellular_component,diamond_max,0.22,0.757495,0.133654
cellular_component,diamond_max,0.23,0.757495,0.133654
cellular_component,diamond_max,0.24,0.757495,0.133654
cellular_component,diamond_max,0.25,0.757495,0.133654
cellular_component,diamond_max,0.26,0.757495,0.133654
cellular_component,diamond_max,0.27,0.757495,0.133654
cellular_component,diamond_max,0.28,0.757495,0.133654
cellular_component,diamond_max,0.29,0.783758,0.132554
cellular_component,diamond_max,0.3,0.783758,0.132554
cellular_component,diamond_max,0.31,0.783758,0.132554
cellular_component,diamond_max,0.32,0.783758,0.132554
cellular_component,diamond_max,0.33,0.783758,0.132554
cellular_component,diamond_max,0.34,0.783758,0.132554
cellular_component,diamond_max,0.35,0.783758,0.132554
cellular_component,diamond_max,0.36,0.783758,0.132554
cellular_component,diamond_max,0.37,0.786705,0.132554
cellular_component,diamond_max,0.38,0.786705,0.132554
cellular_component,diamond_max,0.39,0.786705,0.132554
cellular_component,diamond_max,0.4,0.786705,0.132554
cellular_component,diamond_max,0.41,0.786705,0.132554
cellular_component,diamond_max,0.42,0.786705,0.132554
cellular_component,diamond_max,0.43,0.786705,0.132554
cellular_component,diamond_max,0.44,0.786705,0.132554
cellular_component,diamond_max,0.45,0.786705,0.132554
cellular_component,diamond_max,0.46,0.786705,0.132554
cellular_component,diamond_max,0.47,0.786705,0.132554
cellular_component,diamond_max,0.48,0.786705,0.132554
cellular_component,diamond_max,0.49,0.786705,0.132554
cellular_component,diamond_max,0.5,0.786705,0.132554
cellular_component,diamond_max,0.51,0.786705,0.132554
cellular_component,diamond_max,0.52,0.786705,0.132554
cellular_component,diamond_max,0.53,0.786705,0.132554
cellular_component,diamond_max,0.54,0.785474,0.131587
cellular_component,diamond_max,0.55,0.785474,0.131587
cellular_component,diamond_max,0.56,0.785474,0.131587
cellular_component,diamond_max,0.57,0.785474,0.131587
cellular_component,diamond_max,0.58,0.785474,0.131587
cellular_component,diamond_max,0.59,0.785474,0.131587
cellular_component,diamond_max,0.6,0.785474,0.131587
cellular_component,diamond_max,0.61,0.785474,0.131587
cellular_component,diamond_max,0.62,0.785474,0.131587
cellular_component,diamond_max,0.63,0.785474,0.131587
cellular_component,diamond_max,0.64,0.785474,0.131587
cellular_component,diamond_max,0.65,0.785474,0.131587
cellular_component,diamond_max,0.66,0.785474,0.131587
cellular_component,diamond_max,0.67,0.785474,0.131587
cellular_component,diamond_max,0.68,0.785474,0.131587
cellular_component,diamond_max,0.69,0.785474,0.131587
cellular_component,diamond_max,0.7,0.785474,0.131587
cellular_component,diamond_max,0.71,0.785474,0.131587
cellular_component,diamond_max,0.72,0.785474,0.131587
cellular_component,diamond_max,0.73,0.785474,0.131587
cellular_component,diamond_max,0.74,0.785474,0.131587
cellular_component,diamond_max,0.75,0.785474,0.131587
cellular_component,diamond_max,0.76,0.785474,0.131587
cellular_component,diamond_max,0.77,0.785474,0.131587
cellular_component,diamond_max,0.78,0.785474,0.131587
cellular_component,diamond_max,0.79,0.785474,0.131587
cellular_component,diamond_max,0.8,0.785474,0.131587
cellular_component,diamond_max,0.81,0.785474,0.131587
cellular_component,diamond_max,0.82,0.785474,0.131587
cellular_component,diamond_max,0.83,0.785474,0.131587
cellular_component,diamond_max,0.84,0.785474,0.131587
cellular_component,diamond_max,0.85,0.785474,0.131587
cellular_component,diamond_max,0.86,0.785474,0.131587
cellular_component,diamond_max,0.87,0.785474,0.131587
cellular_component,diamond_max,0.88,0.785474,0.131587
cellular_component,diamond_max,0.89,0.785474,0.131587
cellular_component,diamond_max,0.9,0.785474,0.131587
cellular_component,diamond_max,0.91,0.785474,0.131587
cellular_component,diamond_max,0.92,0.785474,0.131587
cellular_component,diamond_max,0.93,0.785474,0.131587
cellular_component,diamond_max,0.94,0.785474,0.131587
cellular_component,diamond_max,0.95,0.785474,0.131587
cellular_component,diamond_max,0.96,0.785474,0.131587
cellular_component,diamond_max,0.97,0.785474,0.131587
cellular_component,diamond_max,0.98,0.785474,0.131587
cellular_component,diamond_max,0.99,0.785474,0.131587
cellular_component,foldseek,0.01,0.451596,0.151896
cellular_component,foldseek,0.02,0.451596,0.151896
cellular_component,foldseek,0.03,0.451596,0.151896
cellular_component,foldseek,0.04,0.451596,0.151896
cellular_component,foldseek,0.05,0.451596,0.151896
cellular_component,foldseek,0.06,0.451596,0.151896
cellular_component,foldseek,0.07,0.451596,0.151896
cellular_component,foldseek,0.08,0.451596,0.151896
cellular_component,foldseek,0.09,0.451596,0.151896
cellular_component,foldseek,0.1,0.451596,0.151896
cellular_component,foldseek,0.11,0.451596,0.151896
cellular_component,foldseek,0.12,0.451954,0.151896
cellular_component,foldseek,0.13,0.452747,0.151896
cellular_component,foldseek,0.14,0.453904,0.151896
cellular_component,foldseek,0.15,0.45499,0.151896
cellular_component,foldseek,0.16,0.457344,0.151896
cellular_component,foldseek,0.17,0.467307,0.150141
cellular_component,foldseek,0.18,0.476389,0.149793
cellular_component,foldseek,0.19,0.489954,0.149793
cellular_component,foldseek,0.2,0.489954,0.149793
cellular_component,foldseek,0.21,0.489954,0.149793
cellular_component,foldseek,0.22,0.489954,0.149793
cellular_component,foldseek,0.23,0.489954,0.149793
cellular_component,foldseek,0.24,0.489954,0.149793
cellular_component,foldseek,0.25,0.489954,0.149793
cellular_component,foldseek,0.26,0.489954,0.149793
cellular_component,foldseek,0.27,0.489954,0.149793
cellular_component,foldseek,0.28,0.489954,0.149793
cellular_component,foldseek,0.29,0.490944,0.149793
cellular_component,foldseek,0.3,0.490944,0.149793
cellular_component,foldseek,0.31,0.490944,0.149793
cellular_component,foldseek,0.32,0.490655,0.14962
cellular_component,foldseek,0.33,0.490655,0.14962
cellular_component,foldseek,0.34,0.490655,0.14962
cellular_component,foldseek,0.35,0.490655,0.14962
cellular_component,foldseek,0.36,0.490655,0.14962
cellular_component,foldseek,0.37,0.491084,0.14962
cellular_component,foldseek,0.38,0.502263,0.14962
cellular_component,foldseek,0.39,0.502712,0.14962
cellular_component,foldseek,0.4,0.515574,0.14962
cellular_component,foldseek,0.41,0.524188,0.14953
cellular_component,foldseek,0.42,0.529193,0.149231
cellular_component,foldseek,0.43,0.53521,0.149231
cellular_component,foldseek,0.44,0.535722,0.149231
cellular_component,foldseek,0.45,0.550058,0.149231
cellular_component,foldseek,0.46,0.55971,0.149231
cellular_component,foldseek,0.47,0.563341,0.149231
cellular_component,foldseek,0.48,0.56574,0.149231
cellular_component,foldseek,0.49,0.567842,0.149231
cellular_component,foldseek,0.5,0.569126,0.149231
cellular_component,foldseek,0.51,0.571187,0.149231
cellular_component,foldseek,0.52,0.573653,0.149231
cellular_component,foldseek,0.53,0.574567,0.149231
cellular_component,foldseek,0.54,0.576526,0.149231
cellular_component,foldseek,0.55,0.576526,0.149231
cellular_component,foldseek,0.56,0.579313,0.147334
cellular_component,foldseek,0.57,0.580256,0.147334
cellular_component,foldseek,0.58,0.581203,0.147334
cellular_component,foldseek,0.59,0.584966,0.147334
cellular_component,foldseek,0.6,0.586077,0.147105
cellular_component,foldseek,0.61,0.596871,0.146932
cellular_component,foldseek,0.62,0.597337,0.14676
cellular_component,foldseek,0.63,0.599615,0.146231
cellular_component,foldseek,0.64,0.602651,0.146231
cellular_component,foldseek,0.65,0.603067,0.146231
cellular_component,foldseek,0.66,0.603636,0.146231
cellular_component,foldseek,0.67,0.603636,0.146231
cellular_component,foldseek,0.68,0.603636,0.146231
cellular_component,foldseek,0.69,0.603636,0.146231
cellular_component,foldseek,0.7,0.603636,0.146231
cellular_component,foldseek,0.71,0.603636,0.146231
cellular_component,foldseek,0.72,0.603636,0.146231
cellular_component,foldseek,0.73,0.603636,0.146231
cellular_component,foldseek,0.74,0.603636,0.146231
cellular_component,foldseek,0.75,0.603636,0.146231
cellular_component,foldseek,0.76,0.603636,0.146231
cellular_component,foldseek,0.77,0.603636,0.146231
cellular_component,foldseek,0.78,0.603636,0.146231
cellular_component,foldseek,0.79,0.603636,0.146231
cellular_component,foldseek,0.8,0.603636,0.146231
cellular_component,foldseek,0.81,0.603612,0.145952
cellular_component,foldseek,0.82,0.621694,0.145606
cellular_component,foldseek,0.83,0.644827,0.145178
cellular_component,foldseek,0.84,0.665958,0.145178
cellular_component,foldseek,0.85,0.672936,0.145178
cellular_component,foldseek,0.86,0.672936,0.145178
cellular_component,foldseek,0.87,0.672936,0.145178
cellular_component,foldseek,0.88,0.672936,0.145178
cellular_component,foldseek,0.89,0.672936,0.145178
cellular_component,foldseek,0.9,0.672936,0.145178
cellular_component,foldseek,0.91,0.672936,0.145178
cellular_component,foldseek,0.92,0.672936,0.145178
cellular_component,foldseek,0.93,0.672936,0.145178
cellular_component,foldseek,0.94,0.672936,0.145178
cellular_component,foldseek,0.95,0.672936,0.145178
cellular_component,foldseek,0.96,0.672936,0.145178
cellular_component,foldseek,0.97,0.672936,0.145178
cellular_component,foldseek,0.98,0.672936,0.145178
cellular_component,foldseek,0.99,0.672936,0.145178
cellular_component,foldseek_max,0.01,0.533533,0.146018
cellular_component,foldseek_max,0.02,0.533533,0.146018
cellular_component,foldseek_max,0.03,0.533533,0.146018
cellular_component,foldseek_max,0.04,0.533533,0.146018
cellular_component,foldseek_max,0.05,0.533533,0.146018
cellular_component,foldseek_max,0.06,0.533533,0.146018
cellular_component,foldseek_max,0.07,0.533533,0.146018
cellular_component,foldseek_max,0.08,0.533533,0.146018
cellular_component,foldseek_max,0.09,0.533533,0.146018
cellular_component,foldseek_max,0.1,0.536684,0.145118
cellular_component,foldseek_max,0.11,0.581027,0.143719
cellular_component,foldseek_max,0.12,0.606733,0.141727
cellular_component,foldseek_max,0.13,0.610396,0.141036
cellular_component,foldseek_max,0.14,0.615866,0.141036
cellular_component,foldseek_max,0.15,0.630383,0.14101
cellular_component,foldseek_max,0.16,0.656959,0.138273
cellular_component,foldseek_max,0.17,0.682931,0.136791
cellular_component,foldseek_max,0.18,0.735684,0.136484
cellular_component,foldseek_max,0.19,0.743257,0.136484
cellular_component,foldseek_max,0.2,0.742043,0.13562
cellular_component,foldseek_max,0.21,0.741799,0.135447
cellular_component,foldseek_max,0.22,0.754498,0.134635
cellular_component,foldseek_max,0.23,0.754124,0.134364
cellular_component,foldseek_max,0.24,0.76147,0.133835
cellular_component,foldseek_max,0.25,0.761224,0.133654
cellular_component,foldseek_max,0.26,0.761224,0.133654
cellular_component,foldseek_max,0.27,0.761224,0.133654
cellular_component,foldseek_max,0.28,0.761224,0.133654
cellular_component,foldseek_max,0.29,0.783758,0.132554
cellular_component,foldseek_max,0.3,0.783758,0.132554
cellular_component,foldseek_max,0.31,0.783758,0.132554
cellular_component,foldseek_max,0.32,0.783758,0.132554
cellular_component,foldseek_max,0.33,0.783758,0.132554
cellular_component,foldseek_max,0.34,0.783758,0.132554
cellular_component,foldseek_max,0.35,0.784178,0.132554
cellular_component,foldseek_max,0.36,0.786705,0.132554
cellular_component,foldseek_max,0.37,0.786705,0.132554
cellular_component,foldseek_max,0.38,0.786705,0.132554
cellular_component,foldseek_max,0.39,0.786705,0.132554
cellular_component,foldseek_max,0.4,0.786705,0.132554
cellular_component,foldseek_max,0.41,0.786705,0.132554
cellular_component,foldseek_max,0.42,0.786705,0.132554
cellular_component,foldseek_max,0.43,0.786705,0.132554
cellular_component,foldseek_max,0.44,0.786705,0.132554
cellular_component,foldseek_max,0.45,0.786705,0.132554
cellular_component,foldseek_max,0.46,0.786705,0.132554
cellular_component,foldseek_max,0.47,0.786705,0.132554
cellular_component,foldseek_max,0.48,0.786705,0.132554
cellular_component,foldseek_max,0.49,0.786705,0.132554
cellular_component,foldseek_max,0.5,0.786705,0.132554
cellular_component,foldseek_max,0.51,0.786705,0.132554
cellular_component,foldseek_max,0.52,0.786705,0.132554
cellular_component,foldseek_max,0.53,0.785474,0.131587
cellular_component,foldseek_max,0.54,0.785474,0.131587
cellular_component,foldseek_max,0.55,0.785474,0.131587
cellular_component,foldseek_max,0.56,0.785474,0.131587
cellular_component,foldseek_max,0.57,0.785474,0.131587
cellular_component,foldseek_max,0.58,0.785474,0.131587
cellular_component,foldseek_max,0.59,0.785474,0.131587
cellular_component,foldseek_max,0.6,0.785474,0.131587
cellular_component,foldseek_max,0.61,0.785474,0.131587
cellular_component,foldseek_max,0.62,0.785474,0.131587
cellular_component,foldseek_max,0.63,0.785474,0.131587
cellular_component,foldseek_max,0.64,0.785474,0.131587
cellular_component,foldseek_max,0.65,0.785474,0.131587
cellular_component,foldseek_max,0.66,0.785474,0.131587
cellular_component,foldseek_max,0.67,0.785474,0.131587
cellular_component,foldseek_max,0.68,0.785474,0.131587
cellular_component,foldseek_max,0.69,0.785474,0.131587
cellular_component,foldseek_max,0.7,0.785474,0.131587
cellular_component,foldseek_max,0.71,0.785474,0.131587
cellular_component,foldseek_max,0.72,0.785474,0.131587
cellular_component,foldseek_max,0.73,0.785474,0.131587
cellular_component,foldseek_max,0.74,0.785474,0.131587
cellular_component,foldseek_max,0.75,0.785474,0.131587
cellular_component,foldseek_max,0.76,0.785474,0.131587
cellular_component,foldseek_max,0.77,0.785474,0.131587
cellular_component,foldseek_max,0.78,0.785474,0.131587
cellular_component,foldseek_max,0.79,0.785474,0.131587
cellular_component,foldseek_max,0.8,0.785474,0.131587
cellular_component,foldseek_max,0.81,0.785474,0.131587
cellular_component,foldseek_max,0.82,0.785474,0.131587
cellular_component,foldseek_max,0.83,0.785474,0.131587
cellular_component,foldseek_max,0.84,0.785474,0.131587
cellular_component,foldseek_max,0.85,0.785474,0.131587
cellular_component,foldseek_max,0.86,0.785474,0.131587
cellular_component,foldseek_max,0.87,0.785474,0.131587
cellular_component,foldseek_max,0.88,0.785474,0.131587
cellular_component,foldseek_max,0.89,0.785474,0.131587
cellular_component,foldseek_max,0.9,0.785474,0.131587
cellular_component,foldseek_max,0.91,0.785474,0.131587
cellular_component,foldseek_max,0.92,0.785474,0.131587
cellular_component,foldseek_max,0.93,0.785474,0.131587
cellular_component,foldseek_max,0.94,0.785474,0.131587
cellular_component,foldseek_max,0.95,0.785474,0.131587
cellular_component,foldseek_max,0.96,0.785474,0.131587
cellular_component,foldseek_max,0.97,0.785474,0.131587
cellular_component,foldseek_max,0.98,0.785474,0.131587
cellular_component,foldseek_max,0.99,0.785474,0.004874
cellular_component,deepfri_sequence,0.01,0.065333,0.678318
cellular_component,deepfri_sequence,0.02,0.110875,0.490025
cellular_component,deepfri_sequence,0.03,0.147866,0.40404
cellular_component,deepfri_sequence,0.04,0.167703,0.30571
cellular_component,deepfri_sequence,0.05,0.211154,0.250545
cellular_component,deepfri_sequence,0.06,0.243283,0.204013
cellular_component,deepfri_sequence,0.07,0.269699,0.188015
cellular_component,deepfri_sequence,0.08,0.310261,0.174709
cellular_component,deepfri_sequence,0.09,0.317987,0.150753
cellular_component,deepfri_sequence,0.1,0.345007,0.140138
cellular_component,deepfri_sequence,0.11,0.370767,0.128687
cellular_component,deepfri_sequence,0.12,0.425538,0.124014
cellular_component,deepfri_sequence,0.13,0.459928,0.118801
cellular_component,deepfri_sequence,0.14,0.514434,0.116052
cellular_component,deepfri_sequence,0.15,0.567294,0.11113
cellular_component,deepfri_sequence,0.16,0.5697,0.098975
cellular_component,deepfri_sequence,0.17,0.564137,0.079891
cellular_component,deepfri_sequence,0.18,0.575238,0.062023
cellular_component,deepfri_sequence,0.19,0.556014,0.054068
cellular_component,deepfri_sequence,0.2,0.546415,0.044206
cellular_component,deepfri_sequence,0.21,0.526904,0.03849
cellular_component,deepfri_sequence,0.22,0.517615,0.034799
cellular_component,deepfri_sequence,0.23,0.534903,0.034436
cellular_component,deepfri_sequence,0.24,0.539398,0.025583
cellular_component,deepfri_sequence,0.25,0.522881,0.022683
cellular_component,deepfri_sequence,0.26,0.546961,0.021253
cellular_component,deepfri_sequence,0.27,0.530157,0.019444
cellular_component,deepfri_sequence,0.28,0.570729,0.018485
cellular_component,deepfri_sequence,0.29,0.618409,0.016726
cellular_component,deepfri_sequence,0.3,0.613217,0.016363
cellular_component,deepfri_sequence,0.31,0.613217,0.016363
cellular_component,deepfri_sequence,0.32,0.603643,0.015719
cellular_component,deepfri_sequence,0.33,0.598132,0.012447
cellular_component,deepfri_sequence,0.34,0.598132,0.012447
cellular_component,deepfri_sequence,0.35,0.602123,0.012311
cellular_component,deepfri_sequence,0.36,0.606258,0.012176
cellular_component,deepfri_sequence,0.37,0.562238,0.010156
cellular_component,deepfri_sequence,0.38,0.516357,0.008443
cellular_component,deepfri_sequence,0.39,0.516357,0.008443
cellular_component,deepfri_sequence,0.4,0.503712,0.008026
cellular_component,deepfri_sequence,0.41,0.503712,0.008026
cellular_component,deepfri_sequence,0.42,0.503712,0.008026
cellular_component,deepfri_sequence,0.43,0.480014,0.0073
cellular_component,deepfri_sequence,0.44,0.480014,0.0073
cellular_component,deepfri_sequence,0.45,0.424417,0.005831
cellular_component,deepfri_sequence,0.46,0.35638,0.004379
cellular_component,deepfri_sequence,0.47,0.35638,0.004379
cellular_component,deepfri_sequence,0.48,0.336781,0.004015
cellular_component,deepfri_sequence,0.49,0.336781,0.004015
cellular_component,deepfri_sequence,0.5,0.336781,0.004015
cellular_component,deepfri_sequence,0.51,0.336781,0.004015
cellular_component,deepfri_sequence,0.52,0.268639,0.002905
cellular_component,deepfri_sequence,0.53,0.268639,0.002905
cellular_component,deepfri_sequence,0.54,0.268639,0.002905
cellular_component,deepfri_sequence,0.55,0.268639,0.002905
cellular_component,deepfri_sequence,0.56,0.268639,0.002905
cellular_component,deepfri_sequence,0.57,0.243227,0.002542
cellular_component,deepfri_sequence,0.58,0.243227,0.002542
cellular_component,deepfri_sequence,0.59,0.243227,0.002542
cellular_component,deepfri_sequence,0.6,0.243227,0.002542
cellular_component,deepfri_sequence,0.61,0.243227,0.002542
cellular_component,deepfri_sequence,0.62,0.137103,0.001256
cellular_component,deepfri_sequence,0.63,0.0,0.0
cellular_component,deepfri_sequence,0.64,0.0,0.0
cellular_component,deepfri_sequence,0.65,0.0,0.0
cellular_component,deepfri_sequence,0.66,0.0,0.0
cellular_component,deepfri_sequence,0.67,0.0,0.0
cellular_component,deepfri_sequence,0.68,0.0,0.0
cellular_component,deepfri_sequence,0.69,0.0,0.0
cellular_component,deepfri_sequence,0.7,0.0,0.0
cellular_component,deepfri_sequence,0.71,0.0,0.0
cellular_component,deepfri_sequence,0.72,,0.0
cellular_component,deepfri_sequence,0.73,,0.0
cellular_component,deepfri_sequence,0.74,,0.0
cellular_component,deepfri_sequence,0.75,,0.0
cellular_component,deepfri_sequence,0.76,,0.0
cellular_component,deepfri_sequence,0.77,,0.0
cellular_component,deepfri_sequence,0.78,,0.0
cellular_component,deepfri_sequence,0.79,,0.0
cellular_component,deepfri_sequence,0.8,,0.0
cellular_component,deepfri_sequence,0.81,,0.0
cellular_component,deepfri_sequence,0.82,,0.0
cellular_component,deepfri_sequence,0.83,,0.0
cellular_component,deepfri_sequence,0.84,,0.0
cellular_component,deepfri_sequence,0.85,,0.0
cellular_component,deepfri_sequence,0.86,,0.0
cellular_component,deepfri_sequence,0.87,,0.0
cellular_component,deepfri_sequence,0.88,,0.0
cellular_component,deepfri_sequence,0.89,,0.0
cellular_component,deepfri_sequence,0.9,,0.0
cellular_component,deepfri_sequence,0.91,,0.0
cellular_component,deepfri_sequence,0.92,,0.0
cellular_component,deepfri_sequence,0.93,,0.0
cellular_component,deepfri_sequence,0.94,,0.0
cellular_component,deepfri_sequence,0.95,,0.0
cellular_component,deepfri_sequence,0.96,,0.0
cellular_component,deepfri_sequence,0.97,,0.0
cellular_component,deepfri_sequence,0.98,,0.0
cellular_component,deepfri_sequence,0.99,,0.0
cellular_component,deepfri_structure,0.01,0.079723,0.829805
cellular_component,deepfri_structure,0.02,0.100427,0.763887
cellular_component,deepfri_structure,0.03,0.12381,0.731823
cellular_component,deepfri_structure,0.04,0.143581,0.697497
cellular_component,deepfri_structure,0.05,0.163918,0.679443
cellular_component,deepfri_structure,0.06,0.175385,0.635852
cellular_component,deepfri_structure,0.07,0.18441,0.576711
cellular_component,deepfri_structure,0.08,0.187181,0.528621
cellular_component,deepfri_structure,0.09,0.198457,0.512636
cellular_component,deepfri_structure,0.1,0.210659,0.489695
cellular_component,deepfri_structure,0.11,0.229693,0.480087
cellular_component,deepfri_structure,0.12,0.235019,0.452142
cellular_component,deepfri_structure,0.13,0.240103,0.428428
cellular_component,deepfri_structure,0.14,0.249526,0.411257
cellular_component,deepfri_structure,0.15,0.263364,0.397127
cellular_component,deepfri_structure,0.16,0.272313,0.372832
cellular_component,deepfri_structure,0.17,0.279866,0.34791
cellular_component,deepfri_structure,0.18,0.282769,0.332032
cellular_component,deepfri_structure,0.19,0.291283,0.315209
cellular_component,deepfri_structure,0.2,0.292164,0.289568
cellular_component,deepfri_structure,0.21,0.296704,0.28105
cellular_component,deepfri_structure,0.22,0.294578,0.265437
cellular_component,deepfri_structure,0.23,0.29401,0.247069
cellular_component,deepfri_structure,0.24,0.29834,0.23706
cellular_component,deepfri_structure,0.25,0.31359,0.232555
cellular_component,deepfri_structure,0.26,0.324983,0.22854
cellular_component,deepfri_structure,0.27,0.335663,0.225789
cellular_component,deepfri_structure,0.28,0.341312,0.220621
cellular_component,deepfri_structure,0.29,0.336213,0.204304
cellular_component,deepfri_structure,0.3,0.340984,0.202738
cellular_component,deepfri_structure,0.31,0.356197,0.199692
cellular_component,deepfri_structure,0.32,0.369235,0.196649
cellular_component,deepfri_structure,0.33,0.378089,0.191165
cellular_component,deepfri_structure,0.34,0.385617,0.181781
cellular_component,deepfri_structure,0.35,0.393718,0.178683
cellular_component,deepfri_structure,0.36,0.398602,0.175
cellular_component,deepfri_structure,0.37,0.40507,0.171371
cellular_component,deepfri_structure,0.38,0.408219,0.168961
cellular_component,deepfri_structure,0.39,0.413344,0.167079
cellular_component,deepfri_structure,0.4,0.422327,0.155472
cellular_component,deepfri_structure,0.41,0.456369,0.15297
cellular_component,deepfri_structure,0.42,0.487157,0.146275
cellular_component,deepfri_structure,0.43,0.524651,0.144653
cellular_component,deepfri_structure,0.44,0.542131,0.139152
cellular_component,deepfri_structure,0.45,0.56323,0.13785
cellular_component,deepfri_structure,0.46,0.591996,0.135867
cellular_component,deepfri_structure,0.47,0.613989,0.129931
cellular_component,deepfri_structure,0.48,0.612688,0.122299
cellular_component,deepfri_structure,0.49,0.602088,0.114733
cellular_component,deepfri_structure,0.5,0.601323,0.106769
cellular_component,deepfri_structure,0.51,0.591902,0.099867
cellular_component,deepfri_structure,0.52,0.589639,0.096805
cellular_component,deepfri_structure,0.53,0.592315,0.094646
cellular_component,deepfri_structure,0.54,0.603898,0.092092
cellular_component,deepfri_structure,0.55,0.600399,0.087308
cellular_component,deepfri_structure,0.56,0.59859,0.085288
cellular_component,deepfri_structure,0.57,0.606903,0.084635
cellular_component,deepfri_structure,0.58,0.616181,0.082367
cellular_component,deepfri_structure,0.59,0.618214,0.081278
cellular_component,deepfri_structure,0.6,0.619856,0.080197
cellular_component,deepfri_structure,0.61,0.631656,0.079065
cellular_component,deepfri_structure,0.62,0.639017,0.077063
cellular_component,deepfri_structure,0.63,0.641507,0.076818
cellular_component,deepfri_structure,0.64,0.643613,0.074693
cellular_component,deepfri_structure,0.65,0.633587,0.069811
cellular_component,deepfri_structure,0.66,0.612668,0.062644
cellular_component,deepfri_structure,0.67,0.592688,0.056379
cellular_component,deepfri_structure,0.68,0.56264,0.049844
cellular_component,deepfri_structure,0.69,0.52783,0.042762
cellular_component,deepfri_structure,0.7,0.518226,0.038986
cellular_component,deepfri_structure,0.71,0.501302,0.034046
cellular_component,deepfri_structure,0.72,0.468646,0.029552
cellular_component,deepfri_structure,0.73,0.422956,0.023584
cellular_component,deepfri_structure,0.74,0.416723,0.022122
cellular_component,deepfri_structure,0.75,0.440679,0.020967
cellular_component,deepfri_structure,0.76,0.44416,0.019278
cellular_component,deepfri_structure,0.77,0.434029,0.017614
cellular_component,deepfri_structure,0.78,0.42308,0.016465
cellular_component,deepfri_structure,0.79,0.402954,0.014809
cellular_component,deepfri_structure,0.8,0.404034,0.014507
cellular_component,deepfri_structure,0.81,0.412506,0.014278
cellular_component,deepfri_structure,0.82,0.399917,0.013552
cellular_component,deepfri_structure,0.83,0.362421,0.011234
cellular_component,deepfri_structure,0.84,0.37618,0.010936
cellular_component,deepfri_structure,0.85,0.37618,0.010936
cellular_component,deepfri_structure,0.86,0.37618,0.010936
cellular_component,deepfri_structure,0.87,0.382811,0.010433
cellular_component,deepfri_structure,0.88,0.414581,0.010369
cellular_component,deepfri_structure,0.89,0.453949,0.010006
cellular_component,deepfri_structure,0.9,0.454591,0.009573
cellular_component,deepfri_structure,0.91,0.440198,0.008525
cellular_component,deepfri_structure,0.92,0.493512,0.008106
cellular_component,deepfri_structure,0.93,0.515202,0.007772
cellular_component,deepfri_structure,0.94,0.503128,0.007256
cellular_component,deepfri_structure,0.95,0.503128,0.007256
cellular_component,deepfri_structure,0.96,0.485631,0.006765
cellular_component,deepfri_structure,0.97,0.456945,0.006029
cellular_component,deepfri_structure,0.98,0.456945,0.006029
cellular_component,deepfri_structure,0.99,0.465583,0.006029
cellular_component,dpfunc,0.01,0.046251,0.224198
cellular_component,dpfunc,0.02,0.055072,0.211841
cellular_component,dpfunc,0.03,0.059706,0.201337
cellular_component,dpfunc,0.04,0.065001,0.190498
cellular_component,dpfunc,0.05,0.069803,0.186981
cellular_component,dpfunc,0.06,0.075341,0.182803
cellular_component,dpfunc,0.07,0.077949,0.177374
cellular_component,dpfunc,0.08,0.079495,0.16989
cellular_component,dpfunc,0.09,0.080238,0.161989
cellular_component,dpfunc,0.1,0.084906,0.159394
cellular_component,dpfunc,0.11,0.08858,0.156893
cellular_component,dpfunc,0.12,0.101273,0.155545
cellular_component,dpfunc,0.13,0.104479,0.152497
cellular_component,dpfunc,0.14,0.100321,0.139983
cellular_component,dpfunc,0.15,0.100972,0.133572
cellular_component,dpfunc,0.16,0.103138,0.132489
cellular_component,dpfunc,0.17,0.106103,0.13224
cellular_component,dpfunc,0.18,0.108157,0.131758
cellular_component,dpfunc,0.19,0.109874,0.131078
cellular_component,dpfunc,0.2,0.109823,0.129024
cellular_component,dpfunc,0.21,0.106798,0.120069
cellular_component,dpfunc,0.22,0.106219,0.116409
cellular_component,dpfunc,0.23,0.110017,0.115867
cellular_component,dpfunc,0.24,0.110584,0.114757
cellular_component,dpfunc,0.25,0.113098,0.114125
cellular_component,dpfunc,0.26,0.117118,0.113588
cellular_component,dpfunc,0.27,0.117734,0.11329
cellular_component,dpfunc,0.28,0.11936,0.11329
cellular_component,dpfunc,0.29,0.120684,0.112263
cellular_component,dpfunc,0.3,0.122919,0.111857
cellular_component,dpfunc,0.31,0.123741,0.111722
cellular_component,dpfunc,0.32,0.125347,0.111529
cellular_component,dpfunc,0.33,0.129177,0.111381
cellular_component,dpfunc,0.34,0.132962,0.111245
cellular_component,dpfunc,0.35,0.135311,0.111245
cellular_component,dpfunc,0.36,0.1351,0.109419
cellular_component,dpfunc,0.37,0.135794,0.109284
cellular_component,dpfunc,0.38,0.136577,0.108937
cellular_component,dpfunc,0.39,0.138021,0.105274
cellular_component,dpfunc,0.4,0.138964,0.104032
cellular_component,dpfunc,0.41,0.140246,0.104032
cellular_component,dpfunc,0.42,0.141406,0.103568
cellular_component,dpfunc,0.43,0.142188,0.103035
cellular_component,dpfunc,0.44,0.14235,0.102585
cellular_component,dpfunc,0.45,0.14329,0.102462
cellular_component,dpfunc,0.46,0.147957,0.102462
cellular_component,dpfunc,0.47,0.150639,0.101943
cellular_component,dpfunc,0.48,0.151097,0.101554
cellular_component,dpfunc,0.49,0.151533,0.101554
cellular_component,dpfunc,0.5,0.152354,0.101554
cellular_component,dpfunc,0.51,0.153254,0.101406
cellular_component,dpfunc,0.52,0.153831,0.100719
cellular_component,dpfunc,0.53,0.154629,0.100113
cellular_component,dpfunc,0.54,0.15543,0.099587
cellular_component,dpfunc,0.55,0.155551,0.099264
cellular_component,dpfunc,0.56,0.156794,0.099114
cellular_component,dpfunc,0.57,0.156792,0.098969
cellular_component,dpfunc,0.58,0.156447,0.098642
cellular_component,dpfunc,0.59,0.156523,0.098517
cellular_component,dpfunc,0.6,0.156311,0.098266
cellular_component,dpfunc,0.61,0.154817,0.096816
cellular_component,dpfunc,0.62,0.155019,0.096402
cellular_component,dpfunc,0.63,0.156611,0.096367
cellular_component,dpfunc,0.64,0.157748,0.09613
cellular_component,dpfunc,0.65,0.158005,0.096049
cellular_component,dpfunc,0.66,0.158296,0.095938
cellular_component,dpfunc,0.67,0.159251,0.095568
cellular_component,dpfunc,0.68,0.159497,0.095354
cellular_component,dpfunc,0.69,0.159961,0.094823
cellular_component,dpfunc,0.7,0.159362,0.093328
cellular_component,dpfunc,0.71,0.1592,0.092212
cellular_component,dpfunc,0.72,0.15792,0.090583
cellular_component,dpfunc,0.73,0.157675,0.089859
cellular_component,dpfunc,0.74,0.156207,0.088623
cellular_component,dpfunc,0.75,0.156584,0.088542
cellular_component,dpfunc,0.76,0.156672,0.08786
cellular_component,dpfunc,0.77,0.157675,0.086882
cellular_component,dpfunc,0.78,0.169629,0.085915
cellular_component,dpfunc,0.79,0.174386,0.084334
cellular_component,dpfunc,0.8,0.175185,0.081602
cellular_component,dpfunc,0.81,0.177346,0.080794
cellular_component,dpfunc,0.82,0.17595,0.07718
cellular_component,dpfunc,0.83,0.178082,0.07337
cellular_component,dpfunc,0.84,0.177207,0.0704
cellular_component,dpfunc,0.85,0.178162,0.06826
cellular_component,dpfunc,0.86,0.180104,0.06557
cellular_component,dpfunc,0.87,0.165258,0.054721
cellular_component,dpfunc,0.88,0.164478,0.051691
cellular_component,dpfunc,0.89,0.173227,0.047976
cellular_component,dpfunc,0.9,0.16519,0.042551
cellular_component,dpfunc,0.91,0.166911,0.037783
cellular_component,dpfunc,0.92,0.176926,0.036132
cellular_component,dpfunc,0.93,0.217274,0.032515
cellular_component,dpfunc,0.94,0.224517,0.02958
cellular_component,dpfunc,0.95,0.310621,0.025616
cellular_component,dpfunc,0.96,0.354691,0.022042
cellular_component,dpfunc,0.97,0.422243,0.020572
cellular_component,dpfunc,0.98,0.496958,0.016838
cellular_component,dpfunc,0.99,0.65525,0.01179
cellular_component,heal,0.01,0.22467,0.470169
cellular_component,heal,0.02,0.244374,0.396688
cellular_component,heal,0.03,0.28142,0.380863
cellular_component,heal,0.04,0.297303,0.358107
cellular_component,heal,0.05,0.311205,0.337105
cellular_component,heal,0.06,0.31347,0.309075
cellular_component,heal,0.07,0.32098,0.291667
cellular_component,heal,0.08,0.319528,0.276807
cellular_component,heal,0.09,0.325797,0.268281
cellular_component,heal,0.1,0.328459,0.262474
cellular_component,heal,0.11,0.331985,0.254895
cellular_component,heal,0.12,0.335361,0.250111
cellular_component,heal,0.13,0.33871,0.241811
cellular_component,heal,0.14,0.343157,0.232331
cellular_component,heal,0.15,0.359618,0.226258
cellular_component,heal,0.16,0.366239,0.224123
cellular_component,heal,0.17,0.365175,0.219459
cellular_component,heal,0.18,0.36806,0.218541
cellular_component,heal,0.19,0.366661,0.214994
cellular_component,heal,0.2,0.365967,0.210379
cellular_component,heal,0.21,0.364028,0.206359
cellular_component,heal,0.22,0.36429,0.202107
cellular_component,heal,0.23,0.360703,0.195896
cellular_component,heal,0.24,0.359596,0.191421
cellular_component,heal,0.25,0.356566,0.186487
cellular_component,heal,0.26,0.349812,0.177811
cellular_component,heal,0.27,0.362808,0.17586
cellular_component,heal,0.28,0.358839,0.170824
cellular_component,heal,0.29,0.372417,0.168728
cellular_component,heal,0.3,0.378932,0.167791
cellular_component,heal,0.31,0.381575,0.166731
cellular_component,heal,0.32,0.380835,0.162671
cellular_component,heal,0.33,0.380992,0.159417
cellular_component,heal,0.34,0.378289,0.155949
cellular_component,heal,0.35,0.379996,0.153788
cellular_component,heal,0.36,0.374975,0.148407
cellular_component,heal,0.37,0.37723,0.146666
cellular_component,heal,0.38,0.379443,0.145705
cellular_component,heal,0.39,0.381543,0.145217
cellular_component,heal,0.4,0.383655,0.144759
cellular_component,heal,0.41,0.385057,0.144187
cellular_component,heal,0.42,0.386767,0.143815
cellular_component,heal,0.43,0.389355,0.143815
cellular_component,heal,0.44,0.392666,0.143418
cellular_component,heal,0.45,0.39384,0.143139
cellular_component,heal,0.46,0.399128,0.14258
cellular_component,heal,0.47,0.404409,0.142435
cellular_component,heal,0.48,0.409236,0.1424
cellular_component,heal,0.49,0.412331,0.142296
cellular_component,heal,0.5,0.428846,0.142296
cellular_component,heal,0.51,0.45033,0.14208
cellular_component,heal,0.52,0.459681,0.14208
cellular_component,heal,0.53,0.469381,0.140929
cellular_component,heal,0.54,0.472466,0.140929
cellular_component,heal,0.55,0.473134,0.140591
cellular_component,heal,0.56,0.474117,0.139282
cellular_component,heal,0.57,0.473295,0.138353
cellular_component,heal,0.58,0.475368,0.136652
cellular_component,heal,0.59,0.486004,0.134822
cellular_component,heal,0.6,0.505035,0.134195
cellular_component,heal,0.61,0.508469,0.133488
cellular_component,heal,0.62,0.509124,0.131657
cellular_component,heal,0.63,0.504887,0.125504
cellular_component,heal,0.64,0.493231,0.115038
cellular_component,heal,0.65,0.489267,0.111787
cellular_component,heal,0.66,0.489813,0.110673
cellular_component,heal,0.67,0.496369,0.10738
cellular_component,heal,0.68,0.505222,0.099003
cellular_component,heal,0.69,0.522374,0.096712
cellular_component,heal,0.7,0.529153,0.095377
cellular_component,heal,0.71,0.549623,0.093402
cellular_component,heal,0.72,0.612431,0.09113
cellular_component,heal,0.73,0.60448,0.082153
cellular_component,heal,0.74,0.601165,0.079415
cellular_component,heal,0.75,0.619665,0.075325
cellular_component,heal,0.76,0.652585,0.075325
cellular_component,heal,0.77,0.652187,0.069792
cellular_component,heal,0.78,0.658045,0.067337
cellular_component,heal,0.79,0.663156,0.066509
cellular_component,heal,0.8,0.695556,0.065645
cellular_component,heal,0.81,0.764831,0.065224
cellular_component,heal,0.82,0.821394,0.064631
cellular_component,heal,0.83,0.830542,0.064591
cellular_component,heal,0.84,0.833259,0.063983
cellular_component,heal,0.85,0.86676,0.061592
cellular_component,heal,0.86,0.867989,0.060983
cellular_component,heal,0.87,0.875451,0.06079
cellular_component,heal,0.88,0.93437,0.060448
cellular_component,heal,0.89,0.942403,0.059989
cellular_component,heal,0.9,0.947373,0.059046
cellular_component,heal,0.91,0.955968,0.059046
cellular_component,heal,0.92,0.95532,0.05815
cellular_component,heal,0.93,0.947984,0.049565
cellular_component,heal,0.94,0.952258,0.043246
cellular_component,heal,0.95,0.991075,0.039173
cellular_component,heal,0.96,0.989629,0.033659
cellular_component,heal,0.97,0.968246,0.010756
cellular_component,heal,0.98,0.947755,0.006399
cellular_component,heal,0.99,0.391333,0.000227
