protein_id	split	pdb_file	chain_id	interpro_terms	go_terms
2WWB_H	predict	/home/ganeshiny.sridharan/dgg/deep-green-GO/arc_benchmark/nominal_30_identity_80_coverage/inputs/structures/valid/2WWB_H.pdb	A	IPR002136;IPR013000;IPR023574;IPR025755;IPR045240	
2WWB_I	predict	/home/ganeshiny.sridharan/dgg/deep-green-GO/arc_benchmark/nominal_30_identity_80_coverage/inputs/structures/valid/2WWB_I.pdb	A	IPR001063;IPR005721;IPR018260;IPR036394	
2WWB_K	predict	/home/ganeshiny.sridharan/dgg/deep-green-GO/arc_benchmark/nominal_30_identity_80_coverage/inputs/structures/valid/2WWB_K.pdb	A	IPR001014;IPR005633;IPR012677;IPR012678;IPR013025	
2WWB_L	predict	/home/ganeshiny.sridharan/dgg/deep-green-GO/arc_benchmark/nominal_30_identity_80_coverage/inputs/structures/valid/2WWB_L.pdb	A	IPR005756;IPR005824;IPR005825;IPR008991;IPR014722;IPR041988	
2WWB_M	predict	/home/ganeshiny.sridharan/dgg/deep-green-GO/arc_benchmark/nominal_30_identity_80_coverage/inputs/structures/valid/2WWB_M.pdb	A	IPR000054;IPR020052;IPR023621	
2WWB_N	predict	/home/ganeshiny.sridharan/dgg/deep-green-GO/arc_benchmark/nominal_30_identity_80_coverage/inputs/structures/valid/2WWB_N.pdb	A	IPR001854;IPR018254;IPR036049;IPR045059	
6XYW_AO	predict	/home/ganeshiny.sridharan/dgg/deep-green-GO/arc_benchmark/nominal_30_identity_80_coverage/inputs/structures/valid/6XYW_AO.pdb	A	IPR002885;IPR011990	
6XYW_AQ	predict	/home/ganeshiny.sridharan/dgg/deep-green-GO/arc_benchmark/nominal_30_identity_80_coverage/inputs/structures/valid/6XYW_AQ.pdb	A	IPR002885;IPR011990;IPR051240	
6XYW_Aa	predict	/home/ganeshiny.sridharan/dgg/deep-green-GO/arc_benchmark/nominal_30_identity_80_coverage/inputs/structures/valid/6XYW_Aa.pdb	A	IPR002171;IPR012340;IPR022666	
6XYW_Ac	predict	/home/ganeshiny.sridharan/dgg/deep-green-GO/arc_benchmark/nominal_30_identity_80_coverage/inputs/structures/valid/6XYW_Ac.pdb	A	IPR000597;IPR009000;IPR019926;IPR019927	
6XYW_Ak	predict	/home/ganeshiny.sridharan/dgg/deep-green-GO/arc_benchmark/nominal_30_identity_80_coverage/inputs/structures/valid/6XYW_Ak.pdb	A	IPR000218;IPR005745;IPR019972;IPR036853	
6XYW_Ar	predict	/home/ganeshiny.sridharan/dgg/deep-green-GO/arc_benchmark/nominal_30_identity_80_coverage/inputs/structures/valid/6XYW_Ar.pdb	A	IPR001787;IPR018258;IPR028909;IPR036164	
6XYW_BD	predict	/home/ganeshiny.sridharan/dgg/deep-green-GO/arc_benchmark/nominal_30_identity_80_coverage/inputs/structures/valid/6XYW_BD.pdb	A	IPR052851	
6XYW_BE	predict	/home/ganeshiny.sridharan/dgg/deep-green-GO/arc_benchmark/nominal_30_identity_80_coverage/inputs/structures/valid/6XYW_BE.pdb	A	IPR029045;IPR032259;IPR045004	
6XYW_BG	predict	/home/ganeshiny.sridharan/dgg/deep-green-GO/arc_benchmark/nominal_30_identity_80_coverage/inputs/structures/valid/6XYW_BG.pdb	A	IPR002885;IPR011990	
6XYW_Bb	predict	/home/ganeshiny.sridharan/dgg/deep-green-GO/arc_benchmark/nominal_30_identity_80_coverage/inputs/structures/valid/6XYW_Bb.pdb	A	IPR001351;IPR009019;IPR036419;IPR044954	
6XYW_Bc	predict	/home/ganeshiny.sridharan/dgg/deep-green-GO/arc_benchmark/nominal_30_identity_80_coverage/inputs/structures/valid/6XYW_Bc.pdb	A	IPR002942;IPR022801;IPR036986	
6XYW_Bf	predict	/home/ganeshiny.sridharan/dgg/deep-green-GO/arc_benchmark/nominal_30_identity_80_coverage/inputs/structures/valid/6XYW_Bf.pdb	A	IPR000235;IPR005717;IPR023798;IPR034643;IPR036823	
6XYW_Bg	predict	/home/ganeshiny.sridharan/dgg/deep-green-GO/arc_benchmark/nominal_30_identity_80_coverage/inputs/structures/valid/6XYW_Bg.pdb	A	IPR000630;IPR035987;IPR047863	
6XYW_Bh	predict	/home/ganeshiny.sridharan/dgg/deep-green-GO/arc_benchmark/nominal_30_identity_80_coverage/inputs/structures/valid/6XYW_Bh.pdb	A	IPR000754;IPR014721;IPR020568;IPR020574;IPR023035	
6XYW_Bi	predict	/home/ganeshiny.sridharan/dgg/deep-green-GO/arc_benchmark/nominal_30_identity_80_coverage/inputs/structures/valid/6XYW_Bi.pdb	A	IPR001848;IPR027486;IPR036838	
6XYW_Bj	predict	/home/ganeshiny.sridharan/dgg/deep-green-GO/arc_benchmark/nominal_30_identity_80_coverage/inputs/structures/valid/6XYW_Bj.pdb	A	IPR001971;IPR036967;IPR057268	
6XYW_Bl	predict	/home/ganeshiny.sridharan/dgg/deep-green-GO/arc_benchmark/nominal_30_identity_80_coverage/inputs/structures/valid/6XYW_Bl.pdb	A	IPR001892;IPR010979;IPR018269;IPR027437	
6XYW_Bo	predict	/home/ganeshiny.sridharan/dgg/deep-green-GO/arc_benchmark/nominal_30_identity_80_coverage/inputs/structures/valid/6XYW_Bo.pdb	A	IPR000307;IPR023803	
6XYW_Bq	predict	/home/ganeshiny.sridharan/dgg/deep-green-GO/arc_benchmark/nominal_30_identity_80_coverage/inputs/structures/valid/6XYW_Bq.pdb	A	IPR001648;IPR036870	
6XYW_Br	predict	/home/ganeshiny.sridharan/dgg/deep-green-GO/arc_benchmark/nominal_30_identity_80_coverage/inputs/structures/valid/6XYW_Br.pdb	A	IPR000504;IPR002222;IPR005732;IPR012677;IPR020934;IPR023575;IPR035979;IPR048289	
6XYW_Bv	predict	/home/ganeshiny.sridharan/dgg/deep-green-GO/arc_benchmark/nominal_30_identity_80_coverage/inputs/structures/valid/6XYW_Bv.pdb	A		
9EVT_R	predict	/home/ganeshiny.sridharan/dgg/deep-green-GO/arc_benchmark/nominal_30_identity_80_coverage/inputs/structures/valid/9EVT_R.pdb	A	IPR000504;IPR002222;IPR005732;IPR012677;IPR020934;IPR023575;IPR035979;IPR048289	
9GYT_R	predict	/home/ganeshiny.sridharan/dgg/deep-green-GO/arc_benchmark/nominal_30_identity_80_coverage/inputs/structures/valid/9GYT_R.pdb	A	IPR000504;IPR002222;IPR005732;IPR012677;IPR020934;IPR023575;IPR035979;IPR048289	
9GYT_g	predict	/home/ganeshiny.sridharan/dgg/deep-green-GO/arc_benchmark/nominal_30_identity_80_coverage/inputs/structures/valid/9GYT_g.pdb	A	IPR002885;IPR011990;IPR044578;IPR057027	
9GYT_l	predict	/home/ganeshiny.sridharan/dgg/deep-green-GO/arc_benchmark/nominal_30_identity_80_coverage/inputs/structures/valid/9GYT_l.pdb	A	IPR002885;IPR011990	
9H3G_AA	predict	/home/ganeshiny.sridharan/dgg/deep-green-GO/arc_benchmark/nominal_30_identity_80_coverage/inputs/structures/valid/9H3G_AA.pdb	A	IPR001351;IPR004044;IPR005703;IPR009019;IPR015946;IPR036419;IPR057258	
9H3G_AB	predict	/home/ganeshiny.sridharan/dgg/deep-green-GO/arc_benchmark/nominal_30_identity_80_coverage/inputs/structures/valid/9H3G_AB.pdb	A	IPR001912;IPR002942;IPR005710;IPR018079;IPR022801;IPR036986	
9H3G_AC	predict	/home/ganeshiny.sridharan/dgg/deep-green-GO/arc_benchmark/nominal_30_identity_80_coverage/inputs/structures/valid/9H3G_AC.pdb	A	IPR000851;IPR005324;IPR005711;IPR013810;IPR014721;IPR018192;IPR020568	
9H3G_AD	predict	/home/ganeshiny.sridharan/dgg/deep-green-GO/arc_benchmark/nominal_30_identity_80_coverage/inputs/structures/valid/9H3G_AD.pdb	A	IPR000235;IPR005716;IPR020606;IPR023798;IPR036823	
9H3G_AE	predict	/home/ganeshiny.sridharan/dgg/deep-green-GO/arc_benchmark/nominal_30_identity_80_coverage/inputs/structures/valid/9H3G_AE.pdb	A	IPR000630;IPR035987;IPR047863	
9H3G_AF	predict	/home/ganeshiny.sridharan/dgg/deep-green-GO/arc_benchmark/nominal_30_identity_80_coverage/inputs/structures/valid/9H3G_AF.pdb	A	IPR000754;IPR014721;IPR020568;IPR020574	
9H3G_AG	predict	/home/ganeshiny.sridharan/dgg/deep-green-GO/arc_benchmark/nominal_30_identity_80_coverage/inputs/structures/valid/9H3G_AG.pdb	A	IPR001380;IPR018256	
9H3G_AH	predict	/home/ganeshiny.sridharan/dgg/deep-green-GO/arc_benchmark/nominal_30_identity_80_coverage/inputs/structures/valid/9H3G_AH.pdb	A	IPR002784;IPR008991;IPR014722;IPR039660	
9H3G_AI	predict	/home/ganeshiny.sridharan/dgg/deep-green-GO/arc_benchmark/nominal_30_identity_80_coverage/inputs/structures/valid/9H3G_AI.pdb	A	IPR005326;IPR036388;IPR037447	
9H3G_AJ	predict	/home/ganeshiny.sridharan/dgg/deep-green-GO/arc_benchmark/nominal_30_identity_80_coverage/inputs/structures/valid/9H3G_AJ.pdb	A	IPR000039;IPR021131;IPR036227	
9H3G_AK	predict	/home/ganeshiny.sridharan/dgg/deep-green-GO/arc_benchmark/nominal_30_identity_80_coverage/inputs/structures/valid/9H3G_AK.pdb	A	IPR000196;IPR015972;IPR023638;IPR033935;IPR035970;IPR039547;IPR057259;IPR057260	
9H3G_AM	predict	/home/ganeshiny.sridharan/dgg/deep-green-GO/arc_benchmark/nominal_30_identity_80_coverage/inputs/structures/valid/9H3G_AM.pdb	A	IPR001147;IPR008991;IPR018259;IPR036948	
9H3G_AN	predict	/home/ganeshiny.sridharan/dgg/deep-green-GO/arc_benchmark/nominal_30_identity_80_coverage/inputs/structures/valid/9H3G_AN.pdb	A	IPR002671;IPR038526	
9H3G_AO	predict	/home/ganeshiny.sridharan/dgg/deep-green-GO/arc_benchmark/nominal_30_identity_80_coverage/inputs/structures/valid/9H3G_AO.pdb	A	IPR000988;IPR011017;IPR023442;IPR038630;IPR056366	
9H3G_AP	predict	/home/ganeshiny.sridharan/dgg/deep-green-GO/arc_benchmark/nominal_30_identity_80_coverage/inputs/structures/valid/9H3G_AP.pdb	A	IPR001141;IPR008991;IPR018262;IPR038655;IPR041991	
9H3G_AQ	predict	/home/ganeshiny.sridharan/dgg/deep-green-GO/arc_benchmark/nominal_30_identity_80_coverage/inputs/structures/valid/9H3G_AQ.pdb	A	IPR002672;IPR029004	
9H3G_AT	predict	/home/ganeshiny.sridharan/dgg/deep-green-GO/arc_benchmark/nominal_30_identity_80_coverage/inputs/structures/valid/9H3G_AT.pdb	A	IPR004038;IPR022991;IPR029064;IPR039109	
9H3G_AU	predict	/home/ganeshiny.sridharan/dgg/deep-green-GO/arc_benchmark/nominal_30_identity_80_coverage/inputs/structures/valid/9H3G_AU.pdb	A	IPR000054;IPR020052;IPR023621	
9H3G_AV	predict	/home/ganeshiny.sridharan/dgg/deep-green-GO/arc_benchmark/nominal_30_identity_80_coverage/inputs/structures/valid/9H3G_AV.pdb	A	IPR001515;IPR018263;IPR036351	
9H3G_AW	predict	/home/ganeshiny.sridharan/dgg/deep-green-GO/arc_benchmark/nominal_30_identity_80_coverage/inputs/structures/valid/9H3G_AW.pdb	A	IPR001780;IPR009000;IPR018266;IPR038661	
9H3G_AX	predict	/home/ganeshiny.sridharan/dgg/deep-green-GO/arc_benchmark/nominal_30_identity_80_coverage/inputs/structures/valid/9H3G_AX.pdb	A	IPR000509;IPR038097	
9H3G_AY	predict	/home/ganeshiny.sridharan/dgg/deep-green-GO/arc_benchmark/nominal_30_identity_80_coverage/inputs/structures/valid/9H3G_AY.pdb	A	IPR001569;IPR011331;IPR011332;IPR018267	
9H3G_AZ	predict	/home/ganeshiny.sridharan/dgg/deep-green-GO/arc_benchmark/nominal_30_identity_80_coverage/inputs/structures/valid/9H3G_AZ.pdb	A	IPR002675;IPR038464	
9H3G_Aa	predict	/home/ganeshiny.sridharan/dgg/deep-green-GO/arc_benchmark/nominal_30_identity_80_coverage/inputs/structures/valid/9H3G_Aa.pdb	A	IPR001047;IPR018283;IPR022309;IPR042563	
9H3G_BB	predict	/home/ganeshiny.sridharan/dgg/deep-green-GO/arc_benchmark/nominal_30_identity_80_coverage/inputs/structures/valid/9H3G_BB.pdb	A	IPR001210;IPR018273;IPR036401	
9H3G_BD	predict	/home/ganeshiny.sridharan/dgg/deep-green-GO/arc_benchmark/nominal_30_identity_80_coverage/inputs/structures/valid/9H3G_BD.pdb	A	IPR000552;IPR011332;IPR053708	
9H3G_BE	predict	/home/ganeshiny.sridharan/dgg/deep-green-GO/arc_benchmark/nominal_30_identity_80_coverage/inputs/structures/valid/9H3G_BE.pdb	A	IPR002674;IPR011331;IPR011332;IPR050522	
9H3G_BF	predict	/home/ganeshiny.sridharan/dgg/deep-green-GO/arc_benchmark/nominal_30_identity_80_coverage/inputs/structures/valid/9H3G_BF.pdb	A	IPR000915;IPR005568;IPR008991;IPR014722;IPR041997	
9H3G_BG	predict	/home/ganeshiny.sridharan/dgg/deep-green-GO/arc_benchmark/nominal_30_identity_80_coverage/inputs/structures/valid/9H3G_BG.pdb	A	IPR001921;IPR004037;IPR004038;IPR018492;IPR029064;IPR050257	
9H3G_BH	predict	/home/ganeshiny.sridharan/dgg/deep-green-GO/arc_benchmark/nominal_30_identity_80_coverage/inputs/structures/valid/9H3G_BH.pdb	A	IPR005755;IPR005822;IPR023563;IPR036899	
9H3G_BI	predict	/home/ganeshiny.sridharan/dgg/deep-green-GO/arc_benchmark/nominal_30_identity_80_coverage/inputs/structures/valid/9H3G_BI.pdb	A	IPR000218;IPR019972;IPR036853	
9H3G_BJ	predict	/home/ganeshiny.sridharan/dgg/deep-green-GO/arc_benchmark/nominal_30_identity_80_coverage/inputs/structures/valid/9H3G_BJ.pdb	A	IPR001197;IPR016180;IPR018255;IPR036920;IPR047873	
9H3G_BK	predict	/home/ganeshiny.sridharan/dgg/deep-green-GO/arc_benchmark/nominal_30_identity_80_coverage/inputs/structures/valid/9H3G_BK.pdb	A	IPR005485;IPR025607;IPR057268	
9H3G_BL	predict	/home/ganeshiny.sridharan/dgg/deep-green-GO/arc_benchmark/nominal_30_identity_80_coverage/inputs/structures/valid/9H3G_BL.pdb	A	IPR001266;IPR018277;IPR036388;IPR036390	
9H3G_BM	predict	/home/ganeshiny.sridharan/dgg/deep-green-GO/arc_benchmark/nominal_30_identity_80_coverage/inputs/structures/valid/9H3G_BM.pdb	A	IPR001063;IPR005721;IPR018260;IPR036394;IPR057265	
9H3G_BN	predict	/home/ganeshiny.sridharan/dgg/deep-green-GO/arc_benchmark/nominal_30_identity_80_coverage/inputs/structures/valid/9H3G_BN.pdb	A	IPR001014;IPR005633;IPR012677;IPR012678;IPR013025;IPR019985	
9H3G_BO	predict	/home/ganeshiny.sridharan/dgg/deep-green-GO/arc_benchmark/nominal_30_identity_80_coverage/inputs/structures/valid/9H3G_BO.pdb	A	IPR005756;IPR005824;IPR005825;IPR008991;IPR014722;IPR041988	
9H3G_BP	predict	/home/ganeshiny.sridharan/dgg/deep-green-GO/arc_benchmark/nominal_30_identity_80_coverage/inputs/structures/valid/9H3G_BP.pdb	A	IPR001854;IPR018254;IPR036049;IPR045059	
9H3G_BQ	predict	/home/ganeshiny.sridharan/dgg/deep-green-GO/arc_benchmark/nominal_30_identity_80_coverage/inputs/structures/valid/9H3G_BQ.pdb	A	IPR002171;IPR008991;IPR012340;IPR014722;IPR014726;IPR022666;IPR022669;IPR022671;IPR023672	
9H3G_BR	predict	/home/ganeshiny.sridharan/dgg/deep-green-GO/arc_benchmark/nominal_30_identity_80_coverage/inputs/structures/valid/9H3G_BR.pdb	A	IPR005998;IPR012988;IPR016082;IPR018038;IPR035808;IPR036919;IPR039699	
9H3G_BS	predict	/home/ganeshiny.sridharan/dgg/deep-green-GO/arc_benchmark/nominal_30_identity_80_coverage/inputs/structures/valid/9H3G_BS.pdb	A	IPR000597;IPR009000;IPR019926;IPR044892;IPR045077	
9H3G_BT	predict	/home/ganeshiny.sridharan/dgg/deep-green-GO/arc_benchmark/nominal_30_identity_80_coverage/inputs/structures/valid/9H3G_BT.pdb	A	IPR002136;IPR013000;IPR023574;IPR025755;IPR045240	
9H3G_BU	predict	/home/ganeshiny.sridharan/dgg/deep-green-GO/arc_benchmark/nominal_30_identity_80_coverage/inputs/structures/valid/9H3G_BU.pdb	A	IPR002132;IPR020929;IPR022803;IPR031309;IPR031310;IPR057266	
9H3G_BV	predict	/home/ganeshiny.sridharan/dgg/deep-green-GO/arc_benchmark/nominal_30_identity_80_coverage/inputs/structures/valid/9H3G_BV.pdb	A	IPR001593;IPR018281;IPR027500	
9H3G_BW	predict	/home/ganeshiny.sridharan/dgg/deep-green-GO/arc_benchmark/nominal_30_identity_80_coverage/inputs/structures/valid/9H3G_BW.pdb	A	IPR001931;IPR018279;IPR038579	
9H3G_Ba	predict	/home/ganeshiny.sridharan/dgg/deep-green-GO/arc_benchmark/nominal_30_identity_80_coverage/inputs/structures/valid/9H3G_Ba.pdb	A	IPR001848;IPR005729;IPR018268;IPR027486;IPR036838	
9H3G_Da	predict	/home/ganeshiny.sridharan/dgg/deep-green-GO/arc_benchmark/nominal_30_identity_80_coverage/inputs/structures/valid/9H3G_Da.pdb	A	IPR000589;IPR009068;IPR012606;IPR023029	
9H3G_Ea	predict	/home/ganeshiny.sridharan/dgg/deep-green-GO/arc_benchmark/nominal_30_identity_80_coverage/inputs/structures/valid/9H3G_Ea.pdb	A	IPR000439;IPR012678;IPR020925;IPR024794	
9H3G_Fa	predict	/home/ganeshiny.sridharan/dgg/deep-green-GO/arc_benchmark/nominal_30_identity_80_coverage/inputs/structures/valid/9H3G_Fa.pdb	A	IPR008195;IPR018065;IPR038562	
9H3G_Ga	predict	/home/ganeshiny.sridharan/dgg/deep-green-GO/arc_benchmark/nominal_30_identity_80_coverage/inputs/structures/valid/9H3G_Ga.pdb	A	IPR000626;IPR001975;IPR011332;IPR019954;IPR019956;IPR029071;IPR038587;IPR050158	
9H3G_Ha	predict	/home/ganeshiny.sridharan/dgg/deep-green-GO/arc_benchmark/nominal_30_identity_80_coverage/inputs/structures/valid/9H3G_Ha.pdb	A	IPR001196;IPR021131;IPR030878;IPR036227	
9H3G_Ia	predict	/home/ganeshiny.sridharan/dgg/deep-green-GO/arc_benchmark/nominal_30_identity_80_coverage/inputs/structures/valid/9H3G_Ia.pdb	A	IPR000702;IPR002359;IPR020040;IPR036789	
9H3G_Ja	predict	/home/ganeshiny.sridharan/dgg/deep-green-GO/arc_benchmark/nominal_30_identity_80_coverage/inputs/structures/valid/9H3G_Ja.pdb	A	IPR000876;IPR002942;IPR005824;IPR013843;IPR013845;IPR014722;IPR018199;IPR032277;IPR036986;IPR038237;IPR041982	
9H3G_Ka	predict	/home/ganeshiny.sridharan/dgg/deep-green-GO/arc_benchmark/nominal_30_identity_80_coverage/inputs/structures/valid/9H3G_Ka.pdb	A	IPR001976;IPR012678;IPR018098;IPR053709	
9H3G_La	predict	/home/ganeshiny.sridharan/dgg/deep-green-GO/arc_benchmark/nominal_30_identity_80_coverage/inputs/structures/valid/9H3G_La.pdb	A	IPR004977	
9H3G_Ma	predict	/home/ganeshiny.sridharan/dgg/deep-green-GO/arc_benchmark/nominal_30_identity_80_coverage/inputs/structures/valid/9H3G_Ma.pdb	A	IPR000892;IPR038551;IPR047864	
9H3G_Na	predict	/home/ganeshiny.sridharan/dgg/deep-green-GO/arc_benchmark/nominal_30_identity_80_coverage/inputs/structures/valid/9H3G_Na.pdb	A	IPR000592;IPR011332;IPR023407	
9H3G_Oa	predict	/home/ganeshiny.sridharan/dgg/deep-green-GO/arc_benchmark/nominal_30_identity_80_coverage/inputs/structures/valid/9H3G_Oa.pdb	A	IPR000289;IPR012340;IPR028626	
9H3G_Pa	predict	/home/ganeshiny.sridharan/dgg/deep-green-GO/arc_benchmark/nominal_30_identity_80_coverage/inputs/structures/valid/9H3G_Pa.pdb	A	IPR006846	
9H3G_Ra	predict	/home/ganeshiny.sridharan/dgg/deep-green-GO/arc_benchmark/nominal_30_identity_80_coverage/inputs/structures/valid/9H3G_Ra.pdb	A	IPR000554;IPR047861	
9H3G_Ta	predict	/home/ganeshiny.sridharan/dgg/deep-green-GO/arc_benchmark/nominal_30_identity_80_coverage/inputs/structures/valid/9H3G_Ta.pdb	A	IPR001377;IPR014401;IPR018282	
9H3G_Ua	predict	/home/ganeshiny.sridharan/dgg/deep-green-GO/arc_benchmark/nominal_30_identity_80_coverage/inputs/structures/valid/9H3G_Ua.pdb	A	IPR001971;IPR018102;IPR036967	
9H3G_Va	predict	/home/ganeshiny.sridharan/dgg/deep-green-GO/arc_benchmark/nominal_30_identity_80_coverage/inputs/structures/valid/9H3G_Va.pdb	A	IPR005680;IPR006032;IPR012340	
9H3G_Wa	predict	/home/ganeshiny.sridharan/dgg/deep-green-GO/arc_benchmark/nominal_30_identity_80_coverage/inputs/structures/valid/9H3G_Wa.pdb	A	IPR001892;IPR010979;IPR018269;IPR027437	
9H3G_Xa	predict	/home/ganeshiny.sridharan/dgg/deep-green-GO/arc_benchmark/nominal_30_identity_80_coverage/inputs/structures/valid/9H3G_Xa.pdb	A	IPR000266;IPR012340;IPR019979;IPR028333;IPR032440	
9H3G_Ya	predict	/home/ganeshiny.sridharan/dgg/deep-green-GO/arc_benchmark/nominal_30_identity_80_coverage/inputs/structures/valid/9H3G_Ya.pdb	A	IPR002222;IPR005713;IPR020934;IPR023575	
9H3G_Za	predict	/home/ganeshiny.sridharan/dgg/deep-green-GO/arc_benchmark/nominal_30_identity_80_coverage/inputs/structures/valid/9H3G_Za.pdb	A	IPR001865;IPR005707;IPR018130;IPR023591;IPR027498	
9H6I_AA	predict	/home/ganeshiny.sridharan/dgg/deep-green-GO/arc_benchmark/nominal_30_identity_80_coverage/inputs/structures/valid/9H6I_AA.pdb	A	IPR001351;IPR004044;IPR005703;IPR009019;IPR015946;IPR036419;IPR057258	
9H6I_AB	predict	/home/ganeshiny.sridharan/dgg/deep-green-GO/arc_benchmark/nominal_30_identity_80_coverage/inputs/structures/valid/9H6I_AB.pdb	A	IPR001912;IPR002942;IPR005710;IPR018079;IPR022801;IPR036986	
9H6I_AC	predict	/home/ganeshiny.sridharan/dgg/deep-green-GO/arc_benchmark/nominal_30_identity_80_coverage/inputs/structures/valid/9H6I_AC.pdb	A	IPR000851;IPR005324;IPR005711;IPR013810;IPR014721;IPR018192;IPR020568	
9H6I_AD	predict	/home/ganeshiny.sridharan/dgg/deep-green-GO/arc_benchmark/nominal_30_identity_80_coverage/inputs/structures/valid/9H6I_AD.pdb	A	IPR000235;IPR005716;IPR020606;IPR023798;IPR036823	
9H6I_AE	predict	/home/ganeshiny.sridharan/dgg/deep-green-GO/arc_benchmark/nominal_30_identity_80_coverage/inputs/structures/valid/9H6I_AE.pdb	A	IPR000630;IPR035987;IPR047863	
9H6I_AF	predict	/home/ganeshiny.sridharan/dgg/deep-green-GO/arc_benchmark/nominal_30_identity_80_coverage/inputs/structures/valid/9H6I_AF.pdb	A	IPR000754;IPR014721;IPR020568;IPR020574	
9H6I_AG	predict	/home/ganeshiny.sridharan/dgg/deep-green-GO/arc_benchmark/nominal_30_identity_80_coverage/inputs/structures/valid/9H6I_AG.pdb	A	IPR001380;IPR018256	
9H6I_AH	predict	/home/ganeshiny.sridharan/dgg/deep-green-GO/arc_benchmark/nominal_30_identity_80_coverage/inputs/structures/valid/9H6I_AH.pdb	A	IPR002784;IPR008991;IPR014722;IPR039660	
9H6I_AI	predict	/home/ganeshiny.sridharan/dgg/deep-green-GO/arc_benchmark/nominal_30_identity_80_coverage/inputs/structures/valid/9H6I_AI.pdb	A	IPR005326;IPR036388;IPR037447	
9H6I_AJ	predict	/home/ganeshiny.sridharan/dgg/deep-green-GO/arc_benchmark/nominal_30_identity_80_coverage/inputs/structures/valid/9H6I_AJ.pdb	A	IPR000039;IPR021131;IPR036227	
9H6I_AK	predict	/home/ganeshiny.sridharan/dgg/deep-green-GO/arc_benchmark/nominal_30_identity_80_coverage/inputs/structures/valid/9H6I_AK.pdb	A	IPR000196;IPR015972;IPR023638;IPR033935;IPR035970;IPR039547;IPR057259;IPR057260	
9H6I_AM	predict	/home/ganeshiny.sridharan/dgg/deep-green-GO/arc_benchmark/nominal_30_identity_80_coverage/inputs/structures/valid/9H6I_AM.pdb	A	IPR001147;IPR008991;IPR018259;IPR036948	
9H6I_AN	predict	/home/ganeshiny.sridharan/dgg/deep-green-GO/arc_benchmark/nominal_30_identity_80_coverage/inputs/structures/valid/9H6I_AN.pdb	A	IPR002671;IPR038526	
9H6I_AO	predict	/home/ganeshiny.sridharan/dgg/deep-green-GO/arc_benchmark/nominal_30_identity_80_coverage/inputs/structures/valid/9H6I_AO.pdb	A	IPR000988;IPR011017;IPR023442;IPR038630;IPR056366	
9H6I_AP	predict	/home/ganeshiny.sridharan/dgg/deep-green-GO/arc_benchmark/nominal_30_identity_80_coverage/inputs/structures/valid/9H6I_AP.pdb	A	IPR001141;IPR008991;IPR018262;IPR038655;IPR041991	
9H6I_AQ	predict	/home/ganeshiny.sridharan/dgg/deep-green-GO/arc_benchmark/nominal_30_identity_80_coverage/inputs/structures/valid/9H6I_AQ.pdb	A	IPR002672;IPR029004	
9H6I_AT	predict	/home/ganeshiny.sridharan/dgg/deep-green-GO/arc_benchmark/nominal_30_identity_80_coverage/inputs/structures/valid/9H6I_AT.pdb	A	IPR004038;IPR022991;IPR029064;IPR039109	
9H6I_AU	predict	/home/ganeshiny.sridharan/dgg/deep-green-GO/arc_benchmark/nominal_30_identity_80_coverage/inputs/structures/valid/9H6I_AU.pdb	A	IPR000054;IPR020052;IPR023621	
9H6I_AV	predict	/home/ganeshiny.sridharan/dgg/deep-green-GO/arc_benchmark/nominal_30_identity_80_coverage/inputs/structures/valid/9H6I_AV.pdb	A	IPR001515;IPR018263;IPR036351	
9H6I_AW	predict	/home/ganeshiny.sridharan/dgg/deep-green-GO/arc_benchmark/nominal_30_identity_80_coverage/inputs/structures/valid/9H6I_AW.pdb	A	IPR001780;IPR009000;IPR018266;IPR038661	
9H6I_AX	predict	/home/ganeshiny.sridharan/dgg/deep-green-GO/arc_benchmark/nominal_30_identity_80_coverage/inputs/structures/valid/9H6I_AX.pdb	A	IPR000509;IPR038097	
9H6I_AY	predict	/home/ganeshiny.sridharan/dgg/deep-green-GO/arc_benchmark/nominal_30_identity_80_coverage/inputs/structures/valid/9H6I_AY.pdb	A	IPR001569;IPR011331;IPR011332;IPR018267	
9H6I_AZ	predict	/home/ganeshiny.sridharan/dgg/deep-green-GO/arc_benchmark/nominal_30_identity_80_coverage/inputs/structures/valid/9H6I_AZ.pdb	A	IPR002675;IPR038464	
9H6I_Aa	predict	/home/ganeshiny.sridharan/dgg/deep-green-GO/arc_benchmark/nominal_30_identity_80_coverage/inputs/structures/valid/9H6I_Aa.pdb	A	IPR001047;IPR018283;IPR022309;IPR042563	
9H6I_BB	predict	/home/ganeshiny.sridharan/dgg/deep-green-GO/arc_benchmark/nominal_30_identity_80_coverage/inputs/structures/valid/9H6I_BB.pdb	A	IPR001210;IPR018273;IPR036401	
9H6I_BD	predict	/home/ganeshiny.sridharan/dgg/deep-green-GO/arc_benchmark/nominal_30_identity_80_coverage/inputs/structures/valid/9H6I_BD.pdb	A	IPR000552;IPR011332;IPR053708	
9H6I_BE	predict	/home/ganeshiny.sridharan/dgg/deep-green-GO/arc_benchmark/nominal_30_identity_80_coverage/inputs/structures/valid/9H6I_BE.pdb	A	IPR002674;IPR011331;IPR011332;IPR050522	
9H6I_BF	predict	/home/ganeshiny.sridharan/dgg/deep-green-GO/arc_benchmark/nominal_30_identity_80_coverage/inputs/structures/valid/9H6I_BF.pdb	A	IPR000915;IPR005568;IPR008991;IPR014722;IPR041997	
9H6I_BG	predict	/home/ganeshiny.sridharan/dgg/deep-green-GO/arc_benchmark/nominal_30_identity_80_coverage/inputs/structures/valid/9H6I_BG.pdb	A	IPR001921;IPR004037;IPR004038;IPR018492;IPR029064;IPR050257	
9H6I_BH	predict	/home/ganeshiny.sridharan/dgg/deep-green-GO/arc_benchmark/nominal_30_identity_80_coverage/inputs/structures/valid/9H6I_BH.pdb	A	IPR005755;IPR005822;IPR023563;IPR036899	
9H6I_BI	predict	/home/ganeshiny.sridharan/dgg/deep-green-GO/arc_benchmark/nominal_30_identity_80_coverage/inputs/structures/valid/9H6I_BI.pdb	A	IPR000218;IPR019972;IPR036853	
9H6I_BJ	predict	/home/ganeshiny.sridharan/dgg/deep-green-GO/arc_benchmark/nominal_30_identity_80_coverage/inputs/structures/valid/9H6I_BJ.pdb	A	IPR001197;IPR016180;IPR018255;IPR036920;IPR047873	
9H6I_BK	predict	/home/ganeshiny.sridharan/dgg/deep-green-GO/arc_benchmark/nominal_30_identity_80_coverage/inputs/structures/valid/9H6I_BK.pdb	A	IPR005485;IPR025607;IPR057268	
9H6I_BL	predict	/home/ganeshiny.sridharan/dgg/deep-green-GO/arc_benchmark/nominal_30_identity_80_coverage/inputs/structures/valid/9H6I_BL.pdb	A	IPR001266;IPR018277;IPR036388;IPR036390	
9H6I_BM	predict	/home/ganeshiny.sridharan/dgg/deep-green-GO/arc_benchmark/nominal_30_identity_80_coverage/inputs/structures/valid/9H6I_BM.pdb	A	IPR001063;IPR005721;IPR018260;IPR036394;IPR057265	
9H6I_BN	predict	/home/ganeshiny.sridharan/dgg/deep-green-GO/arc_benchmark/nominal_30_identity_80_coverage/inputs/structures/valid/9H6I_BN.pdb	A	IPR001014;IPR005633;IPR012677;IPR012678;IPR013025;IPR019985	
9H6I_BO	predict	/home/ganeshiny.sridharan/dgg/deep-green-GO/arc_benchmark/nominal_30_identity_80_coverage/inputs/structures/valid/9H6I_BO.pdb	A	IPR005756;IPR005824;IPR005825;IPR008991;IPR014722;IPR041988	
9H6I_BP	predict	/home/ganeshiny.sridharan/dgg/deep-green-GO/arc_benchmark/nominal_30_identity_80_coverage/inputs/structures/valid/9H6I_BP.pdb	A	IPR001854;IPR018254;IPR036049;IPR045059	
9H6I_BQ	predict	/home/ganeshiny.sridharan/dgg/deep-green-GO/arc_benchmark/nominal_30_identity_80_coverage/inputs/structures/valid/9H6I_BQ.pdb	A	IPR002171;IPR008991;IPR012340;IPR014722;IPR014726;IPR022666;IPR022669;IPR022671;IPR023672	
9H6I_BR	predict	/home/ganeshiny.sridharan/dgg/deep-green-GO/arc_benchmark/nominal_30_identity_80_coverage/inputs/structures/valid/9H6I_BR.pdb	A	IPR005998;IPR012988;IPR016082;IPR018038;IPR035808;IPR036919;IPR039699	
9H6I_BS	predict	/home/ganeshiny.sridharan/dgg/deep-green-GO/arc_benchmark/nominal_30_identity_80_coverage/inputs/structures/valid/9H6I_BS.pdb	A	IPR000597;IPR009000;IPR019926;IPR044892;IPR045077	
9H6I_BT	predict	/home/ganeshiny.sridharan/dgg/deep-green-GO/arc_benchmark/nominal_30_identity_80_coverage/inputs/structures/valid/9H6I_BT.pdb	A	IPR002136;IPR013000;IPR023574;IPR025755;IPR045240	
9H6I_BU	predict	/home/ganeshiny.sridharan/dgg/deep-green-GO/arc_benchmark/nominal_30_identity_80_coverage/inputs/structures/valid/9H6I_BU.pdb	A	IPR002132;IPR020929;IPR022803;IPR031309;IPR031310;IPR057266	
9H6I_BV	predict	/home/ganeshiny.sridharan/dgg/deep-green-GO/arc_benchmark/nominal_30_identity_80_coverage/inputs/structures/valid/9H6I_BV.pdb	A	IPR001593;IPR018281;IPR027500	
9H6I_BW	predict	/home/ganeshiny.sridharan/dgg/deep-green-GO/arc_benchmark/nominal_30_identity_80_coverage/inputs/structures/valid/9H6I_BW.pdb	A	IPR001931;IPR018279;IPR038579	
9H6I_Ba	predict	/home/ganeshiny.sridharan/dgg/deep-green-GO/arc_benchmark/nominal_30_identity_80_coverage/inputs/structures/valid/9H6I_Ba.pdb	A	IPR001848;IPR005729;IPR018268;IPR027486;IPR036838	
9H6I_Da	predict	/home/ganeshiny.sridharan/dgg/deep-green-GO/arc_benchmark/nominal_30_identity_80_coverage/inputs/structures/valid/9H6I_Da.pdb	A	IPR000589;IPR009068;IPR012606;IPR023029	
9H6I_Ea	predict	/home/ganeshiny.sridharan/dgg/deep-green-GO/arc_benchmark/nominal_30_identity_80_coverage/inputs/structures/valid/9H6I_Ea.pdb	A	IPR000439;IPR012678;IPR020925;IPR024794	
9H6I_Fa	predict	/home/ganeshiny.sridharan/dgg/deep-green-GO/arc_benchmark/nominal_30_identity_80_coverage/inputs/structures/valid/9H6I_Fa.pdb	A	IPR008195;IPR018065;IPR038562	
9H6I_Ga	predict	/home/ganeshiny.sridharan/dgg/deep-green-GO/arc_benchmark/nominal_30_identity_80_coverage/inputs/structures/valid/9H6I_Ga.pdb	A	IPR000626;IPR001975;IPR011332;IPR019954;IPR019956;IPR029071;IPR038587;IPR050158	
9H6I_Ha	predict	/home/ganeshiny.sridharan/dgg/deep-green-GO/arc_benchmark/nominal_30_identity_80_coverage/inputs/structures/valid/9H6I_Ha.pdb	A	IPR001196;IPR021131;IPR030878;IPR036227	
9H6I_Ia	predict	/home/ganeshiny.sridharan/dgg/deep-green-GO/arc_benchmark/nominal_30_identity_80_coverage/inputs/structures/valid/9H6I_Ia.pdb	A	IPR000702;IPR002359;IPR020040;IPR036789	
9H6I_Ja	predict	/home/ganeshiny.sridharan/dgg/deep-green-GO/arc_benchmark/nominal_30_identity_80_coverage/inputs/structures/valid/9H6I_Ja.pdb	A	IPR000876;IPR002942;IPR005824;IPR013843;IPR013845;IPR014722;IPR018199;IPR032277;IPR036986;IPR038237;IPR041982	
9H6I_Ka	predict	/home/ganeshiny.sridharan/dgg/deep-green-GO/arc_benchmark/nominal_30_identity_80_coverage/inputs/structures/valid/9H6I_Ka.pdb	A	IPR001976;IPR012678;IPR018098;IPR053709	
9H6I_La	predict	/home/ganeshiny.sridharan/dgg/deep-green-GO/arc_benchmark/nominal_30_identity_80_coverage/inputs/structures/valid/9H6I_La.pdb	A	IPR004977	
9H6I_Ma	predict	/home/ganeshiny.sridharan/dgg/deep-green-GO/arc_benchmark/nominal_30_identity_80_coverage/inputs/structures/valid/9H6I_Ma.pdb	A	IPR000892;IPR038551;IPR047864	
9H6I_Na	predict	/home/ganeshiny.sridharan/dgg/deep-green-GO/arc_benchmark/nominal_30_identity_80_coverage/inputs/structures/valid/9H6I_Na.pdb	A	IPR000592;IPR011332;IPR023407	
9H6I_Oa	predict	/home/ganeshiny.sridharan/dgg/deep-green-GO/arc_benchmark/nominal_30_identity_80_coverage/inputs/structures/valid/9H6I_Oa.pdb	A	IPR000289;IPR012340;IPR028626	
9H6I_Pa	predict	/home/ganeshiny.sridharan/dgg/deep-green-GO/arc_benchmark/nominal_30_identity_80_coverage/inputs/structures/valid/9H6I_Pa.pdb	A	IPR006846	
9H6I_Ra	predict	/home/ganeshiny.sridharan/dgg/deep-green-GO/arc_benchmark/nominal_30_identity_80_coverage/inputs/structures/valid/9H6I_Ra.pdb	A	IPR000554;IPR047861	
9H6I_Ta	predict	/home/ganeshiny.sridharan/dgg/deep-green-GO/arc_benchmark/nominal_30_identity_80_coverage/inputs/structures/valid/9H6I_Ta.pdb	A	IPR001377;IPR014401;IPR018282	
9H6I_Ua	predict	/home/ganeshiny.sridharan/dgg/deep-green-GO/arc_benchmark/nominal_30_identity_80_coverage/inputs/structures/valid/9H6I_Ua.pdb	A	IPR001971;IPR018102;IPR036967	
9H6I_Va	predict	/home/ganeshiny.sridharan/dgg/deep-green-GO/arc_benchmark/nominal_30_identity_80_coverage/inputs/structures/valid/9H6I_Va.pdb	A	IPR005680;IPR006032;IPR012340	
9H6I_Wa	predict	/home/ganeshiny.sridharan/dgg/deep-green-GO/arc_benchmark/nominal_30_identity_80_coverage/inputs/structures/valid/9H6I_Wa.pdb	A	IPR001892;IPR010979;IPR018269;IPR027437	
9H6I_Xa	predict	/home/ganeshiny.sridharan/dgg/deep-green-GO/arc_benchmark/nominal_30_identity_80_coverage/inputs/structures/valid/9H6I_Xa.pdb	A	IPR000266;IPR012340;IPR019979;IPR028333;IPR032440	
9H6I_Ya	predict	/home/ganeshiny.sridharan/dgg/deep-green-GO/arc_benchmark/nominal_30_identity_80_coverage/inputs/structures/valid/9H6I_Ya.pdb	A	IPR002222;IPR005713;IPR020934;IPR023575	
9H6I_Za	predict	/home/ganeshiny.sridharan/dgg/deep-green-GO/arc_benchmark/nominal_30_identity_80_coverage/inputs/structures/valid/9H6I_Za.pdb	A	IPR001865;IPR005707;IPR018130;IPR023591;IPR027498	
9HES_AA	predict	/home/ganeshiny.sridharan/dgg/deep-green-GO/arc_benchmark/nominal_30_identity_80_coverage/inputs/structures/valid/9HES_AA.pdb	A	IPR001351;IPR004044;IPR005703;IPR009019;IPR015946;IPR036419;IPR057258	
9HES_AB	predict	/home/ganeshiny.sridharan/dgg/deep-green-GO/arc_benchmark/nominal_30_identity_80_coverage/inputs/structures/valid/9HES_AB.pdb	A	IPR001912;IPR002942;IPR005710;IPR018079;IPR022801;IPR036986	
9HES_AC	predict	/home/ganeshiny.sridharan/dgg/deep-green-GO/arc_benchmark/nominal_30_identity_80_coverage/inputs/structures/valid/9HES_AC.pdb	A	IPR000851;IPR005324;IPR005711;IPR013810;IPR014721;IPR018192;IPR020568	
9HES_AD	predict	/home/ganeshiny.sridharan/dgg/deep-green-GO/arc_benchmark/nominal_30_identity_80_coverage/inputs/structures/valid/9HES_AD.pdb	A	IPR000235;IPR005716;IPR020606;IPR023798;IPR036823	
9HES_AE	predict	/home/ganeshiny.sridharan/dgg/deep-green-GO/arc_benchmark/nominal_30_identity_80_coverage/inputs/structures/valid/9HES_AE.pdb	A	IPR000630;IPR035987;IPR047863	
9HES_AF	predict	/home/ganeshiny.sridharan/dgg/deep-green-GO/arc_benchmark/nominal_30_identity_80_coverage/inputs/structures/valid/9HES_AF.pdb	A	IPR000754;IPR014721;IPR020568;IPR020574	
9HES_AG	predict	/home/ganeshiny.sridharan/dgg/deep-green-GO/arc_benchmark/nominal_30_identity_80_coverage/inputs/structures/valid/9HES_AG.pdb	A	IPR001380;IPR018256	
9HES_AH	predict	/home/ganeshiny.sridharan/dgg/deep-green-GO/arc_benchmark/nominal_30_identity_80_coverage/inputs/structures/valid/9HES_AH.pdb	A	IPR002784;IPR008991;IPR014722;IPR039660	
9HES_AI	predict	/home/ganeshiny.sridharan/dgg/deep-green-GO/arc_benchmark/nominal_30_identity_80_coverage/inputs/structures/valid/9HES_AI.pdb	A	IPR005326;IPR036388;IPR037447	
9HES_AJ	predict	/home/ganeshiny.sridharan/dgg/deep-green-GO/arc_benchmark/nominal_30_identity_80_coverage/inputs/structures/valid/9HES_AJ.pdb	A	IPR000039;IPR021131;IPR036227	
9HES_AK	predict	/home/ganeshiny.sridharan/dgg/deep-green-GO/arc_benchmark/nominal_30_identity_80_coverage/inputs/structures/valid/9HES_AK.pdb	A	IPR000196;IPR015972;IPR023638;IPR033935;IPR035970;IPR039547;IPR057259;IPR057260	
9HES_AM	predict	/home/ganeshiny.sridharan/dgg/deep-green-GO/arc_benchmark/nominal_30_identity_80_coverage/inputs/structures/valid/9HES_AM.pdb	A	IPR001147;IPR008991;IPR018259;IPR036948	
9HES_AN	predict	/home/ganeshiny.sridharan/dgg/deep-green-GO/arc_benchmark/nominal_30_identity_80_coverage/inputs/structures/valid/9HES_AN.pdb	A	IPR002671;IPR038526	
9HES_AO	predict	/home/ganeshiny.sridharan/dgg/deep-green-GO/arc_benchmark/nominal_30_identity_80_coverage/inputs/structures/valid/9HES_AO.pdb	A	IPR000988;IPR011017;IPR023442;IPR038630;IPR056366	
9HES_AP	predict	/home/ganeshiny.sridharan/dgg/deep-green-GO/arc_benchmark/nominal_30_identity_80_coverage/inputs/structures/valid/9HES_AP.pdb	A	IPR001141;IPR008991;IPR018262;IPR038655;IPR041991	
9HES_AQ	predict	/home/ganeshiny.sridharan/dgg/deep-green-GO/arc_benchmark/nominal_30_identity_80_coverage/inputs/structures/valid/9HES_AQ.pdb	A	IPR002672;IPR029004	
9HES_AT	predict	/home/ganeshiny.sridharan/dgg/deep-green-GO/arc_benchmark/nominal_30_identity_80_coverage/inputs/structures/valid/9HES_AT.pdb	A	IPR004038;IPR022991;IPR029064;IPR039109	
9HES_AU	predict	/home/ganeshiny.sridharan/dgg/deep-green-GO/arc_benchmark/nominal_30_identity_80_coverage/inputs/structures/valid/9HES_AU.pdb	A	IPR000054;IPR020052;IPR023621	
9HES_AV	predict	/home/ganeshiny.sridharan/dgg/deep-green-GO/arc_benchmark/nominal_30_identity_80_coverage/inputs/structures/valid/9HES_AV.pdb	A	IPR001515;IPR018263;IPR036351	
9HES_AW	predict	/home/ganeshiny.sridharan/dgg/deep-green-GO/arc_benchmark/nominal_30_identity_80_coverage/inputs/structures/valid/9HES_AW.pdb	A	IPR001780;IPR009000;IPR018266;IPR038661	
9HES_AX	predict	/home/ganeshiny.sridharan/dgg/deep-green-GO/arc_benchmark/nominal_30_identity_80_coverage/inputs/structures/valid/9HES_AX.pdb	A	IPR000509;IPR038097	
9HES_AY	predict	/home/ganeshiny.sridharan/dgg/deep-green-GO/arc_benchmark/nominal_30_identity_80_coverage/inputs/structures/valid/9HES_AY.pdb	A	IPR001569;IPR011331;IPR011332;IPR018267	
9HES_AZ	predict	/home/ganeshiny.sridharan/dgg/deep-green-GO/arc_benchmark/nominal_30_identity_80_coverage/inputs/structures/valid/9HES_AZ.pdb	A	IPR002675;IPR038464	
9HES_Aa	predict	/home/ganeshiny.sridharan/dgg/deep-green-GO/arc_benchmark/nominal_30_identity_80_coverage/inputs/structures/valid/9HES_Aa.pdb	A	IPR001047;IPR018283;IPR022309;IPR042563	
9HES_BB	predict	/home/ganeshiny.sridharan/dgg/deep-green-GO/arc_benchmark/nominal_30_identity_80_coverage/inputs/structures/valid/9HES_BB.pdb	A	IPR001210;IPR018273;IPR036401	
9HES_BD	predict	/home/ganeshiny.sridharan/dgg/deep-green-GO/arc_benchmark/nominal_30_identity_80_coverage/inputs/structures/valid/9HES_BD.pdb	A	IPR000552;IPR011332;IPR053708	
9HES_BE	predict	/home/ganeshiny.sridharan/dgg/deep-green-GO/arc_benchmark/nominal_30_identity_80_coverage/inputs/structures/valid/9HES_BE.pdb	A	IPR002674;IPR011331;IPR011332;IPR050522	
9HES_BF	predict	/home/ganeshiny.sridharan/dgg/deep-green-GO/arc_benchmark/nominal_30_identity_80_coverage/inputs/structures/valid/9HES_BF.pdb	A	IPR000915;IPR005568;IPR008991;IPR014722;IPR041997	
9HES_BG	predict	/home/ganeshiny.sridharan/dgg/deep-green-GO/arc_benchmark/nominal_30_identity_80_coverage/inputs/structures/valid/9HES_BG.pdb	A	IPR001921;IPR004037;IPR004038;IPR018492;IPR029064;IPR050257	
9HES_BH	predict	/home/ganeshiny.sridharan/dgg/deep-green-GO/arc_benchmark/nominal_30_identity_80_coverage/inputs/structures/valid/9HES_BH.pdb	A	IPR005755;IPR005822;IPR023563;IPR036899	
9HES_BI	predict	/home/ganeshiny.sridharan/dgg/deep-green-GO/arc_benchmark/nominal_30_identity_80_coverage/inputs/structures/valid/9HES_BI.pdb	A	IPR000218;IPR019972;IPR036853	
9HES_BJ	predict	/home/ganeshiny.sridharan/dgg/deep-green-GO/arc_benchmark/nominal_30_identity_80_coverage/inputs/structures/valid/9HES_BJ.pdb	A	IPR001197;IPR016180;IPR018255;IPR036920;IPR047873	
9HES_BK	predict	/home/ganeshiny.sridharan/dgg/deep-green-GO/arc_benchmark/nominal_30_identity_80_coverage/inputs/structures/valid/9HES_BK.pdb	A	IPR005485;IPR025607;IPR057268	
9HES_BL	predict	/home/ganeshiny.sridharan/dgg/deep-green-GO/arc_benchmark/nominal_30_identity_80_coverage/inputs/structures/valid/9HES_BL.pdb	A	IPR001266;IPR018277;IPR036388;IPR036390	
9HES_BM	predict	/home/ganeshiny.sridharan/dgg/deep-green-GO/arc_benchmark/nominal_30_identity_80_coverage/inputs/structures/valid/9HES_BM.pdb	A	IPR001063;IPR005721;IPR018260;IPR036394;IPR057265	
9HES_BN	predict	/home/ganeshiny.sridharan/dgg/deep-green-GO/arc_benchmark/nominal_30_identity_80_coverage/inputs/structures/valid/9HES_BN.pdb	A	IPR001014;IPR005633;IPR012677;IPR012678;IPR013025;IPR019985	
9HES_BO	predict	/home/ganeshiny.sridharan/dgg/deep-green-GO/arc_benchmark/nominal_30_identity_80_coverage/inputs/structures/valid/9HES_BO.pdb	A	IPR005756;IPR005824;IPR005825;IPR008991;IPR014722;IPR041988	
9HES_BP	predict	/home/ganeshiny.sridharan/dgg/deep-green-GO/arc_benchmark/nominal_30_identity_80_coverage/inputs/structures/valid/9HES_BP.pdb	A	IPR001854;IPR018254;IPR036049;IPR045059	
9HES_BQ	predict	/home/ganeshiny.sridharan/dgg/deep-green-GO/arc_benchmark/nominal_30_identity_80_coverage/inputs/structures/valid/9HES_BQ.pdb	A	IPR002171;IPR008991;IPR012340;IPR014722;IPR014726;IPR022666;IPR022669;IPR022671;IPR023672	
9HES_BR	predict	/home/ganeshiny.sridharan/dgg/deep-green-GO/arc_benchmark/nominal_30_identity_80_coverage/inputs/structures/valid/9HES_BR.pdb	A	IPR005998;IPR012988;IPR016082;IPR018038;IPR035808;IPR036919;IPR039699	
9HES_BS	predict	/home/ganeshiny.sridharan/dgg/deep-green-GO/arc_benchmark/nominal_30_identity_80_coverage/inputs/structures/valid/9HES_BS.pdb	A	IPR000597;IPR009000;IPR019926;IPR044892;IPR045077	
9HES_BT	predict	/home/ganeshiny.sridharan/dgg/deep-green-GO/arc_benchmark/nominal_30_identity_80_coverage/inputs/structures/valid/9HES_BT.pdb	A	IPR002136;IPR013000;IPR023574;IPR025755;IPR045240	
9HES_BU	predict	/home/ganeshiny.sridharan/dgg/deep-green-GO/arc_benchmark/nominal_30_identity_80_coverage/inputs/structures/valid/9HES_BU.pdb	A	IPR002132;IPR020929;IPR022803;IPR031309;IPR031310;IPR057266	
9HES_BV	predict	/home/ganeshiny.sridharan/dgg/deep-green-GO/arc_benchmark/nominal_30_identity_80_coverage/inputs/structures/valid/9HES_BV.pdb	A	IPR001593;IPR018281;IPR027500	
9HES_BW	predict	/home/ganeshiny.sridharan/dgg/deep-green-GO/arc_benchmark/nominal_30_identity_80_coverage/inputs/structures/valid/9HES_BW.pdb	A	IPR001931;IPR018279;IPR038579	
9HES_Ba	predict	/home/ganeshiny.sridharan/dgg/deep-green-GO/arc_benchmark/nominal_30_identity_80_coverage/inputs/structures/valid/9HES_Ba.pdb	A	IPR001848;IPR005729;IPR018268;IPR027486;IPR036838	
9HES_Da	predict	/home/ganeshiny.sridharan/dgg/deep-green-GO/arc_benchmark/nominal_30_identity_80_coverage/inputs/structures/valid/9HES_Da.pdb	A	IPR000589;IPR009068;IPR012606;IPR023029	
9HES_Ea	predict	/home/ganeshiny.sridharan/dgg/deep-green-GO/arc_benchmark/nominal_30_identity_80_coverage/inputs/structures/valid/9HES_Ea.pdb	A	IPR000439;IPR012678;IPR020925;IPR024794	
9HES_Fa	predict	/home/ganeshiny.sridharan/dgg/deep-green-GO/arc_benchmark/nominal_30_identity_80_coverage/inputs/structures/valid/9HES_Fa.pdb	A	IPR008195;IPR018065;IPR038562	
9HES_Ga	predict	/home/ganeshiny.sridharan/dgg/deep-green-GO/arc_benchmark/nominal_30_identity_80_coverage/inputs/structures/valid/9HES_Ga.pdb	A	IPR000626;IPR001975;IPR011332;IPR019954;IPR019956;IPR029071;IPR038587;IPR050158	
9HES_Ha	predict	/home/ganeshiny.sridharan/dgg/deep-green-GO/arc_benchmark/nominal_30_identity_80_coverage/inputs/structures/valid/9HES_Ha.pdb	A	IPR001196;IPR021131;IPR030878;IPR036227	
9HES_Ia	predict	/home/ganeshiny.sridharan/dgg/deep-green-GO/arc_benchmark/nominal_30_identity_80_coverage/inputs/structures/valid/9HES_Ia.pdb	A	IPR000702;IPR002359;IPR020040;IPR036789	
9HES_Ja	predict	/home/ganeshiny.sridharan/dgg/deep-green-GO/arc_benchmark/nominal_30_identity_80_coverage/inputs/structures/valid/9HES_Ja.pdb	A	IPR000876;IPR002942;IPR005824;IPR013843;IPR013845;IPR014722;IPR018199;IPR032277;IPR036986;IPR038237;IPR041982	
9HES_Ka	predict	/home/ganeshiny.sridharan/dgg/deep-green-GO/arc_benchmark/nominal_30_identity_80_coverage/inputs/structures/valid/9HES_Ka.pdb	A	IPR001976;IPR012678;IPR018098;IPR053709	
9HES_La	predict	/home/ganeshiny.sridharan/dgg/deep-green-GO/arc_benchmark/nominal_30_identity_80_coverage/inputs/structures/valid/9HES_La.pdb	A	IPR004977	
9HES_Ma	predict	/home/ganeshiny.sridharan/dgg/deep-green-GO/arc_benchmark/nominal_30_identity_80_coverage/inputs/structures/valid/9HES_Ma.pdb	A	IPR000892;IPR038551;IPR047864	
9HES_Na	predict	/home/ganeshiny.sridharan/dgg/deep-green-GO/arc_benchmark/nominal_30_identity_80_coverage/inputs/structures/valid/9HES_Na.pdb	A	IPR000592;IPR011332;IPR023407	
9HES_Oa	predict	/home/ganeshiny.sridharan/dgg/deep-green-GO/arc_benchmark/nominal_30_identity_80_coverage/inputs/structures/valid/9HES_Oa.pdb	A	IPR000289;IPR012340;IPR028626	
9HES_Pa	predict	/home/ganeshiny.sridharan/dgg/deep-green-GO/arc_benchmark/nominal_30_identity_80_coverage/inputs/structures/valid/9HES_Pa.pdb	A	IPR006846	
9HES_Ra	predict	/home/ganeshiny.sridharan/dgg/deep-green-GO/arc_benchmark/nominal_30_identity_80_coverage/inputs/structures/valid/9HES_Ra.pdb	A	IPR000554;IPR047861	
9HES_Ta	predict	/home/ganeshiny.sridharan/dgg/deep-green-GO/arc_benchmark/nominal_30_identity_80_coverage/inputs/structures/valid/9HES_Ta.pdb	A	IPR001377;IPR014401;IPR018282	
9HES_Ua	predict	/home/ganeshiny.sridharan/dgg/deep-green-GO/arc_benchmark/nominal_30_identity_80_coverage/inputs/structures/valid/9HES_Ua.pdb	A	IPR001971;IPR018102;IPR036967	
9HES_Va	predict	/home/ganeshiny.sridharan/dgg/deep-green-GO/arc_benchmark/nominal_30_identity_80_coverage/inputs/structures/valid/9HES_Va.pdb	A	IPR005680;IPR006032;IPR012340	
9HES_Wa	predict	/home/ganeshiny.sridharan/dgg/deep-green-GO/arc_benchmark/nominal_30_identity_80_coverage/inputs/structures/valid/9HES_Wa.pdb	A	IPR001892;IPR010979;IPR018269;IPR027437	
9HES_Xa	predict	/home/ganeshiny.sridharan/dgg/deep-green-GO/arc_benchmark/nominal_30_identity_80_coverage/inputs/structures/valid/9HES_Xa.pdb	A	IPR000266;IPR012340;IPR019979;IPR028333;IPR032440	
9HES_Ya	predict	/home/ganeshiny.sridharan/dgg/deep-green-GO/arc_benchmark/nominal_30_identity_80_coverage/inputs/structures/valid/9HES_Ya.pdb	A	IPR002222;IPR005713;IPR020934;IPR023575	
9HES_Za	predict	/home/ganeshiny.sridharan/dgg/deep-green-GO/arc_benchmark/nominal_30_identity_80_coverage/inputs/structures/valid/9HES_Za.pdb	A	IPR001865;IPR005707;IPR018130;IPR023591;IPR027498	
9HMW_AA	predict	/home/ganeshiny.sridharan/dgg/deep-green-GO/arc_benchmark/nominal_30_identity_80_coverage/inputs/structures/valid/9HMW_AA.pdb	A	IPR001351;IPR004044;IPR005703;IPR009019;IPR015946;IPR036419;IPR057258	
9HMW_AB	predict	/home/ganeshiny.sridharan/dgg/deep-green-GO/arc_benchmark/nominal_30_identity_80_coverage/inputs/structures/valid/9HMW_AB.pdb	A	IPR001912;IPR002942;IPR005710;IPR018079;IPR022801;IPR036986	
9HMW_AC	predict	/home/ganeshiny.sridharan/dgg/deep-green-GO/arc_benchmark/nominal_30_identity_80_coverage/inputs/structures/valid/9HMW_AC.pdb	A	IPR000851;IPR005324;IPR005711;IPR013810;IPR014721;IPR018192;IPR020568	
9HMW_AD	predict	/home/ganeshiny.sridharan/dgg/deep-green-GO/arc_benchmark/nominal_30_identity_80_coverage/inputs/structures/valid/9HMW_AD.pdb	A	IPR000235;IPR005716;IPR020606;IPR023798;IPR036823	
9HMW_AE	predict	/home/ganeshiny.sridharan/dgg/deep-green-GO/arc_benchmark/nominal_30_identity_80_coverage/inputs/structures/valid/9HMW_AE.pdb	A	IPR000630;IPR035987;IPR047863	
9HMW_AF	predict	/home/ganeshiny.sridharan/dgg/deep-green-GO/arc_benchmark/nominal_30_identity_80_coverage/inputs/structures/valid/9HMW_AF.pdb	A	IPR000754;IPR014721;IPR020568;IPR020574	
9HMW_AG	predict	/home/ganeshiny.sridharan/dgg/deep-green-GO/arc_benchmark/nominal_30_identity_80_coverage/inputs/structures/valid/9HMW_AG.pdb	A	IPR001380;IPR018256	
9HMW_AH	predict	/home/ganeshiny.sridharan/dgg/deep-green-GO/arc_benchmark/nominal_30_identity_80_coverage/inputs/structures/valid/9HMW_AH.pdb	A	IPR002784;IPR008991;IPR014722;IPR039660	
9HMW_AI	predict	/home/ganeshiny.sridharan/dgg/deep-green-GO/arc_benchmark/nominal_30_identity_80_coverage/inputs/structures/valid/9HMW_AI.pdb	A	IPR005326;IPR036388;IPR037447	
9HMW_AJ	predict	/home/ganeshiny.sridharan/dgg/deep-green-GO/arc_benchmark/nominal_30_identity_80_coverage/inputs/structures/valid/9HMW_AJ.pdb	A	IPR000039;IPR021131;IPR036227	
9HMW_AK	predict	/home/ganeshiny.sridharan/dgg/deep-green-GO/arc_benchmark/nominal_30_identity_80_coverage/inputs/structures/valid/9HMW_AK.pdb	A	IPR000196;IPR015972;IPR023638;IPR033935;IPR035970;IPR039547;IPR057259;IPR057260	
9HMW_AM	predict	/home/ganeshiny.sridharan/dgg/deep-green-GO/arc_benchmark/nominal_30_identity_80_coverage/inputs/structures/valid/9HMW_AM.pdb	A	IPR001147;IPR008991;IPR018259;IPR036948	
9HMW_AN	predict	/home/ganeshiny.sridharan/dgg/deep-green-GO/arc_benchmark/nominal_30_identity_80_coverage/inputs/structures/valid/9HMW_AN.pdb	A	IPR002671;IPR038526	
9HMW_AO	predict	/home/ganeshiny.sridharan/dgg/deep-green-GO/arc_benchmark/nominal_30_identity_80_coverage/inputs/structures/valid/9HMW_AO.pdb	A	IPR000988;IPR011017;IPR023442;IPR038630;IPR056366	
9HMW_AP	predict	/home/ganeshiny.sridharan/dgg/deep-green-GO/arc_benchmark/nominal_30_identity_80_coverage/inputs/structures/valid/9HMW_AP.pdb	A	IPR001141;IPR008991;IPR018262;IPR038655;IPR041991	
9HMW_AQ	predict	/home/ganeshiny.sridharan/dgg/deep-green-GO/arc_benchmark/nominal_30_identity_80_coverage/inputs/structures/valid/9HMW_AQ.pdb	A	IPR002672;IPR029004	
9HMW_AT	predict	/home/ganeshiny.sridharan/dgg/deep-green-GO/arc_benchmark/nominal_30_identity_80_coverage/inputs/structures/valid/9HMW_AT.pdb	A	IPR004038;IPR022991;IPR029064;IPR039109	
9HMW_AU	predict	/home/ganeshiny.sridharan/dgg/deep-green-GO/arc_benchmark/nominal_30_identity_80_coverage/inputs/structures/valid/9HMW_AU.pdb	A	IPR000054;IPR020052;IPR023621	
9HMW_AV	predict	/home/ganeshiny.sridharan/dgg/deep-green-GO/arc_benchmark/nominal_30_identity_80_coverage/inputs/structures/valid/9HMW_AV.pdb	A	IPR001515;IPR018263;IPR036351	
9HMW_AW	predict	/home/ganeshiny.sridharan/dgg/deep-green-GO/arc_benchmark/nominal_30_identity_80_coverage/inputs/structures/valid/9HMW_AW.pdb	A	IPR001780;IPR009000;IPR018266;IPR038661	
9HMW_AX	predict	/home/ganeshiny.sridharan/dgg/deep-green-GO/arc_benchmark/nominal_30_identity_80_coverage/inputs/structures/valid/9HMW_AX.pdb	A	IPR000509;IPR038097	
9HMW_AY	predict	/home/ganeshiny.sridharan/dgg/deep-green-GO/arc_benchmark/nominal_30_identity_80_coverage/inputs/structures/valid/9HMW_AY.pdb	A	IPR001569;IPR011331;IPR011332;IPR018267	
9HMW_AZ	predict	/home/ganeshiny.sridharan/dgg/deep-green-GO/arc_benchmark/nominal_30_identity_80_coverage/inputs/structures/valid/9HMW_AZ.pdb	A	IPR002675;IPR038464	
9HMW_Aa	predict	/home/ganeshiny.sridharan/dgg/deep-green-GO/arc_benchmark/nominal_30_identity_80_coverage/inputs/structures/valid/9HMW_Aa.pdb	A	IPR001047;IPR018283;IPR022309;IPR042563	
9HMW_BB	predict	/home/ganeshiny.sridharan/dgg/deep-green-GO/arc_benchmark/nominal_30_identity_80_coverage/inputs/structures/valid/9HMW_BB.pdb	A	IPR001210;IPR018273;IPR036401	
9HMW_BD	predict	/home/ganeshiny.sridharan/dgg/deep-green-GO/arc_benchmark/nominal_30_identity_80_coverage/inputs/structures/valid/9HMW_BD.pdb	A	IPR000552;IPR011332;IPR053708	
9HMW_BE	predict	/home/ganeshiny.sridharan/dgg/deep-green-GO/arc_benchmark/nominal_30_identity_80_coverage/inputs/structures/valid/9HMW_BE.pdb	A	IPR002674;IPR011331;IPR011332;IPR050522	
9HMW_BF	predict	/home/ganeshiny.sridharan/dgg/deep-green-GO/arc_benchmark/nominal_30_identity_80_coverage/inputs/structures/valid/9HMW_BF.pdb	A	IPR000915;IPR005568;IPR008991;IPR014722;IPR041997	
9HMW_BG	predict	/home/ganeshiny.sridharan/dgg/deep-green-GO/arc_benchmark/nominal_30_identity_80_coverage/inputs/structures/valid/9HMW_BG.pdb	A	IPR001921;IPR004037;IPR004038;IPR018492;IPR029064;IPR050257	
9HMW_BH	predict	/home/ganeshiny.sridharan/dgg/deep-green-GO/arc_benchmark/nominal_30_identity_80_coverage/inputs/structures/valid/9HMW_BH.pdb	A	IPR005755;IPR005822;IPR023563;IPR036899	
9HMW_BI	predict	/home/ganeshiny.sridharan/dgg/deep-green-GO/arc_benchmark/nominal_30_identity_80_coverage/inputs/structures/valid/9HMW_BI.pdb	A	IPR000218;IPR019972;IPR036853	
9HMW_BJ	predict	/home/ganeshiny.sridharan/dgg/deep-green-GO/arc_benchmark/nominal_30_identity_80_coverage/inputs/structures/valid/9HMW_BJ.pdb	A	IPR001197;IPR016180;IPR018255;IPR036920;IPR047873	
9HMW_BK	predict	/home/ganeshiny.sridharan/dgg/deep-green-GO/arc_benchmark/nominal_30_identity_80_coverage/inputs/structures/valid/9HMW_BK.pdb	A	IPR005485;IPR025607;IPR057268	
9HMW_BL	predict	/home/ganeshiny.sridharan/dgg/deep-green-GO/arc_benchmark/nominal_30_identity_80_coverage/inputs/structures/valid/9HMW_BL.pdb	A	IPR001266;IPR018277;IPR036388;IPR036390	
9HMW_BM	predict	/home/ganeshiny.sridharan/dgg/deep-green-GO/arc_benchmark/nominal_30_identity_80_coverage/inputs/structures/valid/9HMW_BM.pdb	A	IPR001063;IPR005721;IPR018260;IPR036394;IPR057265	
9HMW_BN	predict	/home/ganeshiny.sridharan/dgg/deep-green-GO/arc_benchmark/nominal_30_identity_80_coverage/inputs/structures/valid/9HMW_BN.pdb	A	IPR001014;IPR005633;IPR012677;IPR012678;IPR013025;IPR019985	
9HMW_BO	predict	/home/ganeshiny.sridharan/dgg/deep-green-GO/arc_benchmark/nominal_30_identity_80_coverage/inputs/structures/valid/9HMW_BO.pdb	A	IPR005756;IPR005824;IPR005825;IPR008991;IPR014722;IPR041988	
9HMW_BP	predict	/home/ganeshiny.sridharan/dgg/deep-green-GO/arc_benchmark/nominal_30_identity_80_coverage/inputs/structures/valid/9HMW_BP.pdb	A	IPR001854;IPR018254;IPR036049;IPR045059	
9HMW_BQ	predict	/home/ganeshiny.sridharan/dgg/deep-green-GO/arc_benchmark/nominal_30_identity_80_coverage/inputs/structures/valid/9HMW_BQ.pdb	A	IPR002171;IPR008991;IPR012340;IPR014722;IPR014726;IPR022666;IPR022669;IPR022671;IPR023672	
9HMW_BR	predict	/home/ganeshiny.sridharan/dgg/deep-green-GO/arc_benchmark/nominal_30_identity_80_coverage/inputs/structures/valid/9HMW_BR.pdb	A	IPR005998;IPR012988;IPR016082;IPR018038;IPR035808;IPR036919;IPR039699	
9HMW_BS	predict	/home/ganeshiny.sridharan/dgg/deep-green-GO/arc_benchmark/nominal_30_identity_80_coverage/inputs/structures/valid/9HMW_BS.pdb	A	IPR000597;IPR009000;IPR019926;IPR044892;IPR045077	
9HMW_BT	predict	/home/ganeshiny.sridharan/dgg/deep-green-GO/arc_benchmark/nominal_30_identity_80_coverage/inputs/structures/valid/9HMW_BT.pdb	A	IPR002136;IPR013000;IPR023574;IPR025755;IPR045240	
9HMW_BU	predict	/home/ganeshiny.sridharan/dgg/deep-green-GO/arc_benchmark/nominal_30_identity_80_coverage/inputs/structures/valid/9HMW_BU.pdb	A	IPR002132;IPR020929;IPR022803;IPR031309;IPR031310;IPR057266	
9HMW_BV	predict	/home/ganeshiny.sridharan/dgg/deep-green-GO/arc_benchmark/nominal_30_identity_80_coverage/inputs/structures/valid/9HMW_BV.pdb	A	IPR001593;IPR018281;IPR027500	
9HMW_BW	predict	/home/ganeshiny.sridharan/dgg/deep-green-GO/arc_benchmark/nominal_30_identity_80_coverage/inputs/structures/valid/9HMW_BW.pdb	A	IPR001931;IPR018279;IPR038579	
9HMW_Ba	predict	/home/ganeshiny.sridharan/dgg/deep-green-GO/arc_benchmark/nominal_30_identity_80_coverage/inputs/structures/valid/9HMW_Ba.pdb	A	IPR001848;IPR005729;IPR018268;IPR027486;IPR036838	
9HMW_Da	predict	/home/ganeshiny.sridharan/dgg/deep-green-GO/arc_benchmark/nominal_30_identity_80_coverage/inputs/structures/valid/9HMW_Da.pdb	A	IPR000589;IPR009068;IPR012606;IPR023029	
9HMW_Ea	predict	/home/ganeshiny.sridharan/dgg/deep-green-GO/arc_benchmark/nominal_30_identity_80_coverage/inputs/structures/valid/9HMW_Ea.pdb	A	IPR000439;IPR012678;IPR020925;IPR024794	
9HMW_Fa	predict	/home/ganeshiny.sridharan/dgg/deep-green-GO/arc_benchmark/nominal_30_identity_80_coverage/inputs/structures/valid/9HMW_Fa.pdb	A	IPR008195;IPR018065;IPR038562	
9HMW_Ga	predict	/home/ganeshiny.sridharan/dgg/deep-green-GO/arc_benchmark/nominal_30_identity_80_coverage/inputs/structures/valid/9HMW_Ga.pdb	A	IPR000626;IPR001975;IPR011332;IPR019954;IPR019956;IPR029071;IPR038587;IPR050158	
9HMW_Ha	predict	/home/ganeshiny.sridharan/dgg/deep-green-GO/arc_benchmark/nominal_30_identity_80_coverage/inputs/structures/valid/9HMW_Ha.pdb	A	IPR001196;IPR021131;IPR030878;IPR036227	
9HMW_Ia	predict	/home/ganeshiny.sridharan/dgg/deep-green-GO/arc_benchmark/nominal_30_identity_80_coverage/inputs/structures/valid/9HMW_Ia.pdb	A	IPR000702;IPR002359;IPR020040;IPR036789	
9HMW_Ja	predict	/home/ganeshiny.sridharan/dgg/deep-green-GO/arc_benchmark/nominal_30_identity_80_coverage/inputs/structures/valid/9HMW_Ja.pdb	A	IPR000876;IPR002942;IPR005824;IPR013843;IPR013845;IPR014722;IPR018199;IPR032277;IPR036986;IPR038237;IPR041982	
9HMW_Ka	predict	/home/ganeshiny.sridharan/dgg/deep-green-GO/arc_benchmark/nominal_30_identity_80_coverage/inputs/structures/valid/9HMW_Ka.pdb	A	IPR001976;IPR012678;IPR018098;IPR053709	
9HMW_La	predict	/home/ganeshiny.sridharan/dgg/deep-green-GO/arc_benchmark/nominal_30_identity_80_coverage/inputs/structures/valid/9HMW_La.pdb	A	IPR004977	
9HMW_Ma	predict	/home/ganeshiny.sridharan/dgg/deep-green-GO/arc_benchmark/nominal_30_identity_80_coverage/inputs/structures/valid/9HMW_Ma.pdb	A	IPR000892;IPR038551;IPR047864	
9HMW_Na	predict	/home/ganeshiny.sridharan/dgg/deep-green-GO/arc_benchmark/nominal_30_identity_80_coverage/inputs/structures/valid/9HMW_Na.pdb	A	IPR000592;IPR011332;IPR023407	
9HMW_Oa	predict	/home/ganeshiny.sridharan/dgg/deep-green-GO/arc_benchmark/nominal_30_identity_80_coverage/inputs/structures/valid/9HMW_Oa.pdb	A	IPR000289;IPR012340;IPR028626	
9HMW_Pa	predict	/home/ganeshiny.sridharan/dgg/deep-green-GO/arc_benchmark/nominal_30_identity_80_coverage/inputs/structures/valid/9HMW_Pa.pdb	A	IPR006846	
9HMW_Ra	predict	/home/ganeshiny.sridharan/dgg/deep-green-GO/arc_benchmark/nominal_30_identity_80_coverage/inputs/structures/valid/9HMW_Ra.pdb	A	IPR000554;IPR047861	
9HMW_Ta	predict	/home/ganeshiny.sridharan/dgg/deep-green-GO/arc_benchmark/nominal_30_identity_80_coverage/inputs/structures/valid/9HMW_Ta.pdb	A	IPR001377;IPR014401;IPR018282	
9HMW_Ua	predict	/home/ganeshiny.sridharan/dgg/deep-green-GO/arc_benchmark/nominal_30_identity_80_coverage/inputs/structures/valid/9HMW_Ua.pdb	A	IPR001971;IPR018102;IPR036967	
9HMW_Va	predict	/home/ganeshiny.sridharan/dgg/deep-green-GO/arc_benchmark/nominal_30_identity_80_coverage/inputs/structures/valid/9HMW_Va.pdb	A	IPR005680;IPR006032;IPR012340	
9HMW_Wa	predict	/home/ganeshiny.sridharan/dgg/deep-green-GO/arc_benchmark/nominal_30_identity_80_coverage/inputs/structures/valid/9HMW_Wa.pdb	A	IPR001892;IPR010979;IPR018269;IPR027437	
9HMW_Xa	predict	/home/ganeshiny.sridharan/dgg/deep-green-GO/arc_benchmark/nominal_30_identity_80_coverage/inputs/structures/valid/9HMW_Xa.pdb	A	IPR000266;IPR012340;IPR019979;IPR028333;IPR032440	
9HMW_Ya	predict	/home/ganeshiny.sridharan/dgg/deep-green-GO/arc_benchmark/nominal_30_identity_80_coverage/inputs/structures/valid/9HMW_Ya.pdb	A	IPR002222;IPR005713;IPR020934;IPR023575	
9HMW_Za	predict	/home/ganeshiny.sridharan/dgg/deep-green-GO/arc_benchmark/nominal_30_identity_80_coverage/inputs/structures/valid/9HMW_Za.pdb	A	IPR001865;IPR005707;IPR018130;IPR023591;IPR027498	
9SCU_CA	predict	/home/ganeshiny.sridharan/dgg/deep-green-GO/arc_benchmark/nominal_30_identity_80_coverage/inputs/structures/valid/9SCU_CA.pdb	A	IPR002171;IPR008991;IPR012340;IPR014722;IPR014726;IPR022666;IPR022669;IPR022671;IPR023672	
9SCU_CB	predict	/home/ganeshiny.sridharan/dgg/deep-green-GO/arc_benchmark/nominal_30_identity_80_coverage/inputs/structures/valid/9SCU_CB.pdb	A	IPR000597;IPR009000;IPR019926;IPR044892;IPR045077	
9SCU_CC	predict	/home/ganeshiny.sridharan/dgg/deep-green-GO/arc_benchmark/nominal_30_identity_80_coverage/inputs/structures/valid/9SCU_CC.pdb	A	IPR002136;IPR013000;IPR023574;IPR025755;IPR045240	
9SCU_CD	predict	/home/ganeshiny.sridharan/dgg/deep-green-GO/arc_benchmark/nominal_30_identity_80_coverage/inputs/structures/valid/9SCU_CD.pdb	A	IPR005485;IPR025607;IPR057268	
9SCU_CE	predict	/home/ganeshiny.sridharan/dgg/deep-green-GO/arc_benchmark/nominal_30_identity_80_coverage/inputs/structures/valid/9SCU_CE.pdb	A	IPR000915;IPR005568;IPR008991;IPR014722;IPR041997	
9SCU_CF	predict	/home/ganeshiny.sridharan/dgg/deep-green-GO/arc_benchmark/nominal_30_identity_80_coverage/inputs/structures/valid/9SCU_CF.pdb	A	IPR005998;IPR012988;IPR016082;IPR018038;IPR035808;IPR036919;IPR039699	
9SCU_CG	predict	/home/ganeshiny.sridharan/dgg/deep-green-GO/arc_benchmark/nominal_30_identity_80_coverage/inputs/structures/valid/9SCU_CG.pdb	A	IPR001921;IPR004037;IPR004038;IPR018492;IPR029064;IPR050257	
9SCU_CH	predict	/home/ganeshiny.sridharan/dgg/deep-green-GO/arc_benchmark/nominal_30_identity_80_coverage/inputs/structures/valid/9SCU_CH.pdb	A	IPR000702;IPR002359;IPR020040;IPR036789	
9SCU_CI	predict	/home/ganeshiny.sridharan/dgg/deep-green-GO/arc_benchmark/nominal_30_identity_80_coverage/inputs/structures/valid/9SCU_CI.pdb	A	IPR001197;IPR016180;IPR018255;IPR036920;IPR047873	
9SCU_CJ	predict	/home/ganeshiny.sridharan/dgg/deep-green-GO/arc_benchmark/nominal_30_identity_80_coverage/inputs/structures/valid/9SCU_CJ.pdb	A	IPR002132;IPR020929;IPR022803;IPR031309;IPR031310;IPR057266	
9SCU_CK	predict	/home/ganeshiny.sridharan/dgg/deep-green-GO/arc_benchmark/nominal_30_identity_80_coverage/inputs/structures/valid/9SCU_CK.pdb	A	IPR000552;IPR011332;IPR053708	
9SCU_CL	predict	/home/ganeshiny.sridharan/dgg/deep-green-GO/arc_benchmark/nominal_30_identity_80_coverage/inputs/structures/valid/9SCU_CL.pdb	A	IPR001380;IPR018256	
9SCU_CM	predict	/home/ganeshiny.sridharan/dgg/deep-green-GO/arc_benchmark/nominal_30_identity_80_coverage/inputs/structures/valid/9SCU_CM.pdb	A	IPR002784;IPR008991;IPR014722;IPR039660	
9SCU_CN	predict	/home/ganeshiny.sridharan/dgg/deep-green-GO/arc_benchmark/nominal_30_identity_80_coverage/inputs/structures/valid/9SCU_CN.pdb	A	IPR000439;IPR012678;IPR020925;IPR024794	
9SCU_CO	predict	/home/ganeshiny.sridharan/dgg/deep-green-GO/arc_benchmark/nominal_30_identity_80_coverage/inputs/structures/valid/9SCU_CO.pdb	A	IPR005755;IPR005822;IPR023563;IPR036899	
9SCU_CP	predict	/home/ganeshiny.sridharan/dgg/deep-green-GO/arc_benchmark/nominal_30_identity_80_coverage/inputs/structures/valid/9SCU_CP.pdb	A	IPR001063;IPR005721;IPR018260;IPR036394;IPR057265	
9SCU_CQ	predict	/home/ganeshiny.sridharan/dgg/deep-green-GO/arc_benchmark/nominal_30_identity_80_coverage/inputs/structures/valid/9SCU_CQ.pdb	A	IPR000039;IPR021131;IPR036227	
9SCU_CR	predict	/home/ganeshiny.sridharan/dgg/deep-green-GO/arc_benchmark/nominal_30_identity_80_coverage/inputs/structures/valid/9SCU_CR.pdb	A	IPR000196;IPR015972;IPR023638;IPR033935;IPR035970;IPR039547;IPR057259;IPR057260	
9SCU_CT	predict	/home/ganeshiny.sridharan/dgg/deep-green-GO/arc_benchmark/nominal_30_identity_80_coverage/inputs/structures/valid/9SCU_CT.pdb	A	IPR001147;IPR008991;IPR018259;IPR036948	
9SCU_CV	predict	/home/ganeshiny.sridharan/dgg/deep-green-GO/arc_benchmark/nominal_30_identity_80_coverage/inputs/structures/valid/9SCU_CV.pdb	A	IPR000218;IPR019972;IPR036853	
9SCU_CW	predict	/home/ganeshiny.sridharan/dgg/deep-green-GO/arc_benchmark/nominal_30_identity_80_coverage/inputs/structures/valid/9SCU_CW.pdb	A	IPR000988;IPR011017;IPR023442;IPR038630;IPR056366	
9SCU_CX	predict	/home/ganeshiny.sridharan/dgg/deep-green-GO/arc_benchmark/nominal_30_identity_80_coverage/inputs/structures/valid/9SCU_CX.pdb	A	IPR001014;IPR005633;IPR012677;IPR012678;IPR013025;IPR019985	
9SCU_CY	predict	/home/ganeshiny.sridharan/dgg/deep-green-GO/arc_benchmark/nominal_30_identity_80_coverage/inputs/structures/valid/9SCU_CY.pdb	A	IPR005756;IPR005824;IPR005825;IPR008991;IPR014722;IPR041988	
9SCU_CZ	predict	/home/ganeshiny.sridharan/dgg/deep-green-GO/arc_benchmark/nominal_30_identity_80_coverage/inputs/structures/valid/9SCU_CZ.pdb	A	IPR001141;IPR008991;IPR018262;IPR038655;IPR041991	
9SCU_Ca	predict	/home/ganeshiny.sridharan/dgg/deep-green-GO/arc_benchmark/nominal_30_identity_80_coverage/inputs/structures/valid/9SCU_Ca.pdb	A	IPR001196;IPR021131;IPR030878;IPR036227	
9SCU_Cc	predict	/home/ganeshiny.sridharan/dgg/deep-green-GO/arc_benchmark/nominal_30_identity_80_coverage/inputs/structures/valid/9SCU_Cc.pdb	A	IPR000231;IPR004038;IPR022991;IPR029064;IPR039109	
9SCU_Cd	predict	/home/ganeshiny.sridharan/dgg/deep-green-GO/arc_benchmark/nominal_30_identity_80_coverage/inputs/structures/valid/9SCU_Cd.pdb	A	IPR000054;IPR020052;IPR023621	
9SCU_Ce	predict	/home/ganeshiny.sridharan/dgg/deep-green-GO/arc_benchmark/nominal_30_identity_80_coverage/inputs/structures/valid/9SCU_Ce.pdb	A	IPR001515;IPR018263;IPR036351	
9SCU_Cf	predict	/home/ganeshiny.sridharan/dgg/deep-green-GO/arc_benchmark/nominal_30_identity_80_coverage/inputs/structures/valid/9SCU_Cf.pdb	A	IPR001780;IPR009000;IPR018266;IPR038661	
9SCU_Cg	predict	/home/ganeshiny.sridharan/dgg/deep-green-GO/arc_benchmark/nominal_30_identity_80_coverage/inputs/structures/valid/9SCU_Cg.pdb	A	IPR008195;IPR018065;IPR038562	
9SCU_Ch	predict	/home/ganeshiny.sridharan/dgg/deep-green-GO/arc_benchmark/nominal_30_identity_80_coverage/inputs/structures/valid/9SCU_Ch.pdb	A	IPR001854;IPR018254;IPR036049;IPR045059	
9SCU_Ci	predict	/home/ganeshiny.sridharan/dgg/deep-green-GO/arc_benchmark/nominal_30_identity_80_coverage/inputs/structures/valid/9SCU_Ci.pdb	A	IPR000509;IPR038097	
9SCU_Cj	predict	/home/ganeshiny.sridharan/dgg/deep-green-GO/arc_benchmark/nominal_30_identity_80_coverage/inputs/structures/valid/9SCU_Cj.pdb	A	IPR001569;IPR011331;IPR011332;IPR018267	
9SCU_Ck	predict	/home/ganeshiny.sridharan/dgg/deep-green-GO/arc_benchmark/nominal_30_identity_80_coverage/inputs/structures/valid/9SCU_Ck.pdb	A	IPR002675;IPR038464	
9SCU_Cm	predict	/home/ganeshiny.sridharan/dgg/deep-green-GO/arc_benchmark/nominal_30_identity_80_coverage/inputs/structures/valid/9SCU_Cm.pdb	A	IPR000626;IPR001975;IPR011332;IPR019954;IPR019956;IPR029071;IPR038587;IPR050158	
9SCU_w	predict	/home/ganeshiny.sridharan/dgg/deep-green-GO/arc_benchmark/nominal_30_identity_80_coverage/inputs/structures/valid/9SCU_w.pdb	A	IPR002671;IPR038526	
9SDP_BA	predict	/home/ganeshiny.sridharan/dgg/deep-green-GO/arc_benchmark/nominal_30_identity_80_coverage/inputs/structures/valid/9SDP_BA.pdb	A	IPR001865;IPR005707;IPR018130;IPR023591;IPR027498	
9SDP_BB	predict	/home/ganeshiny.sridharan/dgg/deep-green-GO/arc_benchmark/nominal_30_identity_80_coverage/inputs/structures/valid/9SDP_BB.pdb	A	IPR001593;IPR018281;IPR027500	
9SDP_BC	predict	/home/ganeshiny.sridharan/dgg/deep-green-GO/arc_benchmark/nominal_30_identity_80_coverage/inputs/structures/valid/9SDP_BC.pdb	A	IPR000851;IPR005324;IPR005711;IPR013810;IPR014721;IPR018192;IPR020568	
9SDP_BE	predict	/home/ganeshiny.sridharan/dgg/deep-green-GO/arc_benchmark/nominal_30_identity_80_coverage/inputs/structures/valid/9SDP_BE.pdb	A	IPR000876;IPR002942;IPR005824;IPR013843;IPR013845;IPR014722;IPR018199;IPR032277;IPR036986;IPR038237;IPR041982	
9SDP_BG	predict	/home/ganeshiny.sridharan/dgg/deep-green-GO/arc_benchmark/nominal_30_identity_80_coverage/inputs/structures/valid/9SDP_BG.pdb	A	IPR001377;IPR014401;IPR018282	
9SDP_BH	predict	/home/ganeshiny.sridharan/dgg/deep-green-GO/arc_benchmark/nominal_30_identity_80_coverage/inputs/structures/valid/9SDP_BH.pdb	A	IPR000554;IPR047861	
9SDP_BI	predict	/home/ganeshiny.sridharan/dgg/deep-green-GO/arc_benchmark/nominal_30_identity_80_coverage/inputs/structures/valid/9SDP_BI.pdb	A	IPR001047;IPR018283;IPR022309;IPR042563	
9SDP_BJ	predict	/home/ganeshiny.sridharan/dgg/deep-green-GO/arc_benchmark/nominal_30_identity_80_coverage/inputs/structures/valid/9SDP_BJ.pdb	A	IPR001912;IPR002942;IPR005710;IPR018079;IPR022801;IPR036986	
9SDP_BL	predict	/home/ganeshiny.sridharan/dgg/deep-green-GO/arc_benchmark/nominal_30_identity_80_coverage/inputs/structures/valid/9SDP_BL.pdb	A	IPR000266;IPR012340;IPR019979;IPR028333;IPR032440	
9SDP_BN	predict	/home/ganeshiny.sridharan/dgg/deep-green-GO/arc_benchmark/nominal_30_identity_80_coverage/inputs/structures/valid/9SDP_BN.pdb	A	IPR000589;IPR009068;IPR012606;IPR023029	
9SDP_BV	predict	/home/ganeshiny.sridharan/dgg/deep-green-GO/arc_benchmark/nominal_30_identity_80_coverage/inputs/structures/valid/9SDP_BV.pdb	A	IPR001931;IPR018279;IPR038579	
9SDP_BW	predict	/home/ganeshiny.sridharan/dgg/deep-green-GO/arc_benchmark/nominal_30_identity_80_coverage/inputs/structures/valid/9SDP_BW.pdb	A	IPR000630;IPR035987;IPR047863	
9SDP_BX	predict	/home/ganeshiny.sridharan/dgg/deep-green-GO/arc_benchmark/nominal_30_identity_80_coverage/inputs/structures/valid/9SDP_BX.pdb	A	IPR005680;IPR006032;IPR012340	
9SDP_BY	predict	/home/ganeshiny.sridharan/dgg/deep-green-GO/arc_benchmark/nominal_30_identity_80_coverage/inputs/structures/valid/9SDP_BY.pdb	A	IPR001976;IPR012678;IPR018098;IPR053709	
9SDP_BZ	predict	/home/ganeshiny.sridharan/dgg/deep-green-GO/arc_benchmark/nominal_30_identity_80_coverage/inputs/structures/valid/9SDP_BZ.pdb	A	IPR000892;IPR038551;IPR047864	
9SDP_Bb	predict	/home/ganeshiny.sridharan/dgg/deep-green-GO/arc_benchmark/nominal_30_identity_80_coverage/inputs/structures/valid/9SDP_Bb.pdb	A	IPR000592;IPR011332;IPR023407	
9SDP_Be	predict	/home/ganeshiny.sridharan/dgg/deep-green-GO/arc_benchmark/nominal_30_identity_80_coverage/inputs/structures/valid/9SDP_Be.pdb	A	IPR006846	
9SDP_cS	predict	/home/ganeshiny.sridharan/dgg/deep-green-GO/arc_benchmark/nominal_30_identity_80_coverage/inputs/structures/valid/9SDP_cS.pdb	A	IPR001971;IPR018102;IPR036967	
9SDQ_BD	predict	/home/ganeshiny.sridharan/dgg/deep-green-GO/arc_benchmark/nominal_30_identity_80_coverage/inputs/structures/valid/9SDQ_BD.pdb	A	IPR001351;IPR004044;IPR005703;IPR009019;IPR015946;IPR036419;IPR057258	
9SDQ_BF	predict	/home/ganeshiny.sridharan/dgg/deep-green-GO/arc_benchmark/nominal_30_identity_80_coverage/inputs/structures/valid/9SDQ_BF.pdb	A	IPR000235;IPR005716;IPR020606;IPR023798;IPR036823	
9SDQ_BK	predict	/home/ganeshiny.sridharan/dgg/deep-green-GO/arc_benchmark/nominal_30_identity_80_coverage/inputs/structures/valid/9SDQ_BK.pdb	A	IPR005326;IPR036388;IPR037447	
9SDQ_BP	predict	/home/ganeshiny.sridharan/dgg/deep-green-GO/arc_benchmark/nominal_30_identity_80_coverage/inputs/structures/valid/9SDQ_BP.pdb	A	IPR002222;IPR005713;IPR020934;IPR023575	
9SDQ_BQ	predict	/home/ganeshiny.sridharan/dgg/deep-green-GO/arc_benchmark/nominal_30_identity_80_coverage/inputs/structures/valid/9SDQ_BQ.pdb	A	IPR000754;IPR014721;IPR020568;IPR020574	
9SDQ_BR	predict	/home/ganeshiny.sridharan/dgg/deep-green-GO/arc_benchmark/nominal_30_identity_80_coverage/inputs/structures/valid/9SDQ_BR.pdb	A	IPR001210;IPR018273;IPR036401	
9SDQ_BS	predict	/home/ganeshiny.sridharan/dgg/deep-green-GO/arc_benchmark/nominal_30_identity_80_coverage/inputs/structures/valid/9SDQ_BS.pdb	A	IPR001892;IPR010979;IPR018269;IPR027437	
9SDQ_BT	predict	/home/ganeshiny.sridharan/dgg/deep-green-GO/arc_benchmark/nominal_30_identity_80_coverage/inputs/structures/valid/9SDQ_BT.pdb	A	IPR001266;IPR018277;IPR036388;IPR036390	
9SDQ_BU	predict	/home/ganeshiny.sridharan/dgg/deep-green-GO/arc_benchmark/nominal_30_identity_80_coverage/inputs/structures/valid/9SDQ_BU.pdb	A	IPR001848;IPR005729;IPR018268;IPR027486;IPR036838	
9SDQ_Bc	predict	/home/ganeshiny.sridharan/dgg/deep-green-GO/arc_benchmark/nominal_30_identity_80_coverage/inputs/structures/valid/9SDQ_Bc.pdb	A	IPR000289;IPR012340;IPR028626	
9SDQ_e	predict	/home/ganeshiny.sridharan/dgg/deep-green-GO/arc_benchmark/nominal_30_identity_80_coverage/inputs/structures/valid/9SDQ_e.pdb	A	IPR004977	
7UW9_g	predict	/home/ganeshiny.sridharan/dgg/deep-green-GO/arc_benchmark/nominal_30_identity_80_coverage/inputs/structures/valid/7UW9_g.pdb	A	IPR000245;IPR002379;IPR011555;IPR035921	
7UW9_h	predict	/home/ganeshiny.sridharan/dgg/deep-green-GO/arc_benchmark/nominal_30_identity_80_coverage/inputs/structures/valid/7UW9_h.pdb	A	IPR000245;IPR002379;IPR011555;IPR035921	
7UW9_i	predict	/home/ganeshiny.sridharan/dgg/deep-green-GO/arc_benchmark/nominal_30_identity_80_coverage/inputs/structures/valid/7UW9_i.pdb	A	IPR000245;IPR002379;IPR011555;IPR035921	
7UW9_j	predict	/home/ganeshiny.sridharan/dgg/deep-green-GO/arc_benchmark/nominal_30_identity_80_coverage/inputs/structures/valid/7UW9_j.pdb	A	IPR000245;IPR002379;IPR011555;IPR035921	
7UW9_k	predict	/home/ganeshiny.sridharan/dgg/deep-green-GO/arc_benchmark/nominal_30_identity_80_coverage/inputs/structures/valid/7UW9_k.pdb	A	IPR000245;IPR002379;IPR011555;IPR035921	
7UW9_l	predict	/home/ganeshiny.sridharan/dgg/deep-green-GO/arc_benchmark/nominal_30_identity_80_coverage/inputs/structures/valid/7UW9_l.pdb	A	IPR000245;IPR002379;IPR011555;IPR035921	
7UW9_m	predict	/home/ganeshiny.sridharan/dgg/deep-green-GO/arc_benchmark/nominal_30_identity_80_coverage/inputs/structures/valid/7UW9_m.pdb	A	IPR000245;IPR002379;IPR011555;IPR035921	
7UW9_n	predict	/home/ganeshiny.sridharan/dgg/deep-green-GO/arc_benchmark/nominal_30_identity_80_coverage/inputs/structures/valid/7UW9_n.pdb	A	IPR000245;IPR002379;IPR011555;IPR035921	
7UW9_o	predict	/home/ganeshiny.sridharan/dgg/deep-green-GO/arc_benchmark/nominal_30_identity_80_coverage/inputs/structures/valid/7UW9_o.pdb	A	IPR000245;IPR002379;IPR011555;IPR035921	
7UWA_g	predict	/home/ganeshiny.sridharan/dgg/deep-green-GO/arc_benchmark/nominal_30_identity_80_coverage/inputs/structures/valid/7UWA_g.pdb	A	IPR000245;IPR002379;IPR011555;IPR035921	
7UWA_h	predict	/home/ganeshiny.sridharan/dgg/deep-green-GO/arc_benchmark/nominal_30_identity_80_coverage/inputs/structures/valid/7UWA_h.pdb	A	IPR000245;IPR002379;IPR011555;IPR035921	
7UWA_i	predict	/home/ganeshiny.sridharan/dgg/deep-green-GO/arc_benchmark/nominal_30_identity_80_coverage/inputs/structures/valid/7UWA_i.pdb	A	IPR000245;IPR002379;IPR011555;IPR035921	
7UWA_j	predict	/home/ganeshiny.sridharan/dgg/deep-green-GO/arc_benchmark/nominal_30_identity_80_coverage/inputs/structures/valid/7UWA_j.pdb	A	IPR000245;IPR002379;IPR011555;IPR035921	
7UWA_k	predict	/home/ganeshiny.sridharan/dgg/deep-green-GO/arc_benchmark/nominal_30_identity_80_coverage/inputs/structures/valid/7UWA_k.pdb	A	IPR000245;IPR002379;IPR011555;IPR035921	
7UWA_l	predict	/home/ganeshiny.sridharan/dgg/deep-green-GO/arc_benchmark/nominal_30_identity_80_coverage/inputs/structures/valid/7UWA_l.pdb	A	IPR000245;IPR002379;IPR011555;IPR035921	
7UWA_m	predict	/home/ganeshiny.sridharan/dgg/deep-green-GO/arc_benchmark/nominal_30_identity_80_coverage/inputs/structures/valid/7UWA_m.pdb	A	IPR000245;IPR002379;IPR011555;IPR035921	
7UWA_n	predict	/home/ganeshiny.sridharan/dgg/deep-green-GO/arc_benchmark/nominal_30_identity_80_coverage/inputs/structures/valid/7UWA_n.pdb	A	IPR000245;IPR002379;IPR011555;IPR035921	
7UWA_o	predict	/home/ganeshiny.sridharan/dgg/deep-green-GO/arc_benchmark/nominal_30_identity_80_coverage/inputs/structures/valid/7UWA_o.pdb	A	IPR000245;IPR002379;IPR011555;IPR035921	
7UWB_g	predict	/home/ganeshiny.sridharan/dgg/deep-green-GO/arc_benchmark/nominal_30_identity_80_coverage/inputs/structures/valid/7UWB_g.pdb	A	IPR000245;IPR002379;IPR011555;IPR035921	
7UWB_h	predict	/home/ganeshiny.sridharan/dgg/deep-green-GO/arc_benchmark/nominal_30_identity_80_coverage/inputs/structures/valid/7UWB_h.pdb	A	IPR000245;IPR002379;IPR011555;IPR035921	
7UWB_i	predict	/home/ganeshiny.sridharan/dgg/deep-green-GO/arc_benchmark/nominal_30_identity_80_coverage/inputs/structures/valid/7UWB_i.pdb	A	IPR000245;IPR002379;IPR011555;IPR035921	
7UWB_j	predict	/home/ganeshiny.sridharan/dgg/deep-green-GO/arc_benchmark/nominal_30_identity_80_coverage/inputs/structures/valid/7UWB_j.pdb	A	IPR000245;IPR002379;IPR011555;IPR035921	
7UWB_k	predict	/home/ganeshiny.sridharan/dgg/deep-green-GO/arc_benchmark/nominal_30_identity_80_coverage/inputs/structures/valid/7UWB_k.pdb	A	IPR000245;IPR002379;IPR011555;IPR035921	
7UWB_l	predict	/home/ganeshiny.sridharan/dgg/deep-green-GO/arc_benchmark/nominal_30_identity_80_coverage/inputs/structures/valid/7UWB_l.pdb	A	IPR000245;IPR002379;IPR011555;IPR035921	
7UWB_m	predict	/home/ganeshiny.sridharan/dgg/deep-green-GO/arc_benchmark/nominal_30_identity_80_coverage/inputs/structures/valid/7UWB_m.pdb	A	IPR000245;IPR002379;IPR011555;IPR035921	
7UWB_n	predict	/home/ganeshiny.sridharan/dgg/deep-green-GO/arc_benchmark/nominal_30_identity_80_coverage/inputs/structures/valid/7UWB_n.pdb	A	IPR000245;IPR002379;IPR011555;IPR035921	
7UWB_o	predict	/home/ganeshiny.sridharan/dgg/deep-green-GO/arc_benchmark/nominal_30_identity_80_coverage/inputs/structures/valid/7UWB_o.pdb	A	IPR000245;IPR002379;IPR011555;IPR035921	
7UWC_g	predict	/home/ganeshiny.sridharan/dgg/deep-green-GO/arc_benchmark/nominal_30_identity_80_coverage/inputs/structures/valid/7UWC_g.pdb	A	IPR000245;IPR002379;IPR011555;IPR035921	
7UWC_h	predict	/home/ganeshiny.sridharan/dgg/deep-green-GO/arc_benchmark/nominal_30_identity_80_coverage/inputs/structures/valid/7UWC_h.pdb	A	IPR000245;IPR002379;IPR011555;IPR035921	
7UWC_i	predict	/home/ganeshiny.sridharan/dgg/deep-green-GO/arc_benchmark/nominal_30_identity_80_coverage/inputs/structures/valid/7UWC_i.pdb	A	IPR000245;IPR002379;IPR011555;IPR035921	
7UWC_j	predict	/home/ganeshiny.sridharan/dgg/deep-green-GO/arc_benchmark/nominal_30_identity_80_coverage/inputs/structures/valid/7UWC_j.pdb	A	IPR000245;IPR002379;IPR011555;IPR035921	
7UWC_k	predict	/home/ganeshiny.sridharan/dgg/deep-green-GO/arc_benchmark/nominal_30_identity_80_coverage/inputs/structures/valid/7UWC_k.pdb	A	IPR000245;IPR002379;IPR011555;IPR035921	
7UWC_l	predict	/home/ganeshiny.sridharan/dgg/deep-green-GO/arc_benchmark/nominal_30_identity_80_coverage/inputs/structures/valid/7UWC_l.pdb	A	IPR000245;IPR002379;IPR011555;IPR035921	
7UWC_m	predict	/home/ganeshiny.sridharan/dgg/deep-green-GO/arc_benchmark/nominal_30_identity_80_coverage/inputs/structures/valid/7UWC_m.pdb	A	IPR000245;IPR002379;IPR011555;IPR035921	
7UWC_n	predict	/home/ganeshiny.sridharan/dgg/deep-green-GO/arc_benchmark/nominal_30_identity_80_coverage/inputs/structures/valid/7UWC_n.pdb	A	IPR000245;IPR002379;IPR011555;IPR035921	
7UWC_o	predict	/home/ganeshiny.sridharan/dgg/deep-green-GO/arc_benchmark/nominal_30_identity_80_coverage/inputs/structures/valid/7UWC_o.pdb	A	IPR000245;IPR002379;IPR011555;IPR035921	
7UWD_g	predict	/home/ganeshiny.sridharan/dgg/deep-green-GO/arc_benchmark/nominal_30_identity_80_coverage/inputs/structures/valid/7UWD_g.pdb	A	IPR000245;IPR002379;IPR011555;IPR035921	
7UWD_h	predict	/home/ganeshiny.sridharan/dgg/deep-green-GO/arc_benchmark/nominal_30_identity_80_coverage/inputs/structures/valid/7UWD_h.pdb	A	IPR000245;IPR002379;IPR011555;IPR035921	
7UWD_i	predict	/home/ganeshiny.sridharan/dgg/deep-green-GO/arc_benchmark/nominal_30_identity_80_coverage/inputs/structures/valid/7UWD_i.pdb	A	IPR000245;IPR002379;IPR011555;IPR035921	
7UWD_j	predict	/home/ganeshiny.sridharan/dgg/deep-green-GO/arc_benchmark/nominal_30_identity_80_coverage/inputs/structures/valid/7UWD_j.pdb	A	IPR000245;IPR002379;IPR011555;IPR035921	
7UWD_k	predict	/home/ganeshiny.sridharan/dgg/deep-green-GO/arc_benchmark/nominal_30_identity_80_coverage/inputs/structures/valid/7UWD_k.pdb	A	IPR000245;IPR002379;IPR011555;IPR035921	
7UWD_l	predict	/home/ganeshiny.sridharan/dgg/deep-green-GO/arc_benchmark/nominal_30_identity_80_coverage/inputs/structures/valid/7UWD_l.pdb	A	IPR000245;IPR002379;IPR011555;IPR035921	
7UWD_m	predict	/home/ganeshiny.sridharan/dgg/deep-green-GO/arc_benchmark/nominal_30_identity_80_coverage/inputs/structures/valid/7UWD_m.pdb	A	IPR000245;IPR002379;IPR011555;IPR035921	
7UWD_n	predict	/home/ganeshiny.sridharan/dgg/deep-green-GO/arc_benchmark/nominal_30_identity_80_coverage/inputs/structures/valid/7UWD_n.pdb	A	IPR000245;IPR002379;IPR011555;IPR035921	
7UWD_o	predict	/home/ganeshiny.sridharan/dgg/deep-green-GO/arc_benchmark/nominal_30_identity_80_coverage/inputs/structures/valid/7UWD_o.pdb	A	IPR000245;IPR002379;IPR011555;IPR035921	
8JWE_A	predict	/home/ganeshiny.sridharan/dgg/deep-green-GO/arc_benchmark/nominal_30_identity_80_coverage/inputs/structures/valid/8JWE_A.pdb	A	IPR006685;IPR010920;IPR016688;IPR023408;IPR058650	
8JWE_B	predict	/home/ganeshiny.sridharan/dgg/deep-green-GO/arc_benchmark/nominal_30_identity_80_coverage/inputs/structures/valid/8JWE_B.pdb	A	IPR006685;IPR010920;IPR016688;IPR023408;IPR058650	
8JWE_C	predict	/home/ganeshiny.sridharan/dgg/deep-green-GO/arc_benchmark/nominal_30_identity_80_coverage/inputs/structures/valid/8JWE_C.pdb	A	IPR006685;IPR010920;IPR016688;IPR023408;IPR058650	
8JWE_D	predict	/home/ganeshiny.sridharan/dgg/deep-green-GO/arc_benchmark/nominal_30_identity_80_coverage/inputs/structures/valid/8JWE_D.pdb	A	IPR006685;IPR010920;IPR016688;IPR023408;IPR058650	
8JWE_E	predict	/home/ganeshiny.sridharan/dgg/deep-green-GO/arc_benchmark/nominal_30_identity_80_coverage/inputs/structures/valid/8JWE_E.pdb	A	IPR006685;IPR010920;IPR016688;IPR023408;IPR058650	
8JWE_F	predict	/home/ganeshiny.sridharan/dgg/deep-green-GO/arc_benchmark/nominal_30_identity_80_coverage/inputs/structures/valid/8JWE_F.pdb	A	IPR006685;IPR010920;IPR016688;IPR023408;IPR058650	
8JWE_G	predict	/home/ganeshiny.sridharan/dgg/deep-green-GO/arc_benchmark/nominal_30_identity_80_coverage/inputs/structures/valid/8JWE_G.pdb	A	IPR006685;IPR010920;IPR016688;IPR023408;IPR058650	
8TDJ_A	predict	/home/ganeshiny.sridharan/dgg/deep-green-GO/arc_benchmark/nominal_30_identity_80_coverage/inputs/structures/valid/8TDJ_A.pdb	A	IPR006685;IPR010920;IPR016688;IPR023408;IPR058650	
8TDJ_B	predict	/home/ganeshiny.sridharan/dgg/deep-green-GO/arc_benchmark/nominal_30_identity_80_coverage/inputs/structures/valid/8TDJ_B.pdb	A	IPR006685;IPR010920;IPR016688;IPR023408;IPR058650	
8TDJ_C	predict	/home/ganeshiny.sridharan/dgg/deep-green-GO/arc_benchmark/nominal_30_identity_80_coverage/inputs/structures/valid/8TDJ_C.pdb	A	IPR006685;IPR010920;IPR016688;IPR023408;IPR058650	
8TDJ_D	predict	/home/ganeshiny.sridharan/dgg/deep-green-GO/arc_benchmark/nominal_30_identity_80_coverage/inputs/structures/valid/8TDJ_D.pdb	A	IPR006685;IPR010920;IPR016688;IPR023408;IPR058650	
8TDJ_E	predict	/home/ganeshiny.sridharan/dgg/deep-green-GO/arc_benchmark/nominal_30_identity_80_coverage/inputs/structures/valid/8TDJ_E.pdb	A	IPR006685;IPR010920;IPR016688;IPR023408;IPR058650	
8TDJ_F	predict	/home/ganeshiny.sridharan/dgg/deep-green-GO/arc_benchmark/nominal_30_identity_80_coverage/inputs/structures/valid/8TDJ_F.pdb	A	IPR006685;IPR010920;IPR016688;IPR023408;IPR058650	
8TDJ_G	predict	/home/ganeshiny.sridharan/dgg/deep-green-GO/arc_benchmark/nominal_30_identity_80_coverage/inputs/structures/valid/8TDJ_G.pdb	A	IPR006685;IPR010920;IPR016688;IPR023408;IPR058650	
8TDK_A	predict	/home/ganeshiny.sridharan/dgg/deep-green-GO/arc_benchmark/nominal_30_identity_80_coverage/inputs/structures/valid/8TDK_A.pdb	A	IPR006685;IPR010920;IPR016688;IPR023408;IPR058650	
8TDK_B	predict	/home/ganeshiny.sridharan/dgg/deep-green-GO/arc_benchmark/nominal_30_identity_80_coverage/inputs/structures/valid/8TDK_B.pdb	A	IPR006685;IPR010920;IPR016688;IPR023408;IPR058650	
8TDK_C	predict	/home/ganeshiny.sridharan/dgg/deep-green-GO/arc_benchmark/nominal_30_identity_80_coverage/inputs/structures/valid/8TDK_C.pdb	A	IPR006685;IPR010920;IPR016688;IPR023408;IPR058650	
8TDK_D	predict	/home/ganeshiny.sridharan/dgg/deep-green-GO/arc_benchmark/nominal_30_identity_80_coverage/inputs/structures/valid/8TDK_D.pdb	A	IPR006685;IPR010920;IPR016688;IPR023408;IPR058650	
8TDK_E	predict	/home/ganeshiny.sridharan/dgg/deep-green-GO/arc_benchmark/nominal_30_identity_80_coverage/inputs/structures/valid/8TDK_E.pdb	A	IPR006685;IPR010920;IPR016688;IPR023408;IPR058650	
8TDK_F	predict	/home/ganeshiny.sridharan/dgg/deep-green-GO/arc_benchmark/nominal_30_identity_80_coverage/inputs/structures/valid/8TDK_F.pdb	A	IPR006685;IPR010920;IPR016688;IPR023408;IPR058650	
8TDK_G	predict	/home/ganeshiny.sridharan/dgg/deep-green-GO/arc_benchmark/nominal_30_identity_80_coverage/inputs/structures/valid/8TDK_G.pdb	A	IPR006685;IPR010920;IPR016688;IPR023408;IPR058650	
8TDL_A	predict	/home/ganeshiny.sridharan/dgg/deep-green-GO/arc_benchmark/nominal_30_identity_80_coverage/inputs/structures/valid/8TDL_A.pdb	A	IPR006685;IPR010920;IPR016688;IPR023408;IPR058650	
8TDL_B	predict	/home/ganeshiny.sridharan/dgg/deep-green-GO/arc_benchmark/nominal_30_identity_80_coverage/inputs/structures/valid/8TDL_B.pdb	A	IPR006685;IPR010920;IPR016688;IPR023408;IPR058650	
8TDL_C	predict	/home/ganeshiny.sridharan/dgg/deep-green-GO/arc_benchmark/nominal_30_identity_80_coverage/inputs/structures/valid/8TDL_C.pdb	A	IPR006685;IPR010920;IPR016688;IPR023408;IPR058650	
8TDL_D	predict	/home/ganeshiny.sridharan/dgg/deep-green-GO/arc_benchmark/nominal_30_identity_80_coverage/inputs/structures/valid/8TDL_D.pdb	A	IPR006685;IPR010920;IPR016688;IPR023408;IPR058650	
8TDL_E	predict	/home/ganeshiny.sridharan/dgg/deep-green-GO/arc_benchmark/nominal_30_identity_80_coverage/inputs/structures/valid/8TDL_E.pdb	A	IPR006685;IPR010920;IPR016688;IPR023408;IPR058650	
8TDL_F	predict	/home/ganeshiny.sridharan/dgg/deep-green-GO/arc_benchmark/nominal_30_identity_80_coverage/inputs/structures/valid/8TDL_F.pdb	A	IPR006685;IPR010920;IPR016688;IPR023408;IPR058650	
8TDL_G	predict	/home/ganeshiny.sridharan/dgg/deep-green-GO/arc_benchmark/nominal_30_identity_80_coverage/inputs/structures/valid/8TDL_G.pdb	A	IPR006685;IPR010920;IPR016688;IPR023408;IPR058650	
8TDM_A	predict	/home/ganeshiny.sridharan/dgg/deep-green-GO/arc_benchmark/nominal_30_identity_80_coverage/inputs/structures/valid/8TDM_A.pdb	A	IPR006685;IPR010920;IPR016688;IPR023408;IPR058650	
8TDM_B	predict	/home/ganeshiny.sridharan/dgg/deep-green-GO/arc_benchmark/nominal_30_identity_80_coverage/inputs/structures/valid/8TDM_B.pdb	A	IPR006685;IPR010920;IPR016688;IPR023408;IPR058650	
8TDM_C	predict	/home/ganeshiny.sridharan/dgg/deep-green-GO/arc_benchmark/nominal_30_identity_80_coverage/inputs/structures/valid/8TDM_C.pdb	A	IPR006685;IPR010920;IPR016688;IPR023408;IPR058650	
8TDM_D	predict	/home/ganeshiny.sridharan/dgg/deep-green-GO/arc_benchmark/nominal_30_identity_80_coverage/inputs/structures/valid/8TDM_D.pdb	A	IPR006685;IPR010920;IPR016688;IPR023408;IPR058650	
8TDM_E	predict	/home/ganeshiny.sridharan/dgg/deep-green-GO/arc_benchmark/nominal_30_identity_80_coverage/inputs/structures/valid/8TDM_E.pdb	A	IPR006685;IPR010920;IPR016688;IPR023408;IPR058650	
8TDM_F	predict	/home/ganeshiny.sridharan/dgg/deep-green-GO/arc_benchmark/nominal_30_identity_80_coverage/inputs/structures/valid/8TDM_F.pdb	A	IPR006685;IPR010920;IPR016688;IPR023408;IPR058650	
8TDM_G	predict	/home/ganeshiny.sridharan/dgg/deep-green-GO/arc_benchmark/nominal_30_identity_80_coverage/inputs/structures/valid/8TDM_G.pdb	A	IPR006685;IPR010920;IPR016688;IPR023408;IPR058650	
7N6G_1N	predict	/home/ganeshiny.sridharan/dgg/deep-green-GO/arc_benchmark/nominal_30_identity_80_coverage/inputs/structures/valid/7N6G_1N.pdb	A	IPR039586;IPR057466	
7N6G_1Q	predict	/home/ganeshiny.sridharan/dgg/deep-green-GO/arc_benchmark/nominal_30_identity_80_coverage/inputs/structures/valid/7N6G_1Q.pdb	A	IPR006885;IPR015943;IPR036322	
7N6G_3H	predict	/home/ganeshiny.sridharan/dgg/deep-green-GO/arc_benchmark/nominal_30_identity_80_coverage/inputs/structures/valid/7N6G_3H.pdb	A	IPR013783;IPR053879;IPR056307;IPR056310;IPR059255	
7N6G_3I	predict	/home/ganeshiny.sridharan/dgg/deep-green-GO/arc_benchmark/nominal_30_identity_80_coverage/inputs/structures/valid/7N6G_3I.pdb	A	IPR013783;IPR053879;IPR056307;IPR056310;IPR059255	
7N6G_6A	predict	/home/ganeshiny.sridharan/dgg/deep-green-GO/arc_benchmark/nominal_30_identity_80_coverage/inputs/structures/valid/7N6G_6A.pdb	A	IPR010441;IPR011992;IPR018247;IPR027417;IPR033690;IPR036193;IPR036872;IPR052634;IPR054517;IPR056199	
7N6G_6B	predict	/home/ganeshiny.sridharan/dgg/deep-green-GO/arc_benchmark/nominal_30_identity_80_coverage/inputs/structures/valid/7N6G_6B.pdb	A	IPR010441;IPR011992;IPR018247;IPR027417;IPR033690;IPR036193;IPR036872;IPR052634;IPR054517;IPR056199	
7N6G_6G	predict	/home/ganeshiny.sridharan/dgg/deep-green-GO/arc_benchmark/nominal_30_identity_80_coverage/inputs/structures/valid/7N6G_6G.pdb	A	IPR000941;IPR020809;IPR020810;IPR020811;IPR029017;IPR036849	
7N6G_6H	predict	/home/ganeshiny.sridharan/dgg/deep-green-GO/arc_benchmark/nominal_30_identity_80_coverage/inputs/structures/valid/7N6G_6H.pdb	A	IPR000941;IPR020809;IPR020810;IPR020811;IPR029017;IPR036849	
7N6G_6I	predict	/home/ganeshiny.sridharan/dgg/deep-green-GO/arc_benchmark/nominal_30_identity_80_coverage/inputs/structures/valid/7N6G_6I.pdb	A	IPR000941;IPR020809;IPR020810;IPR020811;IPR029017;IPR036849	
7N6G_6J	predict	/home/ganeshiny.sridharan/dgg/deep-green-GO/arc_benchmark/nominal_30_identity_80_coverage/inputs/structures/valid/7N6G_6J.pdb	A	IPR000941;IPR020809;IPR020810;IPR020811;IPR029017;IPR036849	
7SQC_2H	predict	/home/ganeshiny.sridharan/dgg/deep-green-GO/arc_benchmark/nominal_30_identity_80_coverage/inputs/structures/valid/7SQC_2H.pdb	A	IPR006885;IPR015943;IPR036322	
7SQC_2I	predict	/home/ganeshiny.sridharan/dgg/deep-green-GO/arc_benchmark/nominal_30_identity_80_coverage/inputs/structures/valid/7SQC_2I.pdb	A	IPR006885;IPR015943;IPR036322	
7SQC_C0	predict	/home/ganeshiny.sridharan/dgg/deep-green-GO/arc_benchmark/nominal_30_identity_80_coverage/inputs/structures/valid/7SQC_C0.pdb	A	IPR010441;IPR011992;IPR018247;IPR027417;IPR033690;IPR036193;IPR036872;IPR052634;IPR054517;IPR056199	
7SQC_C1	predict	/home/ganeshiny.sridharan/dgg/deep-green-GO/arc_benchmark/nominal_30_identity_80_coverage/inputs/structures/valid/7SQC_C1.pdb	A	IPR010441;IPR011992;IPR018247;IPR027417;IPR033690;IPR036193;IPR036872;IPR052634;IPR054517;IPR056199	
7SQC_C2	predict	/home/ganeshiny.sridharan/dgg/deep-green-GO/arc_benchmark/nominal_30_identity_80_coverage/inputs/structures/valid/7SQC_C2.pdb	A	IPR010441;IPR011992;IPR018247;IPR027417;IPR033690;IPR036193;IPR036872;IPR052634;IPR054517;IPR056199	
7SQC_C3	predict	/home/ganeshiny.sridharan/dgg/deep-green-GO/arc_benchmark/nominal_30_identity_80_coverage/inputs/structures/valid/7SQC_C3.pdb	A	IPR010441;IPR011992;IPR018247;IPR027417;IPR033690;IPR036193;IPR036872;IPR052634;IPR054517;IPR056199	
7SQC_C4	predict	/home/ganeshiny.sridharan/dgg/deep-green-GO/arc_benchmark/nominal_30_identity_80_coverage/inputs/structures/valid/7SQC_C4.pdb	A	IPR010441;IPR011992;IPR018247;IPR027417;IPR033690;IPR036193;IPR036872;IPR052634;IPR054517;IPR056199	
7SQC_O0	predict	/home/ganeshiny.sridharan/dgg/deep-green-GO/arc_benchmark/nominal_30_identity_80_coverage/inputs/structures/valid/7SQC_O0.pdb	A	IPR013783;IPR053879;IPR056307;IPR056310;IPR059255	
7SQC_O1	predict	/home/ganeshiny.sridharan/dgg/deep-green-GO/arc_benchmark/nominal_30_identity_80_coverage/inputs/structures/valid/7SQC_O1.pdb	A	IPR013783;IPR053879;IPR056307;IPR056310;IPR059255	
7SQC_O2	predict	/home/ganeshiny.sridharan/dgg/deep-green-GO/arc_benchmark/nominal_30_identity_80_coverage/inputs/structures/valid/7SQC_O2.pdb	A	IPR013783;IPR053879;IPR056307;IPR056310;IPR059255	
7SQC_R0	predict	/home/ganeshiny.sridharan/dgg/deep-green-GO/arc_benchmark/nominal_30_identity_80_coverage/inputs/structures/valid/7SQC_R0.pdb	A	IPR039586;IPR057466	
7SQC_R1	predict	/home/ganeshiny.sridharan/dgg/deep-green-GO/arc_benchmark/nominal_30_identity_80_coverage/inputs/structures/valid/7SQC_R1.pdb	A	IPR039586;IPR057466	
7SQC_Y0	predict	/home/ganeshiny.sridharan/dgg/deep-green-GO/arc_benchmark/nominal_30_identity_80_coverage/inputs/structures/valid/7SQC_Y0.pdb	A	IPR000941;IPR020809;IPR020810;IPR020811;IPR029017;IPR036849	
7SQC_Y1	predict	/home/ganeshiny.sridharan/dgg/deep-green-GO/arc_benchmark/nominal_30_identity_80_coverage/inputs/structures/valid/7SQC_Y1.pdb	A	IPR000941;IPR020809;IPR020810;IPR020811;IPR029017;IPR036849	
7SQC_Y2	predict	/home/ganeshiny.sridharan/dgg/deep-green-GO/arc_benchmark/nominal_30_identity_80_coverage/inputs/structures/valid/7SQC_Y2.pdb	A	IPR000941;IPR020809;IPR020810;IPR020811;IPR029017;IPR036849	
7SQC_Y3	predict	/home/ganeshiny.sridharan/dgg/deep-green-GO/arc_benchmark/nominal_30_identity_80_coverage/inputs/structures/valid/7SQC_Y3.pdb	A	IPR000941;IPR020809;IPR020810;IPR020811;IPR029017;IPR036849	
7SQC_Y4	predict	/home/ganeshiny.sridharan/dgg/deep-green-GO/arc_benchmark/nominal_30_identity_80_coverage/inputs/structures/valid/7SQC_Y4.pdb	A	IPR000941;IPR020809;IPR020810;IPR020811;IPR029017;IPR036849	
7SQC_Y5	predict	/home/ganeshiny.sridharan/dgg/deep-green-GO/arc_benchmark/nominal_30_identity_80_coverage/inputs/structures/valid/7SQC_Y5.pdb	A	IPR000941;IPR020809;IPR020810;IPR020811;IPR029017;IPR036849	
7SQC_Y6	predict	/home/ganeshiny.sridharan/dgg/deep-green-GO/arc_benchmark/nominal_30_identity_80_coverage/inputs/structures/valid/7SQC_Y6.pdb	A	IPR000941;IPR020809;IPR020810;IPR020811;IPR029017;IPR036849	
7SQC_Y7	predict	/home/ganeshiny.sridharan/dgg/deep-green-GO/arc_benchmark/nominal_30_identity_80_coverage/inputs/structures/valid/7SQC_Y7.pdb	A	IPR000941;IPR020809;IPR020810;IPR020811;IPR029017;IPR036849	
1B37_A	predict	/home/ganeshiny.sridharan/dgg/deep-green-GO/arc_benchmark/nominal_30_identity_80_coverage/inputs/structures/valid/1B37_A.pdb	A	IPR001613;IPR002937;IPR036188;IPR050281	
1B37_B	predict	/home/ganeshiny.sridharan/dgg/deep-green-GO/arc_benchmark/nominal_30_identity_80_coverage/inputs/structures/valid/1B37_B.pdb	A	IPR001613;IPR002937;IPR036188;IPR050281	
1B37_C	predict	/home/ganeshiny.sridharan/dgg/deep-green-GO/arc_benchmark/nominal_30_identity_80_coverage/inputs/structures/valid/1B37_C.pdb	A	IPR001613;IPR002937;IPR036188;IPR050281	
1B5Q_A	predict	/home/ganeshiny.sridharan/dgg/deep-green-GO/arc_benchmark/nominal_30_identity_80_coverage/inputs/structures/valid/1B5Q_A.pdb	A	IPR001613;IPR002937;IPR036188;IPR050281	
1B5Q_B	predict	/home/ganeshiny.sridharan/dgg/deep-green-GO/arc_benchmark/nominal_30_identity_80_coverage/inputs/structures/valid/1B5Q_B.pdb	A	IPR001613;IPR002937;IPR036188;IPR050281	
1B5Q_C	predict	/home/ganeshiny.sridharan/dgg/deep-green-GO/arc_benchmark/nominal_30_identity_80_coverage/inputs/structures/valid/1B5Q_C.pdb	A	IPR001613;IPR002937;IPR036188;IPR050281	
1H81_A	predict	/home/ganeshiny.sridharan/dgg/deep-green-GO/arc_benchmark/nominal_30_identity_80_coverage/inputs/structures/valid/1H81_A.pdb	A	IPR001613;IPR002937;IPR036188;IPR050281	
1H81_B	predict	/home/ganeshiny.sridharan/dgg/deep-green-GO/arc_benchmark/nominal_30_identity_80_coverage/inputs/structures/valid/1H81_B.pdb	A	IPR001613;IPR002937;IPR036188;IPR050281	
1H81_C	predict	/home/ganeshiny.sridharan/dgg/deep-green-GO/arc_benchmark/nominal_30_identity_80_coverage/inputs/structures/valid/1H81_C.pdb	A	IPR001613;IPR002937;IPR036188;IPR050281	
1H82_A	predict	/home/ganeshiny.sridharan/dgg/deep-green-GO/arc_benchmark/nominal_30_identity_80_coverage/inputs/structures/valid/1H82_A.pdb	A	IPR001613;IPR002937;IPR036188;IPR050281	
1H82_B	predict	/home/ganeshiny.sridharan/dgg/deep-green-GO/arc_benchmark/nominal_30_identity_80_coverage/inputs/structures/valid/1H82_B.pdb	A	IPR001613;IPR002937;IPR036188;IPR050281	
1H82_C	predict	/home/ganeshiny.sridharan/dgg/deep-green-GO/arc_benchmark/nominal_30_identity_80_coverage/inputs/structures/valid/1H82_C.pdb	A	IPR001613;IPR002937;IPR036188;IPR050281	
1H83_A	predict	/home/ganeshiny.sridharan/dgg/deep-green-GO/arc_benchmark/nominal_30_identity_80_coverage/inputs/structures/valid/1H83_A.pdb	A	IPR001613;IPR002937;IPR036188;IPR050281	
1H83_B	predict	/home/ganeshiny.sridharan/dgg/deep-green-GO/arc_benchmark/nominal_30_identity_80_coverage/inputs/structures/valid/1H83_B.pdb	A	IPR001613;IPR002937;IPR036188;IPR050281	
1H83_C	predict	/home/ganeshiny.sridharan/dgg/deep-green-GO/arc_benchmark/nominal_30_identity_80_coverage/inputs/structures/valid/1H83_C.pdb	A	IPR001613;IPR002937;IPR036188;IPR050281	
1H84_A	predict	/home/ganeshiny.sridharan/dgg/deep-green-GO/arc_benchmark/nominal_30_identity_80_coverage/inputs/structures/valid/1H84_A.pdb	A	IPR001613;IPR002937;IPR036188;IPR050281	
1H84_B	predict	/home/ganeshiny.sridharan/dgg/deep-green-GO/arc_benchmark/nominal_30_identity_80_coverage/inputs/structures/valid/1H84_B.pdb	A	IPR001613;IPR002937;IPR036188;IPR050281	
1H84_C	predict	/home/ganeshiny.sridharan/dgg/deep-green-GO/arc_benchmark/nominal_30_identity_80_coverage/inputs/structures/valid/1H84_C.pdb	A	IPR001613;IPR002937;IPR036188;IPR050281	
1H86_A	predict	/home/ganeshiny.sridharan/dgg/deep-green-GO/arc_benchmark/nominal_30_identity_80_coverage/inputs/structures/valid/1H86_A.pdb	A	IPR001613;IPR002937;IPR036188;IPR050281	
1H86_B	predict	/home/ganeshiny.sridharan/dgg/deep-green-GO/arc_benchmark/nominal_30_identity_80_coverage/inputs/structures/valid/1H86_B.pdb	A	IPR001613;IPR002937;IPR036188;IPR050281	
1H86_C	predict	/home/ganeshiny.sridharan/dgg/deep-green-GO/arc_benchmark/nominal_30_identity_80_coverage/inputs/structures/valid/1H86_C.pdb	A	IPR001613;IPR002937;IPR036188;IPR050281	
3KPF_A	predict	/home/ganeshiny.sridharan/dgg/deep-green-GO/arc_benchmark/nominal_30_identity_80_coverage/inputs/structures/valid/3KPF_A.pdb	A	IPR001613;IPR002937;IPR036188;IPR050281	
3KPF_B	predict	/home/ganeshiny.sridharan/dgg/deep-green-GO/arc_benchmark/nominal_30_identity_80_coverage/inputs/structures/valid/3KPF_B.pdb	A	IPR001613;IPR002937;IPR036188;IPR050281	
3KU9_A	predict	/home/ganeshiny.sridharan/dgg/deep-green-GO/arc_benchmark/nominal_30_identity_80_coverage/inputs/structures/valid/3KU9_A.pdb	A	IPR001613;IPR002937;IPR036188;IPR050281	
3KU9_B	predict	/home/ganeshiny.sridharan/dgg/deep-green-GO/arc_benchmark/nominal_30_identity_80_coverage/inputs/structures/valid/3KU9_B.pdb	A	IPR001613;IPR002937;IPR036188;IPR050281	
3L1R_A	predict	/home/ganeshiny.sridharan/dgg/deep-green-GO/arc_benchmark/nominal_30_identity_80_coverage/inputs/structures/valid/3L1R_A.pdb	A	IPR001613;IPR002937;IPR036188;IPR050281	
3L1R_B	predict	/home/ganeshiny.sridharan/dgg/deep-green-GO/arc_benchmark/nominal_30_identity_80_coverage/inputs/structures/valid/3L1R_B.pdb	A	IPR001613;IPR002937;IPR036188;IPR050281	
1Z98_A	predict	/home/ganeshiny.sridharan/dgg/deep-green-GO/arc_benchmark/nominal_30_identity_80_coverage/inputs/structures/valid/1Z98_A.pdb	A	IPR000425;IPR022357;IPR023271;IPR034294	
1Z98_M	predict	/home/ganeshiny.sridharan/dgg/deep-green-GO/arc_benchmark/nominal_30_identity_80_coverage/inputs/structures/valid/1Z98_M.pdb	A	IPR000425;IPR022357;IPR023271;IPR034294	
2B5F_A	predict	/home/ganeshiny.sridharan/dgg/deep-green-GO/arc_benchmark/nominal_30_identity_80_coverage/inputs/structures/valid/2B5F_A.pdb	A	IPR000425;IPR022357;IPR023271;IPR034294	
2B5F_B	predict	/home/ganeshiny.sridharan/dgg/deep-green-GO/arc_benchmark/nominal_30_identity_80_coverage/inputs/structures/valid/2B5F_B.pdb	A	IPR000425;IPR022357;IPR023271;IPR034294	
2B5F_C	predict	/home/ganeshiny.sridharan/dgg/deep-green-GO/arc_benchmark/nominal_30_identity_80_coverage/inputs/structures/valid/2B5F_C.pdb	A	IPR000425;IPR022357;IPR023271;IPR034294	
2B5F_D	predict	/home/ganeshiny.sridharan/dgg/deep-green-GO/arc_benchmark/nominal_30_identity_80_coverage/inputs/structures/valid/2B5F_D.pdb	A	IPR000425;IPR022357;IPR023271;IPR034294	
3CLL_A	predict	/home/ganeshiny.sridharan/dgg/deep-green-GO/arc_benchmark/nominal_30_identity_80_coverage/inputs/structures/valid/3CLL_A.pdb	A	IPR000425;IPR022357;IPR023271;IPR034294	
3CN5_A	predict	/home/ganeshiny.sridharan/dgg/deep-green-GO/arc_benchmark/nominal_30_identity_80_coverage/inputs/structures/valid/3CN5_A.pdb	A	IPR000425;IPR022357;IPR023271;IPR034294	
3CN6_A	predict	/home/ganeshiny.sridharan/dgg/deep-green-GO/arc_benchmark/nominal_30_identity_80_coverage/inputs/structures/valid/3CN6_A.pdb	A	IPR000425;IPR022357;IPR023271;IPR034294	
3CN6_B	predict	/home/ganeshiny.sridharan/dgg/deep-green-GO/arc_benchmark/nominal_30_identity_80_coverage/inputs/structures/valid/3CN6_B.pdb	A	IPR000425;IPR022357;IPR023271;IPR034294	
4IA4_A	predict	/home/ganeshiny.sridharan/dgg/deep-green-GO/arc_benchmark/nominal_30_identity_80_coverage/inputs/structures/valid/4IA4_A.pdb	A	IPR000425;IPR022357;IPR023271;IPR034294	
4IA4_B	predict	/home/ganeshiny.sridharan/dgg/deep-green-GO/arc_benchmark/nominal_30_identity_80_coverage/inputs/structures/valid/4IA4_B.pdb	A	IPR000425;IPR022357;IPR023271;IPR034294	
4IA4_C	predict	/home/ganeshiny.sridharan/dgg/deep-green-GO/arc_benchmark/nominal_30_identity_80_coverage/inputs/structures/valid/4IA4_C.pdb	A	IPR000425;IPR022357;IPR023271;IPR034294	
4IA4_D	predict	/home/ganeshiny.sridharan/dgg/deep-green-GO/arc_benchmark/nominal_30_identity_80_coverage/inputs/structures/valid/4IA4_D.pdb	A	IPR000425;IPR022357;IPR023271;IPR034294	
4JC6_A	predict	/home/ganeshiny.sridharan/dgg/deep-green-GO/arc_benchmark/nominal_30_identity_80_coverage/inputs/structures/valid/4JC6_A.pdb	A	IPR000425;IPR022357;IPR023271;IPR034294	
4JC6_B	predict	/home/ganeshiny.sridharan/dgg/deep-green-GO/arc_benchmark/nominal_30_identity_80_coverage/inputs/structures/valid/4JC6_B.pdb	A	IPR000425;IPR022357;IPR023271;IPR034294	
4JC6_C	predict	/home/ganeshiny.sridharan/dgg/deep-green-GO/arc_benchmark/nominal_30_identity_80_coverage/inputs/structures/valid/4JC6_C.pdb	A	IPR000425;IPR022357;IPR023271;IPR034294	
4JC6_D	predict	/home/ganeshiny.sridharan/dgg/deep-green-GO/arc_benchmark/nominal_30_identity_80_coverage/inputs/structures/valid/4JC6_D.pdb	A	IPR000425;IPR022357;IPR023271;IPR034294	
4JC6_H	predict	/home/ganeshiny.sridharan/dgg/deep-green-GO/arc_benchmark/nominal_30_identity_80_coverage/inputs/structures/valid/4JC6_H.pdb	A	IPR000425;IPR022357;IPR023271;IPR034294	
4JC6_J	predict	/home/ganeshiny.sridharan/dgg/deep-green-GO/arc_benchmark/nominal_30_identity_80_coverage/inputs/structures/valid/4JC6_J.pdb	A	IPR000425;IPR022357;IPR023271;IPR034294	
4JC6_L	predict	/home/ganeshiny.sridharan/dgg/deep-green-GO/arc_benchmark/nominal_30_identity_80_coverage/inputs/structures/valid/4JC6_L.pdb	A	IPR000425;IPR022357;IPR023271;IPR034294	
4JC6_N	predict	/home/ganeshiny.sridharan/dgg/deep-green-GO/arc_benchmark/nominal_30_identity_80_coverage/inputs/structures/valid/4JC6_N.pdb	A	IPR000425;IPR022357;IPR023271;IPR034294	
5I32_A	predict	/home/ganeshiny.sridharan/dgg/deep-green-GO/arc_benchmark/nominal_30_identity_80_coverage/inputs/structures/valid/5I32_A.pdb	A	IPR000425;IPR022357;IPR023271;IPR034294	
5DQQ_A	predict	/home/ganeshiny.sridharan/dgg/deep-green-GO/arc_benchmark/nominal_30_identity_80_coverage/inputs/structures/valid/5DQQ_A.pdb	A	IPR002048;IPR005821;IPR011992;IPR027359;IPR044581	
5E1J_A	predict	/home/ganeshiny.sridharan/dgg/deep-green-GO/arc_benchmark/nominal_30_identity_80_coverage/inputs/structures/valid/5E1J_A.pdb	A	IPR002048;IPR005821;IPR011992;IPR027359;IPR044581	
5TUA_A	predict	/home/ganeshiny.sridharan/dgg/deep-green-GO/arc_benchmark/nominal_30_identity_80_coverage/inputs/structures/valid/5TUA_A.pdb	A	IPR002048;IPR005821;IPR011992;IPR027359;IPR044581	
6CX0_A	predict	/home/ganeshiny.sridharan/dgg/deep-green-GO/arc_benchmark/nominal_30_identity_80_coverage/inputs/structures/valid/6CX0_A.pdb	A	IPR002048;IPR005821;IPR011992;IPR027359;IPR044581	
6E1K_A	predict	/home/ganeshiny.sridharan/dgg/deep-green-GO/arc_benchmark/nominal_30_identity_80_coverage/inputs/structures/valid/6E1K_A.pdb	A	IPR002048;IPR005821;IPR011992;IPR027359;IPR044581	
6E1K_B	predict	/home/ganeshiny.sridharan/dgg/deep-green-GO/arc_benchmark/nominal_30_identity_80_coverage/inputs/structures/valid/6E1K_B.pdb	A	IPR002048;IPR005821;IPR011992;IPR027359;IPR044581	
6E1M_A	predict	/home/ganeshiny.sridharan/dgg/deep-green-GO/arc_benchmark/nominal_30_identity_80_coverage/inputs/structures/valid/6E1M_A.pdb	A	IPR002048;IPR005821;IPR011992;IPR027359;IPR044581	
6E1M_B	predict	/home/ganeshiny.sridharan/dgg/deep-green-GO/arc_benchmark/nominal_30_identity_80_coverage/inputs/structures/valid/6E1M_B.pdb	A	IPR002048;IPR005821;IPR011992;IPR027359;IPR044581	
6E1N_A	predict	/home/ganeshiny.sridharan/dgg/deep-green-GO/arc_benchmark/nominal_30_identity_80_coverage/inputs/structures/valid/6E1N_A.pdb	A	IPR002048;IPR005821;IPR011992;IPR027359;IPR044581	
6E1N_B	predict	/home/ganeshiny.sridharan/dgg/deep-green-GO/arc_benchmark/nominal_30_identity_80_coverage/inputs/structures/valid/6E1N_B.pdb	A	IPR002048;IPR005821;IPR011992;IPR027359;IPR044581	
6E1P_A	predict	/home/ganeshiny.sridharan/dgg/deep-green-GO/arc_benchmark/nominal_30_identity_80_coverage/inputs/structures/valid/6E1P_A.pdb	A	IPR002048;IPR005821;IPR011992;IPR027359;IPR044581	
6E1P_B	predict	/home/ganeshiny.sridharan/dgg/deep-green-GO/arc_benchmark/nominal_30_identity_80_coverage/inputs/structures/valid/6E1P_B.pdb	A	IPR002048;IPR005821;IPR011992;IPR027359;IPR044581	
7TBG_A	predict	/home/ganeshiny.sridharan/dgg/deep-green-GO/arc_benchmark/nominal_30_identity_80_coverage/inputs/structures/valid/7TBG_A.pdb	A	IPR002048;IPR005821;IPR011992;IPR027359;IPR044581	
7TBG_B	predict	/home/ganeshiny.sridharan/dgg/deep-green-GO/arc_benchmark/nominal_30_identity_80_coverage/inputs/structures/valid/7TBG_B.pdb	A	IPR002048;IPR005821;IPR011992;IPR027359;IPR044581	
7TDD_A	predict	/home/ganeshiny.sridharan/dgg/deep-green-GO/arc_benchmark/nominal_30_identity_80_coverage/inputs/structures/valid/7TDD_A.pdb	A	IPR002048;IPR005821;IPR011992;IPR027359;IPR044581	
7TDD_B	predict	/home/ganeshiny.sridharan/dgg/deep-green-GO/arc_benchmark/nominal_30_identity_80_coverage/inputs/structures/valid/7TDD_B.pdb	A	IPR002048;IPR005821;IPR011992;IPR027359;IPR044581	
7TDE_A	predict	/home/ganeshiny.sridharan/dgg/deep-green-GO/arc_benchmark/nominal_30_identity_80_coverage/inputs/structures/valid/7TDE_A.pdb	A	IPR002048;IPR005821;IPR011992;IPR027359;IPR044581	
7TDE_B	predict	/home/ganeshiny.sridharan/dgg/deep-green-GO/arc_benchmark/nominal_30_identity_80_coverage/inputs/structures/valid/7TDE_B.pdb	A	IPR002048;IPR005821;IPR011992;IPR027359;IPR044581	
7TDF_A	predict	/home/ganeshiny.sridharan/dgg/deep-green-GO/arc_benchmark/nominal_30_identity_80_coverage/inputs/structures/valid/7TDF_A.pdb	A	IPR002048;IPR005821;IPR011992;IPR027359;IPR044581	
7TDF_B	predict	/home/ganeshiny.sridharan/dgg/deep-green-GO/arc_benchmark/nominal_30_identity_80_coverage/inputs/structures/valid/7TDF_B.pdb	A	IPR002048;IPR005821;IPR011992;IPR027359;IPR044581	
6U9H_F	predict	/home/ganeshiny.sridharan/dgg/deep-green-GO/arc_benchmark/nominal_30_identity_80_coverage/inputs/structures/valid/6U9H_F.pdb	A	IPR002912;IPR004789;IPR019455;IPR027271;IPR039557;IPR045865;IPR054480	
6U9H_G	predict	/home/ganeshiny.sridharan/dgg/deep-green-GO/arc_benchmark/nominal_30_identity_80_coverage/inputs/structures/valid/6U9H_G.pdb	A	IPR002912;IPR004789;IPR019455;IPR027271;IPR039557;IPR045865;IPR054480	
6U9H_J	predict	/home/ganeshiny.sridharan/dgg/deep-green-GO/arc_benchmark/nominal_30_identity_80_coverage/inputs/structures/valid/6U9H_J.pdb	A	IPR002912;IPR004789;IPR019455;IPR027271;IPR039557;IPR045865;IPR054480	
6U9H_K	predict	/home/ganeshiny.sridharan/dgg/deep-green-GO/arc_benchmark/nominal_30_identity_80_coverage/inputs/structures/valid/6U9H_K.pdb	A	IPR002912;IPR004789;IPR019455;IPR027271;IPR039557;IPR045865;IPR054480	
6U9H_N	predict	/home/ganeshiny.sridharan/dgg/deep-green-GO/arc_benchmark/nominal_30_identity_80_coverage/inputs/structures/valid/6U9H_N.pdb	A	IPR002912;IPR004789;IPR019455;IPR027271;IPR039557;IPR045865;IPR054480	
6U9H_O	predict	/home/ganeshiny.sridharan/dgg/deep-green-GO/arc_benchmark/nominal_30_identity_80_coverage/inputs/structures/valid/6U9H_O.pdb	A	IPR002912;IPR004789;IPR019455;IPR027271;IPR039557;IPR045865;IPR054480	
6U9H_R	predict	/home/ganeshiny.sridharan/dgg/deep-green-GO/arc_benchmark/nominal_30_identity_80_coverage/inputs/structures/valid/6U9H_R.pdb	A	IPR002912;IPR004789;IPR019455;IPR027271;IPR039557;IPR045865;IPR054480	
6U9H_S	predict	/home/ganeshiny.sridharan/dgg/deep-green-GO/arc_benchmark/nominal_30_identity_80_coverage/inputs/structures/valid/6U9H_S.pdb	A	IPR002912;IPR004789;IPR019455;IPR027271;IPR039557;IPR045865;IPR054480	
6VZ8_F	predict	/home/ganeshiny.sridharan/dgg/deep-green-GO/arc_benchmark/nominal_30_identity_80_coverage/inputs/structures/valid/6VZ8_F.pdb	A	IPR002912;IPR004789;IPR019455;IPR027271;IPR039557;IPR045865;IPR054480	
6VZ8_G	predict	/home/ganeshiny.sridharan/dgg/deep-green-GO/arc_benchmark/nominal_30_identity_80_coverage/inputs/structures/valid/6VZ8_G.pdb	A	IPR002912;IPR004789;IPR019455;IPR027271;IPR039557;IPR045865;IPR054480	
6VZ8_J	predict	/home/ganeshiny.sridharan/dgg/deep-green-GO/arc_benchmark/nominal_30_identity_80_coverage/inputs/structures/valid/6VZ8_J.pdb	A	IPR002912;IPR004789;IPR019455;IPR027271;IPR039557;IPR045865;IPR054480	
6VZ8_K	predict	/home/ganeshiny.sridharan/dgg/deep-green-GO/arc_benchmark/nominal_30_identity_80_coverage/inputs/structures/valid/6VZ8_K.pdb	A	IPR002912;IPR004789;IPR019455;IPR027271;IPR039557;IPR045865;IPR054480	
6VZ8_N	predict	/home/ganeshiny.sridharan/dgg/deep-green-GO/arc_benchmark/nominal_30_identity_80_coverage/inputs/structures/valid/6VZ8_N.pdb	A	IPR002912;IPR004789;IPR019455;IPR027271;IPR039557;IPR045865;IPR054480	
6VZ8_O	predict	/home/ganeshiny.sridharan/dgg/deep-green-GO/arc_benchmark/nominal_30_identity_80_coverage/inputs/structures/valid/6VZ8_O.pdb	A	IPR002912;IPR004789;IPR019455;IPR027271;IPR039557;IPR045865;IPR054480	
6VZ8_R	predict	/home/ganeshiny.sridharan/dgg/deep-green-GO/arc_benchmark/nominal_30_identity_80_coverage/inputs/structures/valid/6VZ8_R.pdb	A	IPR002912;IPR004789;IPR019455;IPR027271;IPR039557;IPR045865;IPR054480	
6VZ8_S	predict	/home/ganeshiny.sridharan/dgg/deep-green-GO/arc_benchmark/nominal_30_identity_80_coverage/inputs/structures/valid/6VZ8_S.pdb	A	IPR002912;IPR004789;IPR019455;IPR027271;IPR039557;IPR045865;IPR054480	
5GP0_A	predict	/home/ganeshiny.sridharan/dgg/deep-green-GO/arc_benchmark/nominal_30_identity_80_coverage/inputs/structures/valid/5GP0_A.pdb	A	IPR000086;IPR015797;IPR020084;IPR020476	
5GP0_E	predict	/home/ganeshiny.sridharan/dgg/deep-green-GO/arc_benchmark/nominal_30_identity_80_coverage/inputs/structures/valid/5GP0_E.pdb	A	IPR000086;IPR015797;IPR020084;IPR020476	
5GP0_F	predict	/home/ganeshiny.sridharan/dgg/deep-green-GO/arc_benchmark/nominal_30_identity_80_coverage/inputs/structures/valid/5GP0_F.pdb	A	IPR000086;IPR015797;IPR020084;IPR020476	
5GP0_I	predict	/home/ganeshiny.sridharan/dgg/deep-green-GO/arc_benchmark/nominal_30_identity_80_coverage/inputs/structures/valid/5GP0_I.pdb	A	IPR000086;IPR015797;IPR020084;IPR020476	
5WWD_A	predict	/home/ganeshiny.sridharan/dgg/deep-green-GO/arc_benchmark/nominal_30_identity_80_coverage/inputs/structures/valid/5WWD_A.pdb	A	IPR000086;IPR015797;IPR020084;IPR020476	
5WWD_B	predict	/home/ganeshiny.sridharan/dgg/deep-green-GO/arc_benchmark/nominal_30_identity_80_coverage/inputs/structures/valid/5WWD_B.pdb	A	IPR000086;IPR015797;IPR020084;IPR020476	
5WY6_A	predict	/home/ganeshiny.sridharan/dgg/deep-green-GO/arc_benchmark/nominal_30_identity_80_coverage/inputs/structures/valid/5WY6_A.pdb	A	IPR000086;IPR015797;IPR020476	
5WY6_E	predict	/home/ganeshiny.sridharan/dgg/deep-green-GO/arc_benchmark/nominal_30_identity_80_coverage/inputs/structures/valid/5WY6_E.pdb	A	IPR000086;IPR015797;IPR020476	
6DBY_A	predict	/home/ganeshiny.sridharan/dgg/deep-green-GO/arc_benchmark/nominal_30_identity_80_coverage/inputs/structures/valid/6DBY_A.pdb	A	IPR000086;IPR015797;IPR020084;IPR020476	
6DBY_B	predict	/home/ganeshiny.sridharan/dgg/deep-green-GO/arc_benchmark/nominal_30_identity_80_coverage/inputs/structures/valid/6DBY_B.pdb	A	IPR000086;IPR015797;IPR020084;IPR020476	
6DBZ_A	predict	/home/ganeshiny.sridharan/dgg/deep-green-GO/arc_benchmark/nominal_30_identity_80_coverage/inputs/structures/valid/6DBZ_A.pdb	A	IPR000086;IPR015797;IPR020084;IPR020476	
6DBZ_B	predict	/home/ganeshiny.sridharan/dgg/deep-green-GO/arc_benchmark/nominal_30_identity_80_coverage/inputs/structures/valid/6DBZ_B.pdb	A	IPR000086;IPR015797;IPR020084;IPR020476	
6FL4_A	predict	/home/ganeshiny.sridharan/dgg/deep-green-GO/arc_benchmark/nominal_30_identity_80_coverage/inputs/structures/valid/6FL4_A.pdb	A	IPR000086;IPR015797;IPR020084;IPR020476	
6FL4_B	predict	/home/ganeshiny.sridharan/dgg/deep-green-GO/arc_benchmark/nominal_30_identity_80_coverage/inputs/structures/valid/6FL4_B.pdb	A	IPR000086;IPR015797;IPR020084;IPR020476	
6YPB_A	predict	/home/ganeshiny.sridharan/dgg/deep-green-GO/arc_benchmark/nominal_30_identity_80_coverage/inputs/structures/valid/6YPB_A.pdb	A	IPR000086;IPR015797;IPR020084;IPR020476	
6YPF_A	predict	/home/ganeshiny.sridharan/dgg/deep-green-GO/arc_benchmark/nominal_30_identity_80_coverage/inputs/structures/valid/6YPF_A.pdb	A	IPR000086;IPR015797;IPR020084;IPR020476	
2RCH_A	predict	/home/ganeshiny.sridharan/dgg/deep-green-GO/arc_benchmark/nominal_30_identity_80_coverage/inputs/structures/valid/2RCH_A.pdb	A	IPR001128;IPR036396	
2RCH_B	predict	/home/ganeshiny.sridharan/dgg/deep-green-GO/arc_benchmark/nominal_30_identity_80_coverage/inputs/structures/valid/2RCH_B.pdb	A	IPR001128;IPR036396	
2RCL_A	predict	/home/ganeshiny.sridharan/dgg/deep-green-GO/arc_benchmark/nominal_30_identity_80_coverage/inputs/structures/valid/2RCL_A.pdb	A	IPR001128;IPR036396	
2RCL_B	predict	/home/ganeshiny.sridharan/dgg/deep-green-GO/arc_benchmark/nominal_30_identity_80_coverage/inputs/structures/valid/2RCL_B.pdb	A	IPR001128;IPR036396	
2RCM_A	predict	/home/ganeshiny.sridharan/dgg/deep-green-GO/arc_benchmark/nominal_30_identity_80_coverage/inputs/structures/valid/2RCM_A.pdb	A	IPR001128;IPR036396	
2RCM_B	predict	/home/ganeshiny.sridharan/dgg/deep-green-GO/arc_benchmark/nominal_30_identity_80_coverage/inputs/structures/valid/2RCM_B.pdb	A	IPR001128;IPR036396	
3CLI_A	predict	/home/ganeshiny.sridharan/dgg/deep-green-GO/arc_benchmark/nominal_30_identity_80_coverage/inputs/structures/valid/3CLI_A.pdb	A	IPR001128;IPR036396	
3CLI_B	predict	/home/ganeshiny.sridharan/dgg/deep-green-GO/arc_benchmark/nominal_30_identity_80_coverage/inputs/structures/valid/3CLI_B.pdb	A	IPR001128;IPR036396	
3DSI_A	predict	/home/ganeshiny.sridharan/dgg/deep-green-GO/arc_benchmark/nominal_30_identity_80_coverage/inputs/structures/valid/3DSI_A.pdb	A	IPR001128;IPR036396	
3DSI_B	predict	/home/ganeshiny.sridharan/dgg/deep-green-GO/arc_benchmark/nominal_30_identity_80_coverage/inputs/structures/valid/3DSI_B.pdb	A	IPR001128;IPR036396	
3DSJ_A	predict	/home/ganeshiny.sridharan/dgg/deep-green-GO/arc_benchmark/nominal_30_identity_80_coverage/inputs/structures/valid/3DSJ_A.pdb	A	IPR001128;IPR036396	
3DSJ_B	predict	/home/ganeshiny.sridharan/dgg/deep-green-GO/arc_benchmark/nominal_30_identity_80_coverage/inputs/structures/valid/3DSJ_B.pdb	A	IPR001128;IPR036396	
3DSK_A	predict	/home/ganeshiny.sridharan/dgg/deep-green-GO/arc_benchmark/nominal_30_identity_80_coverage/inputs/structures/valid/3DSK_A.pdb	A	IPR001128;IPR036396	
3DSK_B	predict	/home/ganeshiny.sridharan/dgg/deep-green-GO/arc_benchmark/nominal_30_identity_80_coverage/inputs/structures/valid/3DSK_B.pdb	A	IPR001128;IPR036396	
8GW6_A	predict	/home/ganeshiny.sridharan/dgg/deep-green-GO/arc_benchmark/nominal_30_identity_80_coverage/inputs/structures/valid/8GW6_A.pdb	A	IPR000786;IPR004695;IPR009017;IPR011584;IPR030183;IPR038665	
8GW6_B	predict	/home/ganeshiny.sridharan/dgg/deep-green-GO/arc_benchmark/nominal_30_identity_80_coverage/inputs/structures/valid/8GW6_B.pdb	A	IPR000786;IPR004695;IPR009017;IPR011584;IPR030183;IPR038665	
8GW6_C	predict	/home/ganeshiny.sridharan/dgg/deep-green-GO/arc_benchmark/nominal_30_identity_80_coverage/inputs/structures/valid/8GW6_C.pdb	A	IPR000786;IPR004695;IPR009017;IPR011584;IPR030183;IPR038665	
8GW7_A	predict	/home/ganeshiny.sridharan/dgg/deep-green-GO/arc_benchmark/nominal_30_identity_80_coverage/inputs/structures/valid/8GW7_A.pdb	A	IPR000786;IPR004695;IPR009017;IPR011584;IPR030183;IPR038665	
8GW7_B	predict	/home/ganeshiny.sridharan/dgg/deep-green-GO/arc_benchmark/nominal_30_identity_80_coverage/inputs/structures/valid/8GW7_B.pdb	A	IPR000786;IPR004695;IPR009017;IPR011584;IPR030183;IPR038665	
8GW7_C	predict	/home/ganeshiny.sridharan/dgg/deep-green-GO/arc_benchmark/nominal_30_identity_80_coverage/inputs/structures/valid/8GW7_C.pdb	A	IPR000786;IPR004695;IPR009017;IPR011584;IPR030183;IPR038665	
8J0J_A	predict	/home/ganeshiny.sridharan/dgg/deep-green-GO/arc_benchmark/nominal_30_identity_80_coverage/inputs/structures/valid/8J0J_A.pdb	A	IPR000786;IPR004695;IPR009017;IPR011584;IPR030183;IPR038665	
8J0J_B	predict	/home/ganeshiny.sridharan/dgg/deep-green-GO/arc_benchmark/nominal_30_identity_80_coverage/inputs/structures/valid/8J0J_B.pdb	A	IPR000786;IPR004695;IPR009017;IPR011584;IPR030183;IPR038665	
8J0J_C	predict	/home/ganeshiny.sridharan/dgg/deep-green-GO/arc_benchmark/nominal_30_identity_80_coverage/inputs/structures/valid/8J0J_C.pdb	A	IPR000786;IPR004695;IPR009017;IPR011584;IPR030183;IPR038665	
8J1E_A	predict	/home/ganeshiny.sridharan/dgg/deep-green-GO/arc_benchmark/nominal_30_identity_80_coverage/inputs/structures/valid/8J1E_A.pdb	A	IPR000786;IPR004695;IPR009017;IPR011584;IPR030183;IPR038665	
8J1E_B	predict	/home/ganeshiny.sridharan/dgg/deep-green-GO/arc_benchmark/nominal_30_identity_80_coverage/inputs/structures/valid/8J1E_B.pdb	A	IPR000786;IPR004695;IPR009017;IPR011584;IPR030183;IPR038665	
8J1E_C	predict	/home/ganeshiny.sridharan/dgg/deep-green-GO/arc_benchmark/nominal_30_identity_80_coverage/inputs/structures/valid/8J1E_C.pdb	A	IPR000786;IPR004695;IPR009017;IPR011584;IPR030183;IPR038665	
5CPQ_A	predict	/home/ganeshiny.sridharan/dgg/deep-green-GO/arc_benchmark/nominal_30_identity_80_coverage/inputs/structures/valid/5CPQ_A.pdb	A	IPR003385;IPR017853	
5CPQ_B	predict	/home/ganeshiny.sridharan/dgg/deep-green-GO/arc_benchmark/nominal_30_identity_80_coverage/inputs/structures/valid/5CPQ_B.pdb	A	IPR003385;IPR017853	
5CPS_A	predict	/home/ganeshiny.sridharan/dgg/deep-green-GO/arc_benchmark/nominal_30_identity_80_coverage/inputs/structures/valid/5CPS_A.pdb	A	IPR003385;IPR017853	
5CPS_B	predict	/home/ganeshiny.sridharan/dgg/deep-green-GO/arc_benchmark/nominal_30_identity_80_coverage/inputs/structures/valid/5CPS_B.pdb	A	IPR003385;IPR017853	
5CPT_A	predict	/home/ganeshiny.sridharan/dgg/deep-green-GO/arc_benchmark/nominal_30_identity_80_coverage/inputs/structures/valid/5CPT_A.pdb	A	IPR003385;IPR017853	
5CPT_B	predict	/home/ganeshiny.sridharan/dgg/deep-green-GO/arc_benchmark/nominal_30_identity_80_coverage/inputs/structures/valid/5CPT_B.pdb	A	IPR003385;IPR017853	
5CQ1_A	predict	/home/ganeshiny.sridharan/dgg/deep-green-GO/arc_benchmark/nominal_30_identity_80_coverage/inputs/structures/valid/5CQ1_A.pdb	A	IPR003385;IPR017853	
5CQ1_B	predict	/home/ganeshiny.sridharan/dgg/deep-green-GO/arc_benchmark/nominal_30_identity_80_coverage/inputs/structures/valid/5CQ1_B.pdb	A	IPR003385;IPR017853	
5CSU_A	predict	/home/ganeshiny.sridharan/dgg/deep-green-GO/arc_benchmark/nominal_30_identity_80_coverage/inputs/structures/valid/5CSU_A.pdb	A	IPR003385;IPR017853	
5CSU_B	predict	/home/ganeshiny.sridharan/dgg/deep-green-GO/arc_benchmark/nominal_30_identity_80_coverage/inputs/structures/valid/5CSU_B.pdb	A	IPR003385;IPR017853	
5CSY_A	predict	/home/ganeshiny.sridharan/dgg/deep-green-GO/arc_benchmark/nominal_30_identity_80_coverage/inputs/structures/valid/5CSY_A.pdb	A	IPR003385;IPR017853	
5CSY_B	predict	/home/ganeshiny.sridharan/dgg/deep-green-GO/arc_benchmark/nominal_30_identity_80_coverage/inputs/structures/valid/5CSY_B.pdb	A	IPR003385;IPR017853	
2AC1_A	predict	/home/ganeshiny.sridharan/dgg/deep-green-GO/arc_benchmark/nominal_30_identity_80_coverage/inputs/structures/valid/2AC1_A.pdb	A	IPR001362;IPR013148;IPR013189;IPR013320;IPR018053;IPR023296;IPR050551	
2OXB_A	predict	/home/ganeshiny.sridharan/dgg/deep-green-GO/arc_benchmark/nominal_30_identity_80_coverage/inputs/structures/valid/2OXB_A.pdb	A	IPR001362;IPR003105;IPR013148;IPR013189;IPR013320;IPR018053;IPR023296;IPR050551	
2QQU_A	predict	/home/ganeshiny.sridharan/dgg/deep-green-GO/arc_benchmark/nominal_30_identity_80_coverage/inputs/structures/valid/2QQU_A.pdb	A	IPR001362;IPR003105;IPR013148;IPR013189;IPR013320;IPR018053;IPR023296;IPR050551	
2QQV_A	predict	/home/ganeshiny.sridharan/dgg/deep-green-GO/arc_benchmark/nominal_30_identity_80_coverage/inputs/structures/valid/2QQV_A.pdb	A	IPR001362;IPR003105;IPR013148;IPR013189;IPR013320;IPR018053;IPR023296;IPR050551	
2QQW_A	predict	/home/ganeshiny.sridharan/dgg/deep-green-GO/arc_benchmark/nominal_30_identity_80_coverage/inputs/structures/valid/2QQW_A.pdb	A	IPR001362;IPR003105;IPR013148;IPR013189;IPR013320;IPR023296;IPR050551	
2XQR_A	predict	/home/ganeshiny.sridharan/dgg/deep-green-GO/arc_benchmark/nominal_30_identity_80_coverage/inputs/structures/valid/2XQR_A.pdb	A	IPR001362;IPR003105;IPR013148;IPR013189;IPR013320;IPR018053;IPR023296;IPR050551	
2XQR_C	predict	/home/ganeshiny.sridharan/dgg/deep-green-GO/arc_benchmark/nominal_30_identity_80_coverage/inputs/structures/valid/2XQR_C.pdb	A	IPR001362;IPR003105;IPR013148;IPR013189;IPR013320;IPR018053;IPR023296;IPR050551	
2XQR_E	predict	/home/ganeshiny.sridharan/dgg/deep-green-GO/arc_benchmark/nominal_30_identity_80_coverage/inputs/structures/valid/2XQR_E.pdb	A	IPR001362;IPR003105;IPR013148;IPR013189;IPR013320;IPR018053;IPR023296;IPR050551	
2XQR_G	predict	/home/ganeshiny.sridharan/dgg/deep-green-GO/arc_benchmark/nominal_30_identity_80_coverage/inputs/structures/valid/2XQR_G.pdb	A	IPR001362;IPR003105;IPR013148;IPR013189;IPR013320;IPR018053;IPR023296;IPR050551	
2XQR_I	predict	/home/ganeshiny.sridharan/dgg/deep-green-GO/arc_benchmark/nominal_30_identity_80_coverage/inputs/structures/valid/2XQR_I.pdb	A	IPR001362;IPR003105;IPR013148;IPR013189;IPR013320;IPR018053;IPR023296;IPR050551	
2XQR_K	predict	/home/ganeshiny.sridharan/dgg/deep-green-GO/arc_benchmark/nominal_30_identity_80_coverage/inputs/structures/valid/2XQR_K.pdb	A	IPR001362;IPR003105;IPR013148;IPR013189;IPR013320;IPR018053;IPR023296;IPR050551	
9H61_A	predict	/home/ganeshiny.sridharan/dgg/deep-green-GO/arc_benchmark/nominal_30_identity_80_coverage/inputs/structures/valid/9H61_A.pdb	A	IPR013057	
9H62_A	predict	/home/ganeshiny.sridharan/dgg/deep-green-GO/arc_benchmark/nominal_30_identity_80_coverage/inputs/structures/valid/9H62_A.pdb	A	IPR013057	
9H63_A	predict	/home/ganeshiny.sridharan/dgg/deep-green-GO/arc_benchmark/nominal_30_identity_80_coverage/inputs/structures/valid/9H63_A.pdb	A	IPR013057	
9JDR_A	predict	/home/ganeshiny.sridharan/dgg/deep-green-GO/arc_benchmark/nominal_30_identity_80_coverage/inputs/structures/valid/9JDR_A.pdb	A	IPR013057	
9JDS_A	predict	/home/ganeshiny.sridharan/dgg/deep-green-GO/arc_benchmark/nominal_30_identity_80_coverage/inputs/structures/valid/9JDS_A.pdb	A	IPR013057	
9LVA_A	predict	/home/ganeshiny.sridharan/dgg/deep-green-GO/arc_benchmark/nominal_30_identity_80_coverage/inputs/structures/valid/9LVA_A.pdb	A	IPR013057	
9M2H_A	predict	/home/ganeshiny.sridharan/dgg/deep-green-GO/arc_benchmark/nominal_30_identity_80_coverage/inputs/structures/valid/9M2H_A.pdb	A	IPR013057	
9QQM_A	predict	/home/ganeshiny.sridharan/dgg/deep-green-GO/arc_benchmark/nominal_30_identity_80_coverage/inputs/structures/valid/9QQM_A.pdb	A	IPR013057	
9UTD_A	predict	/home/ganeshiny.sridharan/dgg/deep-green-GO/arc_benchmark/nominal_30_identity_80_coverage/inputs/structures/valid/9UTD_A.pdb	A	IPR013057	
9UTE_A	predict	/home/ganeshiny.sridharan/dgg/deep-green-GO/arc_benchmark/nominal_30_identity_80_coverage/inputs/structures/valid/9UTE_A.pdb	A	IPR013057	
5YM0_A	predict	/home/ganeshiny.sridharan/dgg/deep-green-GO/arc_benchmark/nominal_30_identity_80_coverage/inputs/structures/valid/5YM0_A.pdb	A	IPR000581;IPR004404;IPR020558;IPR037237;IPR042096;IPR050165;IPR056740	
5ZE4_A	predict	/home/ganeshiny.sridharan/dgg/deep-green-GO/arc_benchmark/nominal_30_identity_80_coverage/inputs/structures/valid/5ZE4_A.pdb	A	IPR000581;IPR004404;IPR020558;IPR037237;IPR042096;IPR050165;IPR056740	
8HS0_A	predict	/home/ganeshiny.sridharan/dgg/deep-green-GO/arc_benchmark/nominal_30_identity_80_coverage/inputs/structures/valid/8HS0_A.pdb	A	IPR000581;IPR004404;IPR020558;IPR037237;IPR042096;IPR050165;IPR056740	
8IKZ_A	predict	/home/ganeshiny.sridharan/dgg/deep-green-GO/arc_benchmark/nominal_30_identity_80_coverage/inputs/structures/valid/8IKZ_A.pdb	A	IPR000581;IPR004404;IPR020558;IPR037237;IPR042096;IPR050165;IPR056740	
8IMU_A	predict	/home/ganeshiny.sridharan/dgg/deep-green-GO/arc_benchmark/nominal_30_identity_80_coverage/inputs/structures/valid/8IMU_A.pdb	A	IPR000581;IPR004404;IPR020558;IPR037237;IPR042096;IPR050165;IPR056740	
8IMU_B	predict	/home/ganeshiny.sridharan/dgg/deep-green-GO/arc_benchmark/nominal_30_identity_80_coverage/inputs/structures/valid/8IMU_B.pdb	A	IPR000581;IPR004404;IPR020558;IPR037237;IPR042096;IPR050165;IPR056740	
9JPI_A	predict	/home/ganeshiny.sridharan/dgg/deep-green-GO/arc_benchmark/nominal_30_identity_80_coverage/inputs/structures/valid/9JPI_A.pdb	A	IPR000581;IPR004404;IPR020558;IPR037237;IPR042096;IPR050165;IPR056740	
9JSQ_A	predict	/home/ganeshiny.sridharan/dgg/deep-green-GO/arc_benchmark/nominal_30_identity_80_coverage/inputs/structures/valid/9JSQ_A.pdb	A	IPR000581;IPR004404;IPR020558;IPR037237;IPR042096;IPR050165;IPR056740	
9L8R_A	predict	/home/ganeshiny.sridharan/dgg/deep-green-GO/arc_benchmark/nominal_30_identity_80_coverage/inputs/structures/valid/9L8R_A.pdb	A	IPR000581;IPR004404;IPR020558;IPR037237;IPR042096;IPR050165;IPR056740	
7Y3E_A	predict	/home/ganeshiny.sridharan/dgg/deep-green-GO/arc_benchmark/nominal_30_identity_80_coverage/inputs/structures/valid/7Y3E_A.pdb	A	IPR006153;IPR018422;IPR018490	
7Y3E_B	predict	/home/ganeshiny.sridharan/dgg/deep-green-GO/arc_benchmark/nominal_30_identity_80_coverage/inputs/structures/valid/7Y3E_B.pdb	A	IPR006153;IPR018422;IPR018490	
8HYA_A	predict	/home/ganeshiny.sridharan/dgg/deep-green-GO/arc_benchmark/nominal_30_identity_80_coverage/inputs/structures/valid/8HYA_A.pdb	A	IPR006153;IPR018422;IPR018490	
8HYA_B	predict	/home/ganeshiny.sridharan/dgg/deep-green-GO/arc_benchmark/nominal_30_identity_80_coverage/inputs/structures/valid/8HYA_B.pdb	A	IPR006153;IPR018422;IPR018490	
8JD9_A	predict	/home/ganeshiny.sridharan/dgg/deep-green-GO/arc_benchmark/nominal_30_identity_80_coverage/inputs/structures/valid/8JD9_A.pdb	A	IPR006153;IPR018422;IPR018490	
8JD9_B	predict	/home/ganeshiny.sridharan/dgg/deep-green-GO/arc_benchmark/nominal_30_identity_80_coverage/inputs/structures/valid/8JD9_B.pdb	A	IPR006153;IPR018422;IPR018490	
8JDA_A	predict	/home/ganeshiny.sridharan/dgg/deep-green-GO/arc_benchmark/nominal_30_identity_80_coverage/inputs/structures/valid/8JDA_A.pdb	A	IPR006153;IPR018422;IPR018490	
8JDA_B	predict	/home/ganeshiny.sridharan/dgg/deep-green-GO/arc_benchmark/nominal_30_identity_80_coverage/inputs/structures/valid/8JDA_B.pdb	A	IPR006153;IPR018422;IPR018490	
3SAE_A	predict	/home/ganeshiny.sridharan/dgg/deep-green-GO/arc_benchmark/nominal_30_identity_80_coverage/inputs/structures/valid/3SAE_A.pdb	A	IPR001906;IPR005630;IPR008930;IPR008949;IPR034741;IPR036965;IPR044814;IPR050148	
3SDQ_A	predict	/home/ganeshiny.sridharan/dgg/deep-green-GO/arc_benchmark/nominal_30_identity_80_coverage/inputs/structures/valid/3SDQ_A.pdb	A	IPR001906;IPR005630;IPR008930;IPR008949;IPR034741;IPR036965;IPR044814;IPR050148	
3SDR_A	predict	/home/ganeshiny.sridharan/dgg/deep-green-GO/arc_benchmark/nominal_30_identity_80_coverage/inputs/structures/valid/3SDR_A.pdb	A	IPR001906;IPR005630;IPR008930;IPR008949;IPR034741;IPR036965;IPR044814;IPR050148	
3SDT_A	predict	/home/ganeshiny.sridharan/dgg/deep-green-GO/arc_benchmark/nominal_30_identity_80_coverage/inputs/structures/valid/3SDT_A.pdb	A	IPR001906;IPR005630;IPR008930;IPR008949;IPR034741;IPR036965;IPR044814;IPR050148	
3SDU_A	predict	/home/ganeshiny.sridharan/dgg/deep-green-GO/arc_benchmark/nominal_30_identity_80_coverage/inputs/structures/valid/3SDU_A.pdb	A	IPR001906;IPR005630;IPR008930;IPR008949;IPR034741;IPR036965;IPR044814;IPR050148	
3SDV_A	predict	/home/ganeshiny.sridharan/dgg/deep-green-GO/arc_benchmark/nominal_30_identity_80_coverage/inputs/structures/valid/3SDV_A.pdb	A	IPR001906;IPR005630;IPR008930;IPR008949;IPR034741;IPR036965;IPR044814;IPR050148	
7WAT_B	predict	/home/ganeshiny.sridharan/dgg/deep-green-GO/arc_benchmark/nominal_30_identity_80_coverage/inputs/structures/valid/7WAT_B.pdb	A	IPR001906;IPR005630;IPR008930;IPR008949;IPR036965;IPR050148	
7Y47_B	predict	/home/ganeshiny.sridharan/dgg/deep-green-GO/arc_benchmark/nominal_30_identity_80_coverage/inputs/structures/valid/7Y47_B.pdb	A	IPR001906;IPR005630;IPR008930;IPR008949;IPR036965;IPR050148	
9X0I_A	predict	/home/ganeshiny.sridharan/dgg/deep-green-GO/arc_benchmark/nominal_30_identity_80_coverage/inputs/structures/valid/9X0I_A.pdb	A	IPR002020;IPR016142;IPR016143;IPR019810;IPR024176;IPR036969	
9X0I_B	predict	/home/ganeshiny.sridharan/dgg/deep-green-GO/arc_benchmark/nominal_30_identity_80_coverage/inputs/structures/valid/9X0I_B.pdb	A	IPR002020;IPR016142;IPR016143;IPR019810;IPR024176;IPR036969	
9XAU_A	predict	/home/ganeshiny.sridharan/dgg/deep-green-GO/arc_benchmark/nominal_30_identity_80_coverage/inputs/structures/valid/9XAU_A.pdb	A	IPR002020;IPR016142;IPR016143;IPR019810;IPR024176;IPR036969	
9XAU_B	predict	/home/ganeshiny.sridharan/dgg/deep-green-GO/arc_benchmark/nominal_30_identity_80_coverage/inputs/structures/valid/9XAU_B.pdb	A	IPR002020;IPR016142;IPR016143;IPR019810;IPR024176;IPR036969	
9XAU_C	predict	/home/ganeshiny.sridharan/dgg/deep-green-GO/arc_benchmark/nominal_30_identity_80_coverage/inputs/structures/valid/9XAU_C.pdb	A	IPR002020;IPR016142;IPR016143;IPR019810;IPR024176;IPR036969	
9XAU_D	predict	/home/ganeshiny.sridharan/dgg/deep-green-GO/arc_benchmark/nominal_30_identity_80_coverage/inputs/structures/valid/9XAU_D.pdb	A	IPR002020;IPR016142;IPR016143;IPR019810;IPR024176;IPR036969	
9XDG_A	predict	/home/ganeshiny.sridharan/dgg/deep-green-GO/arc_benchmark/nominal_30_identity_80_coverage/inputs/structures/valid/9XDG_A.pdb	A	IPR002020;IPR016142;IPR016143;IPR019810;IPR024176;IPR036969	
9XDG_B	predict	/home/ganeshiny.sridharan/dgg/deep-green-GO/arc_benchmark/nominal_30_identity_80_coverage/inputs/structures/valid/9XDG_B.pdb	A	IPR002020;IPR016142;IPR016143;IPR019810;IPR024176;IPR036969	
1XYG_A	predict	/home/ganeshiny.sridharan/dgg/deep-green-GO/arc_benchmark/nominal_30_identity_80_coverage/inputs/structures/valid/1XYG_A.pdb	A	IPR000534;IPR000706;IPR023013;IPR036291;IPR050085;IPR058924	
1XYG_B	predict	/home/ganeshiny.sridharan/dgg/deep-green-GO/arc_benchmark/nominal_30_identity_80_coverage/inputs/structures/valid/1XYG_B.pdb	A	IPR000534;IPR000706;IPR023013;IPR036291;IPR050085;IPR058924	
1XYG_C	predict	/home/ganeshiny.sridharan/dgg/deep-green-GO/arc_benchmark/nominal_30_identity_80_coverage/inputs/structures/valid/1XYG_C.pdb	A	IPR000534;IPR000706;IPR023013;IPR036291;IPR050085;IPR058924	
1XYG_D	predict	/home/ganeshiny.sridharan/dgg/deep-green-GO/arc_benchmark/nominal_30_identity_80_coverage/inputs/structures/valid/1XYG_D.pdb	A	IPR000534;IPR000706;IPR023013;IPR036291;IPR050085;IPR058924	
2Q49_A	predict	/home/ganeshiny.sridharan/dgg/deep-green-GO/arc_benchmark/nominal_30_identity_80_coverage/inputs/structures/valid/2Q49_A.pdb	A	IPR000534;IPR000706;IPR023013;IPR036291;IPR050085;IPR058924	
2Q49_B	predict	/home/ganeshiny.sridharan/dgg/deep-green-GO/arc_benchmark/nominal_30_identity_80_coverage/inputs/structures/valid/2Q49_B.pdb	A	IPR000534;IPR000706;IPR023013;IPR036291;IPR050085;IPR058924	
2Q49_C	predict	/home/ganeshiny.sridharan/dgg/deep-green-GO/arc_benchmark/nominal_30_identity_80_coverage/inputs/structures/valid/2Q49_C.pdb	A	IPR000534;IPR000706;IPR023013;IPR036291;IPR050085;IPR058924	
2Q49_D	predict	/home/ganeshiny.sridharan/dgg/deep-green-GO/arc_benchmark/nominal_30_identity_80_coverage/inputs/structures/valid/2Q49_D.pdb	A	IPR000534;IPR000706;IPR023013;IPR036291;IPR050085;IPR058924	
5EE0_A	predict	/home/ganeshiny.sridharan/dgg/deep-green-GO/arc_benchmark/nominal_30_identity_80_coverage/inputs/structures/valid/5EE0_A.pdb	A	IPR004095;IPR004396;IPR006073;IPR012675;IPR012676;IPR013029;IPR023192;IPR027417;IPR031167;IPR041706	
5EE1_A	predict	/home/ganeshiny.sridharan/dgg/deep-green-GO/arc_benchmark/nominal_30_identity_80_coverage/inputs/structures/valid/5EE1_A.pdb	A	IPR004095;IPR004396;IPR006073;IPR012675;IPR012676;IPR013029;IPR023192;IPR027417;IPR031167;IPR041706	
5EE3_A	predict	/home/ganeshiny.sridharan/dgg/deep-green-GO/arc_benchmark/nominal_30_identity_80_coverage/inputs/structures/valid/5EE3_A.pdb	A	IPR004095;IPR004396;IPR006073;IPR012675;IPR012676;IPR013029;IPR023192;IPR027417;IPR031167;IPR041706	
5EE3_B	predict	/home/ganeshiny.sridharan/dgg/deep-green-GO/arc_benchmark/nominal_30_identity_80_coverage/inputs/structures/valid/5EE3_B.pdb	A	IPR004095;IPR004396;IPR006073;IPR012675;IPR012676;IPR013029;IPR023192;IPR027417;IPR031167;IPR041706	
5EE9_A	predict	/home/ganeshiny.sridharan/dgg/deep-green-GO/arc_benchmark/nominal_30_identity_80_coverage/inputs/structures/valid/5EE9_A.pdb	A	IPR004095;IPR004396;IPR006073;IPR012675;IPR012676;IPR013029;IPR023192;IPR027417;IPR031167;IPR041706	
5EE9_B	predict	/home/ganeshiny.sridharan/dgg/deep-green-GO/arc_benchmark/nominal_30_identity_80_coverage/inputs/structures/valid/5EE9_B.pdb	A	IPR004095;IPR004396;IPR006073;IPR012675;IPR012676;IPR013029;IPR023192;IPR027417;IPR031167;IPR041706	
7Y9I_A	predict	/home/ganeshiny.sridharan/dgg/deep-green-GO/arc_benchmark/nominal_30_identity_80_coverage/inputs/structures/valid/7Y9I_A.pdb	A	IPR004095;IPR004396;IPR006073;IPR012675;IPR012676;IPR013029;IPR023192;IPR027417;IPR031167;IPR041706	
6S0P_A	predict	/home/ganeshiny.sridharan/dgg/deep-green-GO/arc_benchmark/nominal_30_identity_80_coverage/inputs/structures/valid/6S0P_A.pdb	A	IPR011051;IPR012864;IPR014710;IPR027434	
6S7E_A	predict	/home/ganeshiny.sridharan/dgg/deep-green-GO/arc_benchmark/nominal_30_identity_80_coverage/inputs/structures/valid/6S7E_A.pdb	A	IPR011051;IPR012864;IPR014710;IPR027434	
6SBP_A	predict	/home/ganeshiny.sridharan/dgg/deep-green-GO/arc_benchmark/nominal_30_identity_80_coverage/inputs/structures/valid/6SBP_A.pdb	A	IPR011051;IPR012864;IPR014710;IPR029032	
7CHI_A	predict	/home/ganeshiny.sridharan/dgg/deep-green-GO/arc_benchmark/nominal_30_identity_80_coverage/inputs/structures/valid/7CHI_A.pdb	A	IPR011051;IPR012864;IPR014710	
7CHJ_A	predict	/home/ganeshiny.sridharan/dgg/deep-green-GO/arc_benchmark/nominal_30_identity_80_coverage/inputs/structures/valid/7CHJ_A.pdb	A	IPR011051;IPR012864;IPR014710	
7CHJ_B	predict	/home/ganeshiny.sridharan/dgg/deep-green-GO/arc_benchmark/nominal_30_identity_80_coverage/inputs/structures/valid/7CHJ_B.pdb	A	IPR011051;IPR012864;IPR014710	
9J5I_A	predict	/home/ganeshiny.sridharan/dgg/deep-green-GO/arc_benchmark/nominal_30_identity_80_coverage/inputs/structures/valid/9J5I_A.pdb	A	IPR000357;IPR011989;IPR016024;IPR021133;IPR051023;IPR054573	
9J5I_D	predict	/home/ganeshiny.sridharan/dgg/deep-green-GO/arc_benchmark/nominal_30_identity_80_coverage/inputs/structures/valid/9J5I_D.pdb	A	IPR000357;IPR011989;IPR016024;IPR021133;IPR051023;IPR054573	
9J5K_A	predict	/home/ganeshiny.sridharan/dgg/deep-green-GO/arc_benchmark/nominal_30_identity_80_coverage/inputs/structures/valid/9J5K_A.pdb	A	IPR000357;IPR011989;IPR016024;IPR021133;IPR051023;IPR054573	
9J5K_D	predict	/home/ganeshiny.sridharan/dgg/deep-green-GO/arc_benchmark/nominal_30_identity_80_coverage/inputs/structures/valid/9J5K_D.pdb	A	IPR000357;IPR011989;IPR016024;IPR021133;IPR051023;IPR054573	
9J5N_A	predict	/home/ganeshiny.sridharan/dgg/deep-green-GO/arc_benchmark/nominal_30_identity_80_coverage/inputs/structures/valid/9J5N_A.pdb	A	IPR000357;IPR011989;IPR016024;IPR021133;IPR051023;IPR054573	
9J5R_A	predict	/home/ganeshiny.sridharan/dgg/deep-green-GO/arc_benchmark/nominal_30_identity_80_coverage/inputs/structures/valid/9J5R_A.pdb	A	IPR000357;IPR011989;IPR016024;IPR021133;IPR051023;IPR054573	
3HBX_A	predict	/home/ganeshiny.sridharan/dgg/deep-green-GO/arc_benchmark/nominal_30_identity_80_coverage/inputs/structures/valid/3HBX_A.pdb	A	IPR002129;IPR010107;IPR015421;IPR015424	
3HBX_B	predict	/home/ganeshiny.sridharan/dgg/deep-green-GO/arc_benchmark/nominal_30_identity_80_coverage/inputs/structures/valid/3HBX_B.pdb	A	IPR002129;IPR010107;IPR015421;IPR015424	
3HBX_C	predict	/home/ganeshiny.sridharan/dgg/deep-green-GO/arc_benchmark/nominal_30_identity_80_coverage/inputs/structures/valid/3HBX_C.pdb	A	IPR002129;IPR010107;IPR015421;IPR015424	
3HBX_D	predict	/home/ganeshiny.sridharan/dgg/deep-green-GO/arc_benchmark/nominal_30_identity_80_coverage/inputs/structures/valid/3HBX_D.pdb	A	IPR002129;IPR010107;IPR015421;IPR015424	
3HBX_E	predict	/home/ganeshiny.sridharan/dgg/deep-green-GO/arc_benchmark/nominal_30_identity_80_coverage/inputs/structures/valid/3HBX_E.pdb	A	IPR002129;IPR010107;IPR015421;IPR015424	
3HBX_F	predict	/home/ganeshiny.sridharan/dgg/deep-green-GO/arc_benchmark/nominal_30_identity_80_coverage/inputs/structures/valid/3HBX_F.pdb	A	IPR002129;IPR010107;IPR015421;IPR015424	
7CY4_A	predict	/home/ganeshiny.sridharan/dgg/deep-green-GO/arc_benchmark/nominal_30_identity_80_coverage/inputs/structures/valid/7CY4_A.pdb	A	IPR006059;IPR006060;IPR006061;IPR063807	
7CY5_A	predict	/home/ganeshiny.sridharan/dgg/deep-green-GO/arc_benchmark/nominal_30_identity_80_coverage/inputs/structures/valid/7CY5_A.pdb	A	IPR006059;IPR006060;IPR006061;IPR063807	
7CY6_A	predict	/home/ganeshiny.sridharan/dgg/deep-green-GO/arc_benchmark/nominal_30_identity_80_coverage/inputs/structures/valid/7CY6_A.pdb	A	IPR006059;IPR006060;IPR006061;IPR063807	
7CY7_A	predict	/home/ganeshiny.sridharan/dgg/deep-green-GO/arc_benchmark/nominal_30_identity_80_coverage/inputs/structures/valid/7CY7_A.pdb	A	IPR006059;IPR006060;IPR006061;IPR063807	
7CY8_A	predict	/home/ganeshiny.sridharan/dgg/deep-green-GO/arc_benchmark/nominal_30_identity_80_coverage/inputs/structures/valid/7CY8_A.pdb	A	IPR006059;IPR006060;IPR006061;IPR063807	
1UHA_A	predict	/home/ganeshiny.sridharan/dgg/deep-green-GO/arc_benchmark/nominal_30_identity_80_coverage/inputs/structures/valid/1UHA_A.pdb	A	IPR001002;IPR018371;IPR036861	
1ULM_A	predict	/home/ganeshiny.sridharan/dgg/deep-green-GO/arc_benchmark/nominal_30_identity_80_coverage/inputs/structures/valid/1ULM_A.pdb	A	IPR001002;IPR018371;IPR036861	
1ULM_B	predict	/home/ganeshiny.sridharan/dgg/deep-green-GO/arc_benchmark/nominal_30_identity_80_coverage/inputs/structures/valid/1ULM_B.pdb	A	IPR001002;IPR018371;IPR036861	
1ULN_A	predict	/home/ganeshiny.sridharan/dgg/deep-green-GO/arc_benchmark/nominal_30_identity_80_coverage/inputs/structures/valid/1ULN_A.pdb	A	IPR001002;IPR018371;IPR036861	
1AE1_A	predict	/home/ganeshiny.sridharan/dgg/deep-green-GO/arc_benchmark/nominal_30_identity_80_coverage/inputs/structures/valid/1AE1_A.pdb	A	IPR002347;IPR020904;IPR036291;IPR045000	
1AE1_B	predict	/home/ganeshiny.sridharan/dgg/deep-green-GO/arc_benchmark/nominal_30_identity_80_coverage/inputs/structures/valid/1AE1_B.pdb	A	IPR002347;IPR020904;IPR036291;IPR045000	
1XQ1_A	predict	/home/ganeshiny.sridharan/dgg/deep-green-GO/arc_benchmark/nominal_30_identity_80_coverage/inputs/structures/valid/1XQ1_A.pdb	A	IPR002347;IPR020904;IPR036291;IPR045000	
2Q45_A	predict	/home/ganeshiny.sridharan/dgg/deep-green-GO/arc_benchmark/nominal_30_identity_80_coverage/inputs/structures/valid/2Q45_A.pdb	A	IPR002347;IPR020904;IPR036291;IPR045000	
5DIZ_A	predict	/home/ganeshiny.sridharan/dgg/deep-green-GO/arc_benchmark/nominal_30_identity_80_coverage/inputs/structures/valid/5DIZ_A.pdb	A	IPR011990;IPR031595;IPR033443	
5DIZ_B	predict	/home/ganeshiny.sridharan/dgg/deep-green-GO/arc_benchmark/nominal_30_identity_80_coverage/inputs/structures/valid/5DIZ_B.pdb	A	IPR011990;IPR031595;IPR033443	
5FT9_A	predict	/home/ganeshiny.sridharan/dgg/deep-green-GO/arc_benchmark/nominal_30_identity_80_coverage/inputs/structures/valid/5FT9_A.pdb	A	IPR011990;IPR031595;IPR033443	
5FT9_B	predict	/home/ganeshiny.sridharan/dgg/deep-green-GO/arc_benchmark/nominal_30_identity_80_coverage/inputs/structures/valid/5FT9_B.pdb	A	IPR011990;IPR031595;IPR033443	
6FPG_D	predict	/home/ganeshiny.sridharan/dgg/deep-green-GO/arc_benchmark/nominal_30_identity_80_coverage/inputs/structures/valid/6FPG_D.pdb	A	IPR036908;IPR039271	
6FPG_E	predict	/home/ganeshiny.sridharan/dgg/deep-green-GO/arc_benchmark/nominal_30_identity_80_coverage/inputs/structures/valid/6FPG_E.pdb	A	IPR036908;IPR039271	
6FPG_H	predict	/home/ganeshiny.sridharan/dgg/deep-green-GO/arc_benchmark/nominal_30_identity_80_coverage/inputs/structures/valid/6FPG_H.pdb	A	IPR036908;IPR039271	
6FPG_I	predict	/home/ganeshiny.sridharan/dgg/deep-green-GO/arc_benchmark/nominal_30_identity_80_coverage/inputs/structures/valid/6FPG_I.pdb	A	IPR036908;IPR039271	
1Y0Z_A	predict	/home/ganeshiny.sridharan/dgg/deep-green-GO/arc_benchmark/nominal_30_identity_80_coverage/inputs/structures/valid/1Y0Z_A.pdb	A	IPR003819;IPR042098;IPR050411	
1Y0Z_B	predict	/home/ganeshiny.sridharan/dgg/deep-green-GO/arc_benchmark/nominal_30_identity_80_coverage/inputs/structures/valid/1Y0Z_B.pdb	A	IPR003819;IPR042098;IPR050411	
2Q4A_A	predict	/home/ganeshiny.sridharan/dgg/deep-green-GO/arc_benchmark/nominal_30_identity_80_coverage/inputs/structures/valid/2Q4A_A.pdb	A	IPR003819;IPR042098;IPR050411	
2Q4A_B	predict	/home/ganeshiny.sridharan/dgg/deep-green-GO/arc_benchmark/nominal_30_identity_80_coverage/inputs/structures/valid/2Q4A_B.pdb	A	IPR003819;IPR042098;IPR050411	
4ME2_A	predict	/home/ganeshiny.sridharan/dgg/deep-green-GO/arc_benchmark/nominal_30_identity_80_coverage/inputs/structures/valid/4ME2_A.pdb	A	IPR011990;IPR044190	
4N2Q_A	predict	/home/ganeshiny.sridharan/dgg/deep-green-GO/arc_benchmark/nominal_30_identity_80_coverage/inputs/structures/valid/4N2Q_A.pdb	A	IPR011990;IPR044190	
4N2S_A	predict	/home/ganeshiny.sridharan/dgg/deep-green-GO/arc_benchmark/nominal_30_identity_80_coverage/inputs/structures/valid/4N2S_A.pdb	A	IPR011990;IPR044190	
9EQ2_A	predict	/home/ganeshiny.sridharan/dgg/deep-green-GO/arc_benchmark/nominal_30_identity_80_coverage/inputs/structures/valid/9EQ2_A.pdb	A	IPR003593;IPR010339;IPR027238;IPR027417;IPR041048;IPR042487	
9EQ2_B	predict	/home/ganeshiny.sridharan/dgg/deep-green-GO/arc_benchmark/nominal_30_identity_80_coverage/inputs/structures/valid/9EQ2_B.pdb	A	IPR003593;IPR010339;IPR027238;IPR027417;IPR041048;IPR042487	
9EQ2_C	predict	/home/ganeshiny.sridharan/dgg/deep-green-GO/arc_benchmark/nominal_30_identity_80_coverage/inputs/structures/valid/9EQ2_C.pdb	A	IPR003593;IPR010339;IPR027238;IPR027417;IPR041048;IPR042487	
2DKV_A	predict	/home/ganeshiny.sridharan/dgg/deep-green-GO/arc_benchmark/nominal_30_identity_80_coverage/inputs/structures/valid/2DKV_A.pdb	A	IPR000726;IPR001002;IPR016283;IPR018371;IPR023346;IPR036861	
3IWR_A	predict	/home/ganeshiny.sridharan/dgg/deep-green-GO/arc_benchmark/nominal_30_identity_80_coverage/inputs/structures/valid/3IWR_A.pdb	A	IPR000726;IPR001002;IPR016283;IPR018371;IPR023346;IPR036861	
3IWR_B	predict	/home/ganeshiny.sridharan/dgg/deep-green-GO/arc_benchmark/nominal_30_identity_80_coverage/inputs/structures/valid/3IWR_B.pdb	A	IPR000726;IPR001002;IPR016283;IPR018371;IPR023346;IPR036861	
3HKS_A	predict	/home/ganeshiny.sridharan/dgg/deep-green-GO/arc_benchmark/nominal_30_identity_80_coverage/inputs/structures/valid/3HKS_A.pdb	A	IPR001884;IPR008991;IPR012340;IPR014722;IPR019769;IPR020189;IPR048670	
3HKS_B	predict	/home/ganeshiny.sridharan/dgg/deep-green-GO/arc_benchmark/nominal_30_identity_80_coverage/inputs/structures/valid/3HKS_B.pdb	A	IPR001884;IPR008991;IPR012340;IPR014722;IPR019769;IPR020189;IPR048670	
3UMV_A	predict	/home/ganeshiny.sridharan/dgg/deep-green-GO/arc_benchmark/nominal_30_identity_80_coverage/inputs/structures/valid/3UMV_A.pdb	A	IPR006050;IPR008148;IPR014729;IPR032673;IPR036134;IPR036155;IPR052219	
3UMV_B	predict	/home/ganeshiny.sridharan/dgg/deep-green-GO/arc_benchmark/nominal_30_identity_80_coverage/inputs/structures/valid/3UMV_B.pdb	A	IPR006050;IPR008148;IPR014729;IPR032673;IPR036134;IPR036155;IPR052219	
5VJV_A	predict	/home/ganeshiny.sridharan/dgg/deep-green-GO/arc_benchmark/nominal_30_identity_80_coverage/inputs/structures/valid/5VJV_A.pdb	A	IPR004843;IPR029052;IPR041768	
5VJW_A	predict	/home/ganeshiny.sridharan/dgg/deep-green-GO/arc_benchmark/nominal_30_identity_80_coverage/inputs/structures/valid/5VJW_A.pdb	A	IPR004843;IPR029052;IPR041768	
2PYW_A	predict	/home/ganeshiny.sridharan/dgg/deep-green-GO/arc_benchmark/nominal_30_identity_80_coverage/inputs/structures/valid/2PYW_A.pdb	A	IPR002575;IPR009212;IPR011009	
2PYW_B	predict	/home/ganeshiny.sridharan/dgg/deep-green-GO/arc_benchmark/nominal_30_identity_80_coverage/inputs/structures/valid/2PYW_B.pdb	A	IPR002575;IPR009212;IPR011009	
1ZAK_A	predict	/home/ganeshiny.sridharan/dgg/deep-green-GO/arc_benchmark/nominal_30_identity_80_coverage/inputs/structures/valid/1ZAK_A.pdb	A	IPR000850;IPR006259;IPR027417;IPR033690	
1ZAK_B	predict	/home/ganeshiny.sridharan/dgg/deep-green-GO/arc_benchmark/nominal_30_identity_80_coverage/inputs/structures/valid/1ZAK_B.pdb	A	IPR000850;IPR006259;IPR027417;IPR033690	
5LAL_A	predict	/home/ganeshiny.sridharan/dgg/deep-green-GO/arc_benchmark/nominal_30_identity_80_coverage/inputs/structures/valid/5LAL_A.pdb	A	IPR004265;IPR044859	
5LAL_B	predict	/home/ganeshiny.sridharan/dgg/deep-green-GO/arc_benchmark/nominal_30_identity_80_coverage/inputs/structures/valid/5LAL_B.pdb	A	IPR004265;IPR044859	
3LE2_A	predict	/home/ganeshiny.sridharan/dgg/deep-green-GO/arc_benchmark/nominal_30_identity_80_coverage/inputs/structures/valid/3LE2_A.pdb	A	IPR000215;IPR023795;IPR023796;IPR036186;IPR042178;IPR042185	
8WB2_A	predict	/home/ganeshiny.sridharan/dgg/deep-green-GO/arc_benchmark/nominal_30_identity_80_coverage/inputs/structures/valid/8WB2_A.pdb	A	IPR000566;IPR002446;IPR012674;IPR022271;IPR022272;IPR047202	
1TQ1_A	predict	/home/ganeshiny.sridharan/dgg/deep-green-GO/arc_benchmark/nominal_30_identity_80_coverage/inputs/structures/valid/1TQ1_A.pdb	A	IPR001763;IPR036873;IPR052367	
4LEU_A	predict	/home/ganeshiny.sridharan/dgg/deep-green-GO/arc_benchmark/nominal_30_identity_80_coverage/inputs/structures/valid/4LEU_A.pdb	A	IPR002885;IPR011990;IPR044795	
6A16_A	predict	/home/ganeshiny.sridharan/dgg/deep-green-GO/arc_benchmark/nominal_30_identity_80_coverage/inputs/structures/valid/6A16_A.pdb	A	IPR001128;IPR002401;IPR017972;IPR036396	
2RKN_A	predict	/home/ganeshiny.sridharan/dgg/deep-green-GO/arc_benchmark/nominal_30_identity_80_coverage/inputs/structures/valid/2RKN_A.pdb	A	IPR016140;IPR036312;IPR039265;IPR044741	
5YQ3_A	predict	/home/ganeshiny.sridharan/dgg/deep-green-GO/arc_benchmark/nominal_30_identity_80_coverage/inputs/structures/valid/5YQ3_A.pdb	A	IPR000008;IPR035892	
1DS9_A	predict	/home/ganeshiny.sridharan/dgg/deep-green-GO/arc_benchmark/nominal_30_identity_80_coverage/inputs/structures/test/1DS9_A.pdb	A	IPR001611;IPR025875;IPR032675	
1M9L_A	predict	/home/ganeshiny.sridharan/dgg/deep-green-GO/arc_benchmark/nominal_30_identity_80_coverage/inputs/structures/test/1M9L_A.pdb	A	IPR001611;IPR025875;IPR032675	
1XDX_A	predict	/home/ganeshiny.sridharan/dgg/deep-green-GO/arc_benchmark/nominal_30_identity_80_coverage/inputs/structures/test/1XDX_A.pdb	A	IPR005334;IPR038586	
1XDX_B	predict	/home/ganeshiny.sridharan/dgg/deep-green-GO/arc_benchmark/nominal_30_identity_80_coverage/inputs/structures/test/1XDX_B.pdb	A	IPR005334;IPR038586	
3QRX_A	predict	/home/ganeshiny.sridharan/dgg/deep-green-GO/arc_benchmark/nominal_30_identity_80_coverage/inputs/structures/test/3QRX_A.pdb	A	IPR002048;IPR011992;IPR018247;IPR050230	
4AQR_A	predict	/home/ganeshiny.sridharan/dgg/deep-green-GO/arc_benchmark/nominal_30_identity_80_coverage/inputs/structures/test/4AQR_A.pdb	A	IPR002048;IPR011992;IPR018247;IPR050230	
4AQR_B	predict	/home/ganeshiny.sridharan/dgg/deep-green-GO/arc_benchmark/nominal_30_identity_80_coverage/inputs/structures/test/4AQR_B.pdb	A	IPR002048;IPR011992;IPR018247;IPR050230	
5A2H_A	predict	/home/ganeshiny.sridharan/dgg/deep-green-GO/arc_benchmark/nominal_30_identity_80_coverage/inputs/structures/test/5A2H_A.pdb	A	IPR002048;IPR011992;IPR018247;IPR050230	
5YXM_A	predict	/home/ganeshiny.sridharan/dgg/deep-green-GO/arc_benchmark/nominal_30_identity_80_coverage/inputs/structures/test/5YXM_A.pdb	A	IPR001611;IPR025875;IPR032675	
6L4P_A	predict	/home/ganeshiny.sridharan/dgg/deep-green-GO/arc_benchmark/nominal_30_identity_80_coverage/inputs/structures/test/6L4P_A.pdb	A	IPR001611;IPR025875;IPR032675	
6U42_3W	predict	/home/ganeshiny.sridharan/dgg/deep-green-GO/arc_benchmark/nominal_30_identity_80_coverage/inputs/structures/test/6U42_3W.pdb	A	IPR007714;IPR040441	
6U42_3Y	predict	/home/ganeshiny.sridharan/dgg/deep-green-GO/arc_benchmark/nominal_30_identity_80_coverage/inputs/structures/test/6U42_3Y.pdb	A	IPR007714;IPR040441	
6U42_4A	predict	/home/ganeshiny.sridharan/dgg/deep-green-GO/arc_benchmark/nominal_30_identity_80_coverage/inputs/structures/test/6U42_4A.pdb	A	IPR007714;IPR040441	
6U42_4C	predict	/home/ganeshiny.sridharan/dgg/deep-green-GO/arc_benchmark/nominal_30_identity_80_coverage/inputs/structures/test/6U42_4C.pdb	A	IPR007714;IPR040441	
6U42_4E	predict	/home/ganeshiny.sridharan/dgg/deep-green-GO/arc_benchmark/nominal_30_identity_80_coverage/inputs/structures/test/6U42_4E.pdb	A	IPR007714;IPR040441	
6U42_4G	predict	/home/ganeshiny.sridharan/dgg/deep-green-GO/arc_benchmark/nominal_30_identity_80_coverage/inputs/structures/test/6U42_4G.pdb	A	IPR007714;IPR040441	
6U42_4I	predict	/home/ganeshiny.sridharan/dgg/deep-green-GO/arc_benchmark/nominal_30_identity_80_coverage/inputs/structures/test/6U42_4I.pdb	A	IPR007714;IPR040441	
6U42_4Q	predict	/home/ganeshiny.sridharan/dgg/deep-green-GO/arc_benchmark/nominal_30_identity_80_coverage/inputs/structures/test/6U42_4Q.pdb	A	IPR008805	
6U42_4R	predict	/home/ganeshiny.sridharan/dgg/deep-green-GO/arc_benchmark/nominal_30_identity_80_coverage/inputs/structures/test/6U42_4R.pdb	A	IPR008805	
6U42_4S	predict	/home/ganeshiny.sridharan/dgg/deep-green-GO/arc_benchmark/nominal_30_identity_80_coverage/inputs/structures/test/6U42_4S.pdb	A	IPR008805	
6U42_4T	predict	/home/ganeshiny.sridharan/dgg/deep-green-GO/arc_benchmark/nominal_30_identity_80_coverage/inputs/structures/test/6U42_4T.pdb	A	IPR008805	
6U42_4U	predict	/home/ganeshiny.sridharan/dgg/deep-green-GO/arc_benchmark/nominal_30_identity_80_coverage/inputs/structures/test/6U42_4U.pdb	A	IPR008805	
6U42_5O	predict	/home/ganeshiny.sridharan/dgg/deep-green-GO/arc_benchmark/nominal_30_identity_80_coverage/inputs/structures/test/6U42_5O.pdb	A	IPR001564;IPR006602;IPR011410;IPR023005;IPR034907;IPR036850;IPR037993;IPR057579	
6U42_5P	predict	/home/ganeshiny.sridharan/dgg/deep-green-GO/arc_benchmark/nominal_30_identity_80_coverage/inputs/structures/test/6U42_5P.pdb	A	IPR001564;IPR006602;IPR011410;IPR023005;IPR034907;IPR036850;IPR037993;IPR057579	
6U42_6T	predict	/home/ganeshiny.sridharan/dgg/deep-green-GO/arc_benchmark/nominal_30_identity_80_coverage/inputs/structures/test/6U42_6T.pdb	A	IPR002048;IPR006602;IPR011992;IPR018247;IPR040193	
6U42_6U	predict	/home/ganeshiny.sridharan/dgg/deep-green-GO/arc_benchmark/nominal_30_identity_80_coverage/inputs/structures/test/6U42_6U.pdb	A	IPR002048;IPR006602;IPR011992;IPR018247;IPR040193	
6U42_6V	predict	/home/ganeshiny.sridharan/dgg/deep-green-GO/arc_benchmark/nominal_30_identity_80_coverage/inputs/structures/test/6U42_6V.pdb	A	IPR002048;IPR006602;IPR011992;IPR018247;IPR040193	
6U42_6W	predict	/home/ganeshiny.sridharan/dgg/deep-green-GO/arc_benchmark/nominal_30_identity_80_coverage/inputs/structures/test/6U42_6W.pdb	A	IPR002048;IPR006602;IPR011992;IPR018247;IPR040193	
6U42_6X	predict	/home/ganeshiny.sridharan/dgg/deep-green-GO/arc_benchmark/nominal_30_identity_80_coverage/inputs/structures/test/6U42_6X.pdb	A	IPR002048;IPR006602;IPR011992;IPR018247;IPR040193	
6U42_6Y	predict	/home/ganeshiny.sridharan/dgg/deep-green-GO/arc_benchmark/nominal_30_identity_80_coverage/inputs/structures/test/6U42_6Y.pdb	A	IPR002048;IPR006602;IPR011992;IPR018247;IPR040193	
6U42_6Z	predict	/home/ganeshiny.sridharan/dgg/deep-green-GO/arc_benchmark/nominal_30_identity_80_coverage/inputs/structures/test/6U42_6Z.pdb	A	IPR002048;IPR006602;IPR011992;IPR018247;IPR040193	
6U42_7A	predict	/home/ganeshiny.sridharan/dgg/deep-green-GO/arc_benchmark/nominal_30_identity_80_coverage/inputs/structures/test/6U42_7A.pdb	A	IPR002048;IPR006602;IPR011992;IPR018247;IPR040193	
6U42_7R	predict	/home/ganeshiny.sridharan/dgg/deep-green-GO/arc_benchmark/nominal_30_identity_80_coverage/inputs/structures/test/6U42_7R.pdb	A		
6U42_7S	predict	/home/ganeshiny.sridharan/dgg/deep-green-GO/arc_benchmark/nominal_30_identity_80_coverage/inputs/structures/test/6U42_7S.pdb	A		
6U42_7T	predict	/home/ganeshiny.sridharan/dgg/deep-green-GO/arc_benchmark/nominal_30_identity_80_coverage/inputs/structures/test/6U42_7T.pdb	A	IPR049258;IPR051876	
6U42_7U	predict	/home/ganeshiny.sridharan/dgg/deep-green-GO/arc_benchmark/nominal_30_identity_80_coverage/inputs/structures/test/6U42_7U.pdb	A	IPR049258;IPR051876	
6VE7_3	predict	/home/ganeshiny.sridharan/dgg/deep-green-GO/arc_benchmark/nominal_30_identity_80_coverage/inputs/structures/test/6VE7_3.pdb	A	IPR007714;IPR040441	
6VE7_c	predict	/home/ganeshiny.sridharan/dgg/deep-green-GO/arc_benchmark/nominal_30_identity_80_coverage/inputs/structures/test/6VE7_c.pdb	A	IPR007714;IPR040441	
6VE7_g	predict	/home/ganeshiny.sridharan/dgg/deep-green-GO/arc_benchmark/nominal_30_identity_80_coverage/inputs/structures/test/6VE7_g.pdb	A	IPR007714;IPR040441	
6VE7_z	predict	/home/ganeshiny.sridharan/dgg/deep-green-GO/arc_benchmark/nominal_30_identity_80_coverage/inputs/structures/test/6VE7_z.pdb	A	IPR007714;IPR040441	
7JR9_A	predict	/home/ganeshiny.sridharan/dgg/deep-green-GO/arc_benchmark/nominal_30_identity_80_coverage/inputs/structures/test/7JR9_A.pdb	A	IPR055316	
7JR9_B	predict	/home/ganeshiny.sridharan/dgg/deep-green-GO/arc_benchmark/nominal_30_identity_80_coverage/inputs/structures/test/7JR9_B.pdb	A	IPR055316	
7JR9_C	predict	/home/ganeshiny.sridharan/dgg/deep-green-GO/arc_benchmark/nominal_30_identity_80_coverage/inputs/structures/test/7JR9_C.pdb	A	IPR006802;IPR043519	
7JRJ_A	predict	/home/ganeshiny.sridharan/dgg/deep-green-GO/arc_benchmark/nominal_30_identity_80_coverage/inputs/structures/test/7JRJ_A.pdb	A	IPR055316	
7JRJ_B	predict	/home/ganeshiny.sridharan/dgg/deep-green-GO/arc_benchmark/nominal_30_identity_80_coverage/inputs/structures/test/7JRJ_B.pdb	A	IPR055316	
7JRJ_C	predict	/home/ganeshiny.sridharan/dgg/deep-green-GO/arc_benchmark/nominal_30_identity_80_coverage/inputs/structures/test/7JRJ_C.pdb	A	IPR006802	
7JTK_E	predict	/home/ganeshiny.sridharan/dgg/deep-green-GO/arc_benchmark/nominal_30_identity_80_coverage/inputs/structures/test/7JTK_E.pdb	A	IPR009290	
7JTK_F	predict	/home/ganeshiny.sridharan/dgg/deep-green-GO/arc_benchmark/nominal_30_identity_80_coverage/inputs/structures/test/7JTK_F.pdb	A	IPR009290	
7JTK_G	predict	/home/ganeshiny.sridharan/dgg/deep-green-GO/arc_benchmark/nominal_30_identity_80_coverage/inputs/structures/test/7JTK_G.pdb	A	IPR006802	
7JTK_H	predict	/home/ganeshiny.sridharan/dgg/deep-green-GO/arc_benchmark/nominal_30_identity_80_coverage/inputs/structures/test/7JTK_H.pdb	A	IPR006802	
7JTK_O	predict	/home/ganeshiny.sridharan/dgg/deep-green-GO/arc_benchmark/nominal_30_identity_80_coverage/inputs/structures/test/7JTK_O.pdb	A	IPR055316	
7JTK_P	predict	/home/ganeshiny.sridharan/dgg/deep-green-GO/arc_benchmark/nominal_30_identity_80_coverage/inputs/structures/test/7JTK_P.pdb	A	IPR055316	
7JTK_Q	predict	/home/ganeshiny.sridharan/dgg/deep-green-GO/arc_benchmark/nominal_30_identity_80_coverage/inputs/structures/test/7JTK_Q.pdb	A	IPR055316	
7JTK_R	predict	/home/ganeshiny.sridharan/dgg/deep-green-GO/arc_benchmark/nominal_30_identity_80_coverage/inputs/structures/test/7JTK_R.pdb	A	IPR055316	
7JTK_a	predict	/home/ganeshiny.sridharan/dgg/deep-green-GO/arc_benchmark/nominal_30_identity_80_coverage/inputs/structures/test/7JTK_a.pdb	A	IPR001372;IPR019763;IPR037177	
7JTK_b	predict	/home/ganeshiny.sridharan/dgg/deep-green-GO/arc_benchmark/nominal_30_identity_80_coverage/inputs/structures/test/7JTK_b.pdb	A	IPR001372;IPR019763;IPR037177	
7JTK_c	predict	/home/ganeshiny.sridharan/dgg/deep-green-GO/arc_benchmark/nominal_30_identity_80_coverage/inputs/structures/test/7JTK_c.pdb	A	IPR001372;IPR019763;IPR037177	
7JTK_d	predict	/home/ganeshiny.sridharan/dgg/deep-green-GO/arc_benchmark/nominal_30_identity_80_coverage/inputs/structures/test/7JTK_d.pdb	A	IPR001372;IPR019763;IPR037177	
7JTS_E	predict	/home/ganeshiny.sridharan/dgg/deep-green-GO/arc_benchmark/nominal_30_identity_80_coverage/inputs/structures/test/7JTS_E.pdb	A	IPR009290	
7JTS_F	predict	/home/ganeshiny.sridharan/dgg/deep-green-GO/arc_benchmark/nominal_30_identity_80_coverage/inputs/structures/test/7JTS_F.pdb	A	IPR009290	
7JTS_a	predict	/home/ganeshiny.sridharan/dgg/deep-green-GO/arc_benchmark/nominal_30_identity_80_coverage/inputs/structures/test/7JTS_a.pdb	A	IPR001372;IPR019763;IPR037177	
7JTS_b	predict	/home/ganeshiny.sridharan/dgg/deep-green-GO/arc_benchmark/nominal_30_identity_80_coverage/inputs/structures/test/7JTS_b.pdb	A	IPR001372;IPR019763;IPR037177	
7JTS_c	predict	/home/ganeshiny.sridharan/dgg/deep-green-GO/arc_benchmark/nominal_30_identity_80_coverage/inputs/structures/test/7JTS_c.pdb	A	IPR001372;IPR019763;IPR037177	
7JTS_d	predict	/home/ganeshiny.sridharan/dgg/deep-green-GO/arc_benchmark/nominal_30_identity_80_coverage/inputs/structures/test/7JTS_d.pdb	A	IPR001372;IPR019763;IPR037177	
7JTS_e	predict	/home/ganeshiny.sridharan/dgg/deep-green-GO/arc_benchmark/nominal_30_identity_80_coverage/inputs/structures/test/7JTS_e.pdb	A	IPR001372;IPR019763;IPR037177	
7JTS_f	predict	/home/ganeshiny.sridharan/dgg/deep-green-GO/arc_benchmark/nominal_30_identity_80_coverage/inputs/structures/test/7JTS_f.pdb	A	IPR001372;IPR019763;IPR037177	
7JTS_g	predict	/home/ganeshiny.sridharan/dgg/deep-green-GO/arc_benchmark/nominal_30_identity_80_coverage/inputs/structures/test/7JTS_g.pdb	A	IPR001372;IPR019763;IPR037177	
7JTS_h	predict	/home/ganeshiny.sridharan/dgg/deep-green-GO/arc_benchmark/nominal_30_identity_80_coverage/inputs/structures/test/7JTS_h.pdb	A	IPR001372;IPR019763;IPR037177	
7JU4_0	predict	/home/ganeshiny.sridharan/dgg/deep-green-GO/arc_benchmark/nominal_30_identity_80_coverage/inputs/structures/test/7JU4_0.pdb	A	IPR025593;IPR039308	
7JU4_1	predict	/home/ganeshiny.sridharan/dgg/deep-green-GO/arc_benchmark/nominal_30_identity_80_coverage/inputs/structures/test/7JU4_1.pdb	A	IPR029440;IPR039505;IPR039750	
7JU4_2	predict	/home/ganeshiny.sridharan/dgg/deep-green-GO/arc_benchmark/nominal_30_identity_80_coverage/inputs/structures/test/7JU4_2.pdb	A	IPR029440;IPR039505;IPR039750	
7JU4_4	predict	/home/ganeshiny.sridharan/dgg/deep-green-GO/arc_benchmark/nominal_30_identity_80_coverage/inputs/structures/test/7JU4_4.pdb	A	IPR025593;IPR039308	
7JU4_a	predict	/home/ganeshiny.sridharan/dgg/deep-green-GO/arc_benchmark/nominal_30_identity_80_coverage/inputs/structures/test/7JU4_a.pdb	A	IPR001372;IPR019763;IPR037177	
7JU4_b	predict	/home/ganeshiny.sridharan/dgg/deep-green-GO/arc_benchmark/nominal_30_identity_80_coverage/inputs/structures/test/7JU4_b.pdb	A	IPR001372;IPR019763;IPR037177	
7JU4_c	predict	/home/ganeshiny.sridharan/dgg/deep-green-GO/arc_benchmark/nominal_30_identity_80_coverage/inputs/structures/test/7JU4_c.pdb	A	IPR001372;IPR019763;IPR037177	
7JU4_d	predict	/home/ganeshiny.sridharan/dgg/deep-green-GO/arc_benchmark/nominal_30_identity_80_coverage/inputs/structures/test/7JU4_d.pdb	A	IPR001372;IPR019763;IPR037177	
7JU4_e	predict	/home/ganeshiny.sridharan/dgg/deep-green-GO/arc_benchmark/nominal_30_identity_80_coverage/inputs/structures/test/7JU4_e.pdb	A	IPR001372;IPR019763;IPR037177	
7JU4_f	predict	/home/ganeshiny.sridharan/dgg/deep-green-GO/arc_benchmark/nominal_30_identity_80_coverage/inputs/structures/test/7JU4_f.pdb	A	IPR001372;IPR019763;IPR037177	
7JU4_g	predict	/home/ganeshiny.sridharan/dgg/deep-green-GO/arc_benchmark/nominal_30_identity_80_coverage/inputs/structures/test/7JU4_g.pdb	A	IPR001372;IPR019763;IPR037177	
7JU4_h	predict	/home/ganeshiny.sridharan/dgg/deep-green-GO/arc_benchmark/nominal_30_identity_80_coverage/inputs/structures/test/7JU4_h.pdb	A	IPR001372;IPR019763;IPR037177	
7JU4_o	predict	/home/ganeshiny.sridharan/dgg/deep-green-GO/arc_benchmark/nominal_30_identity_80_coverage/inputs/structures/test/7JU4_o.pdb	A	IPR001372;IPR019763;IPR037177	
7JU4_p	predict	/home/ganeshiny.sridharan/dgg/deep-green-GO/arc_benchmark/nominal_30_identity_80_coverage/inputs/structures/test/7JU4_p.pdb	A	IPR001372;IPR019763;IPR037177	
7JU4_q	predict	/home/ganeshiny.sridharan/dgg/deep-green-GO/arc_benchmark/nominal_30_identity_80_coverage/inputs/structures/test/7JU4_q.pdb	A	IPR001372;IPR019763;IPR037177	
7JU4_r	predict	/home/ganeshiny.sridharan/dgg/deep-green-GO/arc_benchmark/nominal_30_identity_80_coverage/inputs/structures/test/7JU4_r.pdb	A	IPR001372;IPR019763;IPR037177	
7JU4_u	predict	/home/ganeshiny.sridharan/dgg/deep-green-GO/arc_benchmark/nominal_30_identity_80_coverage/inputs/structures/test/7JU4_u.pdb	A	IPR004000;IPR004001;IPR020902;IPR043129	
7JU4_v	predict	/home/ganeshiny.sridharan/dgg/deep-green-GO/arc_benchmark/nominal_30_identity_80_coverage/inputs/structures/test/7JU4_v.pdb	A	IPR019347	
7JU4_w	predict	/home/ganeshiny.sridharan/dgg/deep-green-GO/arc_benchmark/nominal_30_identity_80_coverage/inputs/structures/test/7JU4_w.pdb	A	IPR019347	
7KZM_C	predict	/home/ganeshiny.sridharan/dgg/deep-green-GO/arc_benchmark/nominal_30_identity_80_coverage/inputs/structures/test/7KZM_C.pdb	A	IPR003593;IPR004273;IPR013594;IPR013602;IPR024317;IPR024743;IPR026983;IPR027417;IPR035699;IPR035706;IPR041228;IPR041466;IPR041589;IPR041658;IPR042219;IPR042222;IPR042228;IPR043157;IPR043160;IPR056759	
7KZM_D	predict	/home/ganeshiny.sridharan/dgg/deep-green-GO/arc_benchmark/nominal_30_identity_80_coverage/inputs/structures/test/7KZM_D.pdb	A	IPR001680;IPR015943;IPR036322;IPR050687	
7KZM_E	predict	/home/ganeshiny.sridharan/dgg/deep-green-GO/arc_benchmark/nominal_30_identity_80_coverage/inputs/structures/test/7KZM_E.pdb	A	IPR001680;IPR015943;IPR036322;IPR050687	
7KZM_F	predict	/home/ganeshiny.sridharan/dgg/deep-green-GO/arc_benchmark/nominal_30_identity_80_coverage/inputs/structures/test/7KZM_F.pdb	A	IPR005334;IPR038586	
7KZM_I	predict	/home/ganeshiny.sridharan/dgg/deep-green-GO/arc_benchmark/nominal_30_identity_80_coverage/inputs/structures/test/7KZM_I.pdb	A	IPR004942;IPR016561	
7KZM_K	predict	/home/ganeshiny.sridharan/dgg/deep-green-GO/arc_benchmark/nominal_30_identity_80_coverage/inputs/structures/test/7KZM_K.pdb	A	IPR001372;IPR019763;IPR037177	
7KZM_L	predict	/home/ganeshiny.sridharan/dgg/deep-green-GO/arc_benchmark/nominal_30_identity_80_coverage/inputs/structures/test/7KZM_L.pdb	A	IPR001372;IPR019763;IPR037177	
7KZM_M	predict	/home/ganeshiny.sridharan/dgg/deep-green-GO/arc_benchmark/nominal_30_identity_80_coverage/inputs/structures/test/7KZM_M.pdb	A	IPR001372;IPR019763;IPR037177	
7KZM_N	predict	/home/ganeshiny.sridharan/dgg/deep-green-GO/arc_benchmark/nominal_30_identity_80_coverage/inputs/structures/test/7KZM_N.pdb	A	IPR001372;IPR019763;IPR037177	
7KZM_X	predict	/home/ganeshiny.sridharan/dgg/deep-green-GO/arc_benchmark/nominal_30_identity_80_coverage/inputs/structures/test/7KZM_X.pdb	A		
7KZM_X1	predict	/home/ganeshiny.sridharan/dgg/deep-green-GO/arc_benchmark/nominal_30_identity_80_coverage/inputs/structures/test/7KZM_X1.pdb	A		
7KZM_Y	predict	/home/ganeshiny.sridharan/dgg/deep-green-GO/arc_benchmark/nominal_30_identity_80_coverage/inputs/structures/test/7KZM_Y.pdb	A	IPR049258;IPR051876	
7KZM_Y1	predict	/home/ganeshiny.sridharan/dgg/deep-green-GO/arc_benchmark/nominal_30_identity_80_coverage/inputs/structures/test/7KZM_Y1.pdb	A	IPR049258;IPR051876	
7KZN_C	predict	/home/ganeshiny.sridharan/dgg/deep-green-GO/arc_benchmark/nominal_30_identity_80_coverage/inputs/structures/test/7KZN_C.pdb	A	IPR003593;IPR004273;IPR013594;IPR013602;IPR024317;IPR024743;IPR026983;IPR027417;IPR035699;IPR035706;IPR041228;IPR041466;IPR041589;IPR041658;IPR042219;IPR042222;IPR042228;IPR043157;IPR043160;IPR056759	
7KZN_D	predict	/home/ganeshiny.sridharan/dgg/deep-green-GO/arc_benchmark/nominal_30_identity_80_coverage/inputs/structures/test/7KZN_D.pdb	A	IPR001680;IPR015943;IPR036322;IPR050687	
7KZN_E	predict	/home/ganeshiny.sridharan/dgg/deep-green-GO/arc_benchmark/nominal_30_identity_80_coverage/inputs/structures/test/7KZN_E.pdb	A	IPR001680;IPR015943;IPR036322;IPR050687	
7KZN_F	predict	/home/ganeshiny.sridharan/dgg/deep-green-GO/arc_benchmark/nominal_30_identity_80_coverage/inputs/structures/test/7KZN_F.pdb	A	IPR005334;IPR038586	
7KZN_I	predict	/home/ganeshiny.sridharan/dgg/deep-green-GO/arc_benchmark/nominal_30_identity_80_coverage/inputs/structures/test/7KZN_I.pdb	A	IPR004942;IPR016561	
7KZN_K	predict	/home/ganeshiny.sridharan/dgg/deep-green-GO/arc_benchmark/nominal_30_identity_80_coverage/inputs/structures/test/7KZN_K.pdb	A	IPR001372;IPR019763;IPR037177	
7KZN_L	predict	/home/ganeshiny.sridharan/dgg/deep-green-GO/arc_benchmark/nominal_30_identity_80_coverage/inputs/structures/test/7KZN_L.pdb	A	IPR001372;IPR019763;IPR037177	
7KZN_M	predict	/home/ganeshiny.sridharan/dgg/deep-green-GO/arc_benchmark/nominal_30_identity_80_coverage/inputs/structures/test/7KZN_M.pdb	A	IPR001372;IPR019763;IPR037177	
7KZN_N	predict	/home/ganeshiny.sridharan/dgg/deep-green-GO/arc_benchmark/nominal_30_identity_80_coverage/inputs/structures/test/7KZN_N.pdb	A	IPR001372;IPR019763;IPR037177	
7KZO_C	predict	/home/ganeshiny.sridharan/dgg/deep-green-GO/arc_benchmark/nominal_30_identity_80_coverage/inputs/structures/test/7KZO_C.pdb	A	IPR003593;IPR004273;IPR013594;IPR013602;IPR024317;IPR024743;IPR026983;IPR027417;IPR035699;IPR035706;IPR041228;IPR041466;IPR041589;IPR041658;IPR042219;IPR042222;IPR042228;IPR043157;IPR043160;IPR056759	
7KZO_X	predict	/home/ganeshiny.sridharan/dgg/deep-green-GO/arc_benchmark/nominal_30_identity_80_coverage/inputs/structures/test/7KZO_X.pdb	A		
7KZO_X1	predict	/home/ganeshiny.sridharan/dgg/deep-green-GO/arc_benchmark/nominal_30_identity_80_coverage/inputs/structures/test/7KZO_X1.pdb	A		
7KZO_Y	predict	/home/ganeshiny.sridharan/dgg/deep-green-GO/arc_benchmark/nominal_30_identity_80_coverage/inputs/structures/test/7KZO_Y.pdb	A	IPR049258;IPR051876	
7KZO_Y1	predict	/home/ganeshiny.sridharan/dgg/deep-green-GO/arc_benchmark/nominal_30_identity_80_coverage/inputs/structures/test/7KZO_Y1.pdb	A	IPR049258;IPR051876	
8GLV_3W	predict	/home/ganeshiny.sridharan/dgg/deep-green-GO/arc_benchmark/nominal_30_identity_80_coverage/inputs/structures/test/8GLV_3W.pdb	A	IPR007714;IPR040441	
8GLV_3Y	predict	/home/ganeshiny.sridharan/dgg/deep-green-GO/arc_benchmark/nominal_30_identity_80_coverage/inputs/structures/test/8GLV_3Y.pdb	A	IPR007714;IPR040441	
8GLV_4A	predict	/home/ganeshiny.sridharan/dgg/deep-green-GO/arc_benchmark/nominal_30_identity_80_coverage/inputs/structures/test/8GLV_4A.pdb	A	IPR007714;IPR040441	
8GLV_4C	predict	/home/ganeshiny.sridharan/dgg/deep-green-GO/arc_benchmark/nominal_30_identity_80_coverage/inputs/structures/test/8GLV_4C.pdb	A	IPR007714;IPR040441	
8GLV_4E	predict	/home/ganeshiny.sridharan/dgg/deep-green-GO/arc_benchmark/nominal_30_identity_80_coverage/inputs/structures/test/8GLV_4E.pdb	A	IPR007714;IPR040441	
8GLV_4G	predict	/home/ganeshiny.sridharan/dgg/deep-green-GO/arc_benchmark/nominal_30_identity_80_coverage/inputs/structures/test/8GLV_4G.pdb	A	IPR007714;IPR040441	
8GLV_4I	predict	/home/ganeshiny.sridharan/dgg/deep-green-GO/arc_benchmark/nominal_30_identity_80_coverage/inputs/structures/test/8GLV_4I.pdb	A	IPR007714;IPR040441	
8GLV_4R	predict	/home/ganeshiny.sridharan/dgg/deep-green-GO/arc_benchmark/nominal_30_identity_80_coverage/inputs/structures/test/8GLV_4R.pdb	A	IPR008805	
8GLV_5O	predict	/home/ganeshiny.sridharan/dgg/deep-green-GO/arc_benchmark/nominal_30_identity_80_coverage/inputs/structures/test/8GLV_5O.pdb	A	IPR001564;IPR006602;IPR011410;IPR023005;IPR034907;IPR036850;IPR037993;IPR057579	
8GLV_5P	predict	/home/ganeshiny.sridharan/dgg/deep-green-GO/arc_benchmark/nominal_30_identity_80_coverage/inputs/structures/test/8GLV_5P.pdb	A	IPR001564;IPR006602;IPR011410;IPR023005;IPR034907;IPR036850;IPR037993;IPR057579	
8GLV_6T	predict	/home/ganeshiny.sridharan/dgg/deep-green-GO/arc_benchmark/nominal_30_identity_80_coverage/inputs/structures/test/8GLV_6T.pdb	A	IPR002048;IPR006602;IPR011992;IPR018247;IPR040193	
8GLV_6U	predict	/home/ganeshiny.sridharan/dgg/deep-green-GO/arc_benchmark/nominal_30_identity_80_coverage/inputs/structures/test/8GLV_6U.pdb	A	IPR002048;IPR006602;IPR011992;IPR018247;IPR040193	
8GLV_6V	predict	/home/ganeshiny.sridharan/dgg/deep-green-GO/arc_benchmark/nominal_30_identity_80_coverage/inputs/structures/test/8GLV_6V.pdb	A	IPR002048;IPR006602;IPR011992;IPR018247;IPR040193	
8GLV_6W	predict	/home/ganeshiny.sridharan/dgg/deep-green-GO/arc_benchmark/nominal_30_identity_80_coverage/inputs/structures/test/8GLV_6W.pdb	A	IPR002048;IPR006602;IPR011992;IPR018247;IPR040193	
8GLV_6X	predict	/home/ganeshiny.sridharan/dgg/deep-green-GO/arc_benchmark/nominal_30_identity_80_coverage/inputs/structures/test/8GLV_6X.pdb	A	IPR002048;IPR006602;IPR011992;IPR018247;IPR040193	
8GLV_6Y	predict	/home/ganeshiny.sridharan/dgg/deep-green-GO/arc_benchmark/nominal_30_identity_80_coverage/inputs/structures/test/8GLV_6Y.pdb	A	IPR002048;IPR006602;IPR011992;IPR018247;IPR040193	
8GLV_6Z	predict	/home/ganeshiny.sridharan/dgg/deep-green-GO/arc_benchmark/nominal_30_identity_80_coverage/inputs/structures/test/8GLV_6Z.pdb	A	IPR002048;IPR006602;IPR011992;IPR018247;IPR040193	
8GLV_AA	predict	/home/ganeshiny.sridharan/dgg/deep-green-GO/arc_benchmark/nominal_30_identity_80_coverage/inputs/structures/test/8GLV_AA.pdb	A	IPR001611;IPR025875;IPR032675	
8GLV_AB	predict	/home/ganeshiny.sridharan/dgg/deep-green-GO/arc_benchmark/nominal_30_identity_80_coverage/inputs/structures/test/8GLV_AB.pdb	A		
8GLV_AD	predict	/home/ganeshiny.sridharan/dgg/deep-green-GO/arc_benchmark/nominal_30_identity_80_coverage/inputs/structures/test/8GLV_AD.pdb	A	IPR003593;IPR004273;IPR013594;IPR013602;IPR024317;IPR024743;IPR026983;IPR027417;IPR035699;IPR035706;IPR041228;IPR041466;IPR041589;IPR041658;IPR042219;IPR042222;IPR042228;IPR043157;IPR043160;IPR056759	
8GLV_AF	predict	/home/ganeshiny.sridharan/dgg/deep-green-GO/arc_benchmark/nominal_30_identity_80_coverage/inputs/structures/test/8GLV_AF.pdb	A	IPR001680;IPR015943;IPR036322;IPR050687	
8GLV_AG	predict	/home/ganeshiny.sridharan/dgg/deep-green-GO/arc_benchmark/nominal_30_identity_80_coverage/inputs/structures/test/8GLV_AG.pdb	A	IPR001680;IPR015943;IPR036322;IPR050687;IPR060631	
8GLV_AK	predict	/home/ganeshiny.sridharan/dgg/deep-green-GO/arc_benchmark/nominal_30_identity_80_coverage/inputs/structures/test/8GLV_AK.pdb	A	IPR004942;IPR016561	
8GLV_AL	predict	/home/ganeshiny.sridharan/dgg/deep-green-GO/arc_benchmark/nominal_30_identity_80_coverage/inputs/structures/test/8GLV_AL.pdb	A	IPR001372;IPR019763;IPR037177	
8GLV_AM	predict	/home/ganeshiny.sridharan/dgg/deep-green-GO/arc_benchmark/nominal_30_identity_80_coverage/inputs/structures/test/8GLV_AM.pdb	A	IPR001372;IPR019763;IPR037177	
8GLV_AN	predict	/home/ganeshiny.sridharan/dgg/deep-green-GO/arc_benchmark/nominal_30_identity_80_coverage/inputs/structures/test/8GLV_AN.pdb	A	IPR001372;IPR019763;IPR037177	
8GLV_AO	predict	/home/ganeshiny.sridharan/dgg/deep-green-GO/arc_benchmark/nominal_30_identity_80_coverage/inputs/structures/test/8GLV_AO.pdb	A	IPR001372;IPR019763;IPR037177	
8GLV_AP	predict	/home/ganeshiny.sridharan/dgg/deep-green-GO/arc_benchmark/nominal_30_identity_80_coverage/inputs/structures/test/8GLV_AP.pdb	A	IPR001372;IPR019763;IPR037177	
8GLV_AQ	predict	/home/ganeshiny.sridharan/dgg/deep-green-GO/arc_benchmark/nominal_30_identity_80_coverage/inputs/structures/test/8GLV_AQ.pdb	A	IPR001372;IPR019763;IPR037177	
8GLV_AR	predict	/home/ganeshiny.sridharan/dgg/deep-green-GO/arc_benchmark/nominal_30_identity_80_coverage/inputs/structures/test/8GLV_AR.pdb	A	IPR005334;IPR038586	
8GLV_AV	predict	/home/ganeshiny.sridharan/dgg/deep-green-GO/arc_benchmark/nominal_30_identity_80_coverage/inputs/structures/test/8GLV_AV.pdb	A	IPR025252;IPR051147	
8GLV_AW	predict	/home/ganeshiny.sridharan/dgg/deep-green-GO/arc_benchmark/nominal_30_identity_80_coverage/inputs/structures/test/8GLV_AW.pdb	A	IPR025252;IPR051147	
8GLV_AX	predict	/home/ganeshiny.sridharan/dgg/deep-green-GO/arc_benchmark/nominal_30_identity_80_coverage/inputs/structures/test/8GLV_AX.pdb	A	IPR003593;IPR004273;IPR013594;IPR013602;IPR024317;IPR024743;IPR026983;IPR027417;IPR035699;IPR035706;IPR041228;IPR041466;IPR041589;IPR041658;IPR042219;IPR042222;IPR042228;IPR043157;IPR043160;IPR056759	
8GLV_AY	predict	/home/ganeshiny.sridharan/dgg/deep-green-GO/arc_benchmark/nominal_30_identity_80_coverage/inputs/structures/test/8GLV_AY.pdb	A		
8GLV_Aa	predict	/home/ganeshiny.sridharan/dgg/deep-green-GO/arc_benchmark/nominal_30_identity_80_coverage/inputs/structures/test/8GLV_Aa.pdb	A	IPR001680;IPR015943;IPR036322;IPR050687	
8GLV_Ab	predict	/home/ganeshiny.sridharan/dgg/deep-green-GO/arc_benchmark/nominal_30_identity_80_coverage/inputs/structures/test/8GLV_Ab.pdb	A	IPR001680;IPR015943;IPR036322;IPR050687	
8GLV_Ar	predict	/home/ganeshiny.sridharan/dgg/deep-green-GO/arc_benchmark/nominal_30_identity_80_coverage/inputs/structures/test/8GLV_Ar.pdb	A	IPR005334;IPR038586	
8GLV_As	predict	/home/ganeshiny.sridharan/dgg/deep-green-GO/arc_benchmark/nominal_30_identity_80_coverage/inputs/structures/test/8GLV_As.pdb	A	IPR005334;IPR038586	
8GLV_BQ	predict	/home/ganeshiny.sridharan/dgg/deep-green-GO/arc_benchmark/nominal_30_identity_80_coverage/inputs/structures/test/8GLV_BQ.pdb	A	IPR004942;IPR016561	
8GLV_BR	predict	/home/ganeshiny.sridharan/dgg/deep-green-GO/arc_benchmark/nominal_30_identity_80_coverage/inputs/structures/test/8GLV_BR.pdb	A	IPR004942;IPR016561	
8GLV_Be	predict	/home/ganeshiny.sridharan/dgg/deep-green-GO/arc_benchmark/nominal_30_identity_80_coverage/inputs/structures/test/8GLV_Be.pdb	A	IPR001372;IPR019763;IPR037177	
8GLV_Bp	predict	/home/ganeshiny.sridharan/dgg/deep-green-GO/arc_benchmark/nominal_30_identity_80_coverage/inputs/structures/test/8GLV_Bp.pdb	A	IPR001372;IPR019763;IPR037177	
8GLV_Bq	predict	/home/ganeshiny.sridharan/dgg/deep-green-GO/arc_benchmark/nominal_30_identity_80_coverage/inputs/structures/test/8GLV_Bq.pdb	A	IPR001372;IPR019763;IPR037177	
8GLV_Br	predict	/home/ganeshiny.sridharan/dgg/deep-green-GO/arc_benchmark/nominal_30_identity_80_coverage/inputs/structures/test/8GLV_Br.pdb	A	IPR001372;IPR019763;IPR037177	
8GLV_CB	predict	/home/ganeshiny.sridharan/dgg/deep-green-GO/arc_benchmark/nominal_30_identity_80_coverage/inputs/structures/test/8GLV_CB.pdb	A	IPR001372;IPR019763;IPR037177	
8GLV_CC	predict	/home/ganeshiny.sridharan/dgg/deep-green-GO/arc_benchmark/nominal_30_identity_80_coverage/inputs/structures/test/8GLV_CC.pdb	A	IPR001372;IPR019763;IPR037177	
8GLV_CD	predict	/home/ganeshiny.sridharan/dgg/deep-green-GO/arc_benchmark/nominal_30_identity_80_coverage/inputs/structures/test/8GLV_CD.pdb	A	IPR001372;IPR019763;IPR037177	
8GLV_CO	predict	/home/ganeshiny.sridharan/dgg/deep-green-GO/arc_benchmark/nominal_30_identity_80_coverage/inputs/structures/test/8GLV_CO.pdb	A	IPR001372;IPR019763;IPR037177	
8GLV_Cb	predict	/home/ganeshiny.sridharan/dgg/deep-green-GO/arc_benchmark/nominal_30_identity_80_coverage/inputs/structures/test/8GLV_Cb.pdb	A	IPR001611;IPR025875;IPR032675	
8GLV_Cc	predict	/home/ganeshiny.sridharan/dgg/deep-green-GO/arc_benchmark/nominal_30_identity_80_coverage/inputs/structures/test/8GLV_Cc.pdb	A	IPR049258;IPR051876	
8GLV_Cd	predict	/home/ganeshiny.sridharan/dgg/deep-green-GO/arc_benchmark/nominal_30_identity_80_coverage/inputs/structures/test/8GLV_Cd.pdb	A	IPR049258;IPR051876	
8GLV_Co	predict	/home/ganeshiny.sridharan/dgg/deep-green-GO/arc_benchmark/nominal_30_identity_80_coverage/inputs/structures/test/8GLV_Co.pdb	A	IPR003593;IPR004273;IPR013594;IPR013602;IPR024317;IPR024743;IPR026983;IPR027417;IPR035699;IPR035706;IPR041228;IPR041466;IPR041658;IPR042219;IPR042222;IPR042228;IPR043157;IPR043160;IPR054354;IPR056759	
8GLV_EA	predict	/home/ganeshiny.sridharan/dgg/deep-green-GO/arc_benchmark/nominal_30_identity_80_coverage/inputs/structures/test/8GLV_EA.pdb	A	IPR029440;IPR039505;IPR039750	
8GLV_EB	predict	/home/ganeshiny.sridharan/dgg/deep-green-GO/arc_benchmark/nominal_30_identity_80_coverage/inputs/structures/test/8GLV_EB.pdb	A	IPR029440;IPR039505;IPR039750	
8GLV_EM	predict	/home/ganeshiny.sridharan/dgg/deep-green-GO/arc_benchmark/nominal_30_identity_80_coverage/inputs/structures/test/8GLV_EM.pdb	A	IPR032675	
8GLV_EN	predict	/home/ganeshiny.sridharan/dgg/deep-green-GO/arc_benchmark/nominal_30_identity_80_coverage/inputs/structures/test/8GLV_EN.pdb	A	IPR025593;IPR039308	
8GLV_EO	predict	/home/ganeshiny.sridharan/dgg/deep-green-GO/arc_benchmark/nominal_30_identity_80_coverage/inputs/structures/test/8GLV_EO.pdb	A	IPR025593;IPR039308	
8GLV_EZ	predict	/home/ganeshiny.sridharan/dgg/deep-green-GO/arc_benchmark/nominal_30_identity_80_coverage/inputs/structures/test/8GLV_EZ.pdb	A	IPR002048;IPR011992;IPR050230	
8GLV_Em	predict	/home/ganeshiny.sridharan/dgg/deep-green-GO/arc_benchmark/nominal_30_identity_80_coverage/inputs/structures/test/8GLV_Em.pdb	A	IPR001611;IPR003591;IPR032675;IPR050576	
8GLV_Ey	predict	/home/ganeshiny.sridharan/dgg/deep-green-GO/arc_benchmark/nominal_30_identity_80_coverage/inputs/structures/test/8GLV_Ey.pdb	A	IPR042815;IPR060661	
8GLV_FA	predict	/home/ganeshiny.sridharan/dgg/deep-green-GO/arc_benchmark/nominal_30_identity_80_coverage/inputs/structures/test/8GLV_FA.pdb	A	IPR001372;IPR019763;IPR037177	
8GLV_FB	predict	/home/ganeshiny.sridharan/dgg/deep-green-GO/arc_benchmark/nominal_30_identity_80_coverage/inputs/structures/test/8GLV_FB.pdb	A	IPR001372;IPR019763;IPR037177	
8GLV_FZ	predict	/home/ganeshiny.sridharan/dgg/deep-green-GO/arc_benchmark/nominal_30_identity_80_coverage/inputs/structures/test/8GLV_FZ.pdb	A	IPR002048;IPR011992;IPR018247;IPR050230	
8GLV_Fa	predict	/home/ganeshiny.sridharan/dgg/deep-green-GO/arc_benchmark/nominal_30_identity_80_coverage/inputs/structures/test/8GLV_Fa.pdb	A	IPR003593;IPR004273;IPR013594;IPR013602;IPR024317;IPR024743;IPR026983;IPR027417;IPR035699;IPR035706;IPR041228;IPR041466;IPR041589;IPR041658;IPR042219;IPR042222;IPR042228;IPR043157;IPR043160;IPR056759	
8GLV_Fb	predict	/home/ganeshiny.sridharan/dgg/deep-green-GO/arc_benchmark/nominal_30_identity_80_coverage/inputs/structures/test/8GLV_Fb.pdb	A		
8GLV_Fo	predict	/home/ganeshiny.sridharan/dgg/deep-green-GO/arc_benchmark/nominal_30_identity_80_coverage/inputs/structures/test/8GLV_Fo.pdb	A	IPR001680;IPR015943;IPR036322;IPR050687	
8GLV_GA	predict	/home/ganeshiny.sridharan/dgg/deep-green-GO/arc_benchmark/nominal_30_identity_80_coverage/inputs/structures/test/8GLV_GA.pdb	A	IPR005334;IPR038586	
8GLV_GN	predict	/home/ganeshiny.sridharan/dgg/deep-green-GO/arc_benchmark/nominal_30_identity_80_coverage/inputs/structures/test/8GLV_GN.pdb	A	IPR004942;IPR016561	
8GLV_GO	predict	/home/ganeshiny.sridharan/dgg/deep-green-GO/arc_benchmark/nominal_30_identity_80_coverage/inputs/structures/test/8GLV_GO.pdb	A	IPR007714;IPR040441	
8GLV_GQ	predict	/home/ganeshiny.sridharan/dgg/deep-green-GO/arc_benchmark/nominal_30_identity_80_coverage/inputs/structures/test/8GLV_GQ.pdb	A	IPR007714;IPR040441	
8GLV_GS	predict	/home/ganeshiny.sridharan/dgg/deep-green-GO/arc_benchmark/nominal_30_identity_80_coverage/inputs/structures/test/8GLV_GS.pdb	A	IPR007714;IPR040441	
8GLV_GU	predict	/home/ganeshiny.sridharan/dgg/deep-green-GO/arc_benchmark/nominal_30_identity_80_coverage/inputs/structures/test/8GLV_GU.pdb	A	IPR007714;IPR040441	
8GLV_GW	predict	/home/ganeshiny.sridharan/dgg/deep-green-GO/arc_benchmark/nominal_30_identity_80_coverage/inputs/structures/test/8GLV_GW.pdb	A	IPR007714;IPR040441	
8GLV_GZ	predict	/home/ganeshiny.sridharan/dgg/deep-green-GO/arc_benchmark/nominal_30_identity_80_coverage/inputs/structures/test/8GLV_GZ.pdb	A	IPR001372;IPR019763;IPR037177	
8GLV_Ga	predict	/home/ganeshiny.sridharan/dgg/deep-green-GO/arc_benchmark/nominal_30_identity_80_coverage/inputs/structures/test/8GLV_Ga.pdb	A	IPR008805	
8GLV_Ge	predict	/home/ganeshiny.sridharan/dgg/deep-green-GO/arc_benchmark/nominal_30_identity_80_coverage/inputs/structures/test/8GLV_Ge.pdb	A	IPR001372;IPR019763;IPR037177	
8GLV_Gf	predict	/home/ganeshiny.sridharan/dgg/deep-green-GO/arc_benchmark/nominal_30_identity_80_coverage/inputs/structures/test/8GLV_Gf.pdb	A	IPR008805	
8GLV_Gg	predict	/home/ganeshiny.sridharan/dgg/deep-green-GO/arc_benchmark/nominal_30_identity_80_coverage/inputs/structures/test/8GLV_Gg.pdb	A	IPR001611;IPR025875;IPR032675	
8GLV_Gh	predict	/home/ganeshiny.sridharan/dgg/deep-green-GO/arc_benchmark/nominal_30_identity_80_coverage/inputs/structures/test/8GLV_Gh.pdb	A	IPR004000;IPR004001;IPR020902;IPR043129	
8GLV_Gi	predict	/home/ganeshiny.sridharan/dgg/deep-green-GO/arc_benchmark/nominal_30_identity_80_coverage/inputs/structures/test/8GLV_Gi.pdb	A	IPR008805	
8GLV_Gj	predict	/home/ganeshiny.sridharan/dgg/deep-green-GO/arc_benchmark/nominal_30_identity_80_coverage/inputs/structures/test/8GLV_Gj.pdb	A	IPR008805	
8GLV_Gk	predict	/home/ganeshiny.sridharan/dgg/deep-green-GO/arc_benchmark/nominal_30_identity_80_coverage/inputs/structures/test/8GLV_Gk.pdb	A	IPR049258;IPR051876	
8GLV_Gy	predict	/home/ganeshiny.sridharan/dgg/deep-green-GO/arc_benchmark/nominal_30_identity_80_coverage/inputs/structures/test/8GLV_Gy.pdb	A	IPR001564;IPR006602;IPR011410;IPR023005;IPR034907;IPR036850;IPR037993;IPR057579	
8GLV_Gz	predict	/home/ganeshiny.sridharan/dgg/deep-green-GO/arc_benchmark/nominal_30_identity_80_coverage/inputs/structures/test/8GLV_Gz.pdb	A	IPR001564;IPR006602;IPR011410;IPR023005;IPR034907;IPR036850;IPR037993;IPR057579	
8GLV_HF	predict	/home/ganeshiny.sridharan/dgg/deep-green-GO/arc_benchmark/nominal_30_identity_80_coverage/inputs/structures/test/8GLV_HF.pdb	A	IPR002048;IPR011992;IPR050230	
8GLV_HM	predict	/home/ganeshiny.sridharan/dgg/deep-green-GO/arc_benchmark/nominal_30_identity_80_coverage/inputs/structures/test/8GLV_HM.pdb	A	IPR002048;IPR011992;IPR050230	
8GLV_Hb	predict	/home/ganeshiny.sridharan/dgg/deep-green-GO/arc_benchmark/nominal_30_identity_80_coverage/inputs/structures/test/8GLV_Hb.pdb	A	IPR002048;IPR006602;IPR011992;IPR018247;IPR040193	
8GLV_Hc	predict	/home/ganeshiny.sridharan/dgg/deep-green-GO/arc_benchmark/nominal_30_identity_80_coverage/inputs/structures/test/8GLV_Hc.pdb	A	IPR002048;IPR006602;IPR011992;IPR018247;IPR040193	
8GLV_Hd	predict	/home/ganeshiny.sridharan/dgg/deep-green-GO/arc_benchmark/nominal_30_identity_80_coverage/inputs/structures/test/8GLV_Hd.pdb	A	IPR002048;IPR006602;IPR011992;IPR018247;IPR040193	
8GLV_He	predict	/home/ganeshiny.sridharan/dgg/deep-green-GO/arc_benchmark/nominal_30_identity_80_coverage/inputs/structures/test/8GLV_He.pdb	A	IPR002048;IPR006602;IPR011992;IPR018247;IPR040193	
8GLV_Hf	predict	/home/ganeshiny.sridharan/dgg/deep-green-GO/arc_benchmark/nominal_30_identity_80_coverage/inputs/structures/test/8GLV_Hf.pdb	A	IPR002048;IPR006602;IPR011992;IPR018247;IPR040193	
8GLV_Hg	predict	/home/ganeshiny.sridharan/dgg/deep-green-GO/arc_benchmark/nominal_30_identity_80_coverage/inputs/structures/test/8GLV_Hg.pdb	A	IPR002048;IPR006602;IPR011992;IPR018247;IPR040193	
8GLV_I6	predict	/home/ganeshiny.sridharan/dgg/deep-green-GO/arc_benchmark/nominal_30_identity_80_coverage/inputs/structures/test/8GLV_I6.pdb	A	IPR001372;IPR019763;IPR037177	
8GLV_IF	predict	/home/ganeshiny.sridharan/dgg/deep-green-GO/arc_benchmark/nominal_30_identity_80_coverage/inputs/structures/test/8GLV_IF.pdb	A	IPR055316	
8GLV_II	predict	/home/ganeshiny.sridharan/dgg/deep-green-GO/arc_benchmark/nominal_30_identity_80_coverage/inputs/structures/test/8GLV_II.pdb	A	IPR055316	
8GLV_IJ	predict	/home/ganeshiny.sridharan/dgg/deep-green-GO/arc_benchmark/nominal_30_identity_80_coverage/inputs/structures/test/8GLV_IJ.pdb	A	IPR055316	
8GLV_IN	predict	/home/ganeshiny.sridharan/dgg/deep-green-GO/arc_benchmark/nominal_30_identity_80_coverage/inputs/structures/test/8GLV_IN.pdb	A	IPR055316	
8GLV_Io	predict	/home/ganeshiny.sridharan/dgg/deep-green-GO/arc_benchmark/nominal_30_identity_80_coverage/inputs/structures/test/8GLV_Io.pdb	A	IPR001372;IPR019763;IPR037177	
8GLV_Ip	predict	/home/ganeshiny.sridharan/dgg/deep-green-GO/arc_benchmark/nominal_30_identity_80_coverage/inputs/structures/test/8GLV_Ip.pdb	A	IPR001372;IPR019763;IPR037177	
8GLV_Iq	predict	/home/ganeshiny.sridharan/dgg/deep-green-GO/arc_benchmark/nominal_30_identity_80_coverage/inputs/structures/test/8GLV_Iq.pdb	A	IPR001372;IPR019763;IPR037177	
8GLV_Ir	predict	/home/ganeshiny.sridharan/dgg/deep-green-GO/arc_benchmark/nominal_30_identity_80_coverage/inputs/structures/test/8GLV_Ir.pdb	A	IPR001372;IPR019763;IPR037177	
8GLV_Is	predict	/home/ganeshiny.sridharan/dgg/deep-green-GO/arc_benchmark/nominal_30_identity_80_coverage/inputs/structures/test/8GLV_Is.pdb	A	IPR001372;IPR019763;IPR037177	
8GLV_It	predict	/home/ganeshiny.sridharan/dgg/deep-green-GO/arc_benchmark/nominal_30_identity_80_coverage/inputs/structures/test/8GLV_It.pdb	A	IPR001372;IPR019763;IPR037177	
8GLV_Iu	predict	/home/ganeshiny.sridharan/dgg/deep-green-GO/arc_benchmark/nominal_30_identity_80_coverage/inputs/structures/test/8GLV_Iu.pdb	A	IPR001372;IPR019763;IPR037177	
8GLV_JD	predict	/home/ganeshiny.sridharan/dgg/deep-green-GO/arc_benchmark/nominal_30_identity_80_coverage/inputs/structures/test/8GLV_JD.pdb	A	IPR004000;IPR004001;IPR020902;IPR043129	
8GLV_JE	predict	/home/ganeshiny.sridharan/dgg/deep-green-GO/arc_benchmark/nominal_30_identity_80_coverage/inputs/structures/test/8GLV_JE.pdb	A	IPR019347	
8GLV_JF	predict	/home/ganeshiny.sridharan/dgg/deep-green-GO/arc_benchmark/nominal_30_identity_80_coverage/inputs/structures/test/8GLV_JF.pdb	A	IPR019347	
8GLV_Jc	predict	/home/ganeshiny.sridharan/dgg/deep-green-GO/arc_benchmark/nominal_30_identity_80_coverage/inputs/structures/test/8GLV_Jc.pdb	A	IPR055316	
8GLV_Jd	predict	/home/ganeshiny.sridharan/dgg/deep-green-GO/arc_benchmark/nominal_30_identity_80_coverage/inputs/structures/test/8GLV_Jd.pdb	A	IPR055316	
8GLV_Je	predict	/home/ganeshiny.sridharan/dgg/deep-green-GO/arc_benchmark/nominal_30_identity_80_coverage/inputs/structures/test/8GLV_Je.pdb	A	IPR055316	
8GLV_Jf	predict	/home/ganeshiny.sridharan/dgg/deep-green-GO/arc_benchmark/nominal_30_identity_80_coverage/inputs/structures/test/8GLV_Jf.pdb	A	IPR055316	
8GLV_KM	predict	/home/ganeshiny.sridharan/dgg/deep-green-GO/arc_benchmark/nominal_30_identity_80_coverage/inputs/structures/test/8GLV_KM.pdb	A	IPR001372;IPR019763;IPR037177	
8GLV_KN	predict	/home/ganeshiny.sridharan/dgg/deep-green-GO/arc_benchmark/nominal_30_identity_80_coverage/inputs/structures/test/8GLV_KN.pdb	A	IPR001372;IPR019763;IPR037177	
8GLV_KO	predict	/home/ganeshiny.sridharan/dgg/deep-green-GO/arc_benchmark/nominal_30_identity_80_coverage/inputs/structures/test/8GLV_KO.pdb	A	IPR001372;IPR019763;IPR037177	
8GLV_KP	predict	/home/ganeshiny.sridharan/dgg/deep-green-GO/arc_benchmark/nominal_30_identity_80_coverage/inputs/structures/test/8GLV_KP.pdb	A	IPR001372;IPR019763;IPR037177	
8GLV_KQ	predict	/home/ganeshiny.sridharan/dgg/deep-green-GO/arc_benchmark/nominal_30_identity_80_coverage/inputs/structures/test/8GLV_KQ.pdb	A	IPR001372;IPR019763;IPR037177	
8GLV_KR	predict	/home/ganeshiny.sridharan/dgg/deep-green-GO/arc_benchmark/nominal_30_identity_80_coverage/inputs/structures/test/8GLV_KR.pdb	A	IPR001372;IPR019763;IPR037177	
8GLV_KS	predict	/home/ganeshiny.sridharan/dgg/deep-green-GO/arc_benchmark/nominal_30_identity_80_coverage/inputs/structures/test/8GLV_KS.pdb	A	IPR001372;IPR019763;IPR037177	
8GLV_KT	predict	/home/ganeshiny.sridharan/dgg/deep-green-GO/arc_benchmark/nominal_30_identity_80_coverage/inputs/structures/test/8GLV_KT.pdb	A	IPR001372;IPR019763;IPR037177	
8GLV_Kc	predict	/home/ganeshiny.sridharan/dgg/deep-green-GO/arc_benchmark/nominal_30_identity_80_coverage/inputs/structures/test/8GLV_Kc.pdb	A	IPR001372;IPR019763;IPR037177	
8GLV_Kd	predict	/home/ganeshiny.sridharan/dgg/deep-green-GO/arc_benchmark/nominal_30_identity_80_coverage/inputs/structures/test/8GLV_Kd.pdb	A	IPR001372;IPR019763;IPR037177	
8GLV_Ke	predict	/home/ganeshiny.sridharan/dgg/deep-green-GO/arc_benchmark/nominal_30_identity_80_coverage/inputs/structures/test/8GLV_Ke.pdb	A	IPR001372;IPR019763;IPR037177	
8GLV_Kf	predict	/home/ganeshiny.sridharan/dgg/deep-green-GO/arc_benchmark/nominal_30_identity_80_coverage/inputs/structures/test/8GLV_Kf.pdb	A	IPR001372;IPR019763;IPR037177	
8GLV_Km	predict	/home/ganeshiny.sridharan/dgg/deep-green-GO/arc_benchmark/nominal_30_identity_80_coverage/inputs/structures/test/8GLV_Km.pdb	A	IPR004000;IPR004001;IPR020902;IPR043129	
8GLV_Kn	predict	/home/ganeshiny.sridharan/dgg/deep-green-GO/arc_benchmark/nominal_30_identity_80_coverage/inputs/structures/test/8GLV_Kn.pdb	A	IPR019347	
8GLV_Ko	predict	/home/ganeshiny.sridharan/dgg/deep-green-GO/arc_benchmark/nominal_30_identity_80_coverage/inputs/structures/test/8GLV_Ko.pdb	A	IPR019347	
8GLV_Ks	predict	/home/ganeshiny.sridharan/dgg/deep-green-GO/arc_benchmark/nominal_30_identity_80_coverage/inputs/structures/test/8GLV_Ks.pdb	A	IPR003593;IPR004273;IPR013594;IPR013602;IPR024317;IPR024743;IPR026983;IPR027417;IPR035699;IPR035706;IPR041228;IPR041466;IPR041589;IPR041658;IPR042219;IPR042222;IPR042228;IPR043157;IPR043160;IPR056759	
8GLV_Kt	predict	/home/ganeshiny.sridharan/dgg/deep-green-GO/arc_benchmark/nominal_30_identity_80_coverage/inputs/structures/test/8GLV_Kt.pdb	A	IPR001680;IPR015943;IPR036322;IPR050687	
8GLV_Kz	predict	/home/ganeshiny.sridharan/dgg/deep-green-GO/arc_benchmark/nominal_30_identity_80_coverage/inputs/structures/test/8GLV_Kz.pdb	A	IPR005334;IPR038586	
8GLV_L8	predict	/home/ganeshiny.sridharan/dgg/deep-green-GO/arc_benchmark/nominal_30_identity_80_coverage/inputs/structures/test/8GLV_L8.pdb	A	IPR004942;IPR016561	
8GLV_LB	predict	/home/ganeshiny.sridharan/dgg/deep-green-GO/arc_benchmark/nominal_30_identity_80_coverage/inputs/structures/test/8GLV_LB.pdb	A	IPR004942;IPR016561	
8GLV_LD	predict	/home/ganeshiny.sridharan/dgg/deep-green-GO/arc_benchmark/nominal_30_identity_80_coverage/inputs/structures/test/8GLV_LD.pdb	A	IPR001372;IPR019763;IPR037177	
8GLV_LE	predict	/home/ganeshiny.sridharan/dgg/deep-green-GO/arc_benchmark/nominal_30_identity_80_coverage/inputs/structures/test/8GLV_LE.pdb	A	IPR001372;IPR019763;IPR037177	
8GLV_LF	predict	/home/ganeshiny.sridharan/dgg/deep-green-GO/arc_benchmark/nominal_30_identity_80_coverage/inputs/structures/test/8GLV_LF.pdb	A	IPR001372;IPR019763;IPR037177	
8GLV_LG	predict	/home/ganeshiny.sridharan/dgg/deep-green-GO/arc_benchmark/nominal_30_identity_80_coverage/inputs/structures/test/8GLV_LG.pdb	A	IPR001372;IPR019763;IPR037177	
8GLV_LZ	predict	/home/ganeshiny.sridharan/dgg/deep-green-GO/arc_benchmark/nominal_30_identity_80_coverage/inputs/structures/test/8GLV_LZ.pdb	A	IPR016181;IPR032151;IPR036188;IPR038884;IPR056299	
8GLV_La	predict	/home/ganeshiny.sridharan/dgg/deep-green-GO/arc_benchmark/nominal_30_identity_80_coverage/inputs/structures/test/8GLV_La.pdb	A	IPR019347	
8GLV_Lb	predict	/home/ganeshiny.sridharan/dgg/deep-green-GO/arc_benchmark/nominal_30_identity_80_coverage/inputs/structures/test/8GLV_Lb.pdb	A	IPR019347	
8GLV_Ld	predict	/home/ganeshiny.sridharan/dgg/deep-green-GO/arc_benchmark/nominal_30_identity_80_coverage/inputs/structures/test/8GLV_Ld.pdb	A	IPR004000;IPR004001;IPR020902;IPR043129	
8GLV_Ll	predict	/home/ganeshiny.sridharan/dgg/deep-green-GO/arc_benchmark/nominal_30_identity_80_coverage/inputs/structures/test/8GLV_Ll.pdb	A	IPR001611;IPR025875;IPR032675	
8GLV_Lo	predict	/home/ganeshiny.sridharan/dgg/deep-green-GO/arc_benchmark/nominal_30_identity_80_coverage/inputs/structures/test/8GLV_Lo.pdb	A	IPR003593;IPR004273;IPR013594;IPR013602;IPR024317;IPR024743;IPR026983;IPR027417;IPR035699;IPR035706;IPR041228;IPR041466;IPR041589;IPR041658;IPR042219;IPR042222;IPR042228;IPR043157;IPR043160;IPR056759	
8GLV_Lp	predict	/home/ganeshiny.sridharan/dgg/deep-green-GO/arc_benchmark/nominal_30_identity_80_coverage/inputs/structures/test/8GLV_Lp.pdb	A	IPR001680;IPR015943;IPR036322;IPR050687	
8GLV_Lr	predict	/home/ganeshiny.sridharan/dgg/deep-green-GO/arc_benchmark/nominal_30_identity_80_coverage/inputs/structures/test/8GLV_Lr.pdb	A	IPR005334;IPR038586	
8GLV_MB	predict	/home/ganeshiny.sridharan/dgg/deep-green-GO/arc_benchmark/nominal_30_identity_80_coverage/inputs/structures/test/8GLV_MB.pdb	A	IPR001372;IPR019763;IPR037177	
8GLV_MC	predict	/home/ganeshiny.sridharan/dgg/deep-green-GO/arc_benchmark/nominal_30_identity_80_coverage/inputs/structures/test/8GLV_MC.pdb	A	IPR001372;IPR019763;IPR037177	
8GLV_MD	predict	/home/ganeshiny.sridharan/dgg/deep-green-GO/arc_benchmark/nominal_30_identity_80_coverage/inputs/structures/test/8GLV_MD.pdb	A	IPR001372;IPR019763;IPR037177	
8GLV_ME	predict	/home/ganeshiny.sridharan/dgg/deep-green-GO/arc_benchmark/nominal_30_identity_80_coverage/inputs/structures/test/8GLV_ME.pdb	A	IPR001372;IPR019763;IPR037177	
8GLV_MM	predict	/home/ganeshiny.sridharan/dgg/deep-green-GO/arc_benchmark/nominal_30_identity_80_coverage/inputs/structures/test/8GLV_MM.pdb	A		
8GLV_MN	predict	/home/ganeshiny.sridharan/dgg/deep-green-GO/arc_benchmark/nominal_30_identity_80_coverage/inputs/structures/test/8GLV_MN.pdb	A	IPR049258;IPR051876	
8GLV_MR	predict	/home/ganeshiny.sridharan/dgg/deep-green-GO/arc_benchmark/nominal_30_identity_80_coverage/inputs/structures/test/8GLV_MR.pdb	A		
8GLV_MX	predict	/home/ganeshiny.sridharan/dgg/deep-green-GO/arc_benchmark/nominal_30_identity_80_coverage/inputs/structures/test/8GLV_MX.pdb	A	IPR049258;IPR051876	
8GLV_MY	predict	/home/ganeshiny.sridharan/dgg/deep-green-GO/arc_benchmark/nominal_30_identity_80_coverage/inputs/structures/test/8GLV_MY.pdb	A		
8GLV_MZ	predict	/home/ganeshiny.sridharan/dgg/deep-green-GO/arc_benchmark/nominal_30_identity_80_coverage/inputs/structures/test/8GLV_MZ.pdb	A	IPR049258;IPR051876	
8GLV_Ma	predict	/home/ganeshiny.sridharan/dgg/deep-green-GO/arc_benchmark/nominal_30_identity_80_coverage/inputs/structures/test/8GLV_Ma.pdb	A		
8GLV_Mb	predict	/home/ganeshiny.sridharan/dgg/deep-green-GO/arc_benchmark/nominal_30_identity_80_coverage/inputs/structures/test/8GLV_Mb.pdb	A	IPR049258;IPR051876	
8GLV_Mc	predict	/home/ganeshiny.sridharan/dgg/deep-green-GO/arc_benchmark/nominal_30_identity_80_coverage/inputs/structures/test/8GLV_Mc.pdb	A	IPR004000;IPR004001;IPR020902;IPR043129	
8GLV_Md	predict	/home/ganeshiny.sridharan/dgg/deep-green-GO/arc_benchmark/nominal_30_identity_80_coverage/inputs/structures/test/8GLV_Md.pdb	A	IPR002048;IPR011992;IPR018247;IPR050230	
8GLV_Mk	predict	/home/ganeshiny.sridharan/dgg/deep-green-GO/arc_benchmark/nominal_30_identity_80_coverage/inputs/structures/test/8GLV_Mk.pdb	A	IPR004000;IPR004001;IPR020902;IPR043129	
8GLV_Ml	predict	/home/ganeshiny.sridharan/dgg/deep-green-GO/arc_benchmark/nominal_30_identity_80_coverage/inputs/structures/test/8GLV_Ml.pdb	A	IPR002048;IPR011992;IPR018247;IPR050230	
8GLV_Ns	predict	/home/ganeshiny.sridharan/dgg/deep-green-GO/arc_benchmark/nominal_30_identity_80_coverage/inputs/structures/test/8GLV_Ns.pdb	A	IPR007714;IPR040441	
8GLV_Nu	predict	/home/ganeshiny.sridharan/dgg/deep-green-GO/arc_benchmark/nominal_30_identity_80_coverage/inputs/structures/test/8GLV_Nu.pdb	A	IPR007714;IPR040441	
8GLV_Nw	predict	/home/ganeshiny.sridharan/dgg/deep-green-GO/arc_benchmark/nominal_30_identity_80_coverage/inputs/structures/test/8GLV_Nw.pdb	A	IPR007714;IPR040441	
8GLV_OG	predict	/home/ganeshiny.sridharan/dgg/deep-green-GO/arc_benchmark/nominal_30_identity_80_coverage/inputs/structures/test/8GLV_OG.pdb	A	IPR008805	
8GLV_OY	predict	/home/ganeshiny.sridharan/dgg/deep-green-GO/arc_benchmark/nominal_30_identity_80_coverage/inputs/structures/test/8GLV_OY.pdb	A	IPR001564;IPR006602;IPR011410;IPR023005;IPR034907;IPR036850;IPR037993;IPR057579	
8GLV_PD	predict	/home/ganeshiny.sridharan/dgg/deep-green-GO/arc_benchmark/nominal_30_identity_80_coverage/inputs/structures/test/8GLV_PD.pdb	A	IPR002048;IPR006602;IPR011992;IPR018247;IPR040193	
8GLV_PE	predict	/home/ganeshiny.sridharan/dgg/deep-green-GO/arc_benchmark/nominal_30_identity_80_coverage/inputs/structures/test/8GLV_PE.pdb	A	IPR002048;IPR006602;IPR011992;IPR018247;IPR040193	
8GLV_PF	predict	/home/ganeshiny.sridharan/dgg/deep-green-GO/arc_benchmark/nominal_30_identity_80_coverage/inputs/structures/test/8GLV_PF.pdb	A	IPR002048;IPR006602;IPR011992;IPR018247;IPR040193	
8RX8_A	predict	/home/ganeshiny.sridharan/dgg/deep-green-GO/arc_benchmark/nominal_30_identity_80_coverage/inputs/structures/test/8RX8_A.pdb	A	IPR002048;IPR011992;IPR018247;IPR051111	
9QT9_A	predict	/home/ganeshiny.sridharan/dgg/deep-green-GO/arc_benchmark/nominal_30_identity_80_coverage/inputs/structures/test/9QT9_A.pdb	A	IPR000433;IPR003126;IPR016024;IPR025704;IPR036322;IPR043145;IPR045189;IPR056530;IPR063252;IPR063851	
9QT9_B	predict	/home/ganeshiny.sridharan/dgg/deep-green-GO/arc_benchmark/nominal_30_identity_80_coverage/inputs/structures/test/9QT9_B.pdb	A	IPR000433;IPR003126;IPR016024;IPR025704;IPR036322;IPR043145;IPR045189;IPR056530;IPR063252;IPR063851	
9QT9_C	predict	/home/ganeshiny.sridharan/dgg/deep-green-GO/arc_benchmark/nominal_30_identity_80_coverage/inputs/structures/test/9QT9_C.pdb	A	IPR008598;IPR027935;IPR033347	
9QT9_D	predict	/home/ganeshiny.sridharan/dgg/deep-green-GO/arc_benchmark/nominal_30_identity_80_coverage/inputs/structures/test/9QT9_D.pdb	A	IPR008598;IPR027935;IPR033347	
9QT9_E	predict	/home/ganeshiny.sridharan/dgg/deep-green-GO/arc_benchmark/nominal_30_identity_80_coverage/inputs/structures/test/9QT9_E.pdb	A	IPR002048;IPR011992;IPR018247;IPR050230	
9QT9_F	predict	/home/ganeshiny.sridharan/dgg/deep-green-GO/arc_benchmark/nominal_30_identity_80_coverage/inputs/structures/test/9QT9_F.pdb	A	IPR002048;IPR011992;IPR018247;IPR050230	
8JEC_A	predict	/home/ganeshiny.sridharan/dgg/deep-green-GO/arc_benchmark/nominal_30_identity_80_coverage/inputs/structures/test/8JEC_A.pdb	A	IPR000595;IPR002110;IPR003938;IPR005821;IPR014710;IPR018490;IPR021789;IPR036770;IPR045319	
8JEC_B	predict	/home/ganeshiny.sridharan/dgg/deep-green-GO/arc_benchmark/nominal_30_identity_80_coverage/inputs/structures/test/8JEC_B.pdb	A	IPR000595;IPR002110;IPR003938;IPR005821;IPR014710;IPR018490;IPR021789;IPR036770;IPR045319	
8JEC_C	predict	/home/ganeshiny.sridharan/dgg/deep-green-GO/arc_benchmark/nominal_30_identity_80_coverage/inputs/structures/test/8JEC_C.pdb	A	IPR000595;IPR002110;IPR003938;IPR005821;IPR014710;IPR018490;IPR021789;IPR036770;IPR045319	
8JEC_D	predict	/home/ganeshiny.sridharan/dgg/deep-green-GO/arc_benchmark/nominal_30_identity_80_coverage/inputs/structures/test/8JEC_D.pdb	A	IPR000595;IPR002110;IPR003938;IPR005821;IPR014710;IPR018490;IPR021789;IPR036770;IPR045319	
8JET_A	predict	/home/ganeshiny.sridharan/dgg/deep-green-GO/arc_benchmark/nominal_30_identity_80_coverage/inputs/structures/test/8JET_A.pdb	A	IPR000595;IPR002110;IPR003938;IPR005821;IPR014710;IPR018490;IPR021789;IPR036770;IPR045319	
8JET_B	predict	/home/ganeshiny.sridharan/dgg/deep-green-GO/arc_benchmark/nominal_30_identity_80_coverage/inputs/structures/test/8JET_B.pdb	A	IPR000595;IPR002110;IPR003938;IPR005821;IPR014710;IPR018490;IPR021789;IPR036770;IPR045319	
8JET_C	predict	/home/ganeshiny.sridharan/dgg/deep-green-GO/arc_benchmark/nominal_30_identity_80_coverage/inputs/structures/test/8JET_C.pdb	A	IPR000595;IPR002110;IPR003938;IPR005821;IPR014710;IPR018490;IPR021789;IPR036770;IPR045319	
8JET_D	predict	/home/ganeshiny.sridharan/dgg/deep-green-GO/arc_benchmark/nominal_30_identity_80_coverage/inputs/structures/test/8JET_D.pdb	A	IPR000595;IPR002110;IPR003938;IPR005821;IPR014710;IPR018490;IPR021789;IPR036770;IPR045319	
8JEU_A	predict	/home/ganeshiny.sridharan/dgg/deep-green-GO/arc_benchmark/nominal_30_identity_80_coverage/inputs/structures/test/8JEU_A.pdb	A	IPR000595;IPR002110;IPR003938;IPR005821;IPR014710;IPR018490;IPR021789;IPR036770;IPR045319	
8JEU_B	predict	/home/ganeshiny.sridharan/dgg/deep-green-GO/arc_benchmark/nominal_30_identity_80_coverage/inputs/structures/test/8JEU_B.pdb	A	IPR000595;IPR002110;IPR003938;IPR005821;IPR014710;IPR018490;IPR021789;IPR036770;IPR045319	
8JEU_C	predict	/home/ganeshiny.sridharan/dgg/deep-green-GO/arc_benchmark/nominal_30_identity_80_coverage/inputs/structures/test/8JEU_C.pdb	A	IPR000595;IPR002110;IPR003938;IPR005821;IPR014710;IPR018490;IPR021789;IPR036770;IPR045319	
8JEU_D	predict	/home/ganeshiny.sridharan/dgg/deep-green-GO/arc_benchmark/nominal_30_identity_80_coverage/inputs/structures/test/8JEU_D.pdb	A	IPR000595;IPR002110;IPR003938;IPR005821;IPR014710;IPR018490;IPR021789;IPR036770;IPR045319	
8WFZ_A	predict	/home/ganeshiny.sridharan/dgg/deep-green-GO/arc_benchmark/nominal_30_identity_80_coverage/inputs/structures/test/8WFZ_A.pdb	A	IPR000595;IPR002110;IPR003938;IPR005821;IPR014710;IPR018490;IPR021789;IPR036770;IPR045319	
8WFZ_B	predict	/home/ganeshiny.sridharan/dgg/deep-green-GO/arc_benchmark/nominal_30_identity_80_coverage/inputs/structures/test/8WFZ_B.pdb	A	IPR000595;IPR002110;IPR003938;IPR005821;IPR014710;IPR018490;IPR021789;IPR036770;IPR045319	
8WFZ_C	predict	/home/ganeshiny.sridharan/dgg/deep-green-GO/arc_benchmark/nominal_30_identity_80_coverage/inputs/structures/test/8WFZ_C.pdb	A	IPR000595;IPR002110;IPR003938;IPR005821;IPR014710;IPR018490;IPR021789;IPR036770;IPR045319	
8WFZ_D	predict	/home/ganeshiny.sridharan/dgg/deep-green-GO/arc_benchmark/nominal_30_identity_80_coverage/inputs/structures/test/8WFZ_D.pdb	A	IPR000595;IPR002110;IPR003938;IPR005821;IPR014710;IPR018490;IPR021789;IPR036770;IPR045319	
8WTZ_A	predict	/home/ganeshiny.sridharan/dgg/deep-green-GO/arc_benchmark/nominal_30_identity_80_coverage/inputs/structures/test/8WTZ_A.pdb	A	IPR000595;IPR002110;IPR003938;IPR005821;IPR014710;IPR018490;IPR021789;IPR036770;IPR045319	
8WTZ_B	predict	/home/ganeshiny.sridharan/dgg/deep-green-GO/arc_benchmark/nominal_30_identity_80_coverage/inputs/structures/test/8WTZ_B.pdb	A	IPR000595;IPR002110;IPR003938;IPR005821;IPR014710;IPR018490;IPR021789;IPR036770;IPR045319	
8WTZ_C	predict	/home/ganeshiny.sridharan/dgg/deep-green-GO/arc_benchmark/nominal_30_identity_80_coverage/inputs/structures/test/8WTZ_C.pdb	A	IPR000595;IPR002110;IPR003938;IPR005821;IPR014710;IPR018490;IPR021789;IPR036770;IPR045319	
8WTZ_D	predict	/home/ganeshiny.sridharan/dgg/deep-green-GO/arc_benchmark/nominal_30_identity_80_coverage/inputs/structures/test/8WTZ_D.pdb	A	IPR000595;IPR002110;IPR003938;IPR005821;IPR014710;IPR018490;IPR021789;IPR036770;IPR045319	
8WUI_A	predict	/home/ganeshiny.sridharan/dgg/deep-green-GO/arc_benchmark/nominal_30_identity_80_coverage/inputs/structures/test/8WUI_A.pdb	A	IPR000595;IPR002110;IPR003938;IPR005821;IPR014710;IPR018490;IPR021789;IPR036770;IPR045319	
8WUI_B	predict	/home/ganeshiny.sridharan/dgg/deep-green-GO/arc_benchmark/nominal_30_identity_80_coverage/inputs/structures/test/8WUI_B.pdb	A	IPR000595;IPR002110;IPR003938;IPR005821;IPR014710;IPR018490;IPR021789;IPR036770;IPR045319	
8WUI_C	predict	/home/ganeshiny.sridharan/dgg/deep-green-GO/arc_benchmark/nominal_30_identity_80_coverage/inputs/structures/test/8WUI_C.pdb	A	IPR000595;IPR002110;IPR003938;IPR005821;IPR014710;IPR018490;IPR021789;IPR036770;IPR045319	
8WUI_D	predict	/home/ganeshiny.sridharan/dgg/deep-green-GO/arc_benchmark/nominal_30_identity_80_coverage/inputs/structures/test/8WUI_D.pdb	A	IPR000595;IPR002110;IPR003938;IPR005821;IPR014710;IPR018490;IPR021789;IPR036770;IPR045319	
9J0X_A	predict	/home/ganeshiny.sridharan/dgg/deep-green-GO/arc_benchmark/nominal_30_identity_80_coverage/inputs/structures/test/9J0X_A.pdb	A	IPR000595;IPR002110;IPR003938;IPR005821;IPR014710;IPR018490;IPR021789;IPR036770;IPR045319	
9J0X_B	predict	/home/ganeshiny.sridharan/dgg/deep-green-GO/arc_benchmark/nominal_30_identity_80_coverage/inputs/structures/test/9J0X_B.pdb	A	IPR000595;IPR002110;IPR003938;IPR005821;IPR014710;IPR018490;IPR021789;IPR036770;IPR045319	
9J0X_C	predict	/home/ganeshiny.sridharan/dgg/deep-green-GO/arc_benchmark/nominal_30_identity_80_coverage/inputs/structures/test/9J0X_C.pdb	A	IPR000595;IPR002110;IPR003938;IPR005821;IPR014710;IPR018490;IPR021789;IPR036770;IPR045319	
9J0X_D	predict	/home/ganeshiny.sridharan/dgg/deep-green-GO/arc_benchmark/nominal_30_identity_80_coverage/inputs/structures/test/9J0X_D.pdb	A	IPR000595;IPR002110;IPR003938;IPR005821;IPR014710;IPR018490;IPR021789;IPR036770;IPR045319	
9J0Y_A	predict	/home/ganeshiny.sridharan/dgg/deep-green-GO/arc_benchmark/nominal_30_identity_80_coverage/inputs/structures/test/9J0Y_A.pdb	A	IPR000595;IPR002110;IPR003938;IPR005821;IPR014710;IPR018490;IPR021789;IPR036770;IPR045319	
9J0Y_B	predict	/home/ganeshiny.sridharan/dgg/deep-green-GO/arc_benchmark/nominal_30_identity_80_coverage/inputs/structures/test/9J0Y_B.pdb	A	IPR000595;IPR002110;IPR003938;IPR005821;IPR014710;IPR018490;IPR021789;IPR036770;IPR045319	
9J0Y_C	predict	/home/ganeshiny.sridharan/dgg/deep-green-GO/arc_benchmark/nominal_30_identity_80_coverage/inputs/structures/test/9J0Y_C.pdb	A	IPR000595;IPR002110;IPR003938;IPR005821;IPR014710;IPR018490;IPR021789;IPR036770;IPR045319	
9J0Y_D	predict	/home/ganeshiny.sridharan/dgg/deep-green-GO/arc_benchmark/nominal_30_identity_80_coverage/inputs/structures/test/9J0Y_D.pdb	A	IPR000595;IPR002110;IPR003938;IPR005821;IPR014710;IPR018490;IPR021789;IPR036770;IPR045319	
9J0Z_A	predict	/home/ganeshiny.sridharan/dgg/deep-green-GO/arc_benchmark/nominal_30_identity_80_coverage/inputs/structures/test/9J0Z_A.pdb	A	IPR000595;IPR002110;IPR003938;IPR005821;IPR014710;IPR018490;IPR021789;IPR036770;IPR045319	
9J0Z_B	predict	/home/ganeshiny.sridharan/dgg/deep-green-GO/arc_benchmark/nominal_30_identity_80_coverage/inputs/structures/test/9J0Z_B.pdb	A	IPR000595;IPR002110;IPR003938;IPR005821;IPR014710;IPR018490;IPR021789;IPR036770;IPR045319	
9J0Z_C	predict	/home/ganeshiny.sridharan/dgg/deep-green-GO/arc_benchmark/nominal_30_identity_80_coverage/inputs/structures/test/9J0Z_C.pdb	A	IPR000595;IPR002110;IPR003938;IPR005821;IPR014710;IPR018490;IPR021789;IPR036770;IPR045319	
9J0Z_D	predict	/home/ganeshiny.sridharan/dgg/deep-green-GO/arc_benchmark/nominal_30_identity_80_coverage/inputs/structures/test/9J0Z_D.pdb	A	IPR000595;IPR002110;IPR003938;IPR005821;IPR014710;IPR018490;IPR021789;IPR036770;IPR045319	
9J10_A	predict	/home/ganeshiny.sridharan/dgg/deep-green-GO/arc_benchmark/nominal_30_identity_80_coverage/inputs/structures/test/9J10_A.pdb	A	IPR000595;IPR002110;IPR003938;IPR005821;IPR014710;IPR018490;IPR021789;IPR036770;IPR045319	
9J10_B	predict	/home/ganeshiny.sridharan/dgg/deep-green-GO/arc_benchmark/nominal_30_identity_80_coverage/inputs/structures/test/9J10_B.pdb	A	IPR000595;IPR002110;IPR003938;IPR005821;IPR014710;IPR018490;IPR021789;IPR036770;IPR045319	
9J10_C	predict	/home/ganeshiny.sridharan/dgg/deep-green-GO/arc_benchmark/nominal_30_identity_80_coverage/inputs/structures/test/9J10_C.pdb	A	IPR000595;IPR002110;IPR003938;IPR005821;IPR014710;IPR018490;IPR021789;IPR036770;IPR045319	
9J10_D	predict	/home/ganeshiny.sridharan/dgg/deep-green-GO/arc_benchmark/nominal_30_identity_80_coverage/inputs/structures/test/9J10_D.pdb	A	IPR000595;IPR002110;IPR003938;IPR005821;IPR014710;IPR018490;IPR021789;IPR036770;IPR045319	
9KHF_A	predict	/home/ganeshiny.sridharan/dgg/deep-green-GO/arc_benchmark/nominal_30_identity_80_coverage/inputs/structures/test/9KHF_A.pdb	A	IPR000595;IPR002110;IPR003938;IPR005821;IPR014710;IPR018490;IPR021789;IPR036770;IPR045319	
9KHF_B	predict	/home/ganeshiny.sridharan/dgg/deep-green-GO/arc_benchmark/nominal_30_identity_80_coverage/inputs/structures/test/9KHF_B.pdb	A	IPR000595;IPR002110;IPR003938;IPR005821;IPR014710;IPR018490;IPR021789;IPR036770;IPR045319	
9KHF_C	predict	/home/ganeshiny.sridharan/dgg/deep-green-GO/arc_benchmark/nominal_30_identity_80_coverage/inputs/structures/test/9KHF_C.pdb	A	IPR000595;IPR002110;IPR003938;IPR005821;IPR014710;IPR018490;IPR021789;IPR036770;IPR045319	
9KHF_D	predict	/home/ganeshiny.sridharan/dgg/deep-green-GO/arc_benchmark/nominal_30_identity_80_coverage/inputs/structures/test/9KHF_D.pdb	A	IPR000595;IPR002110;IPR003938;IPR005821;IPR014710;IPR018490;IPR021789;IPR036770;IPR045319	
9L9U_A	predict	/home/ganeshiny.sridharan/dgg/deep-green-GO/arc_benchmark/nominal_30_identity_80_coverage/inputs/structures/test/9L9U_A.pdb	A	IPR000595;IPR002110;IPR003938;IPR005821;IPR014710;IPR018490;IPR021789;IPR036770;IPR045319	
9L9U_B	predict	/home/ganeshiny.sridharan/dgg/deep-green-GO/arc_benchmark/nominal_30_identity_80_coverage/inputs/structures/test/9L9U_B.pdb	A	IPR000595;IPR002110;IPR003938;IPR005821;IPR014710;IPR018490;IPR021789;IPR036770;IPR045319	
9L9U_C	predict	/home/ganeshiny.sridharan/dgg/deep-green-GO/arc_benchmark/nominal_30_identity_80_coverage/inputs/structures/test/9L9U_C.pdb	A	IPR000595;IPR002110;IPR003938;IPR005821;IPR014710;IPR018490;IPR021789;IPR036770;IPR045319	
9L9U_D	predict	/home/ganeshiny.sridharan/dgg/deep-green-GO/arc_benchmark/nominal_30_identity_80_coverage/inputs/structures/test/9L9U_D.pdb	A	IPR000595;IPR002110;IPR003938;IPR005821;IPR014710;IPR018490;IPR021789;IPR036770;IPR045319	
9LA0_A	predict	/home/ganeshiny.sridharan/dgg/deep-green-GO/arc_benchmark/nominal_30_identity_80_coverage/inputs/structures/test/9LA0_A.pdb	A	IPR000595;IPR002110;IPR003938;IPR005821;IPR014710;IPR018490;IPR021789;IPR036770;IPR045319	
9LA0_B	predict	/home/ganeshiny.sridharan/dgg/deep-green-GO/arc_benchmark/nominal_30_identity_80_coverage/inputs/structures/test/9LA0_B.pdb	A	IPR000595;IPR002110;IPR003938;IPR005821;IPR014710;IPR018490;IPR021789;IPR036770;IPR045319	
9LA0_C	predict	/home/ganeshiny.sridharan/dgg/deep-green-GO/arc_benchmark/nominal_30_identity_80_coverage/inputs/structures/test/9LA0_C.pdb	A	IPR000595;IPR002110;IPR003938;IPR005821;IPR014710;IPR018490;IPR021789;IPR036770;IPR045319	
9LA0_D	predict	/home/ganeshiny.sridharan/dgg/deep-green-GO/arc_benchmark/nominal_30_identity_80_coverage/inputs/structures/test/9LA0_D.pdb	A	IPR000595;IPR002110;IPR003938;IPR005821;IPR014710;IPR018490;IPR021789;IPR036770;IPR045319	
9LA1_A	predict	/home/ganeshiny.sridharan/dgg/deep-green-GO/arc_benchmark/nominal_30_identity_80_coverage/inputs/structures/test/9LA1_A.pdb	A	IPR000595;IPR002110;IPR003938;IPR005821;IPR014710;IPR018490;IPR021789;IPR036770;IPR045319	
9LA1_B	predict	/home/ganeshiny.sridharan/dgg/deep-green-GO/arc_benchmark/nominal_30_identity_80_coverage/inputs/structures/test/9LA1_B.pdb	A	IPR000595;IPR002110;IPR003938;IPR005821;IPR014710;IPR018490;IPR021789;IPR036770;IPR045319	
9LA1_C	predict	/home/ganeshiny.sridharan/dgg/deep-green-GO/arc_benchmark/nominal_30_identity_80_coverage/inputs/structures/test/9LA1_C.pdb	A	IPR000595;IPR002110;IPR003938;IPR005821;IPR014710;IPR018490;IPR021789;IPR036770;IPR045319	
9LA1_D	predict	/home/ganeshiny.sridharan/dgg/deep-green-GO/arc_benchmark/nominal_30_identity_80_coverage/inputs/structures/test/9LA1_D.pdb	A	IPR000595;IPR002110;IPR003938;IPR005821;IPR014710;IPR018490;IPR021789;IPR036770;IPR045319	
9LA2_A	predict	/home/ganeshiny.sridharan/dgg/deep-green-GO/arc_benchmark/nominal_30_identity_80_coverage/inputs/structures/test/9LA2_A.pdb	A	IPR000595;IPR002110;IPR003938;IPR005821;IPR014710;IPR018490;IPR021789;IPR036770;IPR045319	
9LA2_B	predict	/home/ganeshiny.sridharan/dgg/deep-green-GO/arc_benchmark/nominal_30_identity_80_coverage/inputs/structures/test/9LA2_B.pdb	A	IPR000595;IPR002110;IPR003938;IPR005821;IPR014710;IPR018490;IPR021789;IPR036770;IPR045319	
9LA2_C	predict	/home/ganeshiny.sridharan/dgg/deep-green-GO/arc_benchmark/nominal_30_identity_80_coverage/inputs/structures/test/9LA2_C.pdb	A	IPR000595;IPR002110;IPR003938;IPR005821;IPR014710;IPR018490;IPR021789;IPR036770;IPR045319	
9LA2_D	predict	/home/ganeshiny.sridharan/dgg/deep-green-GO/arc_benchmark/nominal_30_identity_80_coverage/inputs/structures/test/9LA2_D.pdb	A	IPR000595;IPR002110;IPR003938;IPR005821;IPR014710;IPR018490;IPR021789;IPR036770;IPR045319	
9LA3_A	predict	/home/ganeshiny.sridharan/dgg/deep-green-GO/arc_benchmark/nominal_30_identity_80_coverage/inputs/structures/test/9LA3_A.pdb	A	IPR000595;IPR002110;IPR003938;IPR005821;IPR014710;IPR018490;IPR021789;IPR036770;IPR045319	
9LA3_B	predict	/home/ganeshiny.sridharan/dgg/deep-green-GO/arc_benchmark/nominal_30_identity_80_coverage/inputs/structures/test/9LA3_B.pdb	A	IPR000595;IPR002110;IPR003938;IPR005821;IPR014710;IPR018490;IPR021789;IPR036770;IPR045319	
9LA3_C	predict	/home/ganeshiny.sridharan/dgg/deep-green-GO/arc_benchmark/nominal_30_identity_80_coverage/inputs/structures/test/9LA3_C.pdb	A	IPR000595;IPR002110;IPR003938;IPR005821;IPR014710;IPR018490;IPR021789;IPR036770;IPR045319	
9LA3_D	predict	/home/ganeshiny.sridharan/dgg/deep-green-GO/arc_benchmark/nominal_30_identity_80_coverage/inputs/structures/test/9LA3_D.pdb	A	IPR000595;IPR002110;IPR003938;IPR005821;IPR014710;IPR018490;IPR021789;IPR036770;IPR045319	
9LA7_A	predict	/home/ganeshiny.sridharan/dgg/deep-green-GO/arc_benchmark/nominal_30_identity_80_coverage/inputs/structures/test/9LA7_A.pdb	A	IPR000595;IPR002110;IPR003938;IPR005821;IPR014710;IPR018490;IPR021789;IPR036770;IPR045319	
9LA7_B	predict	/home/ganeshiny.sridharan/dgg/deep-green-GO/arc_benchmark/nominal_30_identity_80_coverage/inputs/structures/test/9LA7_B.pdb	A	IPR000595;IPR002110;IPR003938;IPR005821;IPR014710;IPR018490;IPR021789;IPR036770;IPR045319	
9LA7_C	predict	/home/ganeshiny.sridharan/dgg/deep-green-GO/arc_benchmark/nominal_30_identity_80_coverage/inputs/structures/test/9LA7_C.pdb	A	IPR000595;IPR002110;IPR003938;IPR005821;IPR014710;IPR018490;IPR021789;IPR036770;IPR045319	
9LA7_D	predict	/home/ganeshiny.sridharan/dgg/deep-green-GO/arc_benchmark/nominal_30_identity_80_coverage/inputs/structures/test/9LA7_D.pdb	A	IPR000595;IPR002110;IPR003938;IPR005821;IPR014710;IPR018490;IPR021789;IPR036770;IPR045319	
1KBP_A	predict	/home/ganeshiny.sridharan/dgg/deep-green-GO/arc_benchmark/nominal_30_identity_80_coverage/inputs/structures/test/1KBP_A.pdb	A	IPR004843;IPR008963;IPR015914;IPR025733;IPR029052;IPR039331;IPR041792	
1KBP_B	predict	/home/ganeshiny.sridharan/dgg/deep-green-GO/arc_benchmark/nominal_30_identity_80_coverage/inputs/structures/test/1KBP_B.pdb	A	IPR004843;IPR008963;IPR015914;IPR025733;IPR029052;IPR039331;IPR041792	
1KBP_C	predict	/home/ganeshiny.sridharan/dgg/deep-green-GO/arc_benchmark/nominal_30_identity_80_coverage/inputs/structures/test/1KBP_C.pdb	A	IPR004843;IPR008963;IPR015914;IPR025733;IPR029052;IPR039331;IPR041792	
1KBP_D	predict	/home/ganeshiny.sridharan/dgg/deep-green-GO/arc_benchmark/nominal_30_identity_80_coverage/inputs/structures/test/1KBP_D.pdb	A	IPR004843;IPR008963;IPR015914;IPR025733;IPR029052;IPR039331;IPR041792	
2QFP_A	predict	/home/ganeshiny.sridharan/dgg/deep-green-GO/arc_benchmark/nominal_30_identity_80_coverage/inputs/structures/test/2QFP_A.pdb	A	IPR004843;IPR008963;IPR015914;IPR025733;IPR029052;IPR039331;IPR041792	
2QFP_B	predict	/home/ganeshiny.sridharan/dgg/deep-green-GO/arc_benchmark/nominal_30_identity_80_coverage/inputs/structures/test/2QFP_B.pdb	A	IPR004843;IPR008963;IPR015914;IPR025733;IPR029052;IPR039331;IPR041792	
2QFP_C	predict	/home/ganeshiny.sridharan/dgg/deep-green-GO/arc_benchmark/nominal_30_identity_80_coverage/inputs/structures/test/2QFP_C.pdb	A	IPR004843;IPR008963;IPR015914;IPR025733;IPR029052;IPR039331;IPR041792	
2QFP_D	predict	/home/ganeshiny.sridharan/dgg/deep-green-GO/arc_benchmark/nominal_30_identity_80_coverage/inputs/structures/test/2QFP_D.pdb	A	IPR004843;IPR008963;IPR015914;IPR025733;IPR029052;IPR039331;IPR041792	
2QFR_A	predict	/home/ganeshiny.sridharan/dgg/deep-green-GO/arc_benchmark/nominal_30_identity_80_coverage/inputs/structures/test/2QFR_A.pdb	A	IPR004843;IPR008963;IPR015914;IPR025733;IPR029052;IPR039331;IPR041792	
2QFR_B	predict	/home/ganeshiny.sridharan/dgg/deep-green-GO/arc_benchmark/nominal_30_identity_80_coverage/inputs/structures/test/2QFR_B.pdb	A	IPR004843;IPR008963;IPR015914;IPR025733;IPR029052;IPR039331;IPR041792	
3KBP_A	predict	/home/ganeshiny.sridharan/dgg/deep-green-GO/arc_benchmark/nominal_30_identity_80_coverage/inputs/structures/test/3KBP_A.pdb	A	IPR004843;IPR008963;IPR015914;IPR025733;IPR029052;IPR039331;IPR041792	
3KBP_B	predict	/home/ganeshiny.sridharan/dgg/deep-green-GO/arc_benchmark/nominal_30_identity_80_coverage/inputs/structures/test/3KBP_B.pdb	A	IPR004843;IPR008963;IPR015914;IPR025733;IPR029052;IPR039331;IPR041792	
3KBP_C	predict	/home/ganeshiny.sridharan/dgg/deep-green-GO/arc_benchmark/nominal_30_identity_80_coverage/inputs/structures/test/3KBP_C.pdb	A	IPR004843;IPR008963;IPR015914;IPR025733;IPR029052;IPR039331;IPR041792	
3KBP_D	predict	/home/ganeshiny.sridharan/dgg/deep-green-GO/arc_benchmark/nominal_30_identity_80_coverage/inputs/structures/test/3KBP_D.pdb	A	IPR004843;IPR008963;IPR015914;IPR025733;IPR029052;IPR039331;IPR041792	
4DHL_A	predict	/home/ganeshiny.sridharan/dgg/deep-green-GO/arc_benchmark/nominal_30_identity_80_coverage/inputs/structures/test/4DHL_A.pdb	A	IPR004843;IPR008963;IPR015914;IPR025733;IPR029052;IPR039331;IPR041792	
4DHL_B	predict	/home/ganeshiny.sridharan/dgg/deep-green-GO/arc_benchmark/nominal_30_identity_80_coverage/inputs/structures/test/4DHL_B.pdb	A	IPR004843;IPR008963;IPR015914;IPR025733;IPR029052;IPR039331;IPR041792	
4DHL_C	predict	/home/ganeshiny.sridharan/dgg/deep-green-GO/arc_benchmark/nominal_30_identity_80_coverage/inputs/structures/test/4DHL_C.pdb	A	IPR004843;IPR008963;IPR015914;IPR025733;IPR029052;IPR039331;IPR041792	
4DHL_D	predict	/home/ganeshiny.sridharan/dgg/deep-green-GO/arc_benchmark/nominal_30_identity_80_coverage/inputs/structures/test/4DHL_D.pdb	A	IPR004843;IPR008963;IPR015914;IPR025733;IPR029052;IPR039331;IPR041792	
4DSY_A	predict	/home/ganeshiny.sridharan/dgg/deep-green-GO/arc_benchmark/nominal_30_identity_80_coverage/inputs/structures/test/4DSY_A.pdb	A	IPR004843;IPR008963;IPR015914;IPR025733;IPR029052;IPR039331;IPR041792	
4DSY_B	predict	/home/ganeshiny.sridharan/dgg/deep-green-GO/arc_benchmark/nominal_30_identity_80_coverage/inputs/structures/test/4DSY_B.pdb	A	IPR004843;IPR008963;IPR015914;IPR025733;IPR029052;IPR039331;IPR041792	
4DSY_C	predict	/home/ganeshiny.sridharan/dgg/deep-green-GO/arc_benchmark/nominal_30_identity_80_coverage/inputs/structures/test/4DSY_C.pdb	A	IPR004843;IPR008963;IPR015914;IPR025733;IPR029052;IPR039331;IPR041792	
4DSY_D	predict	/home/ganeshiny.sridharan/dgg/deep-green-GO/arc_benchmark/nominal_30_identity_80_coverage/inputs/structures/test/4DSY_D.pdb	A	IPR004843;IPR008963;IPR015914;IPR025733;IPR029052;IPR039331;IPR041792	
4DT2_A	predict	/home/ganeshiny.sridharan/dgg/deep-green-GO/arc_benchmark/nominal_30_identity_80_coverage/inputs/structures/test/4DT2_A.pdb	A	IPR004843;IPR008963;IPR015914;IPR025733;IPR029052;IPR039331;IPR041792	
4DT2_B	predict	/home/ganeshiny.sridharan/dgg/deep-green-GO/arc_benchmark/nominal_30_identity_80_coverage/inputs/structures/test/4DT2_B.pdb	A	IPR004843;IPR008963;IPR015914;IPR025733;IPR029052;IPR039331;IPR041792	
4DT2_C	predict	/home/ganeshiny.sridharan/dgg/deep-green-GO/arc_benchmark/nominal_30_identity_80_coverage/inputs/structures/test/4DT2_C.pdb	A	IPR004843;IPR008963;IPR015914;IPR025733;IPR029052;IPR039331;IPR041792	
4DT2_D	predict	/home/ganeshiny.sridharan/dgg/deep-green-GO/arc_benchmark/nominal_30_identity_80_coverage/inputs/structures/test/4DT2_D.pdb	A	IPR004843;IPR008963;IPR015914;IPR025733;IPR029052;IPR039331;IPR041792	
4KBP_A	predict	/home/ganeshiny.sridharan/dgg/deep-green-GO/arc_benchmark/nominal_30_identity_80_coverage/inputs/structures/test/4KBP_A.pdb	A	IPR004843;IPR008963;IPR015914;IPR025733;IPR029052;IPR039331;IPR041792	
4KBP_B	predict	/home/ganeshiny.sridharan/dgg/deep-green-GO/arc_benchmark/nominal_30_identity_80_coverage/inputs/structures/test/4KBP_B.pdb	A	IPR004843;IPR008963;IPR015914;IPR025733;IPR029052;IPR039331;IPR041792	
4KBP_C	predict	/home/ganeshiny.sridharan/dgg/deep-green-GO/arc_benchmark/nominal_30_identity_80_coverage/inputs/structures/test/4KBP_C.pdb	A	IPR004843;IPR008963;IPR015914;IPR025733;IPR029052;IPR039331;IPR041792	
4KBP_D	predict	/home/ganeshiny.sridharan/dgg/deep-green-GO/arc_benchmark/nominal_30_identity_80_coverage/inputs/structures/test/4KBP_D.pdb	A	IPR004843;IPR008963;IPR015914;IPR025733;IPR029052;IPR039331;IPR041792	
6G46_A	predict	/home/ganeshiny.sridharan/dgg/deep-green-GO/arc_benchmark/nominal_30_identity_80_coverage/inputs/structures/test/6G46_A.pdb	A	IPR004843;IPR008963;IPR015914;IPR025733;IPR029052;IPR039331;IPR041792	
6G46_B	predict	/home/ganeshiny.sridharan/dgg/deep-green-GO/arc_benchmark/nominal_30_identity_80_coverage/inputs/structures/test/6G46_B.pdb	A	IPR004843;IPR008963;IPR015914;IPR025733;IPR029052;IPR039331;IPR041792	
6G46_C	predict	/home/ganeshiny.sridharan/dgg/deep-green-GO/arc_benchmark/nominal_30_identity_80_coverage/inputs/structures/test/6G46_C.pdb	A	IPR004843;IPR008963;IPR015914;IPR025733;IPR029052;IPR039331;IPR041792	
6G46_D	predict	/home/ganeshiny.sridharan/dgg/deep-green-GO/arc_benchmark/nominal_30_identity_80_coverage/inputs/structures/test/6G46_D.pdb	A	IPR004843;IPR008963;IPR015914;IPR025733;IPR029052;IPR039331;IPR041792	
6HWR_A	predict	/home/ganeshiny.sridharan/dgg/deep-green-GO/arc_benchmark/nominal_30_identity_80_coverage/inputs/structures/test/6HWR_A.pdb	A	IPR004843;IPR008963;IPR015914;IPR025733;IPR029052;IPR039331;IPR041792	
6HWR_B	predict	/home/ganeshiny.sridharan/dgg/deep-green-GO/arc_benchmark/nominal_30_identity_80_coverage/inputs/structures/test/6HWR_B.pdb	A	IPR004843;IPR008963;IPR015914;IPR025733;IPR029052;IPR039331;IPR041792	
6HWR_C	predict	/home/ganeshiny.sridharan/dgg/deep-green-GO/arc_benchmark/nominal_30_identity_80_coverage/inputs/structures/test/6HWR_C.pdb	A	IPR004843;IPR008963;IPR015914;IPR025733;IPR029052;IPR039331;IPR041792	
6HWR_D	predict	/home/ganeshiny.sridharan/dgg/deep-green-GO/arc_benchmark/nominal_30_identity_80_coverage/inputs/structures/test/6HWR_D.pdb	A	IPR004843;IPR008963;IPR015914;IPR025733;IPR029052;IPR039331;IPR041792	
6OF5_A	predict	/home/ganeshiny.sridharan/dgg/deep-green-GO/arc_benchmark/nominal_30_identity_80_coverage/inputs/structures/test/6OF5_A.pdb	A	IPR004843;IPR008963;IPR015914;IPR025733;IPR029052;IPR039331;IPR041792	
6OF5_B	predict	/home/ganeshiny.sridharan/dgg/deep-green-GO/arc_benchmark/nominal_30_identity_80_coverage/inputs/structures/test/6OF5_B.pdb	A	IPR004843;IPR008963;IPR015914;IPR025733;IPR029052;IPR039331;IPR041792	
6OF5_C	predict	/home/ganeshiny.sridharan/dgg/deep-green-GO/arc_benchmark/nominal_30_identity_80_coverage/inputs/structures/test/6OF5_C.pdb	A	IPR004843;IPR008963;IPR015914;IPR025733;IPR029052;IPR039331;IPR041792	
6OF5_D	predict	/home/ganeshiny.sridharan/dgg/deep-green-GO/arc_benchmark/nominal_30_identity_80_coverage/inputs/structures/test/6OF5_D.pdb	A	IPR004843;IPR008963;IPR015914;IPR025733;IPR029052;IPR039331;IPR041792	
6VJ7_A	predict	/home/ganeshiny.sridharan/dgg/deep-green-GO/arc_benchmark/nominal_30_identity_80_coverage/inputs/structures/test/6VJ7_A.pdb	A	IPR004843;IPR008963;IPR015914;IPR025733;IPR029052;IPR039331;IPR041792	
6VJ7_B	predict	/home/ganeshiny.sridharan/dgg/deep-green-GO/arc_benchmark/nominal_30_identity_80_coverage/inputs/structures/test/6VJ7_B.pdb	A	IPR004843;IPR008963;IPR015914;IPR025733;IPR029052;IPR039331;IPR041792	
6VJ7_C	predict	/home/ganeshiny.sridharan/dgg/deep-green-GO/arc_benchmark/nominal_30_identity_80_coverage/inputs/structures/test/6VJ7_C.pdb	A	IPR004843;IPR008963;IPR015914;IPR025733;IPR029052;IPR039331;IPR041792	
6VJ7_D	predict	/home/ganeshiny.sridharan/dgg/deep-green-GO/arc_benchmark/nominal_30_identity_80_coverage/inputs/structures/test/6VJ7_D.pdb	A	IPR004843;IPR008963;IPR015914;IPR025733;IPR029052;IPR039331;IPR041792	
8BRN_A	predict	/home/ganeshiny.sridharan/dgg/deep-green-GO/arc_benchmark/nominal_30_identity_80_coverage/inputs/structures/test/8BRN_A.pdb	A	IPR004843;IPR008963;IPR015914;IPR025733;IPR029052;IPR039331;IPR041792	
8BRN_B	predict	/home/ganeshiny.sridharan/dgg/deep-green-GO/arc_benchmark/nominal_30_identity_80_coverage/inputs/structures/test/8BRN_B.pdb	A	IPR004843;IPR008963;IPR015914;IPR025733;IPR029052;IPR039331;IPR041792	
8BRN_C	predict	/home/ganeshiny.sridharan/dgg/deep-green-GO/arc_benchmark/nominal_30_identity_80_coverage/inputs/structures/test/8BRN_C.pdb	A	IPR004843;IPR008963;IPR015914;IPR025733;IPR029052;IPR039331;IPR041792	
8BRN_D	predict	/home/ganeshiny.sridharan/dgg/deep-green-GO/arc_benchmark/nominal_30_identity_80_coverage/inputs/structures/test/8BRN_D.pdb	A	IPR004843;IPR008963;IPR015914;IPR025733;IPR029052;IPR039331;IPR041792	
1FP1_D	predict	/home/ganeshiny.sridharan/dgg/deep-green-GO/arc_benchmark/nominal_30_identity_80_coverage/inputs/structures/test/1FP1_D.pdb	A	IPR001077;IPR012967;IPR016461;IPR029063;IPR036388;IPR036390	
1FP2_A	predict	/home/ganeshiny.sridharan/dgg/deep-green-GO/arc_benchmark/nominal_30_identity_80_coverage/inputs/structures/test/1FP2_A.pdb	A	IPR001077;IPR012967;IPR016461;IPR029063;IPR036388;IPR036390	
1FPQ_A	predict	/home/ganeshiny.sridharan/dgg/deep-green-GO/arc_benchmark/nominal_30_identity_80_coverage/inputs/structures/test/1FPQ_A.pdb	A	IPR001077;IPR012967;IPR016461;IPR029063;IPR036388;IPR036390	
1KYW_A	predict	/home/ganeshiny.sridharan/dgg/deep-green-GO/arc_benchmark/nominal_30_identity_80_coverage/inputs/structures/test/1KYW_A.pdb	A	IPR001077;IPR012967;IPR016461;IPR029063;IPR036388;IPR036390	
1KYW_C	predict	/home/ganeshiny.sridharan/dgg/deep-green-GO/arc_benchmark/nominal_30_identity_80_coverage/inputs/structures/test/1KYW_C.pdb	A	IPR001077;IPR012967;IPR016461;IPR029063;IPR036388;IPR036390	
1KYW_F	predict	/home/ganeshiny.sridharan/dgg/deep-green-GO/arc_benchmark/nominal_30_identity_80_coverage/inputs/structures/test/1KYW_F.pdb	A	IPR001077;IPR012967;IPR016461;IPR029063;IPR036388;IPR036390	
1KYZ_A	predict	/home/ganeshiny.sridharan/dgg/deep-green-GO/arc_benchmark/nominal_30_identity_80_coverage/inputs/structures/test/1KYZ_A.pdb	A	IPR001077;IPR012967;IPR016461;IPR029063;IPR036388;IPR036390	
1KYZ_C	predict	/home/ganeshiny.sridharan/dgg/deep-green-GO/arc_benchmark/nominal_30_identity_80_coverage/inputs/structures/test/1KYZ_C.pdb	A	IPR001077;IPR012967;IPR016461;IPR029063;IPR036388;IPR036390	
1KYZ_E	predict	/home/ganeshiny.sridharan/dgg/deep-green-GO/arc_benchmark/nominal_30_identity_80_coverage/inputs/structures/test/1KYZ_E.pdb	A	IPR001077;IPR012967;IPR016461;IPR029063;IPR036388;IPR036390	
5ICC_A	predict	/home/ganeshiny.sridharan/dgg/deep-green-GO/arc_benchmark/nominal_30_identity_80_coverage/inputs/structures/test/5ICC_A.pdb	A	IPR001077;IPR012967;IPR016461;IPR029063;IPR036388;IPR036390	
5ICE_A	predict	/home/ganeshiny.sridharan/dgg/deep-green-GO/arc_benchmark/nominal_30_identity_80_coverage/inputs/structures/test/5ICE_A.pdb	A	IPR001077;IPR012967;IPR016461;IPR029063;IPR036388;IPR036390	
5ICF_A	predict	/home/ganeshiny.sridharan/dgg/deep-green-GO/arc_benchmark/nominal_30_identity_80_coverage/inputs/structures/test/5ICF_A.pdb	A	IPR001077;IPR012967;IPR016461;IPR029063;IPR036388;IPR036390	
5ICG_A	predict	/home/ganeshiny.sridharan/dgg/deep-green-GO/arc_benchmark/nominal_30_identity_80_coverage/inputs/structures/test/5ICG_A.pdb	A	IPR001077;IPR012967;IPR016461;IPR029063;IPR036388;IPR036390	
5XOH_A	predict	/home/ganeshiny.sridharan/dgg/deep-green-GO/arc_benchmark/nominal_30_identity_80_coverage/inputs/structures/test/5XOH_A.pdb	A	IPR001077;IPR012967;IPR016461;IPR029063;IPR036388;IPR036390	
6CIG_A	predict	/home/ganeshiny.sridharan/dgg/deep-green-GO/arc_benchmark/nominal_30_identity_80_coverage/inputs/structures/test/6CIG_A.pdb	A	IPR001077;IPR012967;IPR016461;IPR029063;IPR036388;IPR036390	
6I5Q_A	predict	/home/ganeshiny.sridharan/dgg/deep-green-GO/arc_benchmark/nominal_30_identity_80_coverage/inputs/structures/test/6I5Q_A.pdb	A	IPR001077;IPR012967;IPR016461;IPR029063;IPR036388;IPR036390	
6I5Q_B	predict	/home/ganeshiny.sridharan/dgg/deep-green-GO/arc_benchmark/nominal_30_identity_80_coverage/inputs/structures/test/6I5Q_B.pdb	A	IPR001077;IPR012967;IPR016461;IPR029063;IPR036388;IPR036390	
6I5Q_C	predict	/home/ganeshiny.sridharan/dgg/deep-green-GO/arc_benchmark/nominal_30_identity_80_coverage/inputs/structures/test/6I5Q_C.pdb	A	IPR001077;IPR012967;IPR016461;IPR029063;IPR036388;IPR036390	
6I5Q_D	predict	/home/ganeshiny.sridharan/dgg/deep-green-GO/arc_benchmark/nominal_30_identity_80_coverage/inputs/structures/test/6I5Q_D.pdb	A	IPR001077;IPR012967;IPR016461;IPR029063;IPR036388;IPR036390	
6I5Z_A	predict	/home/ganeshiny.sridharan/dgg/deep-green-GO/arc_benchmark/nominal_30_identity_80_coverage/inputs/structures/test/6I5Z_A.pdb	A	IPR001077;IPR012967;IPR016461;IPR029063;IPR036388;IPR036390	
6I5Z_B	predict	/home/ganeshiny.sridharan/dgg/deep-green-GO/arc_benchmark/nominal_30_identity_80_coverage/inputs/structures/test/6I5Z_B.pdb	A	IPR001077;IPR012967;IPR016461;IPR029063;IPR036388;IPR036390	
6I5Z_C	predict	/home/ganeshiny.sridharan/dgg/deep-green-GO/arc_benchmark/nominal_30_identity_80_coverage/inputs/structures/test/6I5Z_C.pdb	A	IPR001077;IPR012967;IPR016461;IPR029063;IPR036388;IPR036390	
6I5Z_D	predict	/home/ganeshiny.sridharan/dgg/deep-green-GO/arc_benchmark/nominal_30_identity_80_coverage/inputs/structures/test/6I5Z_D.pdb	A	IPR001077;IPR012967;IPR016461;IPR029063;IPR036388;IPR036390	
6I6K_A	predict	/home/ganeshiny.sridharan/dgg/deep-green-GO/arc_benchmark/nominal_30_identity_80_coverage/inputs/structures/test/6I6K_A.pdb	A	IPR001077;IPR012967;IPR016461;IPR029063;IPR036388;IPR036390	
6I6K_B	predict	/home/ganeshiny.sridharan/dgg/deep-green-GO/arc_benchmark/nominal_30_identity_80_coverage/inputs/structures/test/6I6K_B.pdb	A	IPR001077;IPR012967;IPR016461;IPR029063;IPR036388;IPR036390	
6I6L_A	predict	/home/ganeshiny.sridharan/dgg/deep-green-GO/arc_benchmark/nominal_30_identity_80_coverage/inputs/structures/test/6I6L_A.pdb	A	IPR001077;IPR012967;IPR016461;IPR029063;IPR036388;IPR036390	
6I6L_B	predict	/home/ganeshiny.sridharan/dgg/deep-green-GO/arc_benchmark/nominal_30_identity_80_coverage/inputs/structures/test/6I6L_B.pdb	A	IPR001077;IPR012967;IPR016461;IPR029063;IPR036388;IPR036390	
6I6M_A	predict	/home/ganeshiny.sridharan/dgg/deep-green-GO/arc_benchmark/nominal_30_identity_80_coverage/inputs/structures/test/6I6M_A.pdb	A	IPR001077;IPR012967;IPR016461;IPR029063;IPR036388;IPR036390	
6I6M_B	predict	/home/ganeshiny.sridharan/dgg/deep-green-GO/arc_benchmark/nominal_30_identity_80_coverage/inputs/structures/test/6I6M_B.pdb	A	IPR001077;IPR012967;IPR016461;IPR029063;IPR036388;IPR036390	
6I6N_A	predict	/home/ganeshiny.sridharan/dgg/deep-green-GO/arc_benchmark/nominal_30_identity_80_coverage/inputs/structures/test/6I6N_A.pdb	A	IPR001077;IPR012967;IPR016461;IPR029063;IPR036388;IPR036390	
6I6N_B	predict	/home/ganeshiny.sridharan/dgg/deep-green-GO/arc_benchmark/nominal_30_identity_80_coverage/inputs/structures/test/6I6N_B.pdb	A	IPR001077;IPR012967;IPR016461;IPR029063;IPR036388;IPR036390	
6IWT_A	predict	/home/ganeshiny.sridharan/dgg/deep-green-GO/arc_benchmark/nominal_30_identity_80_coverage/inputs/structures/test/6IWT_A.pdb	A	IPR001077;IPR012967;IPR016461;IPR029063;IPR036388;IPR036390	
6IWT_B	predict	/home/ganeshiny.sridharan/dgg/deep-green-GO/arc_benchmark/nominal_30_identity_80_coverage/inputs/structures/test/6IWT_B.pdb	A	IPR001077;IPR012967;IPR016461;IPR029063;IPR036388;IPR036390	
9VS6_A	predict	/home/ganeshiny.sridharan/dgg/deep-green-GO/arc_benchmark/nominal_30_identity_80_coverage/inputs/structures/test/9VS6_A.pdb	A	IPR001077;IPR012967;IPR016461;IPR029063;IPR036388;IPR036390	
9VS6_B	predict	/home/ganeshiny.sridharan/dgg/deep-green-GO/arc_benchmark/nominal_30_identity_80_coverage/inputs/structures/test/9VS6_B.pdb	A	IPR001077;IPR012967;IPR016461;IPR029063;IPR036388;IPR036390	
5TOS_A	predict	/home/ganeshiny.sridharan/dgg/deep-green-GO/arc_benchmark/nominal_30_identity_80_coverage/inputs/structures/test/5TOS_A.pdb	A	IPR000719;IPR001245;IPR008271;IPR011009;IPR017441;IPR050823	
5TOS_B	predict	/home/ganeshiny.sridharan/dgg/deep-green-GO/arc_benchmark/nominal_30_identity_80_coverage/inputs/structures/test/5TOS_B.pdb	A	IPR000719;IPR001245;IPR008271;IPR011009;IPR017441;IPR050823	
6J5T_A	predict	/home/ganeshiny.sridharan/dgg/deep-green-GO/arc_benchmark/nominal_30_identity_80_coverage/inputs/structures/test/6J5T_A.pdb	A	IPR000719;IPR001245;IPR008271;IPR011009;IPR017441;IPR050823	
6J5T_B	predict	/home/ganeshiny.sridharan/dgg/deep-green-GO/arc_benchmark/nominal_30_identity_80_coverage/inputs/structures/test/6J5T_B.pdb	A	IPR000719;IPR011009;IPR045274	
6J5T_C	predict	/home/ganeshiny.sridharan/dgg/deep-green-GO/arc_benchmark/nominal_30_identity_80_coverage/inputs/structures/test/6J5T_C.pdb	A	IPR002182;IPR027417;IPR032675;IPR038005;IPR041118;IPR042197;IPR044974;IPR055414;IPR058922	
6J5T_D	predict	/home/ganeshiny.sridharan/dgg/deep-green-GO/arc_benchmark/nominal_30_identity_80_coverage/inputs/structures/test/6J5T_D.pdb	A	IPR000719;IPR001245;IPR008271;IPR011009;IPR017441;IPR050823	
6J5T_E	predict	/home/ganeshiny.sridharan/dgg/deep-green-GO/arc_benchmark/nominal_30_identity_80_coverage/inputs/structures/test/6J5T_E.pdb	A	IPR000719;IPR011009;IPR045274	
6J5T_F	predict	/home/ganeshiny.sridharan/dgg/deep-green-GO/arc_benchmark/nominal_30_identity_80_coverage/inputs/structures/test/6J5T_F.pdb	A	IPR002182;IPR027417;IPR032675;IPR038005;IPR041118;IPR042197;IPR044974;IPR055414;IPR058922	
6J5T_G	predict	/home/ganeshiny.sridharan/dgg/deep-green-GO/arc_benchmark/nominal_30_identity_80_coverage/inputs/structures/test/6J5T_G.pdb	A	IPR002182;IPR027417;IPR032675;IPR038005;IPR041118;IPR042197;IPR044974;IPR055414;IPR058922	
6J5T_H	predict	/home/ganeshiny.sridharan/dgg/deep-green-GO/arc_benchmark/nominal_30_identity_80_coverage/inputs/structures/test/6J5T_H.pdb	A	IPR000719;IPR011009;IPR045274	
6J5T_I	predict	/home/ganeshiny.sridharan/dgg/deep-green-GO/arc_benchmark/nominal_30_identity_80_coverage/inputs/structures/test/6J5T_I.pdb	A	IPR000719;IPR001245;IPR008271;IPR011009;IPR017441;IPR050823	
6J5T_J	predict	/home/ganeshiny.sridharan/dgg/deep-green-GO/arc_benchmark/nominal_30_identity_80_coverage/inputs/structures/test/6J5T_J.pdb	A	IPR000719;IPR001245;IPR008271;IPR011009;IPR017441;IPR050823	
6J5T_K	predict	/home/ganeshiny.sridharan/dgg/deep-green-GO/arc_benchmark/nominal_30_identity_80_coverage/inputs/structures/test/6J5T_K.pdb	A	IPR000719;IPR011009;IPR045274	
6J5T_L	predict	/home/ganeshiny.sridharan/dgg/deep-green-GO/arc_benchmark/nominal_30_identity_80_coverage/inputs/structures/test/6J5T_L.pdb	A	IPR002182;IPR027417;IPR032675;IPR038005;IPR041118;IPR042197;IPR044974;IPR055414;IPR058922	
6J5T_M	predict	/home/ganeshiny.sridharan/dgg/deep-green-GO/arc_benchmark/nominal_30_identity_80_coverage/inputs/structures/test/6J5T_M.pdb	A	IPR000719;IPR001245;IPR008271;IPR011009;IPR017441;IPR050823	
6J5T_N	predict	/home/ganeshiny.sridharan/dgg/deep-green-GO/arc_benchmark/nominal_30_identity_80_coverage/inputs/structures/test/6J5T_N.pdb	A	IPR000719;IPR011009;IPR045274	
6J5T_O	predict	/home/ganeshiny.sridharan/dgg/deep-green-GO/arc_benchmark/nominal_30_identity_80_coverage/inputs/structures/test/6J5T_O.pdb	A	IPR002182;IPR027417;IPR032675;IPR038005;IPR041118;IPR042197;IPR044974;IPR055414;IPR058922	
6J5U_A	predict	/home/ganeshiny.sridharan/dgg/deep-green-GO/arc_benchmark/nominal_30_identity_80_coverage/inputs/structures/test/6J5U_A.pdb	A	IPR002182;IPR027417;IPR032675;IPR038005;IPR041118;IPR042197;IPR044974;IPR055414;IPR058922	
6J5U_B	predict	/home/ganeshiny.sridharan/dgg/deep-green-GO/arc_benchmark/nominal_30_identity_80_coverage/inputs/structures/test/6J5U_B.pdb	A	IPR000719;IPR011009;IPR045274	
6J5U_C	predict	/home/ganeshiny.sridharan/dgg/deep-green-GO/arc_benchmark/nominal_30_identity_80_coverage/inputs/structures/test/6J5U_C.pdb	A	IPR000719;IPR001245;IPR008271;IPR011009;IPR017441;IPR050823	
6J5V_A	predict	/home/ganeshiny.sridharan/dgg/deep-green-GO/arc_benchmark/nominal_30_identity_80_coverage/inputs/structures/test/6J5V_A.pdb	A	IPR002182;IPR027417;IPR032675;IPR038005;IPR041118;IPR042197;IPR044974;IPR055414;IPR058922	
6J5V_B	predict	/home/ganeshiny.sridharan/dgg/deep-green-GO/arc_benchmark/nominal_30_identity_80_coverage/inputs/structures/test/6J5V_B.pdb	A	IPR000719;IPR011009;IPR045274	
6J5V_C	predict	/home/ganeshiny.sridharan/dgg/deep-green-GO/arc_benchmark/nominal_30_identity_80_coverage/inputs/structures/test/6J5V_C.pdb	A	IPR000719;IPR001245;IPR008271;IPR011009;IPR017441;IPR050823	
6J5W_A	predict	/home/ganeshiny.sridharan/dgg/deep-green-GO/arc_benchmark/nominal_30_identity_80_coverage/inputs/structures/test/6J5W_A.pdb	A	IPR002182;IPR027417;IPR032675;IPR038005;IPR041118;IPR042197;IPR044974;IPR055414;IPR058922	
6J5W_B	predict	/home/ganeshiny.sridharan/dgg/deep-green-GO/arc_benchmark/nominal_30_identity_80_coverage/inputs/structures/test/6J5W_B.pdb	A	IPR000719;IPR011009;IPR045274	
6J6I_A	predict	/home/ganeshiny.sridharan/dgg/deep-green-GO/arc_benchmark/nominal_30_identity_80_coverage/inputs/structures/test/6J6I_A.pdb	A	IPR000719;IPR001245;IPR008271;IPR011009;IPR017441;IPR050823	
6J6I_B	predict	/home/ganeshiny.sridharan/dgg/deep-green-GO/arc_benchmark/nominal_30_identity_80_coverage/inputs/structures/test/6J6I_B.pdb	A	IPR000719;IPR011009;IPR045274	
6J6I_C	predict	/home/ganeshiny.sridharan/dgg/deep-green-GO/arc_benchmark/nominal_30_identity_80_coverage/inputs/structures/test/6J6I_C.pdb	A	IPR002182;IPR027417;IPR032675;IPR038005;IPR041118;IPR042197;IPR044974;IPR055414;IPR058922	
6J6I_F	predict	/home/ganeshiny.sridharan/dgg/deep-green-GO/arc_benchmark/nominal_30_identity_80_coverage/inputs/structures/test/6J6I_F.pdb	A	IPR002182;IPR027417;IPR032675;IPR038005;IPR041118;IPR042197;IPR044974;IPR055414;IPR058922	
6J6I_G	predict	/home/ganeshiny.sridharan/dgg/deep-green-GO/arc_benchmark/nominal_30_identity_80_coverage/inputs/structures/test/6J6I_G.pdb	A	IPR002182;IPR027417;IPR032675;IPR038005;IPR041118;IPR042197;IPR044974;IPR055414;IPR058922	
6J6I_L	predict	/home/ganeshiny.sridharan/dgg/deep-green-GO/arc_benchmark/nominal_30_identity_80_coverage/inputs/structures/test/6J6I_L.pdb	A	IPR002182;IPR027417;IPR032675;IPR038005;IPR041118;IPR042197;IPR044974;IPR055414;IPR058922	
6J6I_O	predict	/home/ganeshiny.sridharan/dgg/deep-green-GO/arc_benchmark/nominal_30_identity_80_coverage/inputs/structures/test/6J6I_O.pdb	A	IPR002182;IPR027417;IPR032675;IPR038005;IPR041118;IPR042197;IPR044974;IPR055414;IPR058922	
3OB4_A	predict	/home/ganeshiny.sridharan/dgg/deep-green-GO/arc_benchmark/nominal_30_identity_80_coverage/inputs/structures/test/3OB4_A.pdb	A	IPR006059;IPR006060;IPR006061;IPR016140;IPR036312	
7VN2_A	predict	/home/ganeshiny.sridharan/dgg/deep-green-GO/arc_benchmark/nominal_30_identity_80_coverage/inputs/structures/test/7VN2_A.pdb	A	IPR006059;IPR006060;IPR006061;IPR008540	
7VN2_C	predict	/home/ganeshiny.sridharan/dgg/deep-green-GO/arc_benchmark/nominal_30_identity_80_coverage/inputs/structures/test/7VN2_C.pdb	A	IPR006059;IPR006060;IPR006061;IPR008540	
7VN3_A	predict	/home/ganeshiny.sridharan/dgg/deep-green-GO/arc_benchmark/nominal_30_identity_80_coverage/inputs/structures/test/7VN3_A.pdb	A	IPR006059;IPR006060;IPR006061;IPR008540	
7VN3_B	predict	/home/ganeshiny.sridharan/dgg/deep-green-GO/arc_benchmark/nominal_30_identity_80_coverage/inputs/structures/test/7VN3_B.pdb	A	IPR006059;IPR006060;IPR006061;IPR008540	
7VN3_C	predict	/home/ganeshiny.sridharan/dgg/deep-green-GO/arc_benchmark/nominal_30_identity_80_coverage/inputs/structures/test/7VN3_C.pdb	A	IPR006059;IPR006060;IPR006061;IPR008540	
7VN3_D	predict	/home/ganeshiny.sridharan/dgg/deep-green-GO/arc_benchmark/nominal_30_identity_80_coverage/inputs/structures/test/7VN3_D.pdb	A	IPR006059;IPR006060;IPR006061;IPR008540	
7VN4_A	predict	/home/ganeshiny.sridharan/dgg/deep-green-GO/arc_benchmark/nominal_30_identity_80_coverage/inputs/structures/test/7VN4_A.pdb	A	IPR006059;IPR006060;IPR006061;IPR008540	
7VN4_B	predict	/home/ganeshiny.sridharan/dgg/deep-green-GO/arc_benchmark/nominal_30_identity_80_coverage/inputs/structures/test/7VN4_B.pdb	A	IPR006059;IPR006060;IPR006061;IPR008540	
7VN4_C	predict	/home/ganeshiny.sridharan/dgg/deep-green-GO/arc_benchmark/nominal_30_identity_80_coverage/inputs/structures/test/7VN4_C.pdb	A	IPR006059;IPR006060;IPR006061;IPR008540	
7VN4_D	predict	/home/ganeshiny.sridharan/dgg/deep-green-GO/arc_benchmark/nominal_30_identity_80_coverage/inputs/structures/test/7VN4_D.pdb	A	IPR006059;IPR006060;IPR006061;IPR008540	
7VN5_A	predict	/home/ganeshiny.sridharan/dgg/deep-green-GO/arc_benchmark/nominal_30_identity_80_coverage/inputs/structures/test/7VN5_A.pdb	A	IPR006059;IPR006060;IPR006061;IPR008540	
7VN5_B	predict	/home/ganeshiny.sridharan/dgg/deep-green-GO/arc_benchmark/nominal_30_identity_80_coverage/inputs/structures/test/7VN5_B.pdb	A	IPR006059;IPR006060;IPR006061;IPR008540	
7VN5_C	predict	/home/ganeshiny.sridharan/dgg/deep-green-GO/arc_benchmark/nominal_30_identity_80_coverage/inputs/structures/test/7VN5_C.pdb	A	IPR006059;IPR006060;IPR006061;IPR008540	
7VN5_D	predict	/home/ganeshiny.sridharan/dgg/deep-green-GO/arc_benchmark/nominal_30_identity_80_coverage/inputs/structures/test/7VN5_D.pdb	A	IPR006059;IPR006060;IPR006061;IPR008540	
7VN6_A	predict	/home/ganeshiny.sridharan/dgg/deep-green-GO/arc_benchmark/nominal_30_identity_80_coverage/inputs/structures/test/7VN6_A.pdb	A	IPR006059;IPR006060;IPR006061;IPR008540	
7VN6_B	predict	/home/ganeshiny.sridharan/dgg/deep-green-GO/arc_benchmark/nominal_30_identity_80_coverage/inputs/structures/test/7VN6_B.pdb	A	IPR006059;IPR006060;IPR006061;IPR008540	
7VN6_C	predict	/home/ganeshiny.sridharan/dgg/deep-green-GO/arc_benchmark/nominal_30_identity_80_coverage/inputs/structures/test/7VN6_C.pdb	A	IPR006059;IPR006060;IPR006061;IPR008540	
7VN6_D	predict	/home/ganeshiny.sridharan/dgg/deep-green-GO/arc_benchmark/nominal_30_identity_80_coverage/inputs/structures/test/7VN6_D.pdb	A	IPR006059;IPR006060;IPR006061;IPR008540	
7VN7_A	predict	/home/ganeshiny.sridharan/dgg/deep-green-GO/arc_benchmark/nominal_30_identity_80_coverage/inputs/structures/test/7VN7_A.pdb	A	IPR006059;IPR006060;IPR006061;IPR008540	
7VN7_B	predict	/home/ganeshiny.sridharan/dgg/deep-green-GO/arc_benchmark/nominal_30_identity_80_coverage/inputs/structures/test/7VN7_B.pdb	A	IPR006059;IPR006060;IPR006061;IPR008540	
7VN7_C	predict	/home/ganeshiny.sridharan/dgg/deep-green-GO/arc_benchmark/nominal_30_identity_80_coverage/inputs/structures/test/7VN7_C.pdb	A	IPR006059;IPR006060;IPR006061;IPR008540	
7VN7_D	predict	/home/ganeshiny.sridharan/dgg/deep-green-GO/arc_benchmark/nominal_30_identity_80_coverage/inputs/structures/test/7VN7_D.pdb	A	IPR006059;IPR006060;IPR006061;IPR008540	
7VN8_A	predict	/home/ganeshiny.sridharan/dgg/deep-green-GO/arc_benchmark/nominal_30_identity_80_coverage/inputs/structures/test/7VN8_A.pdb	A	IPR006059;IPR006060;IPR006061;IPR008540	
7VN8_B	predict	/home/ganeshiny.sridharan/dgg/deep-green-GO/arc_benchmark/nominal_30_identity_80_coverage/inputs/structures/test/7VN8_B.pdb	A	IPR006059;IPR006060;IPR006061;IPR008540	
7VN8_C	predict	/home/ganeshiny.sridharan/dgg/deep-green-GO/arc_benchmark/nominal_30_identity_80_coverage/inputs/structures/test/7VN8_C.pdb	A	IPR006059;IPR006060;IPR006061;IPR008540	
7VN8_D	predict	/home/ganeshiny.sridharan/dgg/deep-green-GO/arc_benchmark/nominal_30_identity_80_coverage/inputs/structures/test/7VN8_D.pdb	A	IPR006059;IPR006060;IPR006061;IPR008540	
3S27_A	predict	/home/ganeshiny.sridharan/dgg/deep-green-GO/arc_benchmark/nominal_30_identity_80_coverage/inputs/structures/test/3S27_A.pdb	A	IPR000368;IPR001296;IPR012820;IPR056735;IPR056736	
3S27_B	predict	/home/ganeshiny.sridharan/dgg/deep-green-GO/arc_benchmark/nominal_30_identity_80_coverage/inputs/structures/test/3S27_B.pdb	A	IPR000368;IPR001296;IPR012820;IPR056735;IPR056736	
3S27_C	predict	/home/ganeshiny.sridharan/dgg/deep-green-GO/arc_benchmark/nominal_30_identity_80_coverage/inputs/structures/test/3S27_C.pdb	A	IPR000368;IPR001296;IPR012820;IPR056735;IPR056736	
3S27_D	predict	/home/ganeshiny.sridharan/dgg/deep-green-GO/arc_benchmark/nominal_30_identity_80_coverage/inputs/structures/test/3S27_D.pdb	A	IPR000368;IPR001296;IPR012820;IPR056735;IPR056736	
3S27_E	predict	/home/ganeshiny.sridharan/dgg/deep-green-GO/arc_benchmark/nominal_30_identity_80_coverage/inputs/structures/test/3S27_E.pdb	A	IPR000368;IPR001296;IPR012820;IPR056735;IPR056736	
3S27_F	predict	/home/ganeshiny.sridharan/dgg/deep-green-GO/arc_benchmark/nominal_30_identity_80_coverage/inputs/structures/test/3S27_F.pdb	A	IPR000368;IPR001296;IPR012820;IPR056735;IPR056736	
3S27_G	predict	/home/ganeshiny.sridharan/dgg/deep-green-GO/arc_benchmark/nominal_30_identity_80_coverage/inputs/structures/test/3S27_G.pdb	A	IPR000368;IPR001296;IPR012820;IPR056735;IPR056736	
3S27_H	predict	/home/ganeshiny.sridharan/dgg/deep-green-GO/arc_benchmark/nominal_30_identity_80_coverage/inputs/structures/test/3S27_H.pdb	A	IPR000368;IPR001296;IPR012820;IPR056735;IPR056736	
3S28_A	predict	/home/ganeshiny.sridharan/dgg/deep-green-GO/arc_benchmark/nominal_30_identity_80_coverage/inputs/structures/test/3S28_A.pdb	A	IPR000368;IPR001296;IPR012820;IPR056735;IPR056736	
3S28_B	predict	/home/ganeshiny.sridharan/dgg/deep-green-GO/arc_benchmark/nominal_30_identity_80_coverage/inputs/structures/test/3S28_B.pdb	A	IPR000368;IPR001296;IPR012820;IPR056735;IPR056736	
3S28_C	predict	/home/ganeshiny.sridharan/dgg/deep-green-GO/arc_benchmark/nominal_30_identity_80_coverage/inputs/structures/test/3S28_C.pdb	A	IPR000368;IPR001296;IPR012820;IPR056735;IPR056736	
3S28_D	predict	/home/ganeshiny.sridharan/dgg/deep-green-GO/arc_benchmark/nominal_30_identity_80_coverage/inputs/structures/test/3S28_D.pdb	A	IPR000368;IPR001296;IPR012820;IPR056735;IPR056736	
3S28_E	predict	/home/ganeshiny.sridharan/dgg/deep-green-GO/arc_benchmark/nominal_30_identity_80_coverage/inputs/structures/test/3S28_E.pdb	A	IPR000368;IPR001296;IPR012820;IPR056735;IPR056736	
3S28_F	predict	/home/ganeshiny.sridharan/dgg/deep-green-GO/arc_benchmark/nominal_30_identity_80_coverage/inputs/structures/test/3S28_F.pdb	A	IPR000368;IPR001296;IPR012820;IPR056735;IPR056736	
3S28_G	predict	/home/ganeshiny.sridharan/dgg/deep-green-GO/arc_benchmark/nominal_30_identity_80_coverage/inputs/structures/test/3S28_G.pdb	A	IPR000368;IPR001296;IPR012820;IPR056735;IPR056736	
3S28_H	predict	/home/ganeshiny.sridharan/dgg/deep-green-GO/arc_benchmark/nominal_30_identity_80_coverage/inputs/structures/test/3S28_H.pdb	A	IPR000368;IPR001296;IPR012820;IPR056735;IPR056736	
3S29_A	predict	/home/ganeshiny.sridharan/dgg/deep-green-GO/arc_benchmark/nominal_30_identity_80_coverage/inputs/structures/test/3S29_A.pdb	A	IPR000368;IPR001296;IPR012820;IPR056735;IPR056736	
3S29_B	predict	/home/ganeshiny.sridharan/dgg/deep-green-GO/arc_benchmark/nominal_30_identity_80_coverage/inputs/structures/test/3S29_B.pdb	A	IPR000368;IPR001296;IPR012820;IPR056735;IPR056736	
3S29_C	predict	/home/ganeshiny.sridharan/dgg/deep-green-GO/arc_benchmark/nominal_30_identity_80_coverage/inputs/structures/test/3S29_C.pdb	A	IPR000368;IPR001296;IPR012820;IPR056735;IPR056736	
3S29_D	predict	/home/ganeshiny.sridharan/dgg/deep-green-GO/arc_benchmark/nominal_30_identity_80_coverage/inputs/structures/test/3S29_D.pdb	A	IPR000368;IPR001296;IPR012820;IPR056735;IPR056736	
3S29_E	predict	/home/ganeshiny.sridharan/dgg/deep-green-GO/arc_benchmark/nominal_30_identity_80_coverage/inputs/structures/test/3S29_E.pdb	A	IPR000368;IPR001296;IPR012820;IPR056735;IPR056736	
3S29_F	predict	/home/ganeshiny.sridharan/dgg/deep-green-GO/arc_benchmark/nominal_30_identity_80_coverage/inputs/structures/test/3S29_F.pdb	A	IPR000368;IPR001296;IPR012820;IPR056735;IPR056736	
3S29_G	predict	/home/ganeshiny.sridharan/dgg/deep-green-GO/arc_benchmark/nominal_30_identity_80_coverage/inputs/structures/test/3S29_G.pdb	A	IPR000368;IPR001296;IPR012820;IPR056735;IPR056736	
3S29_H	predict	/home/ganeshiny.sridharan/dgg/deep-green-GO/arc_benchmark/nominal_30_identity_80_coverage/inputs/structures/test/3S29_H.pdb	A	IPR000368;IPR001296;IPR012820;IPR056735;IPR056736	
4BQE_A	predict	/home/ganeshiny.sridharan/dgg/deep-green-GO/arc_benchmark/nominal_30_identity_80_coverage/inputs/structures/test/4BQE_A.pdb	A	IPR000811;IPR011833;IPR035090	
4BQE_B	predict	/home/ganeshiny.sridharan/dgg/deep-green-GO/arc_benchmark/nominal_30_identity_80_coverage/inputs/structures/test/4BQE_B.pdb	A	IPR000811;IPR011833;IPR035090	
4BQF_A	predict	/home/ganeshiny.sridharan/dgg/deep-green-GO/arc_benchmark/nominal_30_identity_80_coverage/inputs/structures/test/4BQF_A.pdb	A	IPR000811;IPR011833;IPR035090	
4BQF_B	predict	/home/ganeshiny.sridharan/dgg/deep-green-GO/arc_benchmark/nominal_30_identity_80_coverage/inputs/structures/test/4BQF_B.pdb	A	IPR000811;IPR011833;IPR035090	
4BQI_A	predict	/home/ganeshiny.sridharan/dgg/deep-green-GO/arc_benchmark/nominal_30_identity_80_coverage/inputs/structures/test/4BQI_A.pdb	A	IPR000811;IPR011833;IPR035090	
4BQI_B	predict	/home/ganeshiny.sridharan/dgg/deep-green-GO/arc_benchmark/nominal_30_identity_80_coverage/inputs/structures/test/4BQI_B.pdb	A	IPR000811;IPR011833;IPR035090	
8R48_A	predict	/home/ganeshiny.sridharan/dgg/deep-green-GO/arc_benchmark/nominal_30_identity_80_coverage/inputs/structures/test/8R48_A.pdb	A	IPR000811;IPR011833;IPR035090	
8R49_A	predict	/home/ganeshiny.sridharan/dgg/deep-green-GO/arc_benchmark/nominal_30_identity_80_coverage/inputs/structures/test/8R49_A.pdb	A	IPR000811;IPR011833;IPR035090	
8R49_B	predict	/home/ganeshiny.sridharan/dgg/deep-green-GO/arc_benchmark/nominal_30_identity_80_coverage/inputs/structures/test/8R49_B.pdb	A	IPR000811;IPR011833;IPR035090	
8R49_C	predict	/home/ganeshiny.sridharan/dgg/deep-green-GO/arc_benchmark/nominal_30_identity_80_coverage/inputs/structures/test/8R49_C.pdb	A	IPR000811;IPR011833;IPR035090	
8R4G_A	predict	/home/ganeshiny.sridharan/dgg/deep-green-GO/arc_benchmark/nominal_30_identity_80_coverage/inputs/structures/test/8R4G_A.pdb	A	IPR000811;IPR011833;IPR035090	
8R4G_B	predict	/home/ganeshiny.sridharan/dgg/deep-green-GO/arc_benchmark/nominal_30_identity_80_coverage/inputs/structures/test/8R4G_B.pdb	A	IPR000811;IPR011833;IPR035090	
8R4G_C	predict	/home/ganeshiny.sridharan/dgg/deep-green-GO/arc_benchmark/nominal_30_identity_80_coverage/inputs/structures/test/8R4G_C.pdb	A	IPR000811;IPR011833;IPR035090	
8R4J_A	predict	/home/ganeshiny.sridharan/dgg/deep-green-GO/arc_benchmark/nominal_30_identity_80_coverage/inputs/structures/test/8R4J_A.pdb	A	IPR000811;IPR011833;IPR035090	
8R4J_B	predict	/home/ganeshiny.sridharan/dgg/deep-green-GO/arc_benchmark/nominal_30_identity_80_coverage/inputs/structures/test/8R4J_B.pdb	A	IPR000811;IPR011833;IPR035090	
8R4J_C	predict	/home/ganeshiny.sridharan/dgg/deep-green-GO/arc_benchmark/nominal_30_identity_80_coverage/inputs/structures/test/8R4J_C.pdb	A	IPR000811;IPR011833;IPR035090	
8R4K_A	predict	/home/ganeshiny.sridharan/dgg/deep-green-GO/arc_benchmark/nominal_30_identity_80_coverage/inputs/structures/test/8R4K_A.pdb	A	IPR000811;IPR011833;IPR035090	
8R4K_B	predict	/home/ganeshiny.sridharan/dgg/deep-green-GO/arc_benchmark/nominal_30_identity_80_coverage/inputs/structures/test/8R4K_B.pdb	A	IPR000811;IPR011833;IPR035090	
8R4K_C	predict	/home/ganeshiny.sridharan/dgg/deep-green-GO/arc_benchmark/nominal_30_identity_80_coverage/inputs/structures/test/8R4K_C.pdb	A	IPR000811;IPR011833;IPR035090	
6W8R_A	predict	/home/ganeshiny.sridharan/dgg/deep-green-GO/arc_benchmark/nominal_30_identity_80_coverage/inputs/structures/test/6W8R_A.pdb	A	IPR011600;IPR029030;IPR050452	
6W8R_B	predict	/home/ganeshiny.sridharan/dgg/deep-green-GO/arc_benchmark/nominal_30_identity_80_coverage/inputs/structures/test/6W8R_B.pdb	A	IPR011600;IPR029030;IPR050452	
6W8S_A	predict	/home/ganeshiny.sridharan/dgg/deep-green-GO/arc_benchmark/nominal_30_identity_80_coverage/inputs/structures/test/6W8S_A.pdb	A	IPR011600;IPR029030;IPR050452	
6W8S_B	predict	/home/ganeshiny.sridharan/dgg/deep-green-GO/arc_benchmark/nominal_30_identity_80_coverage/inputs/structures/test/6W8S_B.pdb	A	IPR011600;IPR029030;IPR050452	
6W8S_C	predict	/home/ganeshiny.sridharan/dgg/deep-green-GO/arc_benchmark/nominal_30_identity_80_coverage/inputs/structures/test/6W8S_C.pdb	A	IPR011600;IPR029030;IPR050452	
6W8S_D	predict	/home/ganeshiny.sridharan/dgg/deep-green-GO/arc_benchmark/nominal_30_identity_80_coverage/inputs/structures/test/6W8S_D.pdb	A	IPR011600;IPR029030;IPR050452	
6W8T_A	predict	/home/ganeshiny.sridharan/dgg/deep-green-GO/arc_benchmark/nominal_30_identity_80_coverage/inputs/structures/test/6W8T_A.pdb	A	IPR011600;IPR029030;IPR050452	
6W8T_B	predict	/home/ganeshiny.sridharan/dgg/deep-green-GO/arc_benchmark/nominal_30_identity_80_coverage/inputs/structures/test/6W8T_B.pdb	A	IPR011600;IPR029030;IPR050452	
8A53_A	predict	/home/ganeshiny.sridharan/dgg/deep-green-GO/arc_benchmark/nominal_30_identity_80_coverage/inputs/structures/test/8A53_A.pdb	A	IPR011600;IPR012349;IPR029030;IPR050452	
8A53_B	predict	/home/ganeshiny.sridharan/dgg/deep-green-GO/arc_benchmark/nominal_30_identity_80_coverage/inputs/structures/test/8A53_B.pdb	A	IPR011600;IPR012349;IPR029030;IPR050452	
8A53_C	predict	/home/ganeshiny.sridharan/dgg/deep-green-GO/arc_benchmark/nominal_30_identity_80_coverage/inputs/structures/test/8A53_C.pdb	A	IPR011600;IPR012349;IPR029030;IPR050452	
8A53_D	predict	/home/ganeshiny.sridharan/dgg/deep-green-GO/arc_benchmark/nominal_30_identity_80_coverage/inputs/structures/test/8A53_D.pdb	A	IPR011600;IPR012349;IPR029030;IPR050452	
9N3D_A	predict	/home/ganeshiny.sridharan/dgg/deep-green-GO/arc_benchmark/nominal_30_identity_80_coverage/inputs/structures/test/9N3D_A.pdb	A	IPR011600;IPR029030;IPR050452	
9N3E_A	predict	/home/ganeshiny.sridharan/dgg/deep-green-GO/arc_benchmark/nominal_30_identity_80_coverage/inputs/structures/test/9N3E_A.pdb	A	IPR011600;IPR029030;IPR050452	
9N3E_B	predict	/home/ganeshiny.sridharan/dgg/deep-green-GO/arc_benchmark/nominal_30_identity_80_coverage/inputs/structures/test/9N3E_B.pdb	A	IPR011600;IPR029030;IPR050452	
9N3F_A	predict	/home/ganeshiny.sridharan/dgg/deep-green-GO/arc_benchmark/nominal_30_identity_80_coverage/inputs/structures/test/9N3F_A.pdb	A	IPR011600;IPR029030;IPR050452	
1SQL_A	predict	/home/ganeshiny.sridharan/dgg/deep-green-GO/arc_benchmark/nominal_30_identity_80_coverage/inputs/structures/test/1SQL_A.pdb	A	IPR006156;IPR006157;IPR043133	
1SQL_B	predict	/home/ganeshiny.sridharan/dgg/deep-green-GO/arc_benchmark/nominal_30_identity_80_coverage/inputs/structures/test/1SQL_B.pdb	A	IPR006156;IPR006157;IPR043133	
1SQL_C	predict	/home/ganeshiny.sridharan/dgg/deep-green-GO/arc_benchmark/nominal_30_identity_80_coverage/inputs/structures/test/1SQL_C.pdb	A	IPR006156;IPR006157;IPR043133	
1SQL_D	predict	/home/ganeshiny.sridharan/dgg/deep-green-GO/arc_benchmark/nominal_30_identity_80_coverage/inputs/structures/test/1SQL_D.pdb	A	IPR006156;IPR006157;IPR043133	
1SQL_E	predict	/home/ganeshiny.sridharan/dgg/deep-green-GO/arc_benchmark/nominal_30_identity_80_coverage/inputs/structures/test/1SQL_E.pdb	A	IPR006156;IPR006157;IPR043133	
1SQL_F	predict	/home/ganeshiny.sridharan/dgg/deep-green-GO/arc_benchmark/nominal_30_identity_80_coverage/inputs/structures/test/1SQL_F.pdb	A	IPR006156;IPR006157;IPR043133	
1SQL_G	predict	/home/ganeshiny.sridharan/dgg/deep-green-GO/arc_benchmark/nominal_30_identity_80_coverage/inputs/structures/test/1SQL_G.pdb	A	IPR006156;IPR006157;IPR043133	
1SQL_H	predict	/home/ganeshiny.sridharan/dgg/deep-green-GO/arc_benchmark/nominal_30_identity_80_coverage/inputs/structures/test/1SQL_H.pdb	A	IPR006156;IPR006157;IPR043133	
1SQL_I	predict	/home/ganeshiny.sridharan/dgg/deep-green-GO/arc_benchmark/nominal_30_identity_80_coverage/inputs/structures/test/1SQL_I.pdb	A	IPR006156;IPR006157;IPR043133	
1SQL_J	predict	/home/ganeshiny.sridharan/dgg/deep-green-GO/arc_benchmark/nominal_30_identity_80_coverage/inputs/structures/test/1SQL_J.pdb	A	IPR006156;IPR006157;IPR043133	
1SQL_K	predict	/home/ganeshiny.sridharan/dgg/deep-green-GO/arc_benchmark/nominal_30_identity_80_coverage/inputs/structures/test/1SQL_K.pdb	A	IPR006156;IPR006157;IPR043133	
1SQL_L	predict	/home/ganeshiny.sridharan/dgg/deep-green-GO/arc_benchmark/nominal_30_identity_80_coverage/inputs/structures/test/1SQL_L.pdb	A	IPR006156;IPR006157;IPR043133	
1SQL_M	predict	/home/ganeshiny.sridharan/dgg/deep-green-GO/arc_benchmark/nominal_30_identity_80_coverage/inputs/structures/test/1SQL_M.pdb	A	IPR006156;IPR006157;IPR043133	
1SQL_N	predict	/home/ganeshiny.sridharan/dgg/deep-green-GO/arc_benchmark/nominal_30_identity_80_coverage/inputs/structures/test/1SQL_N.pdb	A	IPR006156;IPR006157;IPR043133	
1SQL_O	predict	/home/ganeshiny.sridharan/dgg/deep-green-GO/arc_benchmark/nominal_30_identity_80_coverage/inputs/structures/test/1SQL_O.pdb	A	IPR006156;IPR006157;IPR043133	
1SQL_P	predict	/home/ganeshiny.sridharan/dgg/deep-green-GO/arc_benchmark/nominal_30_identity_80_coverage/inputs/structures/test/1SQL_P.pdb	A	IPR006156;IPR006157;IPR043133	
5L25_A	predict	/home/ganeshiny.sridharan/dgg/deep-green-GO/arc_benchmark/nominal_30_identity_80_coverage/inputs/structures/test/5L25_A.pdb	A	IPR003020;IPR011531	
8TEG_A	predict	/home/ganeshiny.sridharan/dgg/deep-green-GO/arc_benchmark/nominal_30_identity_80_coverage/inputs/structures/test/8TEG_A.pdb	A	IPR003020;IPR011531	
8TEG_B	predict	/home/ganeshiny.sridharan/dgg/deep-green-GO/arc_benchmark/nominal_30_identity_80_coverage/inputs/structures/test/8TEG_B.pdb	A	IPR003020;IPR011531	
8TEH_A	predict	/home/ganeshiny.sridharan/dgg/deep-green-GO/arc_benchmark/nominal_30_identity_80_coverage/inputs/structures/test/8TEH_A.pdb	A	IPR003020;IPR011531	
8TEH_B	predict	/home/ganeshiny.sridharan/dgg/deep-green-GO/arc_benchmark/nominal_30_identity_80_coverage/inputs/structures/test/8TEH_B.pdb	A	IPR003020;IPR011531	
8TEI_A	predict	/home/ganeshiny.sridharan/dgg/deep-green-GO/arc_benchmark/nominal_30_identity_80_coverage/inputs/structures/test/8TEI_A.pdb	A	IPR003020;IPR011531	
8TEI_B	predict	/home/ganeshiny.sridharan/dgg/deep-green-GO/arc_benchmark/nominal_30_identity_80_coverage/inputs/structures/test/8TEI_B.pdb	A	IPR003020;IPR011531	
8TEJ_A	predict	/home/ganeshiny.sridharan/dgg/deep-green-GO/arc_benchmark/nominal_30_identity_80_coverage/inputs/structures/test/8TEJ_A.pdb	A	IPR003020;IPR011531	
8TEL_A	predict	/home/ganeshiny.sridharan/dgg/deep-green-GO/arc_benchmark/nominal_30_identity_80_coverage/inputs/structures/test/8TEL_A.pdb	A	IPR003020;IPR011531	
8TEL_B	predict	/home/ganeshiny.sridharan/dgg/deep-green-GO/arc_benchmark/nominal_30_identity_80_coverage/inputs/structures/test/8TEL_B.pdb	A	IPR003020;IPR011531	
8TEM_A	predict	/home/ganeshiny.sridharan/dgg/deep-green-GO/arc_benchmark/nominal_30_identity_80_coverage/inputs/structures/test/8TEM_A.pdb	A	IPR003020;IPR011531	
8TEM_B	predict	/home/ganeshiny.sridharan/dgg/deep-green-GO/arc_benchmark/nominal_30_identity_80_coverage/inputs/structures/test/8TEM_B.pdb	A	IPR003020;IPR011531	
8TEN_A	predict	/home/ganeshiny.sridharan/dgg/deep-green-GO/arc_benchmark/nominal_30_identity_80_coverage/inputs/structures/test/8TEN_A.pdb	A	IPR003020;IPR011531	
8TEN_B	predict	/home/ganeshiny.sridharan/dgg/deep-green-GO/arc_benchmark/nominal_30_identity_80_coverage/inputs/structures/test/8TEN_B.pdb	A	IPR003020;IPR011531	
2V91_A	predict	/home/ganeshiny.sridharan/dgg/deep-green-GO/arc_benchmark/nominal_30_identity_80_coverage/inputs/structures/test/2V91_A.pdb	A	IPR011042;IPR018119	
2V91_B	predict	/home/ganeshiny.sridharan/dgg/deep-green-GO/arc_benchmark/nominal_30_identity_80_coverage/inputs/structures/test/2V91_B.pdb	A	IPR011042;IPR018119	
4IMB_A	predict	/home/ganeshiny.sridharan/dgg/deep-green-GO/arc_benchmark/nominal_30_identity_80_coverage/inputs/structures/test/4IMB_A.pdb	A	IPR011042;IPR018119	
4IMB_B	predict	/home/ganeshiny.sridharan/dgg/deep-green-GO/arc_benchmark/nominal_30_identity_80_coverage/inputs/structures/test/4IMB_B.pdb	A	IPR011042;IPR018119	
4IYG_A	predict	/home/ganeshiny.sridharan/dgg/deep-green-GO/arc_benchmark/nominal_30_identity_80_coverage/inputs/structures/test/4IYG_A.pdb	A	IPR011042;IPR018119	
4IYG_B	predict	/home/ganeshiny.sridharan/dgg/deep-green-GO/arc_benchmark/nominal_30_identity_80_coverage/inputs/structures/test/4IYG_B.pdb	A	IPR011042;IPR018119	
6N5V_A	predict	/home/ganeshiny.sridharan/dgg/deep-green-GO/arc_benchmark/nominal_30_identity_80_coverage/inputs/structures/test/6N5V_A.pdb	A	IPR011042;IPR018119	
6N5V_B	predict	/home/ganeshiny.sridharan/dgg/deep-green-GO/arc_benchmark/nominal_30_identity_80_coverage/inputs/structures/test/6N5V_B.pdb	A	IPR011042;IPR018119	
7T5I_A	predict	/home/ganeshiny.sridharan/dgg/deep-green-GO/arc_benchmark/nominal_30_identity_80_coverage/inputs/structures/test/7T5I_A.pdb	A	IPR011042;IPR018119	
7T5I_B	predict	/home/ganeshiny.sridharan/dgg/deep-green-GO/arc_benchmark/nominal_30_identity_80_coverage/inputs/structures/test/7T5I_B.pdb	A	IPR011042;IPR018119	
7T5J_A	predict	/home/ganeshiny.sridharan/dgg/deep-green-GO/arc_benchmark/nominal_30_identity_80_coverage/inputs/structures/test/7T5J_A.pdb	A	IPR011042;IPR018119	
7T5J_B	predict	/home/ganeshiny.sridharan/dgg/deep-green-GO/arc_benchmark/nominal_30_identity_80_coverage/inputs/structures/test/7T5J_B.pdb	A	IPR011042;IPR018119	
7YJK_A	predict	/home/ganeshiny.sridharan/dgg/deep-green-GO/arc_benchmark/nominal_30_identity_80_coverage/inputs/structures/test/7YJK_A.pdb	A	IPR004839;IPR015421;IPR015422;IPR015424;IPR050087	
7YJK_B	predict	/home/ganeshiny.sridharan/dgg/deep-green-GO/arc_benchmark/nominal_30_identity_80_coverage/inputs/structures/test/7YJK_B.pdb	A	IPR001917;IPR004839;IPR015421;IPR015422;IPR015424;IPR050087	
7YJK_C	predict	/home/ganeshiny.sridharan/dgg/deep-green-GO/arc_benchmark/nominal_30_identity_80_coverage/inputs/structures/test/7YJK_C.pdb	A	IPR024512	
7YJK_E	predict	/home/ganeshiny.sridharan/dgg/deep-green-GO/arc_benchmark/nominal_30_identity_80_coverage/inputs/structures/test/7YJK_E.pdb	A	IPR004839;IPR015421;IPR015422;IPR015424;IPR050087	
7YJK_F	predict	/home/ganeshiny.sridharan/dgg/deep-green-GO/arc_benchmark/nominal_30_identity_80_coverage/inputs/structures/test/7YJK_F.pdb	A	IPR001917;IPR004839;IPR015421;IPR015422;IPR015424;IPR050087	
7YJK_G	predict	/home/ganeshiny.sridharan/dgg/deep-green-GO/arc_benchmark/nominal_30_identity_80_coverage/inputs/structures/test/7YJK_G.pdb	A	IPR024512	
7YJM_B	predict	/home/ganeshiny.sridharan/dgg/deep-green-GO/arc_benchmark/nominal_30_identity_80_coverage/inputs/structures/test/7YJM_B.pdb	A	IPR001917;IPR004839;IPR015421;IPR015422;IPR015424;IPR050087	
7YJM_C	predict	/home/ganeshiny.sridharan/dgg/deep-green-GO/arc_benchmark/nominal_30_identity_80_coverage/inputs/structures/test/7YJM_C.pdb	A	IPR024512	
7YJN_B	predict	/home/ganeshiny.sridharan/dgg/deep-green-GO/arc_benchmark/nominal_30_identity_80_coverage/inputs/structures/test/7YJN_B.pdb	A	IPR001917;IPR004839;IPR015421;IPR015422;IPR015424;IPR050087	
7YJN_C	predict	/home/ganeshiny.sridharan/dgg/deep-green-GO/arc_benchmark/nominal_30_identity_80_coverage/inputs/structures/test/7YJN_C.pdb	A	IPR024512	
7YJO_B	predict	/home/ganeshiny.sridharan/dgg/deep-green-GO/arc_benchmark/nominal_30_identity_80_coverage/inputs/structures/test/7YJO_B.pdb	A	IPR001917;IPR004839;IPR015421;IPR015422;IPR015424;IPR050087	
7YJO_C	predict	/home/ganeshiny.sridharan/dgg/deep-green-GO/arc_benchmark/nominal_30_identity_80_coverage/inputs/structures/test/7YJO_C.pdb	A	IPR024512	
7EXF_A	predict	/home/ganeshiny.sridharan/dgg/deep-green-GO/arc_benchmark/nominal_30_identity_80_coverage/inputs/structures/test/7EXF_A.pdb	A	IPR008811;IPR013785;IPR017853	
7EXF_B	predict	/home/ganeshiny.sridharan/dgg/deep-green-GO/arc_benchmark/nominal_30_identity_80_coverage/inputs/structures/test/7EXF_B.pdb	A	IPR008811;IPR013785;IPR017853	
7EXG_A	predict	/home/ganeshiny.sridharan/dgg/deep-green-GO/arc_benchmark/nominal_30_identity_80_coverage/inputs/structures/test/7EXG_A.pdb	A	IPR008811;IPR013785;IPR017853	
7EXG_B	predict	/home/ganeshiny.sridharan/dgg/deep-green-GO/arc_benchmark/nominal_30_identity_80_coverage/inputs/structures/test/7EXG_B.pdb	A	IPR008811;IPR013785;IPR017853	
7EXH_A	predict	/home/ganeshiny.sridharan/dgg/deep-green-GO/arc_benchmark/nominal_30_identity_80_coverage/inputs/structures/test/7EXH_A.pdb	A	IPR008811;IPR013785;IPR017853	
7EXH_B	predict	/home/ganeshiny.sridharan/dgg/deep-green-GO/arc_benchmark/nominal_30_identity_80_coverage/inputs/structures/test/7EXH_B.pdb	A	IPR008811;IPR013785;IPR017853	
7EXJ_A	predict	/home/ganeshiny.sridharan/dgg/deep-green-GO/arc_benchmark/nominal_30_identity_80_coverage/inputs/structures/test/7EXJ_A.pdb	A	IPR008811;IPR013785;IPR017853	
7EXJ_B	predict	/home/ganeshiny.sridharan/dgg/deep-green-GO/arc_benchmark/nominal_30_identity_80_coverage/inputs/structures/test/7EXJ_B.pdb	A	IPR008811;IPR013785;IPR017853	
7EXQ_A	predict	/home/ganeshiny.sridharan/dgg/deep-green-GO/arc_benchmark/nominal_30_identity_80_coverage/inputs/structures/test/7EXQ_A.pdb	A	IPR008811;IPR013785;IPR017853	
7EXQ_B	predict	/home/ganeshiny.sridharan/dgg/deep-green-GO/arc_benchmark/nominal_30_identity_80_coverage/inputs/structures/test/7EXQ_B.pdb	A	IPR008811;IPR013785;IPR017853	
7EXR_A	predict	/home/ganeshiny.sridharan/dgg/deep-green-GO/arc_benchmark/nominal_30_identity_80_coverage/inputs/structures/test/7EXR_A.pdb	A	IPR008811;IPR013785;IPR017853	
7EXR_B	predict	/home/ganeshiny.sridharan/dgg/deep-green-GO/arc_benchmark/nominal_30_identity_80_coverage/inputs/structures/test/7EXR_B.pdb	A	IPR008811;IPR013785;IPR017853	
6RNG_A	predict	/home/ganeshiny.sridharan/dgg/deep-green-GO/arc_benchmark/nominal_30_identity_80_coverage/inputs/structures/test/6RNG_A.pdb	A	IPR000741;IPR013785;IPR029768	
6RNG_B	predict	/home/ganeshiny.sridharan/dgg/deep-green-GO/arc_benchmark/nominal_30_identity_80_coverage/inputs/structures/test/6RNG_B.pdb	A	IPR000741;IPR013785;IPR029768	
6RNG_F	predict	/home/ganeshiny.sridharan/dgg/deep-green-GO/arc_benchmark/nominal_30_identity_80_coverage/inputs/structures/test/6RNG_F.pdb	A	IPR000741;IPR013785;IPR029768	
6RNG_G	predict	/home/ganeshiny.sridharan/dgg/deep-green-GO/arc_benchmark/nominal_30_identity_80_coverage/inputs/structures/test/6RNG_G.pdb	A	IPR000741;IPR013785;IPR029768	
6RS1_A	predict	/home/ganeshiny.sridharan/dgg/deep-green-GO/arc_benchmark/nominal_30_identity_80_coverage/inputs/structures/test/6RS1_A.pdb	A	IPR000741;IPR013785;IPR029768	
6RS1_B	predict	/home/ganeshiny.sridharan/dgg/deep-green-GO/arc_benchmark/nominal_30_identity_80_coverage/inputs/structures/test/6RS1_B.pdb	A	IPR000741;IPR013785;IPR029768	
6RS1_C	predict	/home/ganeshiny.sridharan/dgg/deep-green-GO/arc_benchmark/nominal_30_identity_80_coverage/inputs/structures/test/6RS1_C.pdb	A	IPR000741;IPR013785;IPR029768	
6RS1_D	predict	/home/ganeshiny.sridharan/dgg/deep-green-GO/arc_benchmark/nominal_30_identity_80_coverage/inputs/structures/test/6RS1_D.pdb	A	IPR000741;IPR013785;IPR029768	
9LED_A	predict	/home/ganeshiny.sridharan/dgg/deep-green-GO/arc_benchmark/nominal_30_identity_80_coverage/inputs/structures/test/9LED_A.pdb	A	IPR000741;IPR013785;IPR029768	
9LED_B	predict	/home/ganeshiny.sridharan/dgg/deep-green-GO/arc_benchmark/nominal_30_identity_80_coverage/inputs/structures/test/9LED_B.pdb	A	IPR000741;IPR013785;IPR029768	
2FLH_A	predict	/home/ganeshiny.sridharan/dgg/deep-green-GO/arc_benchmark/nominal_30_identity_80_coverage/inputs/structures/test/2FLH_A.pdb	A	IPR000916;IPR023393;IPR024949;IPR050279	
2FLH_B	predict	/home/ganeshiny.sridharan/dgg/deep-green-GO/arc_benchmark/nominal_30_identity_80_coverage/inputs/structures/test/2FLH_B.pdb	A	IPR000916;IPR023393;IPR024949;IPR050279	
2FLH_C	predict	/home/ganeshiny.sridharan/dgg/deep-green-GO/arc_benchmark/nominal_30_identity_80_coverage/inputs/structures/test/2FLH_C.pdb	A	IPR000916;IPR023393;IPR024949;IPR050279	
2FLH_D	predict	/home/ganeshiny.sridharan/dgg/deep-green-GO/arc_benchmark/nominal_30_identity_80_coverage/inputs/structures/test/2FLH_D.pdb	A	IPR000916;IPR023393;IPR024949;IPR050279	
3C0V_A	predict	/home/ganeshiny.sridharan/dgg/deep-green-GO/arc_benchmark/nominal_30_identity_80_coverage/inputs/structures/test/3C0V_A.pdb	A	IPR000916;IPR023393;IPR024949;IPR050279	
3C0V_B	predict	/home/ganeshiny.sridharan/dgg/deep-green-GO/arc_benchmark/nominal_30_identity_80_coverage/inputs/structures/test/3C0V_B.pdb	A	IPR000916;IPR023393;IPR024949;IPR050279	
3C0V_C	predict	/home/ganeshiny.sridharan/dgg/deep-green-GO/arc_benchmark/nominal_30_identity_80_coverage/inputs/structures/test/3C0V_C.pdb	A	IPR000916;IPR023393;IPR024949;IPR050279	
3C0V_D	predict	/home/ganeshiny.sridharan/dgg/deep-green-GO/arc_benchmark/nominal_30_identity_80_coverage/inputs/structures/test/3C0V_D.pdb	A	IPR000916;IPR023393;IPR024949;IPR050279	
4PSB_A	predict	/home/ganeshiny.sridharan/dgg/deep-green-GO/arc_benchmark/nominal_30_identity_80_coverage/inputs/structures/test/4PSB_A.pdb	A	IPR000916;IPR023393;IPR024949;IPR050279	
8WTM_A	predict	/home/ganeshiny.sridharan/dgg/deep-green-GO/arc_benchmark/nominal_30_identity_80_coverage/inputs/structures/test/8WTM_A.pdb	A	IPR003439;IPR003593;IPR013525;IPR017871;IPR027417;IPR050352	
8WTM_B	predict	/home/ganeshiny.sridharan/dgg/deep-green-GO/arc_benchmark/nominal_30_identity_80_coverage/inputs/structures/test/8WTM_B.pdb	A	IPR003439;IPR003593;IPR013525;IPR017871;IPR027417;IPR050352	
8WTN_A	predict	/home/ganeshiny.sridharan/dgg/deep-green-GO/arc_benchmark/nominal_30_identity_80_coverage/inputs/structures/test/8WTN_A.pdb	A	IPR003439;IPR003593;IPR013525;IPR017871;IPR027417;IPR050352	
8WTN_B	predict	/home/ganeshiny.sridharan/dgg/deep-green-GO/arc_benchmark/nominal_30_identity_80_coverage/inputs/structures/test/8WTN_B.pdb	A	IPR003439;IPR003593;IPR013525;IPR017871;IPR027417;IPR050352	
8WTO_A	predict	/home/ganeshiny.sridharan/dgg/deep-green-GO/arc_benchmark/nominal_30_identity_80_coverage/inputs/structures/test/8WTO_A.pdb	A	IPR003439;IPR003593;IPR013525;IPR017871;IPR027417;IPR050352	
8WTO_B	predict	/home/ganeshiny.sridharan/dgg/deep-green-GO/arc_benchmark/nominal_30_identity_80_coverage/inputs/structures/test/8WTO_B.pdb	A	IPR003439;IPR003593;IPR013525;IPR017871;IPR027417;IPR050352	
8WTP_A	predict	/home/ganeshiny.sridharan/dgg/deep-green-GO/arc_benchmark/nominal_30_identity_80_coverage/inputs/structures/test/8WTP_A.pdb	A	IPR003439;IPR003593;IPR013525;IPR017871;IPR027417;IPR050352	
8WTP_B	predict	/home/ganeshiny.sridharan/dgg/deep-green-GO/arc_benchmark/nominal_30_identity_80_coverage/inputs/structures/test/8WTP_B.pdb	A	IPR003439;IPR003593;IPR013525;IPR017871;IPR027417;IPR050352	
9VSK_A	predict	/home/ganeshiny.sridharan/dgg/deep-green-GO/arc_benchmark/nominal_30_identity_80_coverage/inputs/structures/test/9VSK_A.pdb	A	IPR002935;IPR018247;IPR029063;IPR050362	
9VSK_B	predict	/home/ganeshiny.sridharan/dgg/deep-green-GO/arc_benchmark/nominal_30_identity_80_coverage/inputs/structures/test/9VSK_B.pdb	A	IPR002935;IPR018247;IPR029063;IPR050362	
9VSK_C	predict	/home/ganeshiny.sridharan/dgg/deep-green-GO/arc_benchmark/nominal_30_identity_80_coverage/inputs/structures/test/9VSK_C.pdb	A	IPR002935;IPR018247;IPR029063;IPR050362	
9VSK_D	predict	/home/ganeshiny.sridharan/dgg/deep-green-GO/arc_benchmark/nominal_30_identity_80_coverage/inputs/structures/test/9VSK_D.pdb	A	IPR002935;IPR018247;IPR029063;IPR050362	
9VSK_E	predict	/home/ganeshiny.sridharan/dgg/deep-green-GO/arc_benchmark/nominal_30_identity_80_coverage/inputs/structures/test/9VSK_E.pdb	A	IPR002935;IPR018247;IPR029063;IPR050362	
9VSK_F	predict	/home/ganeshiny.sridharan/dgg/deep-green-GO/arc_benchmark/nominal_30_identity_80_coverage/inputs/structures/test/9VSK_F.pdb	A	IPR002935;IPR018247;IPR029063;IPR050362	
9VSK_G	predict	/home/ganeshiny.sridharan/dgg/deep-green-GO/arc_benchmark/nominal_30_identity_80_coverage/inputs/structures/test/9VSK_G.pdb	A	IPR002935;IPR018247;IPR029063;IPR050362	
9VSK_H	predict	/home/ganeshiny.sridharan/dgg/deep-green-GO/arc_benchmark/nominal_30_identity_80_coverage/inputs/structures/test/9VSK_H.pdb	A	IPR002935;IPR018247;IPR029063;IPR050362	
9VJM_A	predict	/home/ganeshiny.sridharan/dgg/deep-green-GO/arc_benchmark/nominal_30_identity_80_coverage/inputs/structures/test/9VJM_A.pdb	A	IPR004299;IPR014371;IPR027251	
9VJM_B	predict	/home/ganeshiny.sridharan/dgg/deep-green-GO/arc_benchmark/nominal_30_identity_80_coverage/inputs/structures/test/9VJM_B.pdb	A	IPR004299;IPR014371;IPR027251	
9VJX_A	predict	/home/ganeshiny.sridharan/dgg/deep-green-GO/arc_benchmark/nominal_30_identity_80_coverage/inputs/structures/test/9VJX_A.pdb	A	IPR004299;IPR014371;IPR027251	
9VJX_B	predict	/home/ganeshiny.sridharan/dgg/deep-green-GO/arc_benchmark/nominal_30_identity_80_coverage/inputs/structures/test/9VJX_B.pdb	A	IPR004299;IPR014371;IPR027251	
9VK0_A	predict	/home/ganeshiny.sridharan/dgg/deep-green-GO/arc_benchmark/nominal_30_identity_80_coverage/inputs/structures/test/9VK0_A.pdb	A	IPR004299;IPR014371;IPR027251	
9VK0_B	predict	/home/ganeshiny.sridharan/dgg/deep-green-GO/arc_benchmark/nominal_30_identity_80_coverage/inputs/structures/test/9VK0_B.pdb	A	IPR004299;IPR014371;IPR027251	
9VK1_A	predict	/home/ganeshiny.sridharan/dgg/deep-green-GO/arc_benchmark/nominal_30_identity_80_coverage/inputs/structures/test/9VK1_A.pdb	A	IPR004299;IPR014371;IPR027251	
9VK1_B	predict	/home/ganeshiny.sridharan/dgg/deep-green-GO/arc_benchmark/nominal_30_identity_80_coverage/inputs/structures/test/9VK1_B.pdb	A	IPR004299;IPR014371;IPR027251	
7ZYV_Q	predict	/home/ganeshiny.sridharan/dgg/deep-green-GO/arc_benchmark/nominal_30_identity_80_coverage/inputs/structures/test/7ZYV_Q.pdb	A	IPR021584;IPR037244	
7ZYV_R	predict	/home/ganeshiny.sridharan/dgg/deep-green-GO/arc_benchmark/nominal_30_identity_80_coverage/inputs/structures/test/7ZYV_R.pdb	A	IPR021584;IPR037244	
9ES7_Q	predict	/home/ganeshiny.sridharan/dgg/deep-green-GO/arc_benchmark/nominal_30_identity_80_coverage/inputs/structures/test/9ES7_Q.pdb	A	IPR021584;IPR037244	
9ES7_R	predict	/home/ganeshiny.sridharan/dgg/deep-green-GO/arc_benchmark/nominal_30_identity_80_coverage/inputs/structures/test/9ES7_R.pdb	A	IPR021584;IPR037244	
9ES8_Q	predict	/home/ganeshiny.sridharan/dgg/deep-green-GO/arc_benchmark/nominal_30_identity_80_coverage/inputs/structures/test/9ES8_Q.pdb	A	IPR021584;IPR037244	
9ES8_R	predict	/home/ganeshiny.sridharan/dgg/deep-green-GO/arc_benchmark/nominal_30_identity_80_coverage/inputs/structures/test/9ES8_R.pdb	A	IPR021584;IPR037244	
9ES9_Q	predict	/home/ganeshiny.sridharan/dgg/deep-green-GO/arc_benchmark/nominal_30_identity_80_coverage/inputs/structures/test/9ES9_Q.pdb	A	IPR021584;IPR037244	
9ES9_R	predict	/home/ganeshiny.sridharan/dgg/deep-green-GO/arc_benchmark/nominal_30_identity_80_coverage/inputs/structures/test/9ES9_R.pdb	A	IPR021584;IPR037244	
1LK9_A	predict	/home/ganeshiny.sridharan/dgg/deep-green-GO/arc_benchmark/nominal_30_identity_80_coverage/inputs/structures/test/1LK9_A.pdb	A	IPR006947;IPR006948;IPR015421;IPR015422;IPR015424;IPR037029;IPR050478	
1LK9_B	predict	/home/ganeshiny.sridharan/dgg/deep-green-GO/arc_benchmark/nominal_30_identity_80_coverage/inputs/structures/test/1LK9_B.pdb	A	IPR006947;IPR006948;IPR015421;IPR015422;IPR015424;IPR037029;IPR050478	
2HOR_A	predict	/home/ganeshiny.sridharan/dgg/deep-green-GO/arc_benchmark/nominal_30_identity_80_coverage/inputs/structures/test/2HOR_A.pdb	A	IPR006947;IPR006948;IPR015421;IPR015422;IPR015424;IPR037029;IPR050478	
2HOX_A	predict	/home/ganeshiny.sridharan/dgg/deep-green-GO/arc_benchmark/nominal_30_identity_80_coverage/inputs/structures/test/2HOX_A.pdb	A	IPR006947;IPR006948;IPR015421;IPR015422;IPR015424;IPR037029;IPR050478	
2HOX_B	predict	/home/ganeshiny.sridharan/dgg/deep-green-GO/arc_benchmark/nominal_30_identity_80_coverage/inputs/structures/test/2HOX_B.pdb	A	IPR006947;IPR006948;IPR015421;IPR015422;IPR015424;IPR037029;IPR050478	
2HOX_C	predict	/home/ganeshiny.sridharan/dgg/deep-green-GO/arc_benchmark/nominal_30_identity_80_coverage/inputs/structures/test/2HOX_C.pdb	A	IPR006947;IPR006948;IPR015421;IPR015422;IPR015424;IPR037029;IPR050478	
2HOX_D	predict	/home/ganeshiny.sridharan/dgg/deep-green-GO/arc_benchmark/nominal_30_identity_80_coverage/inputs/structures/test/2HOX_D.pdb	A	IPR006947;IPR006948;IPR015421;IPR015422;IPR015424;IPR037029;IPR050478	
6K5V_A	predict	/home/ganeshiny.sridharan/dgg/deep-green-GO/arc_benchmark/nominal_30_identity_80_coverage/inputs/structures/test/6K5V_A.pdb	A	IPR002020;IPR010109;IPR016142;IPR016143;IPR019810;IPR036969	
6K5V_B	predict	/home/ganeshiny.sridharan/dgg/deep-green-GO/arc_benchmark/nominal_30_identity_80_coverage/inputs/structures/test/6K5V_B.pdb	A	IPR002020;IPR010109;IPR016142;IPR016143;IPR019810;IPR036969	
6K5V_C	predict	/home/ganeshiny.sridharan/dgg/deep-green-GO/arc_benchmark/nominal_30_identity_80_coverage/inputs/structures/test/6K5V_C.pdb	A	IPR002020;IPR010109;IPR016142;IPR016143;IPR019810;IPR036969	
6K5V_D	predict	/home/ganeshiny.sridharan/dgg/deep-green-GO/arc_benchmark/nominal_30_identity_80_coverage/inputs/structures/test/6K5V_D.pdb	A	IPR002020;IPR010109;IPR016142;IPR016143;IPR019810;IPR036969	
6K5V_E	predict	/home/ganeshiny.sridharan/dgg/deep-green-GO/arc_benchmark/nominal_30_identity_80_coverage/inputs/structures/test/6K5V_E.pdb	A	IPR002020;IPR010109;IPR016142;IPR016143;IPR019810;IPR036969	
6K5V_F	predict	/home/ganeshiny.sridharan/dgg/deep-green-GO/arc_benchmark/nominal_30_identity_80_coverage/inputs/structures/test/6K5V_F.pdb	A	IPR002020;IPR010109;IPR016142;IPR016143;IPR019810;IPR036969	
8WOP_A	predict	/home/ganeshiny.sridharan/dgg/deep-green-GO/arc_benchmark/nominal_30_identity_80_coverage/inputs/structures/test/8WOP_A.pdb	A	IPR005886;IPR016040;IPR036291	
8WOP_B	predict	/home/ganeshiny.sridharan/dgg/deep-green-GO/arc_benchmark/nominal_30_identity_80_coverage/inputs/structures/test/8WOP_B.pdb	A	IPR005886;IPR016040;IPR036291	
8WOV_A	predict	/home/ganeshiny.sridharan/dgg/deep-green-GO/arc_benchmark/nominal_30_identity_80_coverage/inputs/structures/test/8WOV_A.pdb	A	IPR005886;IPR016040;IPR036291	
8WOV_B	predict	/home/ganeshiny.sridharan/dgg/deep-green-GO/arc_benchmark/nominal_30_identity_80_coverage/inputs/structures/test/8WOV_B.pdb	A	IPR005886;IPR016040;IPR036291	
8WOW_A	predict	/home/ganeshiny.sridharan/dgg/deep-green-GO/arc_benchmark/nominal_30_identity_80_coverage/inputs/structures/test/8WOW_A.pdb	A	IPR005886;IPR016040;IPR036291	
8WOW_B	predict	/home/ganeshiny.sridharan/dgg/deep-green-GO/arc_benchmark/nominal_30_identity_80_coverage/inputs/structures/test/8WOW_B.pdb	A	IPR005886;IPR016040;IPR036291	
7C1X_A	predict	/home/ganeshiny.sridharan/dgg/deep-green-GO/arc_benchmark/nominal_30_identity_80_coverage/inputs/structures/test/7C1X_A.pdb	A	IPR002139;IPR002173;IPR011611;IPR029056	
7C1X_B	predict	/home/ganeshiny.sridharan/dgg/deep-green-GO/arc_benchmark/nominal_30_identity_80_coverage/inputs/structures/test/7C1X_B.pdb	A	IPR002139;IPR002173;IPR011611;IPR029056	
7C1Y_A	predict	/home/ganeshiny.sridharan/dgg/deep-green-GO/arc_benchmark/nominal_30_identity_80_coverage/inputs/structures/test/7C1Y_A.pdb	A	IPR002139;IPR002173;IPR011611;IPR029056	
7C1Y_B	predict	/home/ganeshiny.sridharan/dgg/deep-green-GO/arc_benchmark/nominal_30_identity_80_coverage/inputs/structures/test/7C1Y_B.pdb	A	IPR002139;IPR002173;IPR011611;IPR029056	
7C1Z_A	predict	/home/ganeshiny.sridharan/dgg/deep-green-GO/arc_benchmark/nominal_30_identity_80_coverage/inputs/structures/test/7C1Z_A.pdb	A	IPR002139;IPR002173;IPR011611;IPR029056	
7C1Z_B	predict	/home/ganeshiny.sridharan/dgg/deep-green-GO/arc_benchmark/nominal_30_identity_80_coverage/inputs/structures/test/7C1Z_B.pdb	A	IPR002139;IPR002173;IPR011611;IPR029056	
4M57_A	predict	/home/ganeshiny.sridharan/dgg/deep-green-GO/arc_benchmark/nominal_30_identity_80_coverage/inputs/structures/test/4M57_A.pdb	A	IPR002885;IPR011990	
4M59_A	predict	/home/ganeshiny.sridharan/dgg/deep-green-GO/arc_benchmark/nominal_30_identity_80_coverage/inputs/structures/test/4M59_A.pdb	A	IPR002885;IPR011990;IPR033443	
4M59_B	predict	/home/ganeshiny.sridharan/dgg/deep-green-GO/arc_benchmark/nominal_30_identity_80_coverage/inputs/structures/test/4M59_B.pdb	A	IPR002885;IPR011990;IPR033443	
4OE1_A	predict	/home/ganeshiny.sridharan/dgg/deep-green-GO/arc_benchmark/nominal_30_identity_80_coverage/inputs/structures/test/4OE1_A.pdb	A	IPR002885;IPR011990;IPR050872	
4OE1_B	predict	/home/ganeshiny.sridharan/dgg/deep-green-GO/arc_benchmark/nominal_30_identity_80_coverage/inputs/structures/test/4OE1_B.pdb	A	IPR002885;IPR011990;IPR050872	
2YIJ_A	predict	/home/ganeshiny.sridharan/dgg/deep-green-GO/arc_benchmark/nominal_30_identity_80_coverage/inputs/structures/test/2YIJ_A.pdb	A	IPR002921;IPR029058;IPR033556	
2YIJ_B	predict	/home/ganeshiny.sridharan/dgg/deep-green-GO/arc_benchmark/nominal_30_identity_80_coverage/inputs/structures/test/2YIJ_B.pdb	A	IPR002921;IPR029058;IPR033556	
7X0C_A	predict	/home/ganeshiny.sridharan/dgg/deep-green-GO/arc_benchmark/nominal_30_identity_80_coverage/inputs/structures/test/7X0C_A.pdb	A	IPR002921;IPR029058;IPR033556	
7X0C_B	predict	/home/ganeshiny.sridharan/dgg/deep-green-GO/arc_benchmark/nominal_30_identity_80_coverage/inputs/structures/test/7X0C_B.pdb	A	IPR002921;IPR029058;IPR033556	
8WU6_A	predict	/home/ganeshiny.sridharan/dgg/deep-green-GO/arc_benchmark/nominal_30_identity_80_coverage/inputs/structures/test/8WU6_A.pdb	A	IPR001441;IPR018520;IPR036424	
8WU6_B	predict	/home/ganeshiny.sridharan/dgg/deep-green-GO/arc_benchmark/nominal_30_identity_80_coverage/inputs/structures/test/8WU6_B.pdb	A	IPR001441;IPR018520;IPR036424	
8X35_A	predict	/home/ganeshiny.sridharan/dgg/deep-green-GO/arc_benchmark/nominal_30_identity_80_coverage/inputs/structures/test/8X35_A.pdb	A	IPR001441;IPR018520;IPR036424	
8X35_B	predict	/home/ganeshiny.sridharan/dgg/deep-green-GO/arc_benchmark/nominal_30_identity_80_coverage/inputs/structures/test/8X35_B.pdb	A	IPR001441;IPR018520;IPR036424	
3AUP_A	predict	/home/ganeshiny.sridharan/dgg/deep-green-GO/arc_benchmark/nominal_30_identity_80_coverage/inputs/structures/test/3AUP_A.pdb	A	IPR001461;IPR021109;IPR032799;IPR032861;IPR033121;IPR033868	
3AUP_B	predict	/home/ganeshiny.sridharan/dgg/deep-green-GO/arc_benchmark/nominal_30_identity_80_coverage/inputs/structures/test/3AUP_B.pdb	A	IPR001461;IPR021109;IPR032799;IPR032861;IPR033121;IPR033868	
3AUP_C	predict	/home/ganeshiny.sridharan/dgg/deep-green-GO/arc_benchmark/nominal_30_identity_80_coverage/inputs/structures/test/3AUP_C.pdb	A	IPR001461;IPR021109;IPR032799;IPR032861;IPR033121;IPR033868	
3AUP_D	predict	/home/ganeshiny.sridharan/dgg/deep-green-GO/arc_benchmark/nominal_30_identity_80_coverage/inputs/structures/test/3AUP_D.pdb	A	IPR001461;IPR021109;IPR032799;IPR032861;IPR033121;IPR033868	
4TWL_A	predict	/home/ganeshiny.sridharan/dgg/deep-green-GO/arc_benchmark/nominal_30_identity_80_coverage/inputs/structures/test/4TWL_A.pdb	A	IPR001148;IPR023561;IPR036398;IPR041891	
4TWL_B	predict	/home/ganeshiny.sridharan/dgg/deep-green-GO/arc_benchmark/nominal_30_identity_80_coverage/inputs/structures/test/4TWL_B.pdb	A	IPR001148;IPR023561;IPR036398;IPR041891	
4TWM_A	predict	/home/ganeshiny.sridharan/dgg/deep-green-GO/arc_benchmark/nominal_30_identity_80_coverage/inputs/structures/test/4TWM_A.pdb	A	IPR001148;IPR023561;IPR036398;IPR041891	
4TWM_B	predict	/home/ganeshiny.sridharan/dgg/deep-green-GO/arc_benchmark/nominal_30_identity_80_coverage/inputs/structures/test/4TWM_B.pdb	A	IPR001148;IPR023561;IPR036398;IPR041891	
8Z9Y_A	predict	/home/ganeshiny.sridharan/dgg/deep-green-GO/arc_benchmark/nominal_30_identity_80_coverage/inputs/structures/test/8Z9Y_A.pdb	A	IPR008896	
8Z9Y_B	predict	/home/ganeshiny.sridharan/dgg/deep-green-GO/arc_benchmark/nominal_30_identity_80_coverage/inputs/structures/test/8Z9Y_B.pdb	A	IPR005691	
8Z9Y_D	predict	/home/ganeshiny.sridharan/dgg/deep-green-GO/arc_benchmark/nominal_30_identity_80_coverage/inputs/structures/test/8Z9Y_D.pdb	A	IPR003409	
8Z9Y_E	predict	/home/ganeshiny.sridharan/dgg/deep-green-GO/arc_benchmark/nominal_30_identity_80_coverage/inputs/structures/test/8Z9Y_E.pdb	A	IPR025640;IPR037471	
1E20_A	predict	/home/ganeshiny.sridharan/dgg/deep-green-GO/arc_benchmark/nominal_30_identity_80_coverage/inputs/structures/test/1E20_A.pdb	A	IPR003382;IPR036551	
1MVL_A	predict	/home/ganeshiny.sridharan/dgg/deep-green-GO/arc_benchmark/nominal_30_identity_80_coverage/inputs/structures/test/1MVL_A.pdb	A	IPR003382;IPR036551	
1MVN_A	predict	/home/ganeshiny.sridharan/dgg/deep-green-GO/arc_benchmark/nominal_30_identity_80_coverage/inputs/structures/test/1MVN_A.pdb	A	IPR003382;IPR036551	
7WNQ_A	predict	/home/ganeshiny.sridharan/dgg/deep-green-GO/arc_benchmark/nominal_30_identity_80_coverage/inputs/structures/test/7WNQ_A.pdb	A	IPR004695;IPR030183;IPR038665	
7WNQ_B	predict	/home/ganeshiny.sridharan/dgg/deep-green-GO/arc_benchmark/nominal_30_identity_80_coverage/inputs/structures/test/7WNQ_B.pdb	A	IPR004695;IPR030183;IPR038665	
7WNQ_C	predict	/home/ganeshiny.sridharan/dgg/deep-green-GO/arc_benchmark/nominal_30_identity_80_coverage/inputs/structures/test/7WNQ_C.pdb	A	IPR004695;IPR030183;IPR038665	
1SIY_A	predict	/home/ganeshiny.sridharan/dgg/deep-green-GO/arc_benchmark/nominal_30_identity_80_coverage/inputs/structures/test/1SIY_A.pdb	A	IPR000528;IPR016140;IPR036312	
4XUW_A	predict	/home/ganeshiny.sridharan/dgg/deep-green-GO/arc_benchmark/nominal_30_identity_80_coverage/inputs/structures/test/4XUW_A.pdb	A	IPR000528;IPR016140;IPR036312	
4XUW_B	predict	/home/ganeshiny.sridharan/dgg/deep-green-GO/arc_benchmark/nominal_30_identity_80_coverage/inputs/structures/test/4XUW_B.pdb	A	IPR000528;IPR016140;IPR036312	
1VBG_A	predict	/home/ganeshiny.sridharan/dgg/deep-green-GO/arc_benchmark/nominal_30_identity_80_coverage/inputs/structures/test/1VBG_A.pdb	A	IPR000121;IPR002192;IPR008279;IPR010121;IPR013815;IPR015813;IPR018274;IPR023151;IPR036637;IPR040442	
1VBH_A	predict	/home/ganeshiny.sridharan/dgg/deep-green-GO/arc_benchmark/nominal_30_identity_80_coverage/inputs/structures/test/1VBH_A.pdb	A	IPR000121;IPR002192;IPR008279;IPR010121;IPR013815;IPR015813;IPR018274;IPR023151;IPR036637;IPR040442	
3AQ4_A	predict	/home/ganeshiny.sridharan/dgg/deep-green-GO/arc_benchmark/nominal_30_identity_80_coverage/inputs/structures/test/3AQ4_A.pdb	A	IPR005225;IPR006689;IPR024156;IPR027417;IPR045872	
3AQ4_B	predict	/home/ganeshiny.sridharan/dgg/deep-green-GO/arc_benchmark/nominal_30_identity_80_coverage/inputs/structures/test/3AQ4_B.pdb	A	IPR005225;IPR006689;IPR024156;IPR027417;IPR045872	
6IU3_A	predict	/home/ganeshiny.sridharan/dgg/deep-green-GO/arc_benchmark/nominal_30_identity_80_coverage/inputs/structures/test/6IU3_A.pdb	A	IPR008217	
6IU4_A	predict	/home/ganeshiny.sridharan/dgg/deep-green-GO/arc_benchmark/nominal_30_identity_80_coverage/inputs/structures/test/6IU4_A.pdb	A	IPR008217	
7OBE_A	predict	/home/ganeshiny.sridharan/dgg/deep-green-GO/arc_benchmark/nominal_30_identity_80_coverage/inputs/structures/test/7OBE_A.pdb	A	IPR004843;IPR006186;IPR011990;IPR013235;IPR019734;IPR027417;IPR029052;IPR041753;IPR051134	
7OBE_B	predict	/home/ganeshiny.sridharan/dgg/deep-green-GO/arc_benchmark/nominal_30_identity_80_coverage/inputs/structures/test/7OBE_B.pdb	A	IPR004843;IPR006186;IPR011990;IPR013235;IPR019734;IPR027417;IPR029052;IPR041753;IPR051134	
9KBY_A	predict	/home/ganeshiny.sridharan/dgg/deep-green-GO/arc_benchmark/nominal_30_identity_80_coverage/inputs/structures/test/9KBY_A.pdb	A	IPR000999;IPR001650;IPR003100;IPR005034;IPR011545;IPR014001;IPR014720;IPR027417;IPR036389;IPR038248	
9KBZ_A	predict	/home/ganeshiny.sridharan/dgg/deep-green-GO/arc_benchmark/nominal_30_identity_80_coverage/inputs/structures/test/9KBZ_A.pdb	A	IPR000999;IPR001650;IPR003100;IPR005034;IPR011545;IPR014001;IPR014720;IPR027417;IPR036389;IPR038248	
5Y9W_C	predict	/home/ganeshiny.sridharan/dgg/deep-green-GO/arc_benchmark/nominal_30_identity_80_coverage/inputs/structures/test/5Y9W_C.pdb	A	IPR047497	
5YAH_C	predict	/home/ganeshiny.sridharan/dgg/deep-green-GO/arc_benchmark/nominal_30_identity_80_coverage/inputs/structures/test/5YAH_C.pdb	A	IPR047497	
9QR8_A	predict	/home/ganeshiny.sridharan/dgg/deep-green-GO/arc_benchmark/nominal_30_identity_80_coverage/inputs/structures/test/9QR8_A.pdb	A	IPR004314;IPR025521;IPR053168	
2HCZ_X	predict	/home/ganeshiny.sridharan/dgg/deep-green-GO/arc_benchmark/nominal_30_identity_80_coverage/inputs/structures/test/2HCZ_X.pdb	A	IPR005795;IPR007112;IPR007117;IPR007118;IPR009009;IPR036749;IPR036908	
2CJJ_A	predict	/home/ganeshiny.sridharan/dgg/deep-green-GO/arc_benchmark/nominal_30_identity_80_coverage/inputs/structures/test/2CJJ_A.pdb	A	IPR001005;IPR009057;IPR017884;IPR044636	
7PUP_A	predict	/home/ganeshiny.sridharan/dgg/deep-green-GO/arc_benchmark/nominal_30_identity_80_coverage/inputs/structures/test/7PUP_A.pdb	A	IPR008656;IPR040464;IPR062044	
8DAE_A	predict	/home/ganeshiny.sridharan/dgg/deep-green-GO/arc_benchmark/nominal_30_identity_80_coverage/inputs/structures/test/8DAE_A.pdb	A	IPR000398;IPR001796;IPR012262;IPR017925;IPR020940;IPR023451;IPR024072;IPR036926;IPR045097	
5WX9_A	predict	/home/ganeshiny.sridharan/dgg/deep-green-GO/arc_benchmark/nominal_30_identity_80_coverage/inputs/structures/test/5WX9_A.pdb	A	IPR001471;IPR016177;IPR036955;IPR044808	
2IF4_A	predict	/home/ganeshiny.sridharan/dgg/deep-green-GO/arc_benchmark/nominal_30_identity_80_coverage/inputs/structures/test/2IF4_A.pdb	A	IPR001179;IPR011990;IPR019734;IPR039663;IPR046357	
