========================================================
Job ID        : 44370841
Node          : mgh3
CPUs          : 8
Start time    : Wed Jul  1 09:48:37 MDT 2026
Project dir   : /home/ganeshiny.sridharan/dgg/deep-green-GO
Log .out      : /home/ganeshiny.sridharan/dgg/deep-green-GO/logs/deepgreengo_jk_44370841.out
Log .err      : /home/ganeshiny.sridharan/dgg/deep-green-GO/logs/deepgreengo_jk_44370841.err
========================================================
Array Job Detected: Running ONLY for biological_process
--- Running Best Hyperparameters Test First ---
Fetching best hyperparameters for biological_process...
Found Best Params -> LR: 0.0005, Dropout: 0.3, Batch Size: 32
Running HybridGNN_JK training test...
Using device: cuda

[RESUME] Found successfully completed run in runs_jk_test/biological_process/bp_Hybrid_JK_Focal_lr0.0005_dp0.3_bs32_s42.
[RESUME] Skipping training to save compute!

--- Starting Full Grid Search ---
Running tuning only for: biological_process
=========================================
  DeepGreenGO Hyperparameter Tuning (JK)
=========================================
Dataset: preprocessing/data/split_files/datasets.pkl
Output Directory: tuning_runs_jk

------------------------------------------------------
  Tuning Run 1 / 18
  Ontology: biological_process | LR: 1e-4 | Dropout: 0.2 | Batch: 16
------------------------------------------------------
Using device: cuda

[RESUME] Found successfully completed run in tuning_runs_jk/bp_Hybrid_JK_Focal_lr0.0001_dp0.2_bs16_s42.
[RESUME] Skipping training to save compute!

------------------------------------------------------
  Tuning Run 2 / 18
  Ontology: biological_process | LR: 1e-4 | Dropout: 0.2 | Batch: 32
------------------------------------------------------
Using device: cuda

[RESUME] Found successfully completed run in tuning_runs_jk/bp_Hybrid_JK_Focal_lr0.0001_dp0.2_bs32_s42.
[RESUME] Skipping training to save compute!

------------------------------------------------------
  Tuning Run 3 / 18
  Ontology: biological_process | LR: 1e-4 | Dropout: 0.3 | Batch: 16
------------------------------------------------------
Using device: cuda

[RESUME] Found successfully completed run in tuning_runs_jk/bp_Hybrid_JK_Focal_lr0.0001_dp0.3_bs16_s42.
[RESUME] Skipping training to save compute!

------------------------------------------------------
  Tuning Run 4 / 18
  Ontology: biological_process | LR: 1e-4 | Dropout: 0.3 | Batch: 32
------------------------------------------------------
Using device: cuda

[RESUME] Found successfully completed run in tuning_runs_jk/bp_Hybrid_JK_Focal_lr0.0001_dp0.3_bs32_s42.
[RESUME] Skipping training to save compute!

------------------------------------------------------
  Tuning Run 5 / 18
  Ontology: biological_process | LR: 1e-4 | Dropout: 0.4 | Batch: 16
------------------------------------------------------
Using device: cuda

[RESUME] Found successfully completed run in tuning_runs_jk/bp_Hybrid_JK_Focal_lr0.0001_dp0.4_bs16_s42.
[RESUME] Skipping training to save compute!

------------------------------------------------------
  Tuning Run 6 / 18
  Ontology: biological_process | LR: 1e-4 | Dropout: 0.4 | Batch: 32
------------------------------------------------------
Using device: cuda

[RESUME] Found successfully completed run in tuning_runs_jk/bp_Hybrid_JK_Focal_lr0.0001_dp0.4_bs32_s42.
[RESUME] Skipping training to save compute!

------------------------------------------------------
  Tuning Run 7 / 18
  Ontology: biological_process | LR: 5e-4 | Dropout: 0.2 | Batch: 16
------------------------------------------------------
Using device: cuda

[RESUME] Found successfully completed run in tuning_runs_jk/bp_Hybrid_JK_Focal_lr0.0005_dp0.2_bs16_s42.
[RESUME] Skipping training to save compute!

------------------------------------------------------
  Tuning Run 8 / 18
  Ontology: biological_process | LR: 5e-4 | Dropout: 0.2 | Batch: 32
------------------------------------------------------
Using device: cuda

[RESUME] Found successfully completed run in tuning_runs_jk/bp_Hybrid_JK_Focal_lr0.0005_dp0.2_bs32_s42.
[RESUME] Skipping training to save compute!

------------------------------------------------------
  Tuning Run 9 / 18
  Ontology: biological_process | LR: 5e-4 | Dropout: 0.3 | Batch: 16
------------------------------------------------------
Using device: cuda

[RESUME] Found successfully completed run in tuning_runs_jk/bp_Hybrid_JK_Focal_lr0.0005_dp0.3_bs16_s42.
[RESUME] Skipping training to save compute!

------------------------------------------------------
  Tuning Run 10 / 18
  Ontology: biological_process | LR: 5e-4 | Dropout: 0.3 | Batch: 32
------------------------------------------------------
Using device: cuda

[RESUME] Found successfully completed run in tuning_runs_jk/bp_Hybrid_JK_Focal_lr0.0005_dp0.3_bs32_s42.
[RESUME] Skipping training to save compute!

------------------------------------------------------
  Tuning Run 11 / 18
  Ontology: biological_process | LR: 5e-4 | Dropout: 0.4 | Batch: 16
------------------------------------------------------
Using device: cuda

[RESUME] Found successfully completed run in tuning_runs_jk/bp_Hybrid_JK_Focal_lr0.0005_dp0.4_bs16_s42.
[RESUME] Skipping training to save compute!

------------------------------------------------------
  Tuning Run 12 / 18
  Ontology: biological_process | LR: 5e-4 | Dropout: 0.4 | Batch: 32
------------------------------------------------------
Using device: cuda

[RESUME] Found successfully completed run in tuning_runs_jk/bp_Hybrid_JK_Focal_lr0.0005_dp0.4_bs32_s42.
[RESUME] Skipping training to save compute!

------------------------------------------------------
  Tuning Run 13 / 18
  Ontology: biological_process | LR: 1e-3 | Dropout: 0.2 | Batch: 16
------------------------------------------------------
Using device: cuda

[RESUME] Found successfully completed run in tuning_runs_jk/bp_Hybrid_JK_Focal_lr0.001_dp0.2_bs16_s42.
[RESUME] Skipping training to save compute!

------------------------------------------------------
  Tuning Run 14 / 18
  Ontology: biological_process | LR: 1e-3 | Dropout: 0.2 | Batch: 32
------------------------------------------------------
Using device: cuda

[RESUME] Found successfully completed run in tuning_runs_jk/bp_Hybrid_JK_Focal_lr0.001_dp0.2_bs32_s42.
[RESUME] Skipping training to save compute!

------------------------------------------------------
  Tuning Run 15 / 18
  Ontology: biological_process | LR: 1e-3 | Dropout: 0.3 | Batch: 16
------------------------------------------------------
Using device: cuda

[RESUME] Found successfully completed run in tuning_runs_jk/bp_Hybrid_JK_Focal_lr0.001_dp0.3_bs16_s42.
[RESUME] Skipping training to save compute!

------------------------------------------------------
  Tuning Run 16 / 18
  Ontology: biological_process | LR: 1e-3 | Dropout: 0.3 | Batch: 32
------------------------------------------------------
Using device: cuda

[RESUME] Found successfully completed run in tuning_runs_jk/bp_Hybrid_JK_Focal_lr0.001_dp0.3_bs32_s42.
[RESUME] Skipping training to save compute!

------------------------------------------------------
  Tuning Run 17 / 18
  Ontology: biological_process | LR: 1e-3 | Dropout: 0.4 | Batch: 16
------------------------------------------------------
Using device: cuda

[RESUME] Found successfully completed run in tuning_runs_jk/bp_Hybrid_JK_Focal_lr0.001_dp0.4_bs16_s42.
[RESUME] Skipping training to save compute!

------------------------------------------------------
  Tuning Run 18 / 18
  Ontology: biological_process | LR: 1e-3 | Dropout: 0.4 | Batch: 32
------------------------------------------------------
Using device: cuda

[RESUME] Found successfully completed run in tuning_runs_jk/bp_Hybrid_JK_Focal_lr0.001_dp0.4_bs32_s42.
[RESUME] Skipping training to save compute!


=========================================
  Tuning sweep complete.
  Completed: 18  /  18
=========================================
Run 'python3 aggregate_tuning.py' to summarize results.
--- Aggregating JK Tuning Results ---

All tuning results saved to tuning_runs_jk/tuning_results_summary.csv

===========================================================================
  Tuning Results: biological_process (Best configurations at the top)
===========================================================================
    LR Dropout BatchSize  Val_Macro_Fmax  Val_Micro_Fmax  Val_Smin
0.0005     0.4        32          0.7452          0.7466   25.6504
0.0005     0.3        16          0.7435          0.7319   26.5875
 0.001     0.3        32          0.7422          0.7413   25.7768
0.0005     0.3        32          0.7421          0.7520   24.9222
 0.001     0.4        32          0.7419          0.7458   25.7621
0.0001     0.3        16          0.7379          0.7365   26.4514
0.0001     0.4        16          0.7375          0.7357   26.6255
0.0001     0.4        32          0.7372          0.7515   25.5841
0.0001     0.2        16          0.7371          0.7243   27.6238
0.0001     0.3        32          0.7349          0.7470   25.5098
 0.001     0.4        16          0.7342          0.7323   27.3207
 0.001     0.3        16          0.7335          0.7471   25.4639
 0.001     0.2        16          0.7321          0.7583   24.5182
0.0005     0.4        16          0.7318          0.7558   24.9371
0.0005     0.2        16          0.7306          0.7405   25.9754
0.0001     0.2        32          0.7292          0.7435   26.1667
 0.001     0.2        32          0.7256          0.7217   27.6188
0.0005     0.2        32          0.7244          0.7166   28.7973

===========================================================================
  Tuning Results: cellular_component (Best configurations at the top)
===========================================================================
    LR Dropout BatchSize  Val_Macro_Fmax  Val_Micro_Fmax  Val_Smin
0.0005     0.2        16          0.7087          0.7048    5.4309
 0.001     0.4        16          0.7053          0.6879    5.7228
0.0001     0.2        32          0.7020          0.7033    5.5484
0.0001     0.3        32          0.7012          0.7058    5.3946
0.0001     0.4        32          0.7003          0.7034    5.5316
0.0001     0.3        16          0.6986          0.6835    5.8733
0.0001     0.2        16          0.6974          0.6977    5.5857
 0.001     0.3        16          0.6966          0.6881    5.8280
0.0005     0.3        16          0.6951          0.7059    5.4545
0.0005     0.4        16          0.6850          0.7064    5.4435
0.0001     0.4        16          0.6841          0.6956    5.6815
0.0005     0.4        32          0.6838          0.6955    5.6850
0.0005     0.3        32          0.6673          0.6855    5.7775
 0.001     0.2        16          0.6666          0.6892    5.8084
0.0005     0.2        32          0.6657          0.6772    5.8917
 0.001     0.3        32          0.6583          0.6676    6.0983
 0.001     0.2        32          0.6564          0.6955    5.5816
 0.001     0.4        32          0.6406          0.6910    5.7724

===========================================================================
  Tuning Results: molecular_function (Best configurations at the top)
===========================================================================
    LR Dropout BatchSize  Val_Macro_Fmax  Val_Micro_Fmax  Val_Smin
0.0005     0.2        16          0.9069          0.8640    6.3895
0.0001     0.4        32          0.9064          0.8543    6.4151
0.0005     0.3        32          0.9036          0.8670    5.9507
0.0005     0.2        32          0.9021          0.8680    6.1752
0.0005     0.4        32          0.9000          0.8512    6.6884
0.0001     0.3        16          0.8996          0.8511    6.7719
0.0001     0.4        16          0.8945          0.8521    6.6639
 0.001     0.3        32          0.8926          0.8446    6.8701
0.0001     0.2        16          0.8906          0.8525    6.6815
 0.001     0.2        32          0.8893          0.8320    7.2550
 0.001     0.3        16          0.8890          0.8419    6.9378
 0.001     0.4        32          0.8878          0.8367    7.4766
0.0001     0.3        32          0.8874          0.8470    7.1809
 0.001     0.2        16          0.8873          0.8485    6.8677
 0.001     0.4        16          0.8864          0.8533    6.4614
0.0005     0.3        16          0.8852          0.8537    6.5328
0.0001     0.2        32          0.8844          0.8486    7.1679
0.0005     0.4        16          0.8778          0.8335    7.6104
--- Starting Full Ablations ---
Running ablations only for: biological_process
=========================================
  DeepGreenGO  Ablation Sweep
=========================================
Dataset: preprocessing/data/split_files/datasets.pkl
Epochs:  1000  | Batch: 16

  [✓] Found Tuned Params: LR=0.0005 | Dropout=0.4 | BatchSize=32
=========================================
------------------------------------------------------
  Run 1 / 30
  Run: biological_process_MLP_BCE_s42
------------------------------------------------------
Using device: cuda

[RESUME] Found successfully completed run in runs/bp_MLP_BCE_lr0.0005_dp0.4_bs32_s42.
[RESUME] Skipping training to save compute!

------------------------------------------------------
  Run 2 / 30
  Run: biological_process_MLP_BCE_s123
------------------------------------------------------
Using device: cuda

[RESUME] Found successfully completed run in runs/bp_MLP_BCE_lr0.0005_dp0.4_bs32_s123.
[RESUME] Skipping training to save compute!

------------------------------------------------------
  Run 3 / 30
  Run: biological_process_MLP_BCE_s456
------------------------------------------------------
Using device: cuda

[RESUME] Found successfully completed run in runs/bp_MLP_BCE_lr0.0005_dp0.4_bs32_s456.
[RESUME] Skipping training to save compute!

------------------------------------------------------
  Run 4 / 30
  Run: biological_process_MLP_Focal_s42
------------------------------------------------------
Using device: cuda

[RESUME] Found successfully completed run in runs/bp_MLP_Focal_lr0.0005_dp0.4_bs32_s42.
[RESUME] Skipping training to save compute!

------------------------------------------------------
  Run 5 / 30
  Run: biological_process_MLP_Focal_s123
------------------------------------------------------
Using device: cuda

[RESUME] Found successfully completed run in runs/bp_MLP_Focal_lr0.0005_dp0.4_bs32_s123.
[RESUME] Skipping training to save compute!

------------------------------------------------------
  Run 6 / 30
  Run: biological_process_MLP_Focal_s456
------------------------------------------------------
Using device: cuda

[RESUME] Found successfully completed run in runs/bp_MLP_Focal_lr0.0005_dp0.4_bs32_s456.
[RESUME] Skipping training to save compute!

------------------------------------------------------
  Run 7 / 30
  Run: biological_process_GCN_BCE_s42
------------------------------------------------------
Using device: cuda

[RESUME] Found successfully completed run in runs/bp_GCN_BCE_lr0.0005_dp0.4_bs32_s42.
[RESUME] Skipping training to save compute!

------------------------------------------------------
  Run 8 / 30
  Run: biological_process_GCN_BCE_s123
------------------------------------------------------
Using device: cuda

[RESUME] Found successfully completed run in runs/bp_GCN_BCE_lr0.0005_dp0.4_bs32_s123.
[RESUME] Skipping training to save compute!

------------------------------------------------------
  Run 9 / 30
  Run: biological_process_GCN_BCE_s456
------------------------------------------------------
Using device: cuda

[RESUME] Found successfully completed run in runs/bp_GCN_BCE_lr0.0005_dp0.4_bs32_s456.
[RESUME] Skipping training to save compute!

------------------------------------------------------
  Run 10 / 30
  Run: biological_process_GCN_Focal_s42
------------------------------------------------------
Using device: cuda

[RESUME] Found successfully completed run in runs/bp_GCN_Focal_lr0.0005_dp0.4_bs32_s42.
[RESUME] Skipping training to save compute!

------------------------------------------------------
  Run 11 / 30
  Run: biological_process_GCN_Focal_s123
------------------------------------------------------
Using device: cuda

[RESUME] Found successfully completed run in runs/bp_GCN_Focal_lr0.0005_dp0.4_bs32_s123.
[RESUME] Skipping training to save compute!

------------------------------------------------------
  Run 12 / 30
  Run: biological_process_GCN_Focal_s456
------------------------------------------------------
Using device: cuda

[RESUME] Found successfully completed run in runs/bp_GCN_Focal_lr0.0005_dp0.4_bs32_s456.
[RESUME] Skipping training to save compute!

------------------------------------------------------
  Run 13 / 30
  Run: biological_process_GAT_BCE_s42
------------------------------------------------------
Using device: cuda

[RESUME] Found successfully completed run in runs/bp_GAT_BCE_lr0.0005_dp0.4_bs32_s42.
[RESUME] Skipping training to save compute!

------------------------------------------------------
  Run 14 / 30
  Run: biological_process_GAT_BCE_s123
------------------------------------------------------
Using device: cuda

[RESUME] Found successfully completed run in runs/bp_GAT_BCE_lr0.0005_dp0.4_bs32_s123.
[RESUME] Skipping training to save compute!

------------------------------------------------------
  Run 15 / 30
  Run: biological_process_GAT_BCE_s456
------------------------------------------------------
Using device: cuda

[RESUME] Found successfully completed run in runs/bp_GAT_BCE_lr0.0005_dp0.4_bs32_s456.
[RESUME] Skipping training to save compute!

------------------------------------------------------
  Run 16 / 30
  Run: biological_process_GAT_Focal_s42
------------------------------------------------------
Using device: cuda

[RESUME] Found successfully completed run in runs/bp_GAT_Focal_lr0.0005_dp0.4_bs32_s42.
[RESUME] Skipping training to save compute!

------------------------------------------------------
  Run 17 / 30
  Run: biological_process_GAT_Focal_s123
------------------------------------------------------
Using device: cuda

[RESUME] Found successfully completed run in runs/bp_GAT_Focal_lr0.0005_dp0.4_bs32_s123.
[RESUME] Skipping training to save compute!

------------------------------------------------------
  Run 18 / 30
  Run: biological_process_GAT_Focal_s456
------------------------------------------------------
Using device: cuda

[RESUME] Found successfully completed run in runs/bp_GAT_Focal_lr0.0005_dp0.4_bs32_s456.
[RESUME] Skipping training to save compute!

------------------------------------------------------
  Run 19 / 30
  Run: biological_process_Hybrid_BCE_s42
------------------------------------------------------
Using device: cuda
Loading datasets from preprocessing/data/split_files/datasets.pkl for biological_process...
Epoch 001 | Loss: 0.6217 | Val MiFmax: 0.1349 | Val MaFmax: 0.1419 | Val Smin: 66.7650
  --> New best model saved!
Epoch 002 | Loss: 0.2333 | Val MiFmax: 0.2463 | Val MaFmax: 0.1311 | Val Smin: 63.4604
Epoch 003 | Loss: 0.0817 | Val MiFmax: 0.3076 | Val MaFmax: 0.2318 | Val Smin: 59.7523
  --> New best model saved!
Epoch 004 | Loss: 0.0584 | Val MiFmax: 0.3584 | Val MaFmax: 0.2773 | Val Smin: 57.6856
  --> New best model saved!
Epoch 005 | Loss: 0.0488 | Val MiFmax: 0.4143 | Val MaFmax: 0.3716 | Val Smin: 54.3630
  --> New best model saved!
Epoch 006 | Loss: 0.0417 | Val MiFmax: 0.4471 | Val MaFmax: 0.4312 | Val Smin: 51.8104
  --> New best model saved!
Epoch 007 | Loss: 0.0359 | Val MiFmax: 0.4759 | Val MaFmax: 0.4546 | Val Smin: 49.7410
  --> New best model saved!
Epoch 008 | Loss: 0.0318 | Val MiFmax: 0.5220 | Val MaFmax: 0.5081 | Val Smin: 45.2641
  --> New best model saved!
Epoch 009 | Loss: 0.0286 | Val MiFmax: 0.5633 | Val MaFmax: 0.5301 | Val Smin: 41.7247
  --> New best model saved!
Epoch 010 | Loss: 0.0266 | Val MiFmax: 0.5402 | Val MaFmax: 0.5456 | Val Smin: 44.6005
  --> New best model saved!
Epoch 011 | Loss: 0.0230 | Val MiFmax: 0.6144 | Val MaFmax: 0.5763 | Val Smin: 37.4767
  --> New best model saved!
Epoch 012 | Loss: 0.0209 | Val MiFmax: 0.6005 | Val MaFmax: 0.5764 | Val Smin: 38.2661
  --> New best model saved!
Epoch 013 | Loss: 0.0194 | Val MiFmax: 0.6310 | Val MaFmax: 0.6011 | Val Smin: 36.1472
  --> New best model saved!
Epoch 014 | Loss: 0.0171 | Val MiFmax: 0.6361 | Val MaFmax: 0.6126 | Val Smin: 35.6053
  --> New best model saved!
Epoch 015 | Loss: 0.0160 | Val MiFmax: 0.6488 | Val MaFmax: 0.6279 | Val Smin: 34.5990
  --> New best model saved!
Epoch 016 | Loss: 0.0146 | Val MiFmax: 0.6500 | Val MaFmax: 0.6466 | Val Smin: 34.3002
  --> New best model saved!
Epoch 017 | Loss: 0.0138 | Val MiFmax: 0.6546 | Val MaFmax: 0.6482 | Val Smin: 34.1316
  --> New best model saved!
Epoch 018 | Loss: 0.0124 | Val MiFmax: 0.6617 | Val MaFmax: 0.6551 | Val Smin: 33.4767
  --> New best model saved!
Epoch 019 | Loss: 0.0113 | Val MiFmax: 0.6623 | Val MaFmax: 0.6645 | Val Smin: 33.3598
  --> New best model saved!
Epoch 020 | Loss: 0.0106 | Val MiFmax: 0.6677 | Val MaFmax: 0.6672 | Val Smin: 33.0542
  --> New best model saved!
Epoch 021 | Loss: 0.0099 | Val MiFmax: 0.6733 | Val MaFmax: 0.6772 | Val Smin: 32.2919
  --> New best model saved!
Epoch 022 | Loss: 0.0095 | Val MiFmax: 0.6723 | Val MaFmax: 0.6737 | Val Smin: 32.2429
Epoch 023 | Loss: 0.0089 | Val MiFmax: 0.6862 | Val MaFmax: 0.6763 | Val Smin: 31.2758
Epoch 024 | Loss: 0.0079 | Val MiFmax: 0.6955 | Val MaFmax: 0.6879 | Val Smin: 30.2340
  --> New best model saved!
Epoch 025 | Loss: 0.0078 | Val MiFmax: 0.6841 | Val MaFmax: 0.6884 | Val Smin: 31.7913
  --> New best model saved!
Epoch 026 | Loss: 0.0070 | Val MiFmax: 0.7064 | Val MaFmax: 0.7001 | Val Smin: 29.5191
  --> New best model saved!
Epoch 027 | Loss: 0.0067 | Val MiFmax: 0.6903 | Val MaFmax: 0.6977 | Val Smin: 31.1952
Epoch 028 | Loss: 0.0062 | Val MiFmax: 0.6991 | Val MaFmax: 0.6964 | Val Smin: 30.0880
Epoch 029 | Loss: 0.0058 | Val MiFmax: 0.7050 | Val MaFmax: 0.7020 | Val Smin: 29.5954
  --> New best model saved!
Epoch 030 | Loss: 0.0056 | Val MiFmax: 0.7071 | Val MaFmax: 0.7063 | Val Smin: 29.7239
  --> New best model saved!
Epoch 031 | Loss: 0.0055 | Val MiFmax: 0.6991 | Val MaFmax: 0.7039 | Val Smin: 29.9929
Epoch 032 | Loss: 0.0050 | Val MiFmax: 0.7056 | Val MaFmax: 0.7017 | Val Smin: 29.1785
Epoch 033 | Loss: 0.0048 | Val MiFmax: 0.7037 | Val MaFmax: 0.7084 | Val Smin: 29.2662
  --> New best model saved!
Epoch 034 | Loss: 0.0045 | Val MiFmax: 0.7012 | Val MaFmax: 0.7056 | Val Smin: 29.6108
Epoch 035 | Loss: 0.0048 | Val MiFmax: 0.7141 | Val MaFmax: 0.7065 | Val Smin: 28.8559
Epoch 036 | Loss: 0.0043 | Val MiFmax: 0.7160 | Val MaFmax: 0.7079 | Val Smin: 28.2570
Epoch 037 | Loss: 0.0039 | Val MiFmax: 0.7047 | Val MaFmax: 0.7120 | Val Smin: 29.8660
  --> New best model saved!
Epoch 038 | Loss: 0.0036 | Val MiFmax: 0.7199 | Val MaFmax: 0.7189 | Val Smin: 28.0947
  --> New best model saved!
Epoch 039 | Loss: 0.0036 | Val MiFmax: 0.7107 | Val MaFmax: 0.7146 | Val Smin: 28.8452
Epoch 040 | Loss: 0.0035 | Val MiFmax: 0.7197 | Val MaFmax: 0.7199 | Val Smin: 28.0058
  --> New best model saved!
Epoch 041 | Loss: 0.0031 | Val MiFmax: 0.7259 | Val MaFmax: 0.7163 | Val Smin: 27.4433
Epoch 042 | Loss: 0.0028 | Val MiFmax: 0.7169 | Val MaFmax: 0.7143 | Val Smin: 28.2845
Epoch 043 | Loss: 0.0028 | Val MiFmax: 0.7346 | Val MaFmax: 0.7187 | Val Smin: 26.9475
Epoch 044 | Loss: 0.0028 | Val MiFmax: 0.7263 | Val MaFmax: 0.7206 | Val Smin: 27.7457
  --> New best model saved!
Epoch 045 | Loss: 0.0028 | Val MiFmax: 0.7254 | Val MaFmax: 0.7185 | Val Smin: 27.5227
Epoch 046 | Loss: 0.0025 | Val MiFmax: 0.7250 | Val MaFmax: 0.7186 | Val Smin: 27.5472
Epoch 047 | Loss: 0.0027 | Val MiFmax: 0.7237 | Val MaFmax: 0.7173 | Val Smin: 27.7992
Epoch 048 | Loss: 0.0025 | Val MiFmax: 0.7337 | Val MaFmax: 0.7221 | Val Smin: 26.8368
  --> New best model saved!
Epoch 049 | Loss: 0.0024 | Val MiFmax: 0.7296 | Val MaFmax: 0.7231 | Val Smin: 27.0227
  --> New best model saved!
Epoch 050 | Loss: 0.0025 | Val MiFmax: 0.7204 | Val MaFmax: 0.7264 | Val Smin: 27.7417
  --> New best model saved!
Epoch 051 | Loss: 0.0023 | Val MiFmax: 0.7279 | Val MaFmax: 0.7245 | Val Smin: 27.2717
Epoch 052 | Loss: 0.0024 | Val MiFmax: 0.7355 | Val MaFmax: 0.7263 | Val Smin: 26.5873
Epoch 053 | Loss: 0.0020 | Val MiFmax: 0.7379 | Val MaFmax: 0.7276 | Val Smin: 26.5264
  --> New best model saved!
Epoch 054 | Loss: 0.0019 | Val MiFmax: 0.7308 | Val MaFmax: 0.7195 | Val Smin: 27.0368
Epoch 055 | Loss: 0.0021 | Val MiFmax: 0.7311 | Val MaFmax: 0.7257 | Val Smin: 27.0898
Epoch 056 | Loss: 0.0026 | Val MiFmax: 0.7285 | Val MaFmax: 0.7221 | Val Smin: 27.1048
Epoch 057 | Loss: 0.0023 | Val MiFmax: 0.7314 | Val MaFmax: 0.7221 | Val Smin: 26.9727
Epoch 058 | Loss: 0.0020 | Val MiFmax: 0.7185 | Val MaFmax: 0.7217 | Val Smin: 28.1106
Epoch 059 | Loss: 0.0019 | Val MiFmax: 0.7209 | Val MaFmax: 0.7202 | Val Smin: 28.3361
Epoch 060 | Loss: 0.0014 | Val MiFmax: 0.7362 | Val MaFmax: 0.7310 | Val Smin: 26.6335
  --> New best model saved!
Epoch 061 | Loss: 0.0011 | Val MiFmax: 0.7371 | Val MaFmax: 0.7280 | Val Smin: 26.5290
Epoch 062 | Loss: 0.0010 | Val MiFmax: 0.7407 | Val MaFmax: 0.7317 | Val Smin: 26.2256
  --> New best model saved!
Epoch 063 | Loss: 0.0009 | Val MiFmax: 0.7403 | Val MaFmax: 0.7310 | Val Smin: 26.1811
Epoch 064 | Loss: 0.0009 | Val MiFmax: 0.7374 | Val MaFmax: 0.7335 | Val Smin: 26.3967
  --> New best model saved!
Epoch 065 | Loss: 0.0009 | Val MiFmax: 0.7359 | Val MaFmax: 0.7318 | Val Smin: 26.5654
Epoch 066 | Loss: 0.0009 | Val MiFmax: 0.7394 | Val MaFmax: 0.7305 | Val Smin: 26.4066
Epoch 067 | Loss: 0.0008 | Val MiFmax: 0.7335 | Val MaFmax: 0.7324 | Val Smin: 26.5761
Epoch 068 | Loss: 0.0008 | Val MiFmax: 0.7437 | Val MaFmax: 0.7319 | Val Smin: 25.8999
Epoch 069 | Loss: 0.0008 | Val MiFmax: 0.7420 | Val MaFmax: 0.7335 | Val Smin: 26.0450
  --> New best model saved!
Epoch 070 | Loss: 0.0007 | Val MiFmax: 0.7364 | Val MaFmax: 0.7309 | Val Smin: 26.5856
Epoch 071 | Loss: 0.0006 | Val MiFmax: 0.7395 | Val MaFmax: 0.7338 | Val Smin: 26.2836
  --> New best model saved!
Epoch 072 | Loss: 0.0006 | Val MiFmax: 0.7462 | Val MaFmax: 0.7355 | Val Smin: 25.7920
  --> New best model saved!
Epoch 073 | Loss: 0.0006 | Val MiFmax: 0.7404 | Val MaFmax: 0.7350 | Val Smin: 26.1856
Epoch 074 | Loss: 0.0006 | Val MiFmax: 0.7370 | Val MaFmax: 0.7329 | Val Smin: 26.3786
Epoch 075 | Loss: 0.0006 | Val MiFmax: 0.7450 | Val MaFmax: 0.7320 | Val Smin: 25.8096
Epoch 076 | Loss: 0.0006 | Val MiFmax: 0.7434 | Val MaFmax: 0.7315 | Val Smin: 26.0060
Epoch 077 | Loss: 0.0005 | Val MiFmax: 0.7466 | Val MaFmax: 0.7324 | Val Smin: 25.6506
Epoch 078 | Loss: 0.0005 | Val MiFmax: 0.7424 | Val MaFmax: 0.7334 | Val Smin: 25.9166
Epoch 079 | Loss: 0.0005 | Val MiFmax: 0.7431 | Val MaFmax: 0.7339 | Val Smin: 25.8570
Epoch 080 | Loss: 0.0005 | Val MiFmax: 0.7442 | Val MaFmax: 0.7338 | Val Smin: 25.7556
Epoch 081 | Loss: 0.0005 | Val MiFmax: 0.7432 | Val MaFmax: 0.7334 | Val Smin: 26.0193
Epoch 082 | Loss: 0.0004 | Val MiFmax: 0.7441 | Val MaFmax: 0.7326 | Val Smin: 26.0099
Epoch 083 | Loss: 0.0005 | Val MiFmax: 0.7429 | Val MaFmax: 0.7327 | Val Smin: 25.9627
Epoch 084 | Loss: 0.0004 | Val MiFmax: 0.7455 | Val MaFmax: 0.7338 | Val Smin: 25.7993
Epoch 085 | Loss: 0.0004 | Val MiFmax: 0.7452 | Val MaFmax: 0.7345 | Val Smin: 25.8421
Epoch 086 | Loss: 0.0004 | Val MiFmax: 0.7453 | Val MaFmax: 0.7345 | Val Smin: 25.8908
Epoch 087 | Loss: 0.0004 | Val MiFmax: 0.7444 | Val MaFmax: 0.7347 | Val Smin: 25.9002
Early stopping triggered after 87 epochs.
Training finished. Evaluating on Test Set...

--- TEST METRICS ---
Micro_Fmax: 0.6684
Macro_Fmax: 0.6477
Macro_AUROC: 0.8853
Micro_AUROC: 0.8957
Macro_AUPRC: 0.6052
Micro_AUPRC: 0.6313
Smin: 36.2085
------------------------------------------------------
  Run 20 / 30
  Run: biological_process_Hybrid_BCE_s123
------------------------------------------------------
Using device: cuda
Loading datasets from preprocessing/data/split_files/datasets.pkl for biological_process...
Epoch 001 | Loss: 0.6268 | Val MiFmax: 0.1281 | Val MaFmax: 0.1281 | Val Smin: 66.4740
  --> New best model saved!
Epoch 002 | Loss: 0.2341 | Val MiFmax: 0.2402 | Val MaFmax: 0.1382 | Val Smin: 62.3901
  --> New best model saved!
Epoch 003 | Loss: 0.0819 | Val MiFmax: 0.3128 | Val MaFmax: 0.2135 | Val Smin: 59.6418
  --> New best model saved!
Epoch 004 | Loss: 0.0582 | Val MiFmax: 0.3689 | Val MaFmax: 0.3313 | Val Smin: 57.2012
  --> New best model saved!
Epoch 005 | Loss: 0.0481 | Val MiFmax: 0.4025 | Val MaFmax: 0.3472 | Val Smin: 54.8002
  --> New best model saved!
Epoch 006 | Loss: 0.0408 | Val MiFmax: 0.4437 | Val MaFmax: 0.4149 | Val Smin: 51.7269
  --> New best model saved!
Epoch 007 | Loss: 0.0368 | Val MiFmax: 0.4696 | Val MaFmax: 0.4426 | Val Smin: 49.3631
  --> New best model saved!
Epoch 008 | Loss: 0.0318 | Val MiFmax: 0.5238 | Val MaFmax: 0.4742 | Val Smin: 44.9149
  --> New best model saved!
Epoch 009 | Loss: 0.0282 | Val MiFmax: 0.5506 | Val MaFmax: 0.5169 | Val Smin: 42.4605
  --> New best model saved!
Epoch 010 | Loss: 0.0251 | Val MiFmax: 0.5649 | Val MaFmax: 0.5457 | Val Smin: 41.4725
  --> New best model saved!
Epoch 011 | Loss: 0.0227 | Val MiFmax: 0.5936 | Val MaFmax: 0.5667 | Val Smin: 38.7516
  --> New best model saved!
Epoch 012 | Loss: 0.0202 | Val MiFmax: 0.6031 | Val MaFmax: 0.5807 | Val Smin: 38.0051
  --> New best model saved!
Epoch 013 | Loss: 0.0181 | Val MiFmax: 0.6167 | Val MaFmax: 0.5977 | Val Smin: 37.0756
  --> New best model saved!
Epoch 014 | Loss: 0.0169 | Val MiFmax: 0.6223 | Val MaFmax: 0.6181 | Val Smin: 36.3833
  --> New best model saved!
Epoch 015 | Loss: 0.0155 | Val MiFmax: 0.6308 | Val MaFmax: 0.6184 | Val Smin: 35.9212
  --> New best model saved!
Epoch 016 | Loss: 0.0143 | Val MiFmax: 0.6456 | Val MaFmax: 0.6374 | Val Smin: 34.6826
  --> New best model saved!
Epoch 017 | Loss: 0.0131 | Val MiFmax: 0.6484 | Val MaFmax: 0.6497 | Val Smin: 34.3581
  --> New best model saved!
Epoch 018 | Loss: 0.0122 | Val MiFmax: 0.6554 | Val MaFmax: 0.6518 | Val Smin: 33.9815
  --> New best model saved!
Epoch 019 | Loss: 0.0112 | Val MiFmax: 0.6521 | Val MaFmax: 0.6545 | Val Smin: 33.9245
  --> New best model saved!
Epoch 020 | Loss: 0.0105 | Val MiFmax: 0.6650 | Val MaFmax: 0.6633 | Val Smin: 32.8813
  --> New best model saved!
Epoch 021 | Loss: 0.0097 | Val MiFmax: 0.6749 | Val MaFmax: 0.6726 | Val Smin: 32.0187
  --> New best model saved!
Epoch 022 | Loss: 0.0088 | Val MiFmax: 0.6718 | Val MaFmax: 0.6772 | Val Smin: 32.3850
  --> New best model saved!
Epoch 023 | Loss: 0.0084 | Val MiFmax: 0.6819 | Val MaFmax: 0.6784 | Val Smin: 31.3018
  --> New best model saved!
Epoch 024 | Loss: 0.0079 | Val MiFmax: 0.6873 | Val MaFmax: 0.6927 | Val Smin: 31.1575
  --> New best model saved!
Epoch 025 | Loss: 0.0076 | Val MiFmax: 0.6882 | Val MaFmax: 0.6944 | Val Smin: 30.9181
  --> New best model saved!
Epoch 026 | Loss: 0.0068 | Val MiFmax: 0.6905 | Val MaFmax: 0.6910 | Val Smin: 30.7776
Epoch 027 | Loss: 0.0065 | Val MiFmax: 0.6944 | Val MaFmax: 0.6951 | Val Smin: 30.2871
  --> New best model saved!
Epoch 028 | Loss: 0.0060 | Val MiFmax: 0.6942 | Val MaFmax: 0.6947 | Val Smin: 30.1751
Epoch 029 | Loss: 0.0060 | Val MiFmax: 0.7015 | Val MaFmax: 0.7011 | Val Smin: 29.5042
  --> New best model saved!
Epoch 030 | Loss: 0.0052 | Val MiFmax: 0.7032 | Val MaFmax: 0.6995 | Val Smin: 29.4840
Epoch 031 | Loss: 0.0051 | Val MiFmax: 0.6971 | Val MaFmax: 0.6963 | Val Smin: 29.8930
Epoch 032 | Loss: 0.0047 | Val MiFmax: 0.7041 | Val MaFmax: 0.6987 | Val Smin: 29.3594
Epoch 033 | Loss: 0.0045 | Val MiFmax: 0.7081 | Val MaFmax: 0.7091 | Val Smin: 28.9798
  --> New best model saved!
Epoch 034 | Loss: 0.0045 | Val MiFmax: 0.7064 | Val MaFmax: 0.6992 | Val Smin: 29.0078
Epoch 035 | Loss: 0.0041 | Val MiFmax: 0.6993 | Val MaFmax: 0.7022 | Val Smin: 29.5575
Epoch 036 | Loss: 0.0039 | Val MiFmax: 0.7079 | Val MaFmax: 0.7071 | Val Smin: 28.8515
Epoch 037 | Loss: 0.0037 | Val MiFmax: 0.7091 | Val MaFmax: 0.7076 | Val Smin: 28.8195
Epoch 038 | Loss: 0.0034 | Val MiFmax: 0.7143 | Val MaFmax: 0.7064 | Val Smin: 28.3303
Epoch 039 | Loss: 0.0034 | Val MiFmax: 0.7105 | Val MaFmax: 0.7113 | Val Smin: 28.5661
  --> New best model saved!
Epoch 040 | Loss: 0.0031 | Val MiFmax: 0.7112 | Val MaFmax: 0.7113 | Val Smin: 28.5211
  --> New best model saved!
Epoch 041 | Loss: 0.0030 | Val MiFmax: 0.7188 | Val MaFmax: 0.7148 | Val Smin: 28.0075
  --> New best model saved!
Epoch 042 | Loss: 0.0028 | Val MiFmax: 0.7140 | Val MaFmax: 0.7138 | Val Smin: 28.3454
Epoch 043 | Loss: 0.0027 | Val MiFmax: 0.7151 | Val MaFmax: 0.7104 | Val Smin: 28.3123
Epoch 044 | Loss: 0.0025 | Val MiFmax: 0.7057 | Val MaFmax: 0.7148 | Val Smin: 29.2000
Epoch 045 | Loss: 0.0026 | Val MiFmax: 0.7163 | Val MaFmax: 0.7054 | Val Smin: 28.1077
Epoch 046 | Loss: 0.0026 | Val MiFmax: 0.7192 | Val MaFmax: 0.7113 | Val Smin: 28.1004
Epoch 047 | Loss: 0.0024 | Val MiFmax: 0.7127 | Val MaFmax: 0.7109 | Val Smin: 28.4015
Epoch 048 | Loss: 0.0018 | Val MiFmax: 0.7243 | Val MaFmax: 0.7118 | Val Smin: 27.6190
Epoch 049 | Loss: 0.0014 | Val MiFmax: 0.7244 | Val MaFmax: 0.7149 | Val Smin: 27.6623
  --> New best model saved!
Epoch 050 | Loss: 0.0014 | Val MiFmax: 0.7223 | Val MaFmax: 0.7185 | Val Smin: 27.7521
  --> New best model saved!
Epoch 051 | Loss: 0.0014 | Val MiFmax: 0.7275 | Val MaFmax: 0.7173 | Val Smin: 27.3217
Epoch 052 | Loss: 0.0014 | Val MiFmax: 0.7218 | Val MaFmax: 0.7168 | Val Smin: 27.5822
Epoch 053 | Loss: 0.0014 | Val MiFmax: 0.7277 | Val MaFmax: 0.7197 | Val Smin: 27.2876
  --> New best model saved!
Epoch 054 | Loss: 0.0013 | Val MiFmax: 0.7256 | Val MaFmax: 0.7207 | Val Smin: 27.3643
  --> New best model saved!
Epoch 055 | Loss: 0.0013 | Val MiFmax: 0.7261 | Val MaFmax: 0.7171 | Val Smin: 27.3085
Epoch 056 | Loss: 0.0012 | Val MiFmax: 0.7235 | Val MaFmax: 0.7206 | Val Smin: 27.5826
Epoch 057 | Loss: 0.0012 | Val MiFmax: 0.7265 | Val MaFmax: 0.7194 | Val Smin: 27.3132
Epoch 058 | Loss: 0.0011 | Val MiFmax: 0.7259 | Val MaFmax: 0.7202 | Val Smin: 27.4208
Epoch 059 | Loss: 0.0010 | Val MiFmax: 0.7251 | Val MaFmax: 0.7176 | Val Smin: 27.3667
Epoch 060 | Loss: 0.0011 | Val MiFmax: 0.7233 | Val MaFmax: 0.7162 | Val Smin: 27.5347
Epoch 061 | Loss: 0.0010 | Val MiFmax: 0.7245 | Val MaFmax: 0.7170 | Val Smin: 27.5162
Epoch 062 | Loss: 0.0009 | Val MiFmax: 0.7268 | Val MaFmax: 0.7196 | Val Smin: 27.4280
Epoch 063 | Loss: 0.0009 | Val MiFmax: 0.7250 | Val MaFmax: 0.7185 | Val Smin: 27.4071
Epoch 064 | Loss: 0.0008 | Val MiFmax: 0.7258 | Val MaFmax: 0.7200 | Val Smin: 27.4063
Epoch 065 | Loss: 0.0008 | Val MiFmax: 0.7254 | Val MaFmax: 0.7206 | Val Smin: 27.3268
Epoch 066 | Loss: 0.0008 | Val MiFmax: 0.7253 | Val MaFmax: 0.7202 | Val Smin: 27.3493
Epoch 067 | Loss: 0.0007 | Val MiFmax: 0.7279 | Val MaFmax: 0.7221 | Val Smin: 27.2081
  --> New best model saved!
Epoch 068 | Loss: 0.0007 | Val MiFmax: 0.7271 | Val MaFmax: 0.7196 | Val Smin: 27.2597
Epoch 069 | Loss: 0.0007 | Val MiFmax: 0.7280 | Val MaFmax: 0.7204 | Val Smin: 27.1763
Epoch 070 | Loss: 0.0007 | Val MiFmax: 0.7276 | Val MaFmax: 0.7212 | Val Smin: 27.1866
Epoch 071 | Loss: 0.0006 | Val MiFmax: 0.7279 | Val MaFmax: 0.7223 | Val Smin: 27.1303
  --> New best model saved!
Epoch 072 | Loss: 0.0006 | Val MiFmax: 0.7282 | Val MaFmax: 0.7227 | Val Smin: 27.2098
  --> New best model saved!
Epoch 073 | Loss: 0.0006 | Val MiFmax: 0.7285 | Val MaFmax: 0.7209 | Val Smin: 27.1796
Epoch 074 | Loss: 0.0006 | Val MiFmax: 0.7309 | Val MaFmax: 0.7221 | Val Smin: 27.0309
Epoch 075 | Loss: 0.0006 | Val MiFmax: 0.7286 | Val MaFmax: 0.7227 | Val Smin: 27.1484
  --> New best model saved!
Epoch 076 | Loss: 0.0006 | Val MiFmax: 0.7297 | Val MaFmax: 0.7215 | Val Smin: 27.0454
Epoch 077 | Loss: 0.0006 | Val MiFmax: 0.7304 | Val MaFmax: 0.7227 | Val Smin: 27.0453
Epoch 078 | Loss: 0.0006 | Val MiFmax: 0.7296 | Val MaFmax: 0.7233 | Val Smin: 27.0059
  --> New best model saved!
Epoch 079 | Loss: 0.0006 | Val MiFmax: 0.7283 | Val MaFmax: 0.7182 | Val Smin: 27.1871
Epoch 080 | Loss: 0.0006 | Val MiFmax: 0.7280 | Val MaFmax: 0.7199 | Val Smin: 27.2001
Epoch 081 | Loss: 0.0006 | Val MiFmax: 0.7296 | Val MaFmax: 0.7209 | Val Smin: 27.0284
Epoch 082 | Loss: 0.0006 | Val MiFmax: 0.7299 | Val MaFmax: 0.7241 | Val Smin: 27.0019
  --> New best model saved!
Epoch 083 | Loss: 0.0006 | Val MiFmax: 0.7291 | Val MaFmax: 0.7231 | Val Smin: 27.0054
Epoch 084 | Loss: 0.0006 | Val MiFmax: 0.7315 | Val MaFmax: 0.7228 | Val Smin: 27.0245
Epoch 085 | Loss: 0.0006 | Val MiFmax: 0.7302 | Val MaFmax: 0.7206 | Val Smin: 26.9756
Epoch 086 | Loss: 0.0005 | Val MiFmax: 0.7306 | Val MaFmax: 0.7218 | Val Smin: 26.9465
Epoch 087 | Loss: 0.0005 | Val MiFmax: 0.7303 | Val MaFmax: 0.7230 | Val Smin: 26.9774
Epoch 088 | Loss: 0.0005 | Val MiFmax: 0.7293 | Val MaFmax: 0.7219 | Val Smin: 27.0339
Epoch 089 | Loss: 0.0005 | Val MiFmax: 0.7309 | Val MaFmax: 0.7224 | Val Smin: 26.9090
Epoch 090 | Loss: 0.0005 | Val MiFmax: 0.7290 | Val MaFmax: 0.7231 | Val Smin: 27.0468
Epoch 091 | Loss: 0.0005 | Val MiFmax: 0.7293 | Val MaFmax: 0.7230 | Val Smin: 27.0116
Epoch 092 | Loss: 0.0005 | Val MiFmax: 0.7300 | Val MaFmax: 0.7227 | Val Smin: 27.0150
Epoch 093 | Loss: 0.0005 | Val MiFmax: 0.7311 | Val MaFmax: 0.7228 | Val Smin: 26.9073
Epoch 094 | Loss: 0.0005 | Val MiFmax: 0.7296 | Val MaFmax: 0.7234 | Val Smin: 27.0084
Epoch 095 | Loss: 0.0005 | Val MiFmax: 0.7296 | Val MaFmax: 0.7238 | Val Smin: 26.9617
Epoch 096 | Loss: 0.0005 | Val MiFmax: 0.7299 | Val MaFmax: 0.7244 | Val Smin: 26.9696
  --> New best model saved!
Epoch 097 | Loss: 0.0005 | Val MiFmax: 0.7303 | Val MaFmax: 0.7239 | Val Smin: 26.9230
Epoch 098 | Loss: 0.0004 | Val MiFmax: 0.7299 | Val MaFmax: 0.7240 | Val Smin: 26.9837
Epoch 099 | Loss: 0.0005 | Val MiFmax: 0.7293 | Val MaFmax: 0.7238 | Val Smin: 27.0369
Epoch 100 | Loss: 0.0004 | Val MiFmax: 0.7297 | Val MaFmax: 0.7235 | Val Smin: 27.0227
Epoch 101 | Loss: 0.0004 | Val MiFmax: 0.7303 | Val MaFmax: 0.7237 | Val Smin: 26.9756
Epoch 102 | Loss: 0.0004 | Val MiFmax: 0.7307 | Val MaFmax: 0.7238 | Val Smin: 26.9261
Epoch 103 | Loss: 0.0004 | Val MiFmax: 0.7312 | Val MaFmax: 0.7240 | Val Smin: 26.9193
Epoch 104 | Loss: 0.0004 | Val MiFmax: 0.7306 | Val MaFmax: 0.7243 | Val Smin: 26.9188
Epoch 105 | Loss: 0.0004 | Val MiFmax: 0.7312 | Val MaFmax: 0.7242 | Val Smin: 26.9148
Epoch 106 | Loss: 0.0004 | Val MiFmax: 0.7302 | Val MaFmax: 0.7239 | Val Smin: 26.9692
Epoch 107 | Loss: 0.0004 | Val MiFmax: 0.7311 | Val MaFmax: 0.7242 | Val Smin: 26.8948
Epoch 108 | Loss: 0.0004 | Val MiFmax: 0.7311 | Val MaFmax: 0.7243 | Val Smin: 26.9396
Epoch 109 | Loss: 0.0004 | Val MiFmax: 0.7299 | Val MaFmax: 0.7243 | Val Smin: 26.9770
Epoch 110 | Loss: 0.0004 | Val MiFmax: 0.7311 | Val MaFmax: 0.7238 | Val Smin: 26.9084
Epoch 111 | Loss: 0.0004 | Val MiFmax: 0.7305 | Val MaFmax: 0.7239 | Val Smin: 26.9378
Early stopping triggered after 111 epochs.
Training finished. Evaluating on Test Set...

--- TEST METRICS ---
Micro_Fmax: 0.6685
Macro_Fmax: 0.6680
Macro_AUROC: 0.8646
Micro_AUROC: 0.8680
Macro_AUPRC: 0.6194
Micro_AUPRC: 0.6259
Smin: 35.7081
------------------------------------------------------
  Run 21 / 30
  Run: biological_process_Hybrid_BCE_s456
------------------------------------------------------
Using device: cuda
Loading datasets from preprocessing/data/split_files/datasets.pkl for biological_process...
Epoch 001 | Loss: 0.6223 | Val MiFmax: 0.1694 | Val MaFmax: 0.1277 | Val Smin: 65.4030
  --> New best model saved!
Epoch 002 | Loss: 0.2288 | Val MiFmax: 0.2497 | Val MaFmax: 0.1714 | Val Smin: 62.9795
  --> New best model saved!
Epoch 003 | Loss: 0.0813 | Val MiFmax: 0.3090 | Val MaFmax: 0.2290 | Val Smin: 59.9310
  --> New best model saved!
Epoch 004 | Loss: 0.0571 | Val MiFmax: 0.3675 | Val MaFmax: 0.3397 | Val Smin: 56.8150
  --> New best model saved!
Epoch 005 | Loss: 0.0472 | Val MiFmax: 0.4165 | Val MaFmax: 0.3637 | Val Smin: 53.7518
  --> New best model saved!
Epoch 006 | Loss: 0.0411 | Val MiFmax: 0.4425 | Val MaFmax: 0.4111 | Val Smin: 51.8586
  --> New best model saved!
Epoch 007 | Loss: 0.0361 | Val MiFmax: 0.4845 | Val MaFmax: 0.4672 | Val Smin: 48.5283
  --> New best model saved!
Epoch 008 | Loss: 0.0309 | Val MiFmax: 0.5046 | Val MaFmax: 0.5001 | Val Smin: 47.0048
  --> New best model saved!
Epoch 009 | Loss: 0.0274 | Val MiFmax: 0.5588 | Val MaFmax: 0.5293 | Val Smin: 41.8696
  --> New best model saved!
Epoch 010 | Loss: 0.0248 | Val MiFmax: 0.5774 | Val MaFmax: 0.5579 | Val Smin: 40.5663
  --> New best model saved!
Epoch 011 | Loss: 0.0223 | Val MiFmax: 0.6066 | Val MaFmax: 0.5823 | Val Smin: 38.0833
  --> New best model saved!
Epoch 012 | Loss: 0.0202 | Val MiFmax: 0.6006 | Val MaFmax: 0.5873 | Val Smin: 38.8489
  --> New best model saved!
Epoch 013 | Loss: 0.0183 | Val MiFmax: 0.6066 | Val MaFmax: 0.5922 | Val Smin: 38.2714
  --> New best model saved!
Epoch 014 | Loss: 0.0168 | Val MiFmax: 0.6227 | Val MaFmax: 0.6215 | Val Smin: 36.7747
  --> New best model saved!
Epoch 015 | Loss: 0.0153 | Val MiFmax: 0.6261 | Val MaFmax: 0.6261 | Val Smin: 36.5949
  --> New best model saved!
Epoch 016 | Loss: 0.0143 | Val MiFmax: 0.6436 | Val MaFmax: 0.6340 | Val Smin: 35.3581
  --> New best model saved!
Epoch 017 | Loss: 0.0129 | Val MiFmax: 0.6484 | Val MaFmax: 0.6418 | Val Smin: 34.3266
  --> New best model saved!
Epoch 018 | Loss: 0.0121 | Val MiFmax: 0.6533 | Val MaFmax: 0.6554 | Val Smin: 33.7479
  --> New best model saved!
Epoch 019 | Loss: 0.0109 | Val MiFmax: 0.6565 | Val MaFmax: 0.6457 | Val Smin: 33.5122
Epoch 020 | Loss: 0.0103 | Val MiFmax: 0.6563 | Val MaFmax: 0.6620 | Val Smin: 34.0918
  --> New best model saved!
Epoch 021 | Loss: 0.0094 | Val MiFmax: 0.6603 | Val MaFmax: 0.6745 | Val Smin: 33.6483
  --> New best model saved!
Epoch 022 | Loss: 0.0092 | Val MiFmax: 0.6823 | Val MaFmax: 0.6744 | Val Smin: 31.4849
Epoch 023 | Loss: 0.0086 | Val MiFmax: 0.6697 | Val MaFmax: 0.6710 | Val Smin: 32.2330
Epoch 024 | Loss: 0.0076 | Val MiFmax: 0.6770 | Val MaFmax: 0.6913 | Val Smin: 32.4643
  --> New best model saved!
Epoch 025 | Loss: 0.0072 | Val MiFmax: 0.6812 | Val MaFmax: 0.6881 | Val Smin: 31.5727
Epoch 026 | Loss: 0.0066 | Val MiFmax: 0.6899 | Val MaFmax: 0.6969 | Val Smin: 30.9029
  --> New best model saved!
Epoch 027 | Loss: 0.0061 | Val MiFmax: 0.6902 | Val MaFmax: 0.6921 | Val Smin: 30.6738
Epoch 028 | Loss: 0.0062 | Val MiFmax: 0.7060 | Val MaFmax: 0.6951 | Val Smin: 29.4052
Epoch 029 | Loss: 0.0056 | Val MiFmax: 0.6982 | Val MaFmax: 0.6938 | Val Smin: 29.9900
Epoch 030 | Loss: 0.0053 | Val MiFmax: 0.6921 | Val MaFmax: 0.6954 | Val Smin: 30.7247
Epoch 031 | Loss: 0.0054 | Val MiFmax: 0.7018 | Val MaFmax: 0.6948 | Val Smin: 29.7882
Epoch 032 | Loss: 0.0051 | Val MiFmax: 0.7132 | Val MaFmax: 0.7113 | Val Smin: 28.9650
  --> New best model saved!
Epoch 033 | Loss: 0.0045 | Val MiFmax: 0.7159 | Val MaFmax: 0.7048 | Val Smin: 28.7365
Epoch 034 | Loss: 0.0040 | Val MiFmax: 0.7152 | Val MaFmax: 0.7029 | Val Smin: 28.5468
Epoch 035 | Loss: 0.0040 | Val MiFmax: 0.7129 | Val MaFmax: 0.7021 | Val Smin: 28.8108
Epoch 036 | Loss: 0.0038 | Val MiFmax: 0.7011 | Val MaFmax: 0.7016 | Val Smin: 29.6039
Epoch 037 | Loss: 0.0038 | Val MiFmax: 0.7240 | Val MaFmax: 0.7102 | Val Smin: 27.9848
Epoch 038 | Loss: 0.0036 | Val MiFmax: 0.7191 | Val MaFmax: 0.7166 | Val Smin: 28.0948
  --> New best model saved!
Epoch 039 | Loss: 0.0032 | Val MiFmax: 0.7221 | Val MaFmax: 0.7109 | Val Smin: 27.7553
Epoch 040 | Loss: 0.0031 | Val MiFmax: 0.7164 | Val MaFmax: 0.7077 | Val Smin: 28.4371
Epoch 041 | Loss: 0.0032 | Val MiFmax: 0.7140 | Val MaFmax: 0.7125 | Val Smin: 28.5376
Epoch 042 | Loss: 0.0030 | Val MiFmax: 0.7194 | Val MaFmax: 0.7121 | Val Smin: 28.0611
Epoch 043 | Loss: 0.0029 | Val MiFmax: 0.7115 | Val MaFmax: 0.7098 | Val Smin: 28.6967
Epoch 044 | Loss: 0.0026 | Val MiFmax: 0.7229 | Val MaFmax: 0.7170 | Val Smin: 27.9094
  --> New best model saved!
Epoch 045 | Loss: 0.0024 | Val MiFmax: 0.7202 | Val MaFmax: 0.7227 | Val Smin: 28.0003
  --> New best model saved!
Epoch 046 | Loss: 0.0024 | Val MiFmax: 0.7161 | Val MaFmax: 0.7203 | Val Smin: 28.2814
Epoch 047 | Loss: 0.0024 | Val MiFmax: 0.7154 | Val MaFmax: 0.7154 | Val Smin: 28.2428
Epoch 048 | Loss: 0.0023 | Val MiFmax: 0.7235 | Val MaFmax: 0.7201 | Val Smin: 27.8555
Epoch 049 | Loss: 0.0022 | Val MiFmax: 0.7242 | Val MaFmax: 0.7191 | Val Smin: 28.1581
Epoch 050 | Loss: 0.0020 | Val MiFmax: 0.7207 | Val MaFmax: 0.7203 | Val Smin: 27.9566
Epoch 051 | Loss: 0.0021 | Val MiFmax: 0.7236 | Val MaFmax: 0.7221 | Val Smin: 27.6954
Epoch 052 | Loss: 0.0017 | Val MiFmax: 0.7343 | Val MaFmax: 0.7228 | Val Smin: 26.7634
  --> New best model saved!
Epoch 053 | Loss: 0.0014 | Val MiFmax: 0.7355 | Val MaFmax: 0.7245 | Val Smin: 26.8593
  --> New best model saved!
Epoch 054 | Loss: 0.0013 | Val MiFmax: 0.7368 | Val MaFmax: 0.7267 | Val Smin: 26.5969
  --> New best model saved!
Epoch 055 | Loss: 0.0012 | Val MiFmax: 0.7394 | Val MaFmax: 0.7278 | Val Smin: 26.5963
  --> New best model saved!
Epoch 056 | Loss: 0.0011 | Val MiFmax: 0.7376 | Val MaFmax: 0.7244 | Val Smin: 26.7022
Epoch 057 | Loss: 0.0011 | Val MiFmax: 0.7364 | Val MaFmax: 0.7248 | Val Smin: 26.7293
Epoch 058 | Loss: 0.0011 | Val MiFmax: 0.7416 | Val MaFmax: 0.7218 | Val Smin: 26.4064
Epoch 059 | Loss: 0.0010 | Val MiFmax: 0.7323 | Val MaFmax: 0.7221 | Val Smin: 27.0499
Epoch 060 | Loss: 0.0010 | Val MiFmax: 0.7393 | Val MaFmax: 0.7231 | Val Smin: 26.5057
Epoch 061 | Loss: 0.0009 | Val MiFmax: 0.7381 | Val MaFmax: 0.7233 | Val Smin: 26.4901
Epoch 062 | Loss: 0.0009 | Val MiFmax: 0.7380 | Val MaFmax: 0.7248 | Val Smin: 26.5695
Epoch 063 | Loss: 0.0008 | Val MiFmax: 0.7367 | Val MaFmax: 0.7222 | Val Smin: 26.5738
Epoch 064 | Loss: 0.0008 | Val MiFmax: 0.7361 | Val MaFmax: 0.7230 | Val Smin: 26.6704
Epoch 065 | Loss: 0.0008 | Val MiFmax: 0.7389 | Val MaFmax: 0.7250 | Val Smin: 26.5355
Epoch 066 | Loss: 0.0008 | Val MiFmax: 0.7375 | Val MaFmax: 0.7252 | Val Smin: 26.5986
Epoch 067 | Loss: 0.0007 | Val MiFmax: 0.7400 | Val MaFmax: 0.7251 | Val Smin: 26.3188
Epoch 068 | Loss: 0.0007 | Val MiFmax: 0.7419 | Val MaFmax: 0.7269 | Val Smin: 26.2433
Epoch 069 | Loss: 0.0006 | Val MiFmax: 0.7412 | Val MaFmax: 0.7261 | Val Smin: 26.2531
Epoch 070 | Loss: 0.0006 | Val MiFmax: 0.7393 | Val MaFmax: 0.7264 | Val Smin: 26.5179
Early stopping triggered after 70 epochs.
Training finished. Evaluating on Test Set...

--- TEST METRICS ---
Micro_Fmax: 0.6638
Macro_Fmax: 0.6462
Macro_AUROC: 0.8637
Micro_AUROC: 0.8680
Macro_AUPRC: 0.5998
Micro_AUPRC: 0.6219
Smin: 36.1738
------------------------------------------------------
  Run 22 / 30
  Run: biological_process_Hybrid_Focal_s42
------------------------------------------------------
Using device: cuda
Loading datasets from preprocessing/data/split_files/datasets.pkl for biological_process...
Alpha weights not found. Using default FocalLoss (alpha=0.25, gamma=4.0).
Epoch 001 | Loss: 0.0134 | Val MiFmax: 0.0527 | Val MaFmax: 0.1147 | Val Smin: 69.2234
  --> New best model saved!
Epoch 002 | Loss: 0.0036 | Val MiFmax: 0.1867 | Val MaFmax: 0.2161 | Val Smin: 65.4780
  --> New best model saved!
Epoch 003 | Loss: 0.0013 | Val MiFmax: 0.3738 | Val MaFmax: 0.3634 | Val Smin: 56.4716
  --> New best model saved!
Epoch 004 | Loss: 0.0009 | Val MiFmax: 0.4112 | Val MaFmax: 0.4303 | Val Smin: 52.9058
  --> New best model saved!
Epoch 005 | Loss: 0.0007 | Val MiFmax: 0.4813 | Val MaFmax: 0.5185 | Val Smin: 46.8797
  --> New best model saved!
Epoch 006 | Loss: 0.0006 | Val MiFmax: 0.4767 | Val MaFmax: 0.5441 | Val Smin: 46.6342
  --> New best model saved!
Epoch 007 | Loss: 0.0005 | Val MiFmax: 0.5255 | Val MaFmax: 0.5654 | Val Smin: 43.8028
  --> New best model saved!
Epoch 008 | Loss: 0.0004 | Val MiFmax: 0.5721 | Val MaFmax: 0.5873 | Val Smin: 40.5894
  --> New best model saved!
Epoch 009 | Loss: 0.0004 | Val MiFmax: 0.5388 | Val MaFmax: 0.6133 | Val Smin: 42.4318
  --> New best model saved!
Epoch 010 | Loss: 0.0004 | Val MiFmax: 0.5986 | Val MaFmax: 0.6323 | Val Smin: 37.6309
  --> New best model saved!
Epoch 011 | Loss: 0.0003 | Val MiFmax: 0.5425 | Val MaFmax: 0.6235 | Val Smin: 41.5872
Epoch 012 | Loss: 0.0003 | Val MiFmax: 0.5929 | Val MaFmax: 0.6581 | Val Smin: 37.9053
  --> New best model saved!
Epoch 013 | Loss: 0.0003 | Val MiFmax: 0.5850 | Val MaFmax: 0.6548 | Val Smin: 39.2937
Epoch 014 | Loss: 0.0002 | Val MiFmax: 0.6097 | Val MaFmax: 0.6619 | Val Smin: 36.8099
  --> New best model saved!
Epoch 015 | Loss: 0.0002 | Val MiFmax: 0.5622 | Val MaFmax: 0.6536 | Val Smin: 41.0735
Epoch 016 | Loss: 0.0002 | Val MiFmax: 0.5105 | Val MaFmax: 0.6644 | Val Smin: 44.6233
  --> New best model saved!
Epoch 017 | Loss: 0.0002 | Val MiFmax: 0.0602 | Val MaFmax: 0.6102 | Val Smin: 1291.3524
Epoch 018 | Loss: 0.0003 | Val MiFmax: 0.6504 | Val MaFmax: 0.6874 | Val Smin: 33.6446
  --> New best model saved!
Epoch 019 | Loss: 0.0002 | Val MiFmax: 0.6502 | Val MaFmax: 0.6803 | Val Smin: 34.0042
Epoch 020 | Loss: 0.0002 | Val MiFmax: 0.6075 | Val MaFmax: 0.6886 | Val Smin: 37.2951
  --> New best model saved!
Epoch 021 | Loss: 0.0002 | Val MiFmax: 0.6583 | Val MaFmax: 0.6902 | Val Smin: 32.2231
  --> New best model saved!
Epoch 022 | Loss: 0.0002 | Val MiFmax: 0.6540 | Val MaFmax: 0.6830 | Val Smin: 33.8213
Epoch 023 | Loss: 0.0001 | Val MiFmax: 0.5599 | Val MaFmax: 0.7033 | Val Smin: 38.8065
  --> New best model saved!
Epoch 024 | Loss: 0.0001 | Val MiFmax: 0.6606 | Val MaFmax: 0.7001 | Val Smin: 32.7783
Epoch 025 | Loss: 0.0001 | Val MiFmax: 0.6614 | Val MaFmax: 0.7040 | Val Smin: 33.3447
  --> New best model saved!
Epoch 026 | Loss: 0.0001 | Val MiFmax: 0.6136 | Val MaFmax: 0.7103 | Val Smin: 36.8826
  --> New best model saved!
Epoch 027 | Loss: 0.0001 | Val MiFmax: 0.6813 | Val MaFmax: 0.7058 | Val Smin: 31.0958
Epoch 028 | Loss: 0.0001 | Val MiFmax: 0.6293 | Val MaFmax: 0.6949 | Val Smin: 35.1790
Epoch 029 | Loss: 0.0001 | Val MiFmax: 0.6644 | Val MaFmax: 0.7078 | Val Smin: 32.3728
Epoch 030 | Loss: 0.0001 | Val MiFmax: 0.6715 | Val MaFmax: 0.7051 | Val Smin: 30.4208
Epoch 031 | Loss: 0.0001 | Val MiFmax: 0.5160 | Val MaFmax: 0.6994 | Val Smin: 44.7910
Epoch 032 | Loss: 0.0001 | Val MiFmax: 0.7052 | Val MaFmax: 0.7054 | Val Smin: 29.3603
Epoch 033 | Loss: 0.0001 | Val MiFmax: 0.7179 | Val MaFmax: 0.7146 | Val Smin: 28.2211
  --> New best model saved!
Epoch 034 | Loss: 0.0001 | Val MiFmax: 0.7252 | Val MaFmax: 0.7197 | Val Smin: 27.7343
  --> New best model saved!
Epoch 035 | Loss: 0.0001 | Val MiFmax: 0.7205 | Val MaFmax: 0.7192 | Val Smin: 28.1095
Epoch 036 | Loss: 0.0001 | Val MiFmax: 0.7169 | Val MaFmax: 0.7147 | Val Smin: 28.3645
Epoch 037 | Loss: 0.0001 | Val MiFmax: 0.7093 | Val MaFmax: 0.7199 | Val Smin: 28.7463
  --> New best model saved!
Epoch 038 | Loss: 0.0001 | Val MiFmax: 0.7168 | Val MaFmax: 0.7153 | Val Smin: 28.2152
Epoch 039 | Loss: 0.0000 | Val MiFmax: 0.7113 | Val MaFmax: 0.7214 | Val Smin: 29.0613
  --> New best model saved!
Epoch 040 | Loss: 0.0001 | Val MiFmax: 0.7179 | Val MaFmax: 0.7228 | Val Smin: 27.5935
  --> New best model saved!
Epoch 041 | Loss: 0.0000 | Val MiFmax: 0.7297 | Val MaFmax: 0.7163 | Val Smin: 26.6430
Epoch 042 | Loss: 0.0000 | Val MiFmax: 0.7215 | Val MaFmax: 0.7246 | Val Smin: 27.2813
  --> New best model saved!
Epoch 043 | Loss: 0.0000 | Val MiFmax: 0.7030 | Val MaFmax: 0.7170 | Val Smin: 29.2813
Epoch 044 | Loss: 0.0001 | Val MiFmax: 0.6936 | Val MaFmax: 0.7153 | Val Smin: 30.1094
Epoch 045 | Loss: 0.0001 | Val MiFmax: 0.7245 | Val MaFmax: 0.7207 | Val Smin: 27.1718
Epoch 046 | Loss: 0.0000 | Val MiFmax: 0.7074 | Val MaFmax: 0.7150 | Val Smin: 28.9042
Epoch 047 | Loss: 0.0000 | Val MiFmax: 0.7212 | Val MaFmax: 0.7241 | Val Smin: 27.1988
Epoch 048 | Loss: 0.0000 | Val MiFmax: 0.7249 | Val MaFmax: 0.7219 | Val Smin: 27.5118
Epoch 049 | Loss: 0.0000 | Val MiFmax: 0.7384 | Val MaFmax: 0.7224 | Val Smin: 25.9159
Epoch 050 | Loss: 0.0000 | Val MiFmax: 0.7402 | Val MaFmax: 0.7232 | Val Smin: 25.8381
Epoch 051 | Loss: 0.0000 | Val MiFmax: 0.7414 | Val MaFmax: 0.7235 | Val Smin: 25.8885
Epoch 052 | Loss: 0.0000 | Val MiFmax: 0.7350 | Val MaFmax: 0.7255 | Val Smin: 26.5928
  --> New best model saved!
Epoch 053 | Loss: 0.0000 | Val MiFmax: 0.7334 | Val MaFmax: 0.7220 | Val Smin: 26.4946
Epoch 054 | Loss: 0.0000 | Val MiFmax: 0.7367 | Val MaFmax: 0.7249 | Val Smin: 26.2747
Epoch 055 | Loss: 0.0000 | Val MiFmax: 0.7326 | Val MaFmax: 0.7236 | Val Smin: 26.8311
Epoch 056 | Loss: 0.0000 | Val MiFmax: 0.7398 | Val MaFmax: 0.7265 | Val Smin: 26.0186
  --> New best model saved!
Epoch 057 | Loss: 0.0000 | Val MiFmax: 0.7290 | Val MaFmax: 0.7256 | Val Smin: 26.6147
Epoch 058 | Loss: 0.0000 | Val MiFmax: 0.7387 | Val MaFmax: 0.7222 | Val Smin: 26.0242
Epoch 059 | Loss: 0.0000 | Val MiFmax: 0.7289 | Val MaFmax: 0.7227 | Val Smin: 26.7136
Epoch 060 | Loss: 0.0000 | Val MiFmax: 0.7316 | Val MaFmax: 0.7186 | Val Smin: 26.6680
Epoch 061 | Loss: 0.0000 | Val MiFmax: 0.7386 | Val MaFmax: 0.7245 | Val Smin: 25.9920
Epoch 062 | Loss: 0.0000 | Val MiFmax: 0.7333 | Val MaFmax: 0.7201 | Val Smin: 26.8005
Epoch 063 | Loss: 0.0000 | Val MiFmax: 0.7381 | Val MaFmax: 0.7241 | Val Smin: 26.0084
Epoch 064 | Loss: 0.0000 | Val MiFmax: 0.7446 | Val MaFmax: 0.7252 | Val Smin: 25.5114
Epoch 065 | Loss: 0.0000 | Val MiFmax: 0.7407 | Val MaFmax: 0.7237 | Val Smin: 25.8152
Epoch 066 | Loss: 0.0000 | Val MiFmax: 0.7459 | Val MaFmax: 0.7260 | Val Smin: 25.4090
Epoch 067 | Loss: 0.0000 | Val MiFmax: 0.7467 | Val MaFmax: 0.7245 | Val Smin: 25.3516
Epoch 068 | Loss: 0.0000 | Val MiFmax: 0.7484 | Val MaFmax: 0.7243 | Val Smin: 25.2034
Epoch 069 | Loss: 0.0000 | Val MiFmax: 0.7483 | Val MaFmax: 0.7254 | Val Smin: 25.2166
Epoch 070 | Loss: 0.0000 | Val MiFmax: 0.7477 | Val MaFmax: 0.7267 | Val Smin: 25.2715
  --> New best model saved!
Epoch 071 | Loss: 0.0000 | Val MiFmax: 0.7448 | Val MaFmax: 0.7255 | Val Smin: 25.4257
Epoch 072 | Loss: 0.0000 | Val MiFmax: 0.7463 | Val MaFmax: 0.7257 | Val Smin: 25.2899
Epoch 073 | Loss: 0.0000 | Val MiFmax: 0.7467 | Val MaFmax: 0.7247 | Val Smin: 25.2974
Epoch 074 | Loss: 0.0000 | Val MiFmax: 0.7463 | Val MaFmax: 0.7244 | Val Smin: 25.3449
Epoch 075 | Loss: 0.0000 | Val MiFmax: 0.7473 | Val MaFmax: 0.7242 | Val Smin: 25.1076
Epoch 076 | Loss: 0.0000 | Val MiFmax: 0.7444 | Val MaFmax: 0.7259 | Val Smin: 25.4902
Epoch 077 | Loss: 0.0000 | Val MiFmax: 0.7494 | Val MaFmax: 0.7251 | Val Smin: 25.0197
Epoch 078 | Loss: 0.0000 | Val MiFmax: 0.7493 | Val MaFmax: 0.7246 | Val Smin: 25.0543
Epoch 079 | Loss: 0.0000 | Val MiFmax: 0.7491 | Val MaFmax: 0.7253 | Val Smin: 25.1056
Epoch 080 | Loss: 0.0000 | Val MiFmax: 0.7522 | Val MaFmax: 0.7256 | Val Smin: 24.8394
Epoch 081 | Loss: 0.0000 | Val MiFmax: 0.7506 | Val MaFmax: 0.7251 | Val Smin: 24.9853
Epoch 082 | Loss: 0.0000 | Val MiFmax: 0.7517 | Val MaFmax: 0.7265 | Val Smin: 24.7947
Epoch 083 | Loss: 0.0000 | Val MiFmax: 0.7513 | Val MaFmax: 0.7258 | Val Smin: 24.8912
Epoch 084 | Loss: 0.0000 | Val MiFmax: 0.7546 | Val MaFmax: 0.7257 | Val Smin: 24.6953
Epoch 085 | Loss: 0.0000 | Val MiFmax: 0.7500 | Val MaFmax: 0.7252 | Val Smin: 25.0591
Early stopping triggered after 85 epochs.
Training finished. Evaluating on Test Set...

--- TEST METRICS ---
Micro_Fmax: 0.6916
Macro_Fmax: 0.6843
Macro_AUROC: 0.8617
Micro_AUROC: 0.8630
Macro_AUPRC: 0.6377
Micro_AUPRC: 0.6541
Smin: 33.6834
------------------------------------------------------
  Run 23 / 30
  Run: biological_process_Hybrid_Focal_s123
------------------------------------------------------
Using device: cuda
Loading datasets from preprocessing/data/split_files/datasets.pkl for biological_process...
Alpha weights not found. Using default FocalLoss (alpha=0.25, gamma=4.0).
Epoch 001 | Loss: 0.0134 | Val MiFmax: 0.0503 | Val MaFmax: 0.1138 | Val Smin: 69.1027
  --> New best model saved!
Epoch 002 | Loss: 0.0036 | Val MiFmax: 0.0500 | Val MaFmax: 0.2062 | Val Smin: 88.9684
  --> New best model saved!
Epoch 003 | Loss: 0.0012 | Val MiFmax: 0.3561 | Val MaFmax: 0.3638 | Val Smin: 57.6419
  --> New best model saved!
Epoch 004 | Loss: 0.0009 | Val MiFmax: 0.3477 | Val MaFmax: 0.4643 | Val Smin: 57.3532
  --> New best model saved!
Epoch 005 | Loss: 0.0007 | Val MiFmax: 0.4234 | Val MaFmax: 0.5108 | Val Smin: 52.4958
  --> New best model saved!
Epoch 006 | Loss: 0.0006 | Val MiFmax: 0.4741 | Val MaFmax: 0.5565 | Val Smin: 47.7060
  --> New best model saved!
Epoch 007 | Loss: 0.0005 | Val MiFmax: 0.4535 | Val MaFmax: 0.5627 | Val Smin: 50.0371
  --> New best model saved!
Epoch 008 | Loss: 0.0004 | Val MiFmax: 0.5386 | Val MaFmax: 0.5997 | Val Smin: 42.9394
  --> New best model saved!
Epoch 009 | Loss: 0.0004 | Val MiFmax: 0.3509 | Val MaFmax: 0.6249 | Val Smin: 59.0353
  --> New best model saved!
Epoch 010 | Loss: 0.0003 | Val MiFmax: 0.5294 | Val MaFmax: 0.6421 | Val Smin: 43.5112
  --> New best model saved!
Epoch 011 | Loss: 0.0003 | Val MiFmax: 0.5415 | Val MaFmax: 0.6439 | Val Smin: 41.1949
  --> New best model saved!
Epoch 012 | Loss: 0.0003 | Val MiFmax: 0.5345 | Val MaFmax: 0.6582 | Val Smin: 42.3841
  --> New best model saved!
Epoch 013 | Loss: 0.0003 | Val MiFmax: 0.4483 | Val MaFmax: 0.6758 | Val Smin: 51.1362
  --> New best model saved!
Epoch 014 | Loss: 0.0002 | Val MiFmax: 0.4532 | Val MaFmax: 0.6719 | Val Smin: 50.3277
Epoch 015 | Loss: 0.0002 | Val MiFmax: 0.5684 | Val MaFmax: 0.6794 | Val Smin: 38.9049
  --> New best model saved!
Epoch 016 | Loss: 0.0002 | Val MiFmax: 0.6063 | Val MaFmax: 0.6886 | Val Smin: 37.8196
  --> New best model saved!
Epoch 017 | Loss: 0.0002 | Val MiFmax: 0.5917 | Val MaFmax: 0.6826 | Val Smin: 38.9744
Epoch 018 | Loss: 0.0002 | Val MiFmax: 0.6081 | Val MaFmax: 0.6852 | Val Smin: 37.3696
Epoch 019 | Loss: 0.0002 | Val MiFmax: 0.4876 | Val MaFmax: 0.6851 | Val Smin: 47.2088
Epoch 020 | Loss: 0.0002 | Val MiFmax: 0.5703 | Val MaFmax: 0.6944 | Val Smin: 40.4099
  --> New best model saved!
Epoch 021 | Loss: 0.0002 | Val MiFmax: 0.6361 | Val MaFmax: 0.6933 | Val Smin: 34.9325
Epoch 022 | Loss: 0.0001 | Val MiFmax: 0.5913 | Val MaFmax: 0.7004 | Val Smin: 38.0593
  --> New best model saved!
Epoch 023 | Loss: 0.0001 | Val MiFmax: 0.5249 | Val MaFmax: 0.7042 | Val Smin: 41.2416
  --> New best model saved!
Epoch 024 | Loss: 0.0001 | Val MiFmax: 0.5826 | Val MaFmax: 0.6973 | Val Smin: 38.6542
Epoch 025 | Loss: 0.0001 | Val MiFmax: 0.5880 | Val MaFmax: 0.6961 | Val Smin: 38.1128
Epoch 026 | Loss: 0.0001 | Val MiFmax: 0.6282 | Val MaFmax: 0.7163 | Val Smin: 34.2355
  --> New best model saved!
Epoch 027 | Loss: 0.0001 | Val MiFmax: 0.4897 | Val MaFmax: 0.7047 | Val Smin: 46.7167
Epoch 028 | Loss: 0.0001 | Val MiFmax: 0.5618 | Val MaFmax: 0.7017 | Val Smin: 39.5722
Epoch 029 | Loss: 0.0001 | Val MiFmax: 0.5779 | Val MaFmax: 0.7095 | Val Smin: 39.8450
Epoch 030 | Loss: 0.0001 | Val MiFmax: 0.6439 | Val MaFmax: 0.7060 | Val Smin: 34.4117
Epoch 031 | Loss: 0.0001 | Val MiFmax: 0.6705 | Val MaFmax: 0.7156 | Val Smin: 32.3971
Epoch 032 | Loss: 0.0001 | Val MiFmax: 0.6490 | Val MaFmax: 0.7146 | Val Smin: 33.9173
Epoch 033 | Loss: 0.0001 | Val MiFmax: 0.7113 | Val MaFmax: 0.7193 | Val Smin: 28.7059
  --> New best model saved!
Epoch 034 | Loss: 0.0001 | Val MiFmax: 0.7092 | Val MaFmax: 0.7175 | Val Smin: 29.1982
Epoch 035 | Loss: 0.0000 | Val MiFmax: 0.7153 | Val MaFmax: 0.7221 | Val Smin: 28.4576
  --> New best model saved!
Epoch 036 | Loss: 0.0000 | Val MiFmax: 0.7183 | Val MaFmax: 0.7223 | Val Smin: 27.9430
  --> New best model saved!
Epoch 037 | Loss: 0.0001 | Val MiFmax: 0.7097 | Val MaFmax: 0.7242 | Val Smin: 29.0848
  --> New best model saved!
Epoch 038 | Loss: 0.0000 | Val MiFmax: 0.7121 | Val MaFmax: 0.7175 | Val Smin: 28.6019
Epoch 039 | Loss: 0.0000 | Val MiFmax: 0.7158 | Val MaFmax: 0.7159 | Val Smin: 29.1617
Epoch 040 | Loss: 0.0000 | Val MiFmax: 0.7196 | Val MaFmax: 0.7203 | Val Smin: 28.3943
Epoch 041 | Loss: 0.0000 | Val MiFmax: 0.7081 | Val MaFmax: 0.7226 | Val Smin: 28.7838
Epoch 042 | Loss: 0.0000 | Val MiFmax: 0.7124 | Val MaFmax: 0.7263 | Val Smin: 29.2335
  --> New best model saved!
Epoch 043 | Loss: 0.0000 | Val MiFmax: 0.6946 | Val MaFmax: 0.7219 | Val Smin: 30.6071
Epoch 044 | Loss: 0.0000 | Val MiFmax: 0.7025 | Val MaFmax: 0.7211 | Val Smin: 29.7977
Epoch 045 | Loss: 0.0001 | Val MiFmax: 0.7092 | Val MaFmax: 0.7264 | Val Smin: 29.3238
  --> New best model saved!
Epoch 046 | Loss: 0.0001 | Val MiFmax: 0.7202 | Val MaFmax: 0.7230 | Val Smin: 27.9671
Epoch 047 | Loss: 0.0000 | Val MiFmax: 0.7005 | Val MaFmax: 0.7212 | Val Smin: 29.6877
Epoch 048 | Loss: 0.0000 | Val MiFmax: 0.6705 | Val MaFmax: 0.7221 | Val Smin: 32.0704
Epoch 049 | Loss: 0.0001 | Val MiFmax: 0.7142 | Val MaFmax: 0.7219 | Val Smin: 28.4620
Epoch 050 | Loss: 0.0001 | Val MiFmax: 0.6480 | Val MaFmax: 0.7251 | Val Smin: 33.2155
Epoch 051 | Loss: 0.0000 | Val MiFmax: 0.6998 | Val MaFmax: 0.7226 | Val Smin: 30.0050
Epoch 052 | Loss: 0.0000 | Val MiFmax: 0.7253 | Val MaFmax: 0.7235 | Val Smin: 27.7292
Epoch 053 | Loss: 0.0000 | Val MiFmax: 0.7261 | Val MaFmax: 0.7285 | Val Smin: 27.6200
  --> New best model saved!
Epoch 054 | Loss: 0.0000 | Val MiFmax: 0.7358 | Val MaFmax: 0.7284 | Val Smin: 26.4650
Epoch 055 | Loss: 0.0000 | Val MiFmax: 0.7326 | Val MaFmax: 0.7259 | Val Smin: 26.6435
Epoch 056 | Loss: 0.0000 | Val MiFmax: 0.7360 | Val MaFmax: 0.7260 | Val Smin: 26.5374
Epoch 057 | Loss: 0.0000 | Val MiFmax: 0.7339 | Val MaFmax: 0.7276 | Val Smin: 26.8953
Epoch 058 | Loss: 0.0000 | Val MiFmax: 0.7408 | Val MaFmax: 0.7275 | Val Smin: 25.8735
Epoch 059 | Loss: 0.0000 | Val MiFmax: 0.7269 | Val MaFmax: 0.7253 | Val Smin: 27.3307
Epoch 060 | Loss: 0.0000 | Val MiFmax: 0.7390 | Val MaFmax: 0.7275 | Val Smin: 26.2060
Epoch 061 | Loss: 0.0000 | Val MiFmax: 0.7374 | Val MaFmax: 0.7279 | Val Smin: 26.3224
Epoch 062 | Loss: 0.0000 | Val MiFmax: 0.7427 | Val MaFmax: 0.7297 | Val Smin: 25.9965
  --> New best model saved!
Epoch 063 | Loss: 0.0000 | Val MiFmax: 0.7416 | Val MaFmax: 0.7285 | Val Smin: 26.1084
Epoch 064 | Loss: 0.0000 | Val MiFmax: 0.7299 | Val MaFmax: 0.7273 | Val Smin: 27.2108
Epoch 065 | Loss: 0.0000 | Val MiFmax: 0.7365 | Val MaFmax: 0.7298 | Val Smin: 26.5235
  --> New best model saved!
Epoch 066 | Loss: 0.0000 | Val MiFmax: 0.7402 | Val MaFmax: 0.7302 | Val Smin: 26.1478
  --> New best model saved!
Epoch 067 | Loss: 0.0000 | Val MiFmax: 0.7347 | Val MaFmax: 0.7286 | Val Smin: 26.5512
Epoch 068 | Loss: 0.0000 | Val MiFmax: 0.7411 | Val MaFmax: 0.7283 | Val Smin: 25.7495
Epoch 069 | Loss: 0.0000 | Val MiFmax: 0.7436 | Val MaFmax: 0.7287 | Val Smin: 25.7219
Epoch 070 | Loss: 0.0000 | Val MiFmax: 0.7366 | Val MaFmax: 0.7297 | Val Smin: 26.5018
Epoch 071 | Loss: 0.0000 | Val MiFmax: 0.7384 | Val MaFmax: 0.7267 | Val Smin: 26.2689
Epoch 072 | Loss: 0.0000 | Val MiFmax: 0.7354 | Val MaFmax: 0.7302 | Val Smin: 26.5542
  --> New best model saved!
Epoch 073 | Loss: 0.0000 | Val MiFmax: 0.7349 | Val MaFmax: 0.7278 | Val Smin: 26.4869
Epoch 074 | Loss: 0.0000 | Val MiFmax: 0.7390 | Val MaFmax: 0.7272 | Val Smin: 26.0861
Epoch 075 | Loss: 0.0000 | Val MiFmax: 0.7333 | Val MaFmax: 0.7302 | Val Smin: 26.5508
Epoch 076 | Loss: 0.0000 | Val MiFmax: 0.7375 | Val MaFmax: 0.7304 | Val Smin: 26.1860
  --> New best model saved!
Epoch 077 | Loss: 0.0000 | Val MiFmax: 0.7339 | Val MaFmax: 0.7315 | Val Smin: 26.4863
  --> New best model saved!
Epoch 078 | Loss: 0.0000 | Val MiFmax: 0.7422 | Val MaFmax: 0.7311 | Val Smin: 25.9458
Epoch 079 | Loss: 0.0000 | Val MiFmax: 0.7344 | Val MaFmax: 0.7286 | Val Smin: 26.3648
Epoch 080 | Loss: 0.0000 | Val MiFmax: 0.7407 | Val MaFmax: 0.7297 | Val Smin: 26.1973
Epoch 081 | Loss: 0.0000 | Val MiFmax: 0.7312 | Val MaFmax: 0.7319 | Val Smin: 26.9165
  --> New best model saved!
Epoch 082 | Loss: 0.0000 | Val MiFmax: 0.7331 | Val MaFmax: 0.7278 | Val Smin: 27.3442
Epoch 083 | Loss: 0.0000 | Val MiFmax: 0.7393 | Val MaFmax: 0.7310 | Val Smin: 26.0978
Epoch 084 | Loss: 0.0000 | Val MiFmax: 0.7416 | Val MaFmax: 0.7321 | Val Smin: 25.9800
  --> New best model saved!
Epoch 085 | Loss: 0.0000 | Val MiFmax: 0.7384 | Val MaFmax: 0.7296 | Val Smin: 26.4867
Epoch 086 | Loss: 0.0000 | Val MiFmax: 0.7353 | Val MaFmax: 0.7276 | Val Smin: 26.5173
Epoch 087 | Loss: 0.0000 | Val MiFmax: 0.7388 | Val MaFmax: 0.7298 | Val Smin: 26.2719
Epoch 088 | Loss: 0.0000 | Val MiFmax: 0.7386 | Val MaFmax: 0.7284 | Val Smin: 26.3176
Epoch 089 | Loss: 0.0000 | Val MiFmax: 0.7355 | Val MaFmax: 0.7273 | Val Smin: 26.6321
Epoch 090 | Loss: 0.0000 | Val MiFmax: 0.7410 | Val MaFmax: 0.7300 | Val Smin: 26.1721
Epoch 091 | Loss: 0.0000 | Val MiFmax: 0.7420 | Val MaFmax: 0.7278 | Val Smin: 25.8389
Epoch 092 | Loss: 0.0000 | Val MiFmax: 0.7398 | Val MaFmax: 0.7302 | Val Smin: 26.1322
Epoch 093 | Loss: 0.0000 | Val MiFmax: 0.7451 | Val MaFmax: 0.7301 | Val Smin: 25.5642
Epoch 094 | Loss: 0.0000 | Val MiFmax: 0.7408 | Val MaFmax: 0.7299 | Val Smin: 26.0201
Epoch 095 | Loss: 0.0000 | Val MiFmax: 0.7400 | Val MaFmax: 0.7308 | Val Smin: 26.1870
Epoch 096 | Loss: 0.0000 | Val MiFmax: 0.7402 | Val MaFmax: 0.7310 | Val Smin: 26.0491
Epoch 097 | Loss: 0.0000 | Val MiFmax: 0.7416 | Val MaFmax: 0.7324 | Val Smin: 25.9728
  --> New best model saved!
Epoch 098 | Loss: 0.0000 | Val MiFmax: 0.7416 | Val MaFmax: 0.7300 | Val Smin: 25.9751
Epoch 099 | Loss: 0.0000 | Val MiFmax: 0.7420 | Val MaFmax: 0.7317 | Val Smin: 25.7167
Epoch 100 | Loss: 0.0000 | Val MiFmax: 0.7417 | Val MaFmax: 0.7310 | Val Smin: 25.8717
Epoch 101 | Loss: 0.0000 | Val MiFmax: 0.7441 | Val MaFmax: 0.7317 | Val Smin: 25.5953
Epoch 102 | Loss: 0.0000 | Val MiFmax: 0.7435 | Val MaFmax: 0.7312 | Val Smin: 25.6731
Epoch 103 | Loss: 0.0000 | Val MiFmax: 0.7423 | Val MaFmax: 0.7305 | Val Smin: 25.7606
Epoch 104 | Loss: 0.0000 | Val MiFmax: 0.7440 | Val MaFmax: 0.7305 | Val Smin: 25.5527
Epoch 105 | Loss: 0.0000 | Val MiFmax: 0.7440 | Val MaFmax: 0.7313 | Val Smin: 25.6346
Epoch 106 | Loss: 0.0000 | Val MiFmax: 0.7441 | Val MaFmax: 0.7316 | Val Smin: 25.5452
Epoch 107 | Loss: 0.0000 | Val MiFmax: 0.7445 | Val MaFmax: 0.7319 | Val Smin: 25.5514
Epoch 108 | Loss: 0.0000 | Val MiFmax: 0.7439 | Val MaFmax: 0.7322 | Val Smin: 25.5354
Epoch 109 | Loss: 0.0000 | Val MiFmax: 0.7433 | Val MaFmax: 0.7319 | Val Smin: 25.6493
Epoch 110 | Loss: 0.0000 | Val MiFmax: 0.7438 | Val MaFmax: 0.7311 | Val Smin: 25.6571
Epoch 111 | Loss: 0.0000 | Val MiFmax: 0.7436 | Val MaFmax: 0.7306 | Val Smin: 25.6441
Epoch 112 | Loss: 0.0000 | Val MiFmax: 0.7448 | Val MaFmax: 0.7314 | Val Smin: 25.5773
Early stopping triggered after 112 epochs.
Training finished. Evaluating on Test Set...

--- TEST METRICS ---
Micro_Fmax: 0.6840
Macro_Fmax: 0.6787
Macro_AUROC: 0.8526
Micro_AUROC: 0.8508
Macro_AUPRC: 0.6327
Micro_AUPRC: 0.6433
Smin: 34.1111
------------------------------------------------------
  Run 24 / 30
  Run: biological_process_Hybrid_Focal_s456
------------------------------------------------------
Using device: cuda
Loading datasets from preprocessing/data/split_files/datasets.pkl for biological_process...
Alpha weights not found. Using default FocalLoss (alpha=0.25, gamma=4.0).
Epoch 001 | Loss: 0.0133 | Val MiFmax: 0.0572 | Val MaFmax: 0.1152 | Val Smin: 68.7203
  --> New best model saved!
Epoch 002 | Loss: 0.0035 | Val MiFmax: 0.0738 | Val MaFmax: 0.2402 | Val Smin: 68.8790
  --> New best model saved!
Epoch 003 | Loss: 0.0012 | Val MiFmax: 0.2985 | Val MaFmax: 0.3644 | Val Smin: 60.8909
  --> New best model saved!
Epoch 004 | Loss: 0.0009 | Val MiFmax: 0.3675 | Val MaFmax: 0.4505 | Val Smin: 56.8931
  --> New best model saved!
Epoch 005 | Loss: 0.0007 | Val MiFmax: 0.3439 | Val MaFmax: 0.5120 | Val Smin: 55.1617
  --> New best model saved!
Epoch 006 | Loss: 0.0006 | Val MiFmax: 0.3623 | Val MaFmax: 0.5589 | Val Smin: 52.8622
  --> New best model saved!
Epoch 007 | Loss: 0.0005 | Val MiFmax: 0.4597 | Val MaFmax: 0.5713 | Val Smin: 48.7476
  --> New best model saved!
Epoch 008 | Loss: 0.0004 | Val MiFmax: 0.4705 | Val MaFmax: 0.5809 | Val Smin: 45.8493
  --> New best model saved!
Epoch 009 | Loss: 0.0004 | Val MiFmax: 0.4509 | Val MaFmax: 0.5940 | Val Smin: 48.5042
  --> New best model saved!
Epoch 010 | Loss: 0.0004 | Val MiFmax: 0.5369 | Val MaFmax: 0.6127 | Val Smin: 41.9438
  --> New best model saved!
Epoch 011 | Loss: 0.0003 | Val MiFmax: 0.5545 | Val MaFmax: 0.6371 | Val Smin: 40.3445
  --> New best model saved!
Epoch 012 | Loss: 0.0003 | Val MiFmax: 0.5069 | Val MaFmax: 0.6592 | Val Smin: 41.7225
  --> New best model saved!
Epoch 013 | Loss: 0.0003 | Val MiFmax: 0.5085 | Val MaFmax: 0.6540 | Val Smin: 45.9841
Epoch 014 | Loss: 0.0002 | Val MiFmax: 0.5788 | Val MaFmax: 0.6730 | Val Smin: 39.2427
  --> New best model saved!
Epoch 015 | Loss: 0.0002 | Val MiFmax: 0.5790 | Val MaFmax: 0.6751 | Val Smin: 38.1887
  --> New best model saved!
Epoch 016 | Loss: 0.0002 | Val MiFmax: 0.5759 | Val MaFmax: 0.6847 | Val Smin: 40.3548
  --> New best model saved!
Epoch 017 | Loss: 0.0002 | Val MiFmax: 0.5748 | Val MaFmax: 0.6911 | Val Smin: 39.5358
  --> New best model saved!
Epoch 018 | Loss: 0.0002 | Val MiFmax: 0.6040 | Val MaFmax: 0.6825 | Val Smin: 37.0312
Epoch 019 | Loss: 0.0002 | Val MiFmax: 0.5782 | Val MaFmax: 0.6971 | Val Smin: 38.5146
  --> New best model saved!
Epoch 020 | Loss: 0.0002 | Val MiFmax: 0.6428 | Val MaFmax: 0.6964 | Val Smin: 34.2172
Epoch 021 | Loss: 0.0002 | Val MiFmax: 0.5798 | Val MaFmax: 0.6747 | Val Smin: 39.4031
Epoch 022 | Loss: 0.0002 | Val MiFmax: 0.6064 | Val MaFmax: 0.7005 | Val Smin: 36.8259
  --> New best model saved!
Epoch 023 | Loss: 0.0001 | Val MiFmax: 0.6097 | Val MaFmax: 0.6986 | Val Smin: 35.7812
Epoch 024 | Loss: 0.0001 | Val MiFmax: 0.6348 | Val MaFmax: 0.7016 | Val Smin: 34.2524
  --> New best model saved!
Epoch 025 | Loss: 0.0001 | Val MiFmax: 0.6228 | Val MaFmax: 0.6978 | Val Smin: 36.4601
Epoch 026 | Loss: 0.0001 | Val MiFmax: 0.6614 | Val MaFmax: 0.7047 | Val Smin: 33.0778
  --> New best model saved!
Epoch 027 | Loss: 0.0001 | Val MiFmax: 0.4458 | Val MaFmax: 0.7018 | Val Smin: 50.6613
Epoch 028 | Loss: 0.0001 | Val MiFmax: 0.6862 | Val MaFmax: 0.7109 | Val Smin: 30.4985
  --> New best model saved!
Epoch 029 | Loss: 0.0001 | Val MiFmax: 0.6334 | Val MaFmax: 0.7068 | Val Smin: 34.0335
Epoch 030 | Loss: 0.0001 | Val MiFmax: 0.5441 | Val MaFmax: 0.7022 | Val Smin: 41.5982
Epoch 031 | Loss: 0.0001 | Val MiFmax: 0.6461 | Val MaFmax: 0.7084 | Val Smin: 33.7274
Epoch 032 | Loss: 0.0001 | Val MiFmax: 0.5205 | Val MaFmax: 0.7092 | Val Smin: 41.2847
Epoch 033 | Loss: 0.0001 | Val MiFmax: 0.5701 | Val MaFmax: 0.7067 | Val Smin: 38.1434
Epoch 034 | Loss: 0.0001 | Val MiFmax: 0.6097 | Val MaFmax: 0.7060 | Val Smin: 37.0316
Epoch 035 | Loss: 0.0001 | Val MiFmax: 0.7015 | Val MaFmax: 0.7149 | Val Smin: 29.7917
  --> New best model saved!
Epoch 036 | Loss: 0.0001 | Val MiFmax: 0.7102 | Val MaFmax: 0.7196 | Val Smin: 28.2513
  --> New best model saved!
Epoch 037 | Loss: 0.0000 | Val MiFmax: 0.7322 | Val MaFmax: 0.7171 | Val Smin: 26.5617
Epoch 038 | Loss: 0.0000 | Val MiFmax: 0.7134 | Val MaFmax: 0.7181 | Val Smin: 28.7060
Epoch 039 | Loss: 0.0000 | Val MiFmax: 0.7025 | Val MaFmax: 0.7149 | Val Smin: 29.8070
Epoch 040 | Loss: 0.0000 | Val MiFmax: 0.7012 | Val MaFmax: 0.7168 | Val Smin: 29.6878
Epoch 041 | Loss: 0.0000 | Val MiFmax: 0.6973 | Val MaFmax: 0.7138 | Val Smin: 29.7881
Epoch 042 | Loss: 0.0000 | Val MiFmax: 0.7164 | Val MaFmax: 0.7161 | Val Smin: 28.4789
Epoch 043 | Loss: 0.0000 | Val MiFmax: 0.7236 | Val MaFmax: 0.7199 | Val Smin: 27.4402
  --> New best model saved!
Epoch 044 | Loss: 0.0000 | Val MiFmax: 0.7245 | Val MaFmax: 0.7227 | Val Smin: 27.4117
  --> New best model saved!
Epoch 045 | Loss: 0.0000 | Val MiFmax: 0.7233 | Val MaFmax: 0.7225 | Val Smin: 27.6140
Epoch 046 | Loss: 0.0000 | Val MiFmax: 0.7257 | Val MaFmax: 0.7215 | Val Smin: 27.1185
Epoch 047 | Loss: 0.0000 | Val MiFmax: 0.7212 | Val MaFmax: 0.7211 | Val Smin: 27.6738
Epoch 048 | Loss: 0.0000 | Val MiFmax: 0.7207 | Val MaFmax: 0.7222 | Val Smin: 28.2957
Epoch 049 | Loss: 0.0000 | Val MiFmax: 0.7206 | Val MaFmax: 0.7210 | Val Smin: 28.2934
Epoch 050 | Loss: 0.0000 | Val MiFmax: 0.7226 | Val MaFmax: 0.7189 | Val Smin: 28.0706
Epoch 051 | Loss: 0.0000 | Val MiFmax: 0.7206 | Val MaFmax: 0.7195 | Val Smin: 28.1497
Epoch 052 | Loss: 0.0000 | Val MiFmax: 0.7260 | Val MaFmax: 0.7206 | Val Smin: 27.4364
Epoch 053 | Loss: 0.0000 | Val MiFmax: 0.7260 | Val MaFmax: 0.7204 | Val Smin: 27.9055
Epoch 054 | Loss: 0.0000 | Val MiFmax: 0.7263 | Val MaFmax: 0.7208 | Val Smin: 27.0839
Epoch 055 | Loss: 0.0000 | Val MiFmax: 0.7224 | Val MaFmax: 0.7231 | Val Smin: 27.9138
  --> New best model saved!
Epoch 056 | Loss: 0.0000 | Val MiFmax: 0.7256 | Val MaFmax: 0.7214 | Val Smin: 27.2978
Epoch 057 | Loss: 0.0000 | Val MiFmax: 0.7301 | Val MaFmax: 0.7200 | Val Smin: 26.6084
Epoch 058 | Loss: 0.0000 | Val MiFmax: 0.7258 | Val MaFmax: 0.7199 | Val Smin: 27.7786
Epoch 059 | Loss: 0.0000 | Val MiFmax: 0.7300 | Val MaFmax: 0.7208 | Val Smin: 26.5554
Epoch 060 | Loss: 0.0000 | Val MiFmax: 0.7275 | Val MaFmax: 0.7217 | Val Smin: 26.9382
Epoch 061 | Loss: 0.0000 | Val MiFmax: 0.7281 | Val MaFmax: 0.7208 | Val Smin: 26.7690
Epoch 062 | Loss: 0.0000 | Val MiFmax: 0.7313 | Val MaFmax: 0.7209 | Val Smin: 26.5976
Epoch 063 | Loss: 0.0000 | Val MiFmax: 0.7300 | Val MaFmax: 0.7203 | Val Smin: 26.5352
Epoch 064 | Loss: 0.0000 | Val MiFmax: 0.7321 | Val MaFmax: 0.7204 | Val Smin: 26.4000
Epoch 065 | Loss: 0.0000 | Val MiFmax: 0.7301 | Val MaFmax: 0.7211 | Val Smin: 26.8929
Epoch 066 | Loss: 0.0000 | Val MiFmax: 0.7255 | Val MaFmax: 0.7195 | Val Smin: 27.1880
Epoch 067 | Loss: 0.0000 | Val MiFmax: 0.7274 | Val MaFmax: 0.7212 | Val Smin: 27.6768
Epoch 068 | Loss: 0.0000 | Val MiFmax: 0.7264 | Val MaFmax: 0.7219 | Val Smin: 27.0833
Epoch 069 | Loss: 0.0000 | Val MiFmax: 0.7287 | Val MaFmax: 0.7222 | Val Smin: 26.6569
Epoch 070 | Loss: 0.0000 | Val MiFmax: 0.7280 | Val MaFmax: 0.7213 | Val Smin: 26.8634
Early stopping triggered after 70 epochs.
Training finished. Evaluating on Test Set...

--- TEST METRICS ---
Micro_Fmax: 0.6782
Macro_Fmax: 0.6839
Macro_AUROC: 0.8598
Micro_AUROC: 0.8603
Macro_AUPRC: 0.6343
Micro_AUPRC: 0.6424
Smin: 34.5168
------------------------------------------------------
  Run 25 / 30
  Run: biological_process_Hybrid_JK_BCE_s42
------------------------------------------------------
Using device: cuda
Loading datasets from preprocessing/data/split_files/datasets.pkl for biological_process...
Epoch 001 | Loss: 0.6263 | Val MiFmax: 0.1754 | Val MaFmax: 0.1551 | Val Smin: 65.1295
  --> New best model saved!
Epoch 002 | Loss: 0.2301 | Val MiFmax: 0.2612 | Val MaFmax: 0.1881 | Val Smin: 61.9897
  --> New best model saved!
Epoch 003 | Loss: 0.0798 | Val MiFmax: 0.3241 | Val MaFmax: 0.2744 | Val Smin: 59.2627
  --> New best model saved!
Epoch 004 | Loss: 0.0577 | Val MiFmax: 0.3585 | Val MaFmax: 0.3183 | Val Smin: 57.5416
  --> New best model saved!
Epoch 005 | Loss: 0.0472 | Val MiFmax: 0.4302 | Val MaFmax: 0.4062 | Val Smin: 53.0240
  --> New best model saved!
Epoch 006 | Loss: 0.0411 | Val MiFmax: 0.4450 | Val MaFmax: 0.3740 | Val Smin: 51.9432
Epoch 007 | Loss: 0.0349 | Val MiFmax: 0.4820 | Val MaFmax: 0.4534 | Val Smin: 48.4079
  --> New best model saved!
Epoch 008 | Loss: 0.0305 | Val MiFmax: 0.5482 | Val MaFmax: 0.5172 | Val Smin: 42.7891
  --> New best model saved!
Epoch 009 | Loss: 0.0270 | Val MiFmax: 0.5586 | Val MaFmax: 0.5304 | Val Smin: 41.8036
  --> New best model saved!
Epoch 010 | Loss: 0.0246 | Val MiFmax: 0.5843 | Val MaFmax: 0.5409 | Val Smin: 39.9685
  --> New best model saved!
Epoch 011 | Loss: 0.0219 | Val MiFmax: 0.6068 | Val MaFmax: 0.5896 | Val Smin: 37.9744
  --> New best model saved!
Epoch 012 | Loss: 0.0193 | Val MiFmax: 0.6135 | Val MaFmax: 0.6004 | Val Smin: 37.3245
  --> New best model saved!
Epoch 013 | Loss: 0.0178 | Val MiFmax: 0.6415 | Val MaFmax: 0.6315 | Val Smin: 35.0319
  --> New best model saved!
Epoch 014 | Loss: 0.0156 | Val MiFmax: 0.6399 | Val MaFmax: 0.6268 | Val Smin: 35.3061
Epoch 015 | Loss: 0.0144 | Val MiFmax: 0.6425 | Val MaFmax: 0.6382 | Val Smin: 34.8470
  --> New best model saved!
Epoch 016 | Loss: 0.0133 | Val MiFmax: 0.6534 | Val MaFmax: 0.6453 | Val Smin: 34.1550
  --> New best model saved!
Epoch 017 | Loss: 0.0121 | Val MiFmax: 0.6584 | Val MaFmax: 0.6461 | Val Smin: 33.8059
  --> New best model saved!
Epoch 018 | Loss: 0.0115 | Val MiFmax: 0.6656 | Val MaFmax: 0.6707 | Val Smin: 32.9027
  --> New best model saved!
Epoch 019 | Loss: 0.0103 | Val MiFmax: 0.6726 | Val MaFmax: 0.6717 | Val Smin: 32.3652
  --> New best model saved!
Epoch 020 | Loss: 0.0097 | Val MiFmax: 0.6774 | Val MaFmax: 0.6838 | Val Smin: 31.8319
  --> New best model saved!
Epoch 021 | Loss: 0.0088 | Val MiFmax: 0.6848 | Val MaFmax: 0.6934 | Val Smin: 31.3592
  --> New best model saved!
Epoch 022 | Loss: 0.0081 | Val MiFmax: 0.6972 | Val MaFmax: 0.6938 | Val Smin: 30.2297
  --> New best model saved!
Epoch 023 | Loss: 0.0078 | Val MiFmax: 0.6927 | Val MaFmax: 0.6959 | Val Smin: 30.2256
  --> New best model saved!
Epoch 024 | Loss: 0.0071 | Val MiFmax: 0.7064 | Val MaFmax: 0.6981 | Val Smin: 29.2396
  --> New best model saved!
Epoch 025 | Loss: 0.0068 | Val MiFmax: 0.6983 | Val MaFmax: 0.7081 | Val Smin: 29.8974
  --> New best model saved!
Epoch 026 | Loss: 0.0064 | Val MiFmax: 0.6916 | Val MaFmax: 0.7036 | Val Smin: 30.4364
Epoch 027 | Loss: 0.0059 | Val MiFmax: 0.7101 | Val MaFmax: 0.7072 | Val Smin: 28.9590
Epoch 028 | Loss: 0.0055 | Val MiFmax: 0.7117 | Val MaFmax: 0.7096 | Val Smin: 29.0711
  --> New best model saved!
Epoch 029 | Loss: 0.0057 | Val MiFmax: 0.7068 | Val MaFmax: 0.7054 | Val Smin: 29.3059
Epoch 030 | Loss: 0.0051 | Val MiFmax: 0.7217 | Val MaFmax: 0.7126 | Val Smin: 28.1235
  --> New best model saved!
Epoch 031 | Loss: 0.0048 | Val MiFmax: 0.7197 | Val MaFmax: 0.7163 | Val Smin: 28.0823
  --> New best model saved!
Epoch 032 | Loss: 0.0048 | Val MiFmax: 0.7067 | Val MaFmax: 0.7189 | Val Smin: 29.1806
  --> New best model saved!
Epoch 033 | Loss: 0.0041 | Val MiFmax: 0.7277 | Val MaFmax: 0.7193 | Val Smin: 27.3550
  --> New best model saved!
Epoch 034 | Loss: 0.0037 | Val MiFmax: 0.7329 | Val MaFmax: 0.7218 | Val Smin: 26.7319
  --> New best model saved!
Epoch 035 | Loss: 0.0038 | Val MiFmax: 0.7227 | Val MaFmax: 0.7215 | Val Smin: 27.4528
Epoch 036 | Loss: 0.0040 | Val MiFmax: 0.7334 | Val MaFmax: 0.7274 | Val Smin: 27.1047
  --> New best model saved!
Epoch 037 | Loss: 0.0038 | Val MiFmax: 0.7309 | Val MaFmax: 0.7244 | Val Smin: 26.8436
Epoch 038 | Loss: 0.0035 | Val MiFmax: 0.7304 | Val MaFmax: 0.7311 | Val Smin: 27.1271
  --> New best model saved!
Epoch 039 | Loss: 0.0033 | Val MiFmax: 0.7368 | Val MaFmax: 0.7267 | Val Smin: 26.6194
Epoch 040 | Loss: 0.0029 | Val MiFmax: 0.7304 | Val MaFmax: 0.7296 | Val Smin: 27.1189
Epoch 041 | Loss: 0.0028 | Val MiFmax: 0.7290 | Val MaFmax: 0.7262 | Val Smin: 27.3644
Epoch 042 | Loss: 0.0026 | Val MiFmax: 0.7268 | Val MaFmax: 0.7245 | Val Smin: 27.3090
Epoch 043 | Loss: 0.0027 | Val MiFmax: 0.7246 | Val MaFmax: 0.7231 | Val Smin: 27.1846
Epoch 044 | Loss: 0.0026 | Val MiFmax: 0.7304 | Val MaFmax: 0.7302 | Val Smin: 27.1426
Epoch 045 | Loss: 0.0021 | Val MiFmax: 0.7322 | Val MaFmax: 0.7306 | Val Smin: 26.7370
Epoch 046 | Loss: 0.0018 | Val MiFmax: 0.7341 | Val MaFmax: 0.7322 | Val Smin: 26.6163
  --> New best model saved!
Epoch 047 | Loss: 0.0017 | Val MiFmax: 0.7293 | Val MaFmax: 0.7304 | Val Smin: 27.1275
Epoch 048 | Loss: 0.0016 | Val MiFmax: 0.7346 | Val MaFmax: 0.7342 | Val Smin: 26.3471
  --> New best model saved!
Epoch 049 | Loss: 0.0015 | Val MiFmax: 0.7375 | Val MaFmax: 0.7346 | Val Smin: 26.3177
  --> New best model saved!
Epoch 050 | Loss: 0.0014 | Val MiFmax: 0.7361 | Val MaFmax: 0.7315 | Val Smin: 26.6359
Epoch 051 | Loss: 0.0014 | Val MiFmax: 0.7361 | Val MaFmax: 0.7319 | Val Smin: 26.6617
Epoch 052 | Loss: 0.0015 | Val MiFmax: 0.7389 | Val MaFmax: 0.7330 | Val Smin: 26.5093
Epoch 053 | Loss: 0.0014 | Val MiFmax: 0.7419 | Val MaFmax: 0.7368 | Val Smin: 25.9403
  --> New best model saved!
Epoch 054 | Loss: 0.0013 | Val MiFmax: 0.7406 | Val MaFmax: 0.7360 | Val Smin: 26.2066
Epoch 055 | Loss: 0.0013 | Val MiFmax: 0.7405 | Val MaFmax: 0.7349 | Val Smin: 26.3795
Epoch 056 | Loss: 0.0013 | Val MiFmax: 0.7421 | Val MaFmax: 0.7327 | Val Smin: 26.2193
Epoch 057 | Loss: 0.0012 | Val MiFmax: 0.7449 | Val MaFmax: 0.7351 | Val Smin: 25.9772
Epoch 058 | Loss: 0.0012 | Val MiFmax: 0.7381 | Val MaFmax: 0.7333 | Val Smin: 26.4933
Epoch 059 | Loss: 0.0012 | Val MiFmax: 0.7462 | Val MaFmax: 0.7364 | Val Smin: 25.7815
Epoch 060 | Loss: 0.0011 | Val MiFmax: 0.7489 | Val MaFmax: 0.7371 | Val Smin: 25.6702
  --> New best model saved!
Epoch 061 | Loss: 0.0009 | Val MiFmax: 0.7456 | Val MaFmax: 0.7379 | Val Smin: 25.7026
  --> New best model saved!
Epoch 062 | Loss: 0.0009 | Val MiFmax: 0.7485 | Val MaFmax: 0.7370 | Val Smin: 25.4645
Epoch 063 | Loss: 0.0009 | Val MiFmax: 0.7452 | Val MaFmax: 0.7368 | Val Smin: 25.6209
Epoch 064 | Loss: 0.0008 | Val MiFmax: 0.7444 | Val MaFmax: 0.7352 | Val Smin: 25.9183
Epoch 065 | Loss: 0.0009 | Val MiFmax: 0.7426 | Val MaFmax: 0.7370 | Val Smin: 25.8121
Epoch 066 | Loss: 0.0008 | Val MiFmax: 0.7422 | Val MaFmax: 0.7386 | Val Smin: 25.8180
  --> New best model saved!
Epoch 067 | Loss: 0.0008 | Val MiFmax: 0.7431 | Val MaFmax: 0.7377 | Val Smin: 25.9167
Epoch 068 | Loss: 0.0008 | Val MiFmax: 0.7471 | Val MaFmax: 0.7390 | Val Smin: 25.6385
  --> New best model saved!
Epoch 069 | Loss: 0.0008 | Val MiFmax: 0.7441 | Val MaFmax: 0.7359 | Val Smin: 25.9191
Epoch 070 | Loss: 0.0008 | Val MiFmax: 0.7439 | Val MaFmax: 0.7392 | Val Smin: 25.6968
  --> New best model saved!
Epoch 071 | Loss: 0.0007 | Val MiFmax: 0.7412 | Val MaFmax: 0.7387 | Val Smin: 25.9170
Epoch 072 | Loss: 0.0007 | Val MiFmax: 0.7415 | Val MaFmax: 0.7390 | Val Smin: 25.9048
Epoch 073 | Loss: 0.0007 | Val MiFmax: 0.7445 | Val MaFmax: 0.7401 | Val Smin: 25.7799
  --> New best model saved!
Epoch 074 | Loss: 0.0007 | Val MiFmax: 0.7390 | Val MaFmax: 0.7381 | Val Smin: 26.1773
Epoch 075 | Loss: 0.0007 | Val MiFmax: 0.7424 | Val MaFmax: 0.7393 | Val Smin: 26.0548
Epoch 076 | Loss: 0.0007 | Val MiFmax: 0.7464 | Val MaFmax: 0.7423 | Val Smin: 25.7059
  --> New best model saved!
Epoch 077 | Loss: 0.0007 | Val MiFmax: 0.7454 | Val MaFmax: 0.7421 | Val Smin: 25.7293
Epoch 078 | Loss: 0.0006 | Val MiFmax: 0.7477 | Val MaFmax: 0.7402 | Val Smin: 25.5101
Epoch 079 | Loss: 0.0006 | Val MiFmax: 0.7424 | Val MaFmax: 0.7353 | Val Smin: 25.8500
Epoch 080 | Loss: 0.0006 | Val MiFmax: 0.7460 | Val MaFmax: 0.7396 | Val Smin: 25.5891
Epoch 081 | Loss: 0.0006 | Val MiFmax: 0.7466 | Val MaFmax: 0.7413 | Val Smin: 25.4668
Epoch 082 | Loss: 0.0006 | Val MiFmax: 0.7436 | Val MaFmax: 0.7391 | Val Smin: 25.7938
Epoch 083 | Loss: 0.0006 | Val MiFmax: 0.7490 | Val MaFmax: 0.7419 | Val Smin: 25.3190
Epoch 084 | Loss: 0.0006 | Val MiFmax: 0.7454 | Val MaFmax: 0.7425 | Val Smin: 25.6163
  --> New best model saved!
Epoch 085 | Loss: 0.0005 | Val MiFmax: 0.7449 | Val MaFmax: 0.7413 | Val Smin: 25.6381
Epoch 086 | Loss: 0.0005 | Val MiFmax: 0.7450 | Val MaFmax: 0.7424 | Val Smin: 25.7394
Epoch 087 | Loss: 0.0005 | Val MiFmax: 0.7502 | Val MaFmax: 0.7409 | Val Smin: 25.5245
Epoch 088 | Loss: 0.0005 | Val MiFmax: 0.7466 | Val MaFmax: 0.7415 | Val Smin: 25.5737
Epoch 089 | Loss: 0.0005 | Val MiFmax: 0.7462 | Val MaFmax: 0.7425 | Val Smin: 25.6700
Epoch 090 | Loss: 0.0005 | Val MiFmax: 0.7469 | Val MaFmax: 0.7410 | Val Smin: 25.5886
Epoch 091 | Loss: 0.0004 | Val MiFmax: 0.7457 | Val MaFmax: 0.7418 | Val Smin: 25.6613
Epoch 092 | Loss: 0.0004 | Val MiFmax: 0.7478 | Val MaFmax: 0.7425 | Val Smin: 25.4147
Epoch 093 | Loss: 0.0004 | Val MiFmax: 0.7458 | Val MaFmax: 0.7432 | Val Smin: 25.6681
  --> New best model saved!
Epoch 094 | Loss: 0.0004 | Val MiFmax: 0.7484 | Val MaFmax: 0.7433 | Val Smin: 25.4490
  --> New best model saved!
Epoch 095 | Loss: 0.0004 | Val MiFmax: 0.7454 | Val MaFmax: 0.7406 | Val Smin: 25.6193
Epoch 096 | Loss: 0.0004 | Val MiFmax: 0.7462 | Val MaFmax: 0.7425 | Val Smin: 25.5033
Epoch 097 | Loss: 0.0004 | Val MiFmax: 0.7459 | Val MaFmax: 0.7407 | Val Smin: 25.4246
Epoch 098 | Loss: 0.0004 | Val MiFmax: 0.7458 | Val MaFmax: 0.7422 | Val Smin: 25.5874
Epoch 099 | Loss: 0.0004 | Val MiFmax: 0.7441 | Val MaFmax: 0.7421 | Val Smin: 25.6568
Epoch 100 | Loss: 0.0004 | Val MiFmax: 0.7482 | Val MaFmax: 0.7427 | Val Smin: 25.3786
Epoch 101 | Loss: 0.0004 | Val MiFmax: 0.7463 | Val MaFmax: 0.7422 | Val Smin: 25.4743
Epoch 102 | Loss: 0.0004 | Val MiFmax: 0.7453 | Val MaFmax: 0.7427 | Val Smin: 25.6004
Epoch 103 | Loss: 0.0004 | Val MiFmax: 0.7467 | Val MaFmax: 0.7425 | Val Smin: 25.5261
Epoch 104 | Loss: 0.0004 | Val MiFmax: 0.7461 | Val MaFmax: 0.7418 | Val Smin: 25.5518
Epoch 105 | Loss: 0.0004 | Val MiFmax: 0.7453 | Val MaFmax: 0.7416 | Val Smin: 25.6447
Epoch 106 | Loss: 0.0004 | Val MiFmax: 0.7469 | Val MaFmax: 0.7431 | Val Smin: 25.5205
Epoch 107 | Loss: 0.0004 | Val MiFmax: 0.7469 | Val MaFmax: 0.7427 | Val Smin: 25.5232
Epoch 108 | Loss: 0.0004 | Val MiFmax: 0.7464 | Val MaFmax: 0.7428 | Val Smin: 25.5795
Epoch 109 | Loss: 0.0004 | Val MiFmax: 0.7465 | Val MaFmax: 0.7416 | Val Smin: 25.5754
Early stopping triggered after 109 epochs.
Training finished. Evaluating on Test Set...

--- TEST METRICS ---
Micro_Fmax: 0.6835
Macro_Fmax: 0.6690
Macro_AUROC: 0.8415
Micro_AUROC: 0.8487
Macro_AUPRC: 0.6252
Micro_AUPRC: 0.6371
Smin: 34.4021
------------------------------------------------------
  Run 26 / 30
  Run: biological_process_Hybrid_JK_BCE_s123
------------------------------------------------------
Using device: cuda
Loading datasets from preprocessing/data/split_files/datasets.pkl for biological_process...
Epoch 001 | Loss: 0.6229 | Val MiFmax: 0.1934 | Val MaFmax: 0.1637 | Val Smin: 63.9377
  --> New best model saved!
Epoch 002 | Loss: 0.2275 | Val MiFmax: 0.2750 | Val MaFmax: 0.1941 | Val Smin: 61.3383
  --> New best model saved!
Epoch 003 | Loss: 0.0796 | Val MiFmax: 0.3225 | Val MaFmax: 0.2428 | Val Smin: 59.7536
  --> New best model saved!
Epoch 004 | Loss: 0.0573 | Val MiFmax: 0.3645 | Val MaFmax: 0.3313 | Val Smin: 57.2165
  --> New best model saved!
Epoch 005 | Loss: 0.0465 | Val MiFmax: 0.4105 | Val MaFmax: 0.3636 | Val Smin: 54.7028
  --> New best model saved!
Epoch 006 | Loss: 0.0401 | Val MiFmax: 0.4757 | Val MaFmax: 0.4417 | Val Smin: 49.5056
  --> New best model saved!
Epoch 007 | Loss: 0.0346 | Val MiFmax: 0.5096 | Val MaFmax: 0.4857 | Val Smin: 46.6176
  --> New best model saved!
Epoch 008 | Loss: 0.0304 | Val MiFmax: 0.5435 | Val MaFmax: 0.5190 | Val Smin: 43.4741
  --> New best model saved!
Epoch 009 | Loss: 0.0267 | Val MiFmax: 0.5767 | Val MaFmax: 0.5419 | Val Smin: 40.7634
  --> New best model saved!
Epoch 010 | Loss: 0.0238 | Val MiFmax: 0.6114 | Val MaFmax: 0.5649 | Val Smin: 37.5640
  --> New best model saved!
Epoch 011 | Loss: 0.0214 | Val MiFmax: 0.6137 | Val MaFmax: 0.5826 | Val Smin: 37.3360
  --> New best model saved!
Epoch 012 | Loss: 0.0193 | Val MiFmax: 0.6155 | Val MaFmax: 0.5956 | Val Smin: 37.0145
  --> New best model saved!
Epoch 013 | Loss: 0.0175 | Val MiFmax: 0.6230 | Val MaFmax: 0.6129 | Val Smin: 36.7283
  --> New best model saved!
Epoch 014 | Loss: 0.0160 | Val MiFmax: 0.6390 | Val MaFmax: 0.6203 | Val Smin: 35.5337
  --> New best model saved!
Epoch 015 | Loss: 0.0144 | Val MiFmax: 0.6533 | Val MaFmax: 0.6416 | Val Smin: 34.1186
  --> New best model saved!
Epoch 016 | Loss: 0.0132 | Val MiFmax: 0.6575 | Val MaFmax: 0.6504 | Val Smin: 33.8378
  --> New best model saved!
Epoch 017 | Loss: 0.0120 | Val MiFmax: 0.6543 | Val MaFmax: 0.6517 | Val Smin: 34.0118
  --> New best model saved!
Epoch 018 | Loss: 0.0113 | Val MiFmax: 0.6563 | Val MaFmax: 0.6568 | Val Smin: 33.8082
  --> New best model saved!
Epoch 019 | Loss: 0.0101 | Val MiFmax: 0.6719 | Val MaFmax: 0.6647 | Val Smin: 32.5549
  --> New best model saved!
Epoch 020 | Loss: 0.0094 | Val MiFmax: 0.6730 | Val MaFmax: 0.6737 | Val Smin: 32.2866
  --> New best model saved!
Epoch 021 | Loss: 0.0088 | Val MiFmax: 0.6836 | Val MaFmax: 0.6891 | Val Smin: 31.1811
  --> New best model saved!
Epoch 022 | Loss: 0.0090 | Val MiFmax: 0.6708 | Val MaFmax: 0.6747 | Val Smin: 32.3742
Epoch 023 | Loss: 0.0080 | Val MiFmax: 0.6780 | Val MaFmax: 0.6916 | Val Smin: 32.0066
  --> New best model saved!
Epoch 024 | Loss: 0.0075 | Val MiFmax: 0.6882 | Val MaFmax: 0.6914 | Val Smin: 30.9832
Epoch 025 | Loss: 0.0066 | Val MiFmax: 0.6927 | Val MaFmax: 0.7017 | Val Smin: 30.6310
  --> New best model saved!
Epoch 026 | Loss: 0.0060 | Val MiFmax: 0.7027 | Val MaFmax: 0.7023 | Val Smin: 29.6408
  --> New best model saved!
Epoch 027 | Loss: 0.0058 | Val MiFmax: 0.6937 | Val MaFmax: 0.7001 | Val Smin: 30.5172
Epoch 028 | Loss: 0.0055 | Val MiFmax: 0.7034 | Val MaFmax: 0.7071 | Val Smin: 29.4526
  --> New best model saved!
Epoch 029 | Loss: 0.0053 | Val MiFmax: 0.7120 | Val MaFmax: 0.7065 | Val Smin: 28.8248
Epoch 030 | Loss: 0.0049 | Val MiFmax: 0.7109 | Val MaFmax: 0.7078 | Val Smin: 28.9306
  --> New best model saved!
Epoch 031 | Loss: 0.0053 | Val MiFmax: 0.7182 | Val MaFmax: 0.7035 | Val Smin: 28.3804
Epoch 032 | Loss: 0.0045 | Val MiFmax: 0.7037 | Val MaFmax: 0.7033 | Val Smin: 29.5133
Epoch 033 | Loss: 0.0042 | Val MiFmax: 0.7146 | Val MaFmax: 0.7134 | Val Smin: 28.3973
  --> New best model saved!
Epoch 034 | Loss: 0.0040 | Val MiFmax: 0.7211 | Val MaFmax: 0.7129 | Val Smin: 28.0647
Epoch 035 | Loss: 0.0038 | Val MiFmax: 0.7092 | Val MaFmax: 0.7152 | Val Smin: 29.0225
  --> New best model saved!
Epoch 036 | Loss: 0.0037 | Val MiFmax: 0.7148 | Val MaFmax: 0.7107 | Val Smin: 28.3801
Epoch 037 | Loss: 0.0035 | Val MiFmax: 0.7181 | Val MaFmax: 0.7202 | Val Smin: 28.1284
  --> New best model saved!
Epoch 038 | Loss: 0.0033 | Val MiFmax: 0.7248 | Val MaFmax: 0.7134 | Val Smin: 27.5684
Epoch 039 | Loss: 0.0033 | Val MiFmax: 0.7212 | Val MaFmax: 0.7105 | Val Smin: 27.9736
Epoch 040 | Loss: 0.0029 | Val MiFmax: 0.7265 | Val MaFmax: 0.7161 | Val Smin: 27.6279
Epoch 041 | Loss: 0.0029 | Val MiFmax: 0.7218 | Val MaFmax: 0.7151 | Val Smin: 27.9630
Epoch 042 | Loss: 0.0028 | Val MiFmax: 0.7231 | Val MaFmax: 0.7170 | Val Smin: 27.8993
Epoch 043 | Loss: 0.0027 | Val MiFmax: 0.7265 | Val MaFmax: 0.7126 | Val Smin: 27.5813
Epoch 044 | Loss: 0.0023 | Val MiFmax: 0.7284 | Val MaFmax: 0.7191 | Val Smin: 27.4944
Epoch 045 | Loss: 0.0019 | Val MiFmax: 0.7294 | Val MaFmax: 0.7161 | Val Smin: 27.3063
Epoch 046 | Loss: 0.0017 | Val MiFmax: 0.7306 | Val MaFmax: 0.7181 | Val Smin: 27.1624
Epoch 047 | Loss: 0.0017 | Val MiFmax: 0.7305 | Val MaFmax: 0.7244 | Val Smin: 27.0616
  --> New best model saved!
Epoch 048 | Loss: 0.0016 | Val MiFmax: 0.7350 | Val MaFmax: 0.7216 | Val Smin: 26.8703
Epoch 049 | Loss: 0.0016 | Val MiFmax: 0.7352 | Val MaFmax: 0.7239 | Val Smin: 26.8529
Epoch 050 | Loss: 0.0016 | Val MiFmax: 0.7410 | Val MaFmax: 0.7246 | Val Smin: 26.2834
  --> New best model saved!
Epoch 051 | Loss: 0.0015 | Val MiFmax: 0.7305 | Val MaFmax: 0.7197 | Val Smin: 27.1198
Epoch 052 | Loss: 0.0014 | Val MiFmax: 0.7322 | Val MaFmax: 0.7263 | Val Smin: 27.0268
  --> New best model saved!
Epoch 053 | Loss: 0.0014 | Val MiFmax: 0.7333 | Val MaFmax: 0.7250 | Val Smin: 26.9763
Epoch 054 | Loss: 0.0014 | Val MiFmax: 0.7364 | Val MaFmax: 0.7215 | Val Smin: 26.7937
Epoch 055 | Loss: 0.0013 | Val MiFmax: 0.7355 | Val MaFmax: 0.7255 | Val Smin: 26.7290
Epoch 056 | Loss: 0.0013 | Val MiFmax: 0.7328 | Val MaFmax: 0.7249 | Val Smin: 26.7550
Epoch 057 | Loss: 0.0013 | Val MiFmax: 0.7302 | Val MaFmax: 0.7228 | Val Smin: 27.0460
Epoch 058 | Loss: 0.0014 | Val MiFmax: 0.7391 | Val MaFmax: 0.7262 | Val Smin: 26.5088
Epoch 059 | Loss: 0.0011 | Val MiFmax: 0.7396 | Val MaFmax: 0.7246 | Val Smin: 26.4383
Epoch 060 | Loss: 0.0010 | Val MiFmax: 0.7414 | Val MaFmax: 0.7266 | Val Smin: 26.5642
  --> New best model saved!
Epoch 061 | Loss: 0.0009 | Val MiFmax: 0.7437 | Val MaFmax: 0.7273 | Val Smin: 26.2778
  --> New best model saved!
Epoch 062 | Loss: 0.0009 | Val MiFmax: 0.7395 | Val MaFmax: 0.7276 | Val Smin: 26.4602
  --> New best model saved!
Epoch 063 | Loss: 0.0009 | Val MiFmax: 0.7367 | Val MaFmax: 0.7261 | Val Smin: 26.7618
Epoch 064 | Loss: 0.0009 | Val MiFmax: 0.7469 | Val MaFmax: 0.7290 | Val Smin: 26.1749
  --> New best model saved!
Epoch 065 | Loss: 0.0009 | Val MiFmax: 0.7442 | Val MaFmax: 0.7284 | Val Smin: 26.2922
Epoch 066 | Loss: 0.0008 | Val MiFmax: 0.7463 | Val MaFmax: 0.7275 | Val Smin: 25.9755
Epoch 067 | Loss: 0.0009 | Val MiFmax: 0.7385 | Val MaFmax: 0.7275 | Val Smin: 26.5795
Epoch 068 | Loss: 0.0008 | Val MiFmax: 0.7406 | Val MaFmax: 0.7302 | Val Smin: 26.3090
  --> New best model saved!
Epoch 069 | Loss: 0.0008 | Val MiFmax: 0.7457 | Val MaFmax: 0.7318 | Val Smin: 26.1765
  --> New best model saved!
Epoch 070 | Loss: 0.0008 | Val MiFmax: 0.7404 | Val MaFmax: 0.7301 | Val Smin: 26.3479
Epoch 071 | Loss: 0.0008 | Val MiFmax: 0.7424 | Val MaFmax: 0.7306 | Val Smin: 26.1088
Epoch 072 | Loss: 0.0008 | Val MiFmax: 0.7419 | Val MaFmax: 0.7305 | Val Smin: 26.1852
Epoch 073 | Loss: 0.0008 | Val MiFmax: 0.7438 | Val MaFmax: 0.7322 | Val Smin: 25.9627
  --> New best model saved!
Epoch 074 | Loss: 0.0008 | Val MiFmax: 0.7402 | Val MaFmax: 0.7265 | Val Smin: 26.2927
Epoch 075 | Loss: 0.0008 | Val MiFmax: 0.7382 | Val MaFmax: 0.7299 | Val Smin: 26.4528
Epoch 076 | Loss: 0.0007 | Val MiFmax: 0.7468 | Val MaFmax: 0.7326 | Val Smin: 25.9759
  --> New best model saved!
Epoch 077 | Loss: 0.0007 | Val MiFmax: 0.7463 | Val MaFmax: 0.7286 | Val Smin: 26.1217
Epoch 078 | Loss: 0.0007 | Val MiFmax: 0.7434 | Val MaFmax: 0.7290 | Val Smin: 26.3359
Epoch 079 | Loss: 0.0007 | Val MiFmax: 0.7392 | Val MaFmax: 0.7322 | Val Smin: 26.3109
Epoch 080 | Loss: 0.0006 | Val MiFmax: 0.7421 | Val MaFmax: 0.7286 | Val Smin: 26.2987
Epoch 081 | Loss: 0.0007 | Val MiFmax: 0.7379 | Val MaFmax: 0.7339 | Val Smin: 26.2670
  --> New best model saved!
Epoch 082 | Loss: 0.0007 | Val MiFmax: 0.7460 | Val MaFmax: 0.7311 | Val Smin: 25.8947
Epoch 083 | Loss: 0.0007 | Val MiFmax: 0.7442 | Val MaFmax: 0.7327 | Val Smin: 26.0181
Epoch 084 | Loss: 0.0007 | Val MiFmax: 0.7419 | Val MaFmax: 0.7277 | Val Smin: 26.2053
Epoch 085 | Loss: 0.0007 | Val MiFmax: 0.7449 | Val MaFmax: 0.7312 | Val Smin: 26.3115
Epoch 086 | Loss: 0.0006 | Val MiFmax: 0.7405 | Val MaFmax: 0.7290 | Val Smin: 26.2984
Epoch 087 | Loss: 0.0006 | Val MiFmax: 0.7432 | Val MaFmax: 0.7310 | Val Smin: 26.1465
Epoch 088 | Loss: 0.0005 | Val MiFmax: 0.7474 | Val MaFmax: 0.7323 | Val Smin: 26.0662
Epoch 089 | Loss: 0.0005 | Val MiFmax: 0.7437 | Val MaFmax: 0.7330 | Val Smin: 26.1100
Epoch 090 | Loss: 0.0005 | Val MiFmax: 0.7448 | Val MaFmax: 0.7347 | Val Smin: 25.9402
  --> New best model saved!
Epoch 091 | Loss: 0.0005 | Val MiFmax: 0.7447 | Val MaFmax: 0.7339 | Val Smin: 25.9391
Epoch 092 | Loss: 0.0005 | Val MiFmax: 0.7427 | Val MaFmax: 0.7318 | Val Smin: 26.2848
Epoch 093 | Loss: 0.0005 | Val MiFmax: 0.7446 | Val MaFmax: 0.7311 | Val Smin: 26.3355
Epoch 094 | Loss: 0.0005 | Val MiFmax: 0.7446 | Val MaFmax: 0.7332 | Val Smin: 26.0438
Epoch 095 | Loss: 0.0004 | Val MiFmax: 0.7467 | Val MaFmax: 0.7332 | Val Smin: 25.9542
Epoch 096 | Loss: 0.0004 | Val MiFmax: 0.7439 | Val MaFmax: 0.7335 | Val Smin: 26.3052
Epoch 097 | Loss: 0.0004 | Val MiFmax: 0.7422 | Val MaFmax: 0.7325 | Val Smin: 26.3976
Epoch 098 | Loss: 0.0004 | Val MiFmax: 0.7455 | Val MaFmax: 0.7334 | Val Smin: 26.1328
Epoch 099 | Loss: 0.0004 | Val MiFmax: 0.7447 | Val MaFmax: 0.7339 | Val Smin: 26.1699
Epoch 100 | Loss: 0.0004 | Val MiFmax: 0.7432 | Val MaFmax: 0.7349 | Val Smin: 26.1363
  --> New best model saved!
Epoch 101 | Loss: 0.0004 | Val MiFmax: 0.7451 | Val MaFmax: 0.7346 | Val Smin: 26.1774
Epoch 102 | Loss: 0.0004 | Val MiFmax: 0.7458 | Val MaFmax: 0.7347 | Val Smin: 26.2096
Epoch 103 | Loss: 0.0004 | Val MiFmax: 0.7456 | Val MaFmax: 0.7336 | Val Smin: 26.1322
Epoch 104 | Loss: 0.0004 | Val MiFmax: 0.7479 | Val MaFmax: 0.7341 | Val Smin: 25.9600
Epoch 105 | Loss: 0.0004 | Val MiFmax: 0.7475 | Val MaFmax: 0.7327 | Val Smin: 26.0012
Epoch 106 | Loss: 0.0004 | Val MiFmax: 0.7471 | Val MaFmax: 0.7325 | Val Smin: 26.1228
Epoch 107 | Loss: 0.0004 | Val MiFmax: 0.7452 | Val MaFmax: 0.7332 | Val Smin: 26.0462
Epoch 108 | Loss: 0.0004 | Val MiFmax: 0.7438 | Val MaFmax: 0.7335 | Val Smin: 26.2292
Epoch 109 | Loss: 0.0003 | Val MiFmax: 0.7442 | Val MaFmax: 0.7331 | Val Smin: 26.1517
Epoch 110 | Loss: 0.0004 | Val MiFmax: 0.7449 | Val MaFmax: 0.7320 | Val Smin: 26.1364
Epoch 111 | Loss: 0.0004 | Val MiFmax: 0.7422 | Val MaFmax: 0.7313 | Val Smin: 26.1094
Epoch 112 | Loss: 0.0004 | Val MiFmax: 0.7438 | Val MaFmax: 0.7333 | Val Smin: 26.0888
Epoch 113 | Loss: 0.0004 | Val MiFmax: 0.7445 | Val MaFmax: 0.7337 | Val Smin: 26.0309
Epoch 114 | Loss: 0.0003 | Val MiFmax: 0.7435 | Val MaFmax: 0.7337 | Val Smin: 26.0509
Epoch 115 | Loss: 0.0003 | Val MiFmax: 0.7447 | Val MaFmax: 0.7336 | Val Smin: 26.1007
Early stopping triggered after 115 epochs.
Training finished. Evaluating on Test Set...

--- TEST METRICS ---
Micro_Fmax: 0.6777
Macro_Fmax: 0.6648
Macro_AUROC: 0.8585
Micro_AUROC: 0.8523
Macro_AUPRC: 0.6196
Micro_AUPRC: 0.6334
Smin: 35.3570
------------------------------------------------------
  Run 27 / 30
  Run: biological_process_Hybrid_JK_BCE_s456
------------------------------------------------------
Using device: cuda
Loading datasets from preprocessing/data/split_files/datasets.pkl for biological_process...
Epoch 001 | Loss: 0.6245 | Val MiFmax: 0.0941 | Val MaFmax: 0.0851 | Val Smin: 68.6079
  --> New best model saved!
Epoch 002 | Loss: 0.2221 | Val MiFmax: 0.1463 | Val MaFmax: 0.0835 | Val Smin: 68.3531
Epoch 003 | Loss: 0.0856 | Val MiFmax: 0.1808 | Val MaFmax: 0.1006 | Val Smin: 66.9661
  --> New best model saved!
Epoch 004 | Loss: 0.0679 | Val MiFmax: 0.2769 | Val MaFmax: 0.2080 | Val Smin: 61.2365
  --> New best model saved!
Epoch 005 | Loss: 0.0562 | Val MiFmax: 0.3390 | Val MaFmax: 0.2766 | Val Smin: 58.6896
  --> New best model saved!
Epoch 006 | Loss: 0.0470 | Val MiFmax: 0.4101 | Val MaFmax: 0.3680 | Val Smin: 54.3212
  --> New best model saved!
Epoch 007 | Loss: 0.0402 | Val MiFmax: 0.4559 | Val MaFmax: 0.4416 | Val Smin: 51.6143
  --> New best model saved!
Epoch 008 | Loss: 0.0344 | Val MiFmax: 0.5150 | Val MaFmax: 0.4875 | Val Smin: 46.8193
  --> New best model saved!
Epoch 009 | Loss: 0.0302 | Val MiFmax: 0.5383 | Val MaFmax: 0.5084 | Val Smin: 44.4348
  --> New best model saved!
Epoch 010 | Loss: 0.0267 | Val MiFmax: 0.5850 | Val MaFmax: 0.5633 | Val Smin: 39.6454
  --> New best model saved!
Epoch 011 | Loss: 0.0233 | Val MiFmax: 0.5978 | Val MaFmax: 0.5676 | Val Smin: 38.7313
  --> New best model saved!
Epoch 012 | Loss: 0.0212 | Val MiFmax: 0.6036 | Val MaFmax: 0.5896 | Val Smin: 38.3178
  --> New best model saved!
Epoch 013 | Loss: 0.0187 | Val MiFmax: 0.6312 | Val MaFmax: 0.6208 | Val Smin: 36.0493
  --> New best model saved!
Epoch 014 | Loss: 0.0170 | Val MiFmax: 0.6328 | Val MaFmax: 0.6354 | Val Smin: 35.9073
  --> New best model saved!
Epoch 015 | Loss: 0.0155 | Val MiFmax: 0.6447 | Val MaFmax: 0.6396 | Val Smin: 34.8673
  --> New best model saved!
Epoch 016 | Loss: 0.0142 | Val MiFmax: 0.6486 | Val MaFmax: 0.6419 | Val Smin: 34.3612
  --> New best model saved!
Epoch 017 | Loss: 0.0138 | Val MiFmax: 0.6639 | Val MaFmax: 0.6551 | Val Smin: 33.0781
  --> New best model saved!
Epoch 018 | Loss: 0.0121 | Val MiFmax: 0.6760 | Val MaFmax: 0.6703 | Val Smin: 31.9753
  --> New best model saved!
Epoch 019 | Loss: 0.0112 | Val MiFmax: 0.6749 | Val MaFmax: 0.6774 | Val Smin: 32.2621
  --> New best model saved!
Epoch 020 | Loss: 0.0107 | Val MiFmax: 0.6741 | Val MaFmax: 0.6819 | Val Smin: 32.1482
  --> New best model saved!
Epoch 021 | Loss: 0.0096 | Val MiFmax: 0.6816 | Val MaFmax: 0.6954 | Val Smin: 31.7637
  --> New best model saved!
Epoch 022 | Loss: 0.0086 | Val MiFmax: 0.6889 | Val MaFmax: 0.6985 | Val Smin: 30.7250
  --> New best model saved!
Epoch 023 | Loss: 0.0082 | Val MiFmax: 0.7032 | Val MaFmax: 0.7025 | Val Smin: 29.9069
  --> New best model saved!
Epoch 024 | Loss: 0.0072 | Val MiFmax: 0.7027 | Val MaFmax: 0.6935 | Val Smin: 29.7763
Epoch 025 | Loss: 0.0068 | Val MiFmax: 0.7135 | Val MaFmax: 0.6932 | Val Smin: 28.8864
Epoch 026 | Loss: 0.0064 | Val MiFmax: 0.7178 | Val MaFmax: 0.7102 | Val Smin: 28.3848
  --> New best model saved!
Epoch 027 | Loss: 0.0059 | Val MiFmax: 0.7243 | Val MaFmax: 0.7161 | Val Smin: 27.9298
  --> New best model saved!
Epoch 028 | Loss: 0.0058 | Val MiFmax: 0.7197 | Val MaFmax: 0.7166 | Val Smin: 28.2707
  --> New best model saved!
Epoch 029 | Loss: 0.0052 | Val MiFmax: 0.7113 | Val MaFmax: 0.7154 | Val Smin: 28.7398
Epoch 030 | Loss: 0.0050 | Val MiFmax: 0.7265 | Val MaFmax: 0.7264 | Val Smin: 27.8670
  --> New best model saved!
Epoch 031 | Loss: 0.0049 | Val MiFmax: 0.7238 | Val MaFmax: 0.7246 | Val Smin: 27.8720
Epoch 032 | Loss: 0.0045 | Val MiFmax: 0.7279 | Val MaFmax: 0.7248 | Val Smin: 27.5356
Epoch 033 | Loss: 0.0044 | Val MiFmax: 0.7271 | Val MaFmax: 0.7231 | Val Smin: 27.5246
Epoch 034 | Loss: 0.0045 | Val MiFmax: 0.7339 | Val MaFmax: 0.7216 | Val Smin: 27.1059
Epoch 035 | Loss: 0.0038 | Val MiFmax: 0.7404 | Val MaFmax: 0.7288 | Val Smin: 26.5133
  --> New best model saved!
Epoch 036 | Loss: 0.0035 | Val MiFmax: 0.7351 | Val MaFmax: 0.7269 | Val Smin: 26.8430
Epoch 037 | Loss: 0.0034 | Val MiFmax: 0.7354 | Val MaFmax: 0.7226 | Val Smin: 27.0131
Epoch 038 | Loss: 0.0031 | Val MiFmax: 0.7396 | Val MaFmax: 0.7310 | Val Smin: 26.5164
  --> New best model saved!
Epoch 039 | Loss: 0.0030 | Val MiFmax: 0.7405 | Val MaFmax: 0.7265 | Val Smin: 26.8779
Epoch 040 | Loss: 0.0035 | Val MiFmax: 0.7278 | Val MaFmax: 0.7239 | Val Smin: 27.5101
Epoch 041 | Loss: 0.0033 | Val MiFmax: 0.7299 | Val MaFmax: 0.7298 | Val Smin: 27.2806
Epoch 042 | Loss: 0.0029 | Val MiFmax: 0.7367 | Val MaFmax: 0.7310 | Val Smin: 26.5611
  --> New best model saved!
Epoch 043 | Loss: 0.0027 | Val MiFmax: 0.7412 | Val MaFmax: 0.7243 | Val Smin: 26.3274
Epoch 044 | Loss: 0.0026 | Val MiFmax: 0.7406 | Val MaFmax: 0.7300 | Val Smin: 26.3927
Epoch 045 | Loss: 0.0020 | Val MiFmax: 0.7470 | Val MaFmax: 0.7335 | Val Smin: 26.0287
  --> New best model saved!
Epoch 046 | Loss: 0.0018 | Val MiFmax: 0.7460 | Val MaFmax: 0.7306 | Val Smin: 25.9279
Epoch 047 | Loss: 0.0017 | Val MiFmax: 0.7485 | Val MaFmax: 0.7363 | Val Smin: 25.7144
  --> New best model saved!
Epoch 048 | Loss: 0.0016 | Val MiFmax: 0.7481 | Val MaFmax: 0.7282 | Val Smin: 25.7168
Epoch 049 | Loss: 0.0015 | Val MiFmax: 0.7486 | Val MaFmax: 0.7330 | Val Smin: 25.7619
Epoch 050 | Loss: 0.0015 | Val MiFmax: 0.7513 | Val MaFmax: 0.7327 | Val Smin: 25.6626
Epoch 051 | Loss: 0.0015 | Val MiFmax: 0.7509 | Val MaFmax: 0.7343 | Val Smin: 25.6150
Epoch 052 | Loss: 0.0014 | Val MiFmax: 0.7489 | Val MaFmax: 0.7382 | Val Smin: 25.6596
  --> New best model saved!
Epoch 053 | Loss: 0.0013 | Val MiFmax: 0.7499 | Val MaFmax: 0.7349 | Val Smin: 25.5356
Epoch 054 | Loss: 0.0013 | Val MiFmax: 0.7487 | Val MaFmax: 0.7364 | Val Smin: 25.8034
Epoch 055 | Loss: 0.0012 | Val MiFmax: 0.7502 | Val MaFmax: 0.7372 | Val Smin: 25.5945
Epoch 056 | Loss: 0.0013 | Val MiFmax: 0.7496 | Val MaFmax: 0.7409 | Val Smin: 25.5721
  --> New best model saved!
Epoch 057 | Loss: 0.0012 | Val MiFmax: 0.7492 | Val MaFmax: 0.7374 | Val Smin: 25.7380
Epoch 058 | Loss: 0.0012 | Val MiFmax: 0.7512 | Val MaFmax: 0.7354 | Val Smin: 25.5566
Epoch 059 | Loss: 0.0012 | Val MiFmax: 0.7485 | Val MaFmax: 0.7338 | Val Smin: 25.7248
Epoch 060 | Loss: 0.0012 | Val MiFmax: 0.7504 | Val MaFmax: 0.7364 | Val Smin: 25.5762
Epoch 061 | Loss: 0.0011 | Val MiFmax: 0.7527 | Val MaFmax: 0.7351 | Val Smin: 25.3254
Epoch 062 | Loss: 0.0011 | Val MiFmax: 0.7481 | Val MaFmax: 0.7361 | Val Smin: 25.9340
Epoch 063 | Loss: 0.0010 | Val MiFmax: 0.7535 | Val MaFmax: 0.7412 | Val Smin: 25.2930
  --> New best model saved!
Epoch 064 | Loss: 0.0009 | Val MiFmax: 0.7551 | Val MaFmax: 0.7404 | Val Smin: 25.1145
Epoch 065 | Loss: 0.0008 | Val MiFmax: 0.7545 | Val MaFmax: 0.7413 | Val Smin: 25.2819
  --> New best model saved!
Epoch 066 | Loss: 0.0008 | Val MiFmax: 0.7529 | Val MaFmax: 0.7423 | Val Smin: 25.3561
  --> New best model saved!
Epoch 067 | Loss: 0.0008 | Val MiFmax: 0.7546 | Val MaFmax: 0.7419 | Val Smin: 25.2968
Epoch 068 | Loss: 0.0007 | Val MiFmax: 0.7553 | Val MaFmax: 0.7426 | Val Smin: 25.1886
  --> New best model saved!
Epoch 069 | Loss: 0.0008 | Val MiFmax: 0.7540 | Val MaFmax: 0.7416 | Val Smin: 25.3152
Epoch 070 | Loss: 0.0007 | Val MiFmax: 0.7547 | Val MaFmax: 0.7383 | Val Smin: 25.2298
Epoch 071 | Loss: 0.0007 | Val MiFmax: 0.7539 | Val MaFmax: 0.7417 | Val Smin: 25.2133
Epoch 072 | Loss: 0.0007 | Val MiFmax: 0.7528 | Val MaFmax: 0.7389 | Val Smin: 25.2498
Epoch 073 | Loss: 0.0007 | Val MiFmax: 0.7566 | Val MaFmax: 0.7398 | Val Smin: 24.9531
Epoch 074 | Loss: 0.0008 | Val MiFmax: 0.7548 | Val MaFmax: 0.7412 | Val Smin: 25.1453
Epoch 075 | Loss: 0.0007 | Val MiFmax: 0.7569 | Val MaFmax: 0.7431 | Val Smin: 25.0472
  --> New best model saved!
Epoch 076 | Loss: 0.0006 | Val MiFmax: 0.7557 | Val MaFmax: 0.7420 | Val Smin: 25.0864
Epoch 077 | Loss: 0.0006 | Val MiFmax: 0.7548 | Val MaFmax: 0.7411 | Val Smin: 25.1790
Epoch 078 | Loss: 0.0006 | Val MiFmax: 0.7560 | Val MaFmax: 0.7428 | Val Smin: 25.0298
Epoch 079 | Loss: 0.0006 | Val MiFmax: 0.7552 | Val MaFmax: 0.7430 | Val Smin: 25.1260
Epoch 080 | Loss: 0.0006 | Val MiFmax: 0.7570 | Val MaFmax: 0.7432 | Val Smin: 24.9899
  --> New best model saved!
Epoch 081 | Loss: 0.0005 | Val MiFmax: 0.7595 | Val MaFmax: 0.7462 | Val Smin: 24.8337
  --> New best model saved!
Epoch 082 | Loss: 0.0005 | Val MiFmax: 0.7577 | Val MaFmax: 0.7452 | Val Smin: 24.8906
Epoch 083 | Loss: 0.0005 | Val MiFmax: 0.7585 | Val MaFmax: 0.7435 | Val Smin: 24.8592
Epoch 084 | Loss: 0.0005 | Val MiFmax: 0.7572 | Val MaFmax: 0.7429 | Val Smin: 24.9900
Epoch 085 | Loss: 0.0005 | Val MiFmax: 0.7568 | Val MaFmax: 0.7455 | Val Smin: 24.9697
Epoch 086 | Loss: 0.0005 | Val MiFmax: 0.7580 | Val MaFmax: 0.7454 | Val Smin: 24.9969
Epoch 087 | Loss: 0.0005 | Val MiFmax: 0.7604 | Val MaFmax: 0.7462 | Val Smin: 24.7468
  --> New best model saved!
Epoch 088 | Loss: 0.0005 | Val MiFmax: 0.7588 | Val MaFmax: 0.7454 | Val Smin: 24.8530
Epoch 089 | Loss: 0.0005 | Val MiFmax: 0.7587 | Val MaFmax: 0.7441 | Val Smin: 24.8574
Epoch 090 | Loss: 0.0005 | Val MiFmax: 0.7593 | Val MaFmax: 0.7441 | Val Smin: 24.9118
Epoch 091 | Loss: 0.0005 | Val MiFmax: 0.7587 | Val MaFmax: 0.7445 | Val Smin: 24.8574
Epoch 092 | Loss: 0.0005 | Val MiFmax: 0.7588 | Val MaFmax: 0.7427 | Val Smin: 24.9113
Epoch 093 | Loss: 0.0005 | Val MiFmax: 0.7583 | Val MaFmax: 0.7433 | Val Smin: 24.9060
Epoch 094 | Loss: 0.0005 | Val MiFmax: 0.7584 | Val MaFmax: 0.7430 | Val Smin: 24.9301
Epoch 095 | Loss: 0.0004 | Val MiFmax: 0.7582 | Val MaFmax: 0.7439 | Val Smin: 24.9373
Epoch 096 | Loss: 0.0004 | Val MiFmax: 0.7594 | Val MaFmax: 0.7439 | Val Smin: 24.8727
Epoch 097 | Loss: 0.0005 | Val MiFmax: 0.7586 | Val MaFmax: 0.7448 | Val Smin: 24.9055
Epoch 098 | Loss: 0.0004 | Val MiFmax: 0.7584 | Val MaFmax: 0.7450 | Val Smin: 24.9156
Epoch 099 | Loss: 0.0004 | Val MiFmax: 0.7587 | Val MaFmax: 0.7443 | Val Smin: 24.9249
Epoch 100 | Loss: 0.0004 | Val MiFmax: 0.7581 | Val MaFmax: 0.7445 | Val Smin: 24.8728
Epoch 101 | Loss: 0.0004 | Val MiFmax: 0.7588 | Val MaFmax: 0.7451 | Val Smin: 24.9046
Epoch 102 | Loss: 0.0004 | Val MiFmax: 0.7589 | Val MaFmax: 0.7453 | Val Smin: 24.8660
Early stopping triggered after 102 epochs.
Training finished. Evaluating on Test Set...

--- TEST METRICS ---
Micro_Fmax: 0.6770
Macro_Fmax: 0.6624
Macro_AUROC: 0.8633
Micro_AUROC: 0.8623
Macro_AUPRC: 0.6171
Micro_AUPRC: 0.6260
Smin: 35.1608
------------------------------------------------------
  Run 28 / 30
  Run: biological_process_Hybrid_JK_Focal_s42
------------------------------------------------------
Using device: cuda
Loading datasets from preprocessing/data/split_files/datasets.pkl for biological_process...
Alpha weights not found. Using default FocalLoss (alpha=0.25, gamma=4.0).
Epoch 001 | Loss: 0.0143 | Val MiFmax: 0.0816 | Val MaFmax: 0.1213 | Val Smin: 69.2014
  --> New best model saved!
Epoch 002 | Loss: 0.0047 | Val MiFmax: 0.1974 | Val MaFmax: 0.1704 | Val Smin: 66.2336
  --> New best model saved!
Epoch 003 | Loss: 0.0018 | Val MiFmax: 0.2881 | Val MaFmax: 0.2106 | Val Smin: 61.4033
  --> New best model saved!
Epoch 004 | Loss: 0.0013 | Val MiFmax: 0.3654 | Val MaFmax: 0.3310 | Val Smin: 57.5021
  --> New best model saved!
Epoch 005 | Loss: 0.0010 | Val MiFmax: 0.4460 | Val MaFmax: 0.3582 | Val Smin: 51.5889
  --> New best model saved!
Epoch 006 | Loss: 0.0009 | Val MiFmax: 0.4820 | Val MaFmax: 0.4385 | Val Smin: 48.0658
  --> New best model saved!
Epoch 007 | Loss: 0.0007 | Val MiFmax: 0.5014 | Val MaFmax: 0.5178 | Val Smin: 47.3570
  --> New best model saved!
Epoch 008 | Loss: 0.0006 | Val MiFmax: 0.5702 | Val MaFmax: 0.5553 | Val Smin: 41.1062
  --> New best model saved!
Epoch 009 | Loss: 0.0005 | Val MiFmax: 0.5686 | Val MaFmax: 0.5657 | Val Smin: 41.4264
  --> New best model saved!
Epoch 010 | Loss: 0.0004 | Val MiFmax: 0.5969 | Val MaFmax: 0.5919 | Val Smin: 38.9709
  --> New best model saved!
Epoch 011 | Loss: 0.0004 | Val MiFmax: 0.6028 | Val MaFmax: 0.6079 | Val Smin: 38.3678
  --> New best model saved!
Epoch 012 | Loss: 0.0004 | Val MiFmax: 0.6234 | Val MaFmax: 0.6322 | Val Smin: 36.9175
  --> New best model saved!
Epoch 013 | Loss: 0.0003 | Val MiFmax: 0.6201 | Val MaFmax: 0.6267 | Val Smin: 37.3298
Epoch 014 | Loss: 0.0003 | Val MiFmax: 0.6388 | Val MaFmax: 0.6574 | Val Smin: 35.4416
  --> New best model saved!
Epoch 015 | Loss: 0.0003 | Val MiFmax: 0.6603 | Val MaFmax: 0.6707 | Val Smin: 34.0234
  --> New best model saved!
Epoch 016 | Loss: 0.0002 | Val MiFmax: 0.6614 | Val MaFmax: 0.6753 | Val Smin: 33.6695
  --> New best model saved!
Epoch 017 | Loss: 0.0002 | Val MiFmax: 0.6581 | Val MaFmax: 0.6708 | Val Smin: 33.9850
Epoch 018 | Loss: 0.0002 | Val MiFmax: 0.6695 | Val MaFmax: 0.6728 | Val Smin: 32.4469
Epoch 019 | Loss: 0.0002 | Val MiFmax: 0.6757 | Val MaFmax: 0.6949 | Val Smin: 32.2675
  --> New best model saved!
Epoch 020 | Loss: 0.0002 | Val MiFmax: 0.6824 | Val MaFmax: 0.6966 | Val Smin: 31.6908
  --> New best model saved!
Epoch 021 | Loss: 0.0002 | Val MiFmax: 0.6956 | Val MaFmax: 0.7043 | Val Smin: 30.0919
  --> New best model saved!
Epoch 022 | Loss: 0.0002 | Val MiFmax: 0.6934 | Val MaFmax: 0.7049 | Val Smin: 30.9658
  --> New best model saved!
Epoch 023 | Loss: 0.0001 | Val MiFmax: 0.6902 | Val MaFmax: 0.7083 | Val Smin: 30.6585
  --> New best model saved!
Epoch 024 | Loss: 0.0001 | Val MiFmax: 0.7116 | Val MaFmax: 0.7175 | Val Smin: 29.0579
  --> New best model saved!
Epoch 025 | Loss: 0.0001 | Val MiFmax: 0.7121 | Val MaFmax: 0.7187 | Val Smin: 28.7058
  --> New best model saved!
Epoch 026 | Loss: 0.0001 | Val MiFmax: 0.7125 | Val MaFmax: 0.7233 | Val Smin: 28.6987
  --> New best model saved!
Epoch 027 | Loss: 0.0001 | Val MiFmax: 0.6850 | Val MaFmax: 0.7081 | Val Smin: 31.5104
Epoch 028 | Loss: 0.0001 | Val MiFmax: 0.7117 | Val MaFmax: 0.7251 | Val Smin: 28.9289
  --> New best model saved!
Epoch 029 | Loss: 0.0001 | Val MiFmax: 0.7097 | Val MaFmax: 0.7157 | Val Smin: 28.8262
Epoch 030 | Loss: 0.0001 | Val MiFmax: 0.7143 | Val MaFmax: 0.7134 | Val Smin: 28.7375
Epoch 031 | Loss: 0.0001 | Val MiFmax: 0.7213 | Val MaFmax: 0.7132 | Val Smin: 27.6724
Epoch 032 | Loss: 0.0001 | Val MiFmax: 0.7146 | Val MaFmax: 0.7170 | Val Smin: 28.4179
Epoch 033 | Loss: 0.0001 | Val MiFmax: 0.7175 | Val MaFmax: 0.7297 | Val Smin: 28.5488
  --> New best model saved!
Epoch 034 | Loss: 0.0001 | Val MiFmax: 0.7158 | Val MaFmax: 0.7160 | Val Smin: 28.4744
Epoch 035 | Loss: 0.0001 | Val MiFmax: 0.7170 | Val MaFmax: 0.7268 | Val Smin: 28.3097
Epoch 036 | Loss: 0.0001 | Val MiFmax: 0.7357 | Val MaFmax: 0.7312 | Val Smin: 26.4747
  --> New best model saved!
Epoch 037 | Loss: 0.0001 | Val MiFmax: 0.7331 | Val MaFmax: 0.7308 | Val Smin: 26.5533
Epoch 038 | Loss: 0.0001 | Val MiFmax: 0.7313 | Val MaFmax: 0.7313 | Val Smin: 26.7938
  --> New best model saved!
Epoch 039 | Loss: 0.0001 | Val MiFmax: 0.7375 | Val MaFmax: 0.7321 | Val Smin: 26.5313
  --> New best model saved!
Epoch 040 | Loss: 0.0001 | Val MiFmax: 0.7286 | Val MaFmax: 0.7331 | Val Smin: 27.0328
  --> New best model saved!
Epoch 041 | Loss: 0.0001 | Val MiFmax: 0.7288 | Val MaFmax: 0.7288 | Val Smin: 26.9072
Epoch 042 | Loss: 0.0001 | Val MiFmax: 0.7304 | Val MaFmax: 0.7347 | Val Smin: 27.0028
  --> New best model saved!
Epoch 043 | Loss: 0.0001 | Val MiFmax: 0.7178 | Val MaFmax: 0.7231 | Val Smin: 28.1311
Epoch 044 | Loss: 0.0001 | Val MiFmax: 0.7376 | Val MaFmax: 0.7303 | Val Smin: 26.4273
Epoch 045 | Loss: 0.0001 | Val MiFmax: 0.7311 | Val MaFmax: 0.7352 | Val Smin: 26.9220
  --> New best model saved!
Epoch 046 | Loss: 0.0001 | Val MiFmax: 0.7411 | Val MaFmax: 0.7368 | Val Smin: 26.1607
  --> New best model saved!
Epoch 047 | Loss: 0.0001 | Val MiFmax: 0.7317 | Val MaFmax: 0.7261 | Val Smin: 26.9794
Epoch 048 | Loss: 0.0001 | Val MiFmax: 0.7362 | Val MaFmax: 0.7310 | Val Smin: 26.3450
Epoch 049 | Loss: 0.0001 | Val MiFmax: 0.7326 | Val MaFmax: 0.7331 | Val Smin: 26.8203
Epoch 050 | Loss: 0.0001 | Val MiFmax: 0.7406 | Val MaFmax: 0.7307 | Val Smin: 26.1495
Epoch 051 | Loss: 0.0001 | Val MiFmax: 0.7408 | Val MaFmax: 0.7288 | Val Smin: 26.1474
Epoch 052 | Loss: 0.0001 | Val MiFmax: 0.7308 | Val MaFmax: 0.7372 | Val Smin: 26.6496
  --> New best model saved!
Epoch 053 | Loss: 0.0001 | Val MiFmax: 0.7218 | Val MaFmax: 0.7201 | Val Smin: 27.5113
Epoch 054 | Loss: 0.0001 | Val MiFmax: 0.7461 | Val MaFmax: 0.7400 | Val Smin: 25.6168
  --> New best model saved!
Epoch 055 | Loss: 0.0001 | Val MiFmax: 0.7403 | Val MaFmax: 0.7350 | Val Smin: 26.1817
Epoch 056 | Loss: 0.0001 | Val MiFmax: 0.7455 | Val MaFmax: 0.7373 | Val Smin: 25.7966
Epoch 057 | Loss: 0.0001 | Val MiFmax: 0.7392 | Val MaFmax: 0.7423 | Val Smin: 26.1084
  --> New best model saved!
Epoch 058 | Loss: 0.0000 | Val MiFmax: 0.7440 | Val MaFmax: 0.7368 | Val Smin: 25.6992
Epoch 059 | Loss: 0.0000 | Val MiFmax: 0.7453 | Val MaFmax: 0.7363 | Val Smin: 25.7032
Epoch 060 | Loss: 0.0000 | Val MiFmax: 0.7398 | Val MaFmax: 0.7349 | Val Smin: 25.9594
Epoch 061 | Loss: 0.0001 | Val MiFmax: 0.7399 | Val MaFmax: 0.7241 | Val Smin: 26.1585
Epoch 062 | Loss: 0.0001 | Val MiFmax: 0.7474 | Val MaFmax: 0.7390 | Val Smin: 25.6995
Epoch 063 | Loss: 0.0000 | Val MiFmax: 0.7446 | Val MaFmax: 0.7358 | Val Smin: 25.7863
Epoch 064 | Loss: 0.0000 | Val MiFmax: 0.7505 | Val MaFmax: 0.7376 | Val Smin: 25.2378
Epoch 065 | Loss: 0.0000 | Val MiFmax: 0.7521 | Val MaFmax: 0.7387 | Val Smin: 25.1385
Epoch 066 | Loss: 0.0000 | Val MiFmax: 0.7546 | Val MaFmax: 0.7410 | Val Smin: 25.0546
Epoch 067 | Loss: 0.0000 | Val MiFmax: 0.7542 | Val MaFmax: 0.7400 | Val Smin: 24.9968
Epoch 068 | Loss: 0.0000 | Val MiFmax: 0.7535 | Val MaFmax: 0.7409 | Val Smin: 24.9904
Epoch 069 | Loss: 0.0000 | Val MiFmax: 0.7568 | Val MaFmax: 0.7425 | Val Smin: 24.7940
  --> New best model saved!
Epoch 070 | Loss: 0.0000 | Val MiFmax: 0.7524 | Val MaFmax: 0.7393 | Val Smin: 25.1605
Epoch 071 | Loss: 0.0000 | Val MiFmax: 0.7524 | Val MaFmax: 0.7423 | Val Smin: 25.2788
Epoch 072 | Loss: 0.0000 | Val MiFmax: 0.7541 | Val MaFmax: 0.7380 | Val Smin: 24.8607
Epoch 073 | Loss: 0.0000 | Val MiFmax: 0.7486 | Val MaFmax: 0.7383 | Val Smin: 25.4230
Epoch 074 | Loss: 0.0000 | Val MiFmax: 0.7510 | Val MaFmax: 0.7376 | Val Smin: 25.1633
Epoch 075 | Loss: 0.0000 | Val MiFmax: 0.7531 | Val MaFmax: 0.7391 | Val Smin: 25.1204
Epoch 076 | Loss: 0.0000 | Val MiFmax: 0.7523 | Val MaFmax: 0.7412 | Val Smin: 25.0799
Epoch 077 | Loss: 0.0000 | Val MiFmax: 0.7522 | Val MaFmax: 0.7415 | Val Smin: 25.0750
Epoch 078 | Loss: 0.0000 | Val MiFmax: 0.7535 | Val MaFmax: 0.7409 | Val Smin: 24.9710
Epoch 079 | Loss: 0.0000 | Val MiFmax: 0.7561 | Val MaFmax: 0.7414 | Val Smin: 24.7446
Epoch 080 | Loss: 0.0000 | Val MiFmax: 0.7554 | Val MaFmax: 0.7410 | Val Smin: 24.6788
Epoch 081 | Loss: 0.0000 | Val MiFmax: 0.7540 | Val MaFmax: 0.7418 | Val Smin: 24.9027
Epoch 082 | Loss: 0.0000 | Val MiFmax: 0.7548 | Val MaFmax: 0.7430 | Val Smin: 24.8237
  --> New best model saved!
Epoch 083 | Loss: 0.0000 | Val MiFmax: 0.7576 | Val MaFmax: 0.7416 | Val Smin: 24.6659
Epoch 084 | Loss: 0.0000 | Val MiFmax: 0.7572 | Val MaFmax: 0.7409 | Val Smin: 24.5892
Epoch 085 | Loss: 0.0000 | Val MiFmax: 0.7585 | Val MaFmax: 0.7416 | Val Smin: 24.3950
Epoch 086 | Loss: 0.0000 | Val MiFmax: 0.7546 | Val MaFmax: 0.7415 | Val Smin: 24.8630
Epoch 087 | Loss: 0.0000 | Val MiFmax: 0.7530 | Val MaFmax: 0.7399 | Val Smin: 25.0709
Epoch 088 | Loss: 0.0000 | Val MiFmax: 0.7539 | Val MaFmax: 0.7408 | Val Smin: 24.8701
Epoch 089 | Loss: 0.0000 | Val MiFmax: 0.7554 | Val MaFmax: 0.7421 | Val Smin: 24.7858
Epoch 090 | Loss: 0.0000 | Val MiFmax: 0.7566 | Val MaFmax: 0.7412 | Val Smin: 24.8059
Epoch 091 | Loss: 0.0000 | Val MiFmax: 0.7570 | Val MaFmax: 0.7415 | Val Smin: 24.6930
Epoch 092 | Loss: 0.0000 | Val MiFmax: 0.7593 | Val MaFmax: 0.7424 | Val Smin: 24.4372
Epoch 093 | Loss: 0.0000 | Val MiFmax: 0.7561 | Val MaFmax: 0.7424 | Val Smin: 24.6146
Epoch 094 | Loss: 0.0000 | Val MiFmax: 0.7595 | Val MaFmax: 0.7425 | Val Smin: 24.4662
Epoch 095 | Loss: 0.0000 | Val MiFmax: 0.7574 | Val MaFmax: 0.7415 | Val Smin: 24.5985
Epoch 096 | Loss: 0.0000 | Val MiFmax: 0.7568 | Val MaFmax: 0.7421 | Val Smin: 24.6441
Epoch 097 | Loss: 0.0000 | Val MiFmax: 0.7567 | Val MaFmax: 0.7426 | Val Smin: 24.6302
Early stopping triggered after 97 epochs.
Training finished. Evaluating on Test Set...

--- TEST METRICS ---
Micro_Fmax: 0.6780
Macro_Fmax: 0.6698
Macro_AUROC: 0.8470
Micro_AUROC: 0.8589
Macro_AUPRC: 0.6262
Micro_AUPRC: 0.6441
Smin: 34.5471
------------------------------------------------------
  Run 29 / 30
  Run: biological_process_Hybrid_JK_Focal_s123
------------------------------------------------------
Using device: cuda
Loading datasets from preprocessing/data/split_files/datasets.pkl for biological_process...
Alpha weights not found. Using default FocalLoss (alpha=0.25, gamma=4.0).
Epoch 001 | Loss: 0.0141 | Val MiFmax: 0.0461 | Val MaFmax: 0.1212 | Val Smin: 69.3456
  --> New best model saved!
Epoch 002 | Loss: 0.0046 | Val MiFmax: 0.2055 | Val MaFmax: 0.1581 | Val Smin: 66.1629
  --> New best model saved!
Epoch 003 | Loss: 0.0018 | Val MiFmax: 0.2753 | Val MaFmax: 0.2162 | Val Smin: 62.2445
  --> New best model saved!
Epoch 004 | Loss: 0.0014 | Val MiFmax: 0.3089 | Val MaFmax: 0.2366 | Val Smin: 60.3745
  --> New best model saved!
Epoch 005 | Loss: 0.0011 | Val MiFmax: 0.3515 | Val MaFmax: 0.3632 | Val Smin: 57.9013
  --> New best model saved!
Epoch 006 | Loss: 0.0010 | Val MiFmax: 0.4096 | Val MaFmax: 0.4099 | Val Smin: 54.4690
  --> New best model saved!
Epoch 007 | Loss: 0.0008 | Val MiFmax: 0.4724 | Val MaFmax: 0.4626 | Val Smin: 49.8429
  --> New best model saved!
Epoch 008 | Loss: 0.0007 | Val MiFmax: 0.5149 | Val MaFmax: 0.5200 | Val Smin: 45.8509
  --> New best model saved!
Epoch 009 | Loss: 0.0006 | Val MiFmax: 0.5173 | Val MaFmax: 0.5506 | Val Smin: 44.6669
  --> New best model saved!
Epoch 010 | Loss: 0.0005 | Val MiFmax: 0.5509 | Val MaFmax: 0.5594 | Val Smin: 42.3313
  --> New best model saved!
Epoch 011 | Loss: 0.0005 | Val MiFmax: 0.5860 | Val MaFmax: 0.5918 | Val Smin: 39.6289
  --> New best model saved!
Epoch 012 | Loss: 0.0004 | Val MiFmax: 0.6035 | Val MaFmax: 0.6014 | Val Smin: 38.6164
  --> New best model saved!
Epoch 013 | Loss: 0.0004 | Val MiFmax: 0.6022 | Val MaFmax: 0.6206 | Val Smin: 37.4674
  --> New best model saved!
Epoch 014 | Loss: 0.0003 | Val MiFmax: 0.6406 | Val MaFmax: 0.6510 | Val Smin: 35.2091
  --> New best model saved!
Epoch 015 | Loss: 0.0003 | Val MiFmax: 0.6321 | Val MaFmax: 0.6513 | Val Smin: 35.7614
  --> New best model saved!
Epoch 016 | Loss: 0.0003 | Val MiFmax: 0.6591 | Val MaFmax: 0.6684 | Val Smin: 33.1340
  --> New best model saved!
Epoch 017 | Loss: 0.0002 | Val MiFmax: 0.6590 | Val MaFmax: 0.6580 | Val Smin: 33.1049
Epoch 018 | Loss: 0.0002 | Val MiFmax: 0.6672 | Val MaFmax: 0.6801 | Val Smin: 32.4004
  --> New best model saved!
Epoch 019 | Loss: 0.0002 | Val MiFmax: 0.6628 | Val MaFmax: 0.6874 | Val Smin: 32.9966
  --> New best model saved!
Epoch 020 | Loss: 0.0002 | Val MiFmax: 0.6628 | Val MaFmax: 0.6901 | Val Smin: 32.7341
  --> New best model saved!
Epoch 021 | Loss: 0.0002 | Val MiFmax: 0.6789 | Val MaFmax: 0.6980 | Val Smin: 32.0354
  --> New best model saved!
Epoch 022 | Loss: 0.0002 | Val MiFmax: 0.6881 | Val MaFmax: 0.6805 | Val Smin: 30.7417
Epoch 023 | Loss: 0.0002 | Val MiFmax: 0.6808 | Val MaFmax: 0.6933 | Val Smin: 31.5281
Epoch 024 | Loss: 0.0002 | Val MiFmax: 0.6923 | Val MaFmax: 0.6935 | Val Smin: 30.0800
Epoch 025 | Loss: 0.0002 | Val MiFmax: 0.6956 | Val MaFmax: 0.7052 | Val Smin: 29.9225
  --> New best model saved!
Epoch 026 | Loss: 0.0002 | Val MiFmax: 0.6850 | Val MaFmax: 0.7111 | Val Smin: 31.1632
  --> New best model saved!
Epoch 027 | Loss: 0.0001 | Val MiFmax: 0.7078 | Val MaFmax: 0.7073 | Val Smin: 29.1282
Epoch 028 | Loss: 0.0001 | Val MiFmax: 0.7067 | Val MaFmax: 0.7139 | Val Smin: 29.3733
  --> New best model saved!
Epoch 029 | Loss: 0.0001 | Val MiFmax: 0.7134 | Val MaFmax: 0.7139 | Val Smin: 28.4971
Epoch 030 | Loss: 0.0001 | Val MiFmax: 0.7105 | Val MaFmax: 0.7213 | Val Smin: 28.7996
  --> New best model saved!
Epoch 031 | Loss: 0.0001 | Val MiFmax: 0.7125 | Val MaFmax: 0.7142 | Val Smin: 28.8244
Epoch 032 | Loss: 0.0001 | Val MiFmax: 0.7204 | Val MaFmax: 0.7196 | Val Smin: 27.9926
Epoch 033 | Loss: 0.0001 | Val MiFmax: 0.7064 | Val MaFmax: 0.7166 | Val Smin: 28.9993
Epoch 034 | Loss: 0.0001 | Val MiFmax: 0.7198 | Val MaFmax: 0.7218 | Val Smin: 27.8092
  --> New best model saved!
Epoch 035 | Loss: 0.0002 | Val MiFmax: 0.6779 | Val MaFmax: 0.7095 | Val Smin: 31.5763
Epoch 036 | Loss: 0.0001 | Val MiFmax: 0.7184 | Val MaFmax: 0.7195 | Val Smin: 27.9830
Epoch 037 | Loss: 0.0001 | Val MiFmax: 0.7252 | Val MaFmax: 0.7223 | Val Smin: 27.3313
  --> New best model saved!
Epoch 038 | Loss: 0.0001 | Val MiFmax: 0.7105 | Val MaFmax: 0.7183 | Val Smin: 28.4647
Epoch 039 | Loss: 0.0001 | Val MiFmax: 0.7289 | Val MaFmax: 0.7198 | Val Smin: 27.0913
Epoch 040 | Loss: 0.0001 | Val MiFmax: 0.7266 | Val MaFmax: 0.7240 | Val Smin: 27.4117
  --> New best model saved!
Epoch 041 | Loss: 0.0001 | Val MiFmax: 0.7317 | Val MaFmax: 0.7306 | Val Smin: 26.8235
  --> New best model saved!
Epoch 042 | Loss: 0.0001 | Val MiFmax: 0.7174 | Val MaFmax: 0.7227 | Val Smin: 28.0376
Epoch 043 | Loss: 0.0001 | Val MiFmax: 0.7316 | Val MaFmax: 0.7278 | Val Smin: 26.7623
Epoch 044 | Loss: 0.0001 | Val MiFmax: 0.7116 | Val MaFmax: 0.7190 | Val Smin: 28.5387
Epoch 045 | Loss: 0.0001 | Val MiFmax: 0.7433 | Val MaFmax: 0.7341 | Val Smin: 25.9623
  --> New best model saved!
Epoch 046 | Loss: 0.0001 | Val MiFmax: 0.7363 | Val MaFmax: 0.7336 | Val Smin: 26.3688
Epoch 047 | Loss: 0.0001 | Val MiFmax: 0.7373 | Val MaFmax: 0.7339 | Val Smin: 26.4981
Epoch 048 | Loss: 0.0001 | Val MiFmax: 0.7341 | Val MaFmax: 0.7305 | Val Smin: 26.6098
Epoch 049 | Loss: 0.0001 | Val MiFmax: 0.7368 | Val MaFmax: 0.7282 | Val Smin: 26.5349
Epoch 050 | Loss: 0.0001 | Val MiFmax: 0.7369 | Val MaFmax: 0.7304 | Val Smin: 26.5037
Epoch 051 | Loss: 0.0001 | Val MiFmax: 0.7346 | Val MaFmax: 0.7256 | Val Smin: 26.6455
Epoch 052 | Loss: 0.0000 | Val MiFmax: 0.7423 | Val MaFmax: 0.7313 | Val Smin: 25.9986
Epoch 053 | Loss: 0.0000 | Val MiFmax: 0.7452 | Val MaFmax: 0.7315 | Val Smin: 25.6276
Epoch 054 | Loss: 0.0000 | Val MiFmax: 0.7401 | Val MaFmax: 0.7329 | Val Smin: 26.0042
Epoch 055 | Loss: 0.0000 | Val MiFmax: 0.7442 | Val MaFmax: 0.7288 | Val Smin: 25.8065
Epoch 056 | Loss: 0.0000 | Val MiFmax: 0.7413 | Val MaFmax: 0.7356 | Val Smin: 25.7570
  --> New best model saved!
Epoch 057 | Loss: 0.0000 | Val MiFmax: 0.7534 | Val MaFmax: 0.7378 | Val Smin: 24.9237
  --> New best model saved!
Epoch 058 | Loss: 0.0000 | Val MiFmax: 0.7441 | Val MaFmax: 0.7300 | Val Smin: 25.7924
Epoch 059 | Loss: 0.0000 | Val MiFmax: 0.7393 | Val MaFmax: 0.7327 | Val Smin: 26.1691
Epoch 060 | Loss: 0.0000 | Val MiFmax: 0.7340 | Val MaFmax: 0.7284 | Val Smin: 26.4215
Epoch 061 | Loss: 0.0000 | Val MiFmax: 0.7447 | Val MaFmax: 0.7397 | Val Smin: 25.6224
  --> New best model saved!
Epoch 062 | Loss: 0.0000 | Val MiFmax: 0.7415 | Val MaFmax: 0.7297 | Val Smin: 25.9892
Epoch 063 | Loss: 0.0000 | Val MiFmax: 0.7464 | Val MaFmax: 0.7325 | Val Smin: 25.5452
Epoch 064 | Loss: 0.0000 | Val MiFmax: 0.7466 | Val MaFmax: 0.7372 | Val Smin: 25.5657
Epoch 065 | Loss: 0.0000 | Val MiFmax: 0.7443 | Val MaFmax: 0.7369 | Val Smin: 25.6709
Epoch 066 | Loss: 0.0000 | Val MiFmax: 0.7419 | Val MaFmax: 0.7347 | Val Smin: 25.8458
Epoch 067 | Loss: 0.0000 | Val MiFmax: 0.7375 | Val MaFmax: 0.7285 | Val Smin: 26.3331
Epoch 068 | Loss: 0.0000 | Val MiFmax: 0.7450 | Val MaFmax: 0.7346 | Val Smin: 25.5273
Epoch 069 | Loss: 0.0000 | Val MiFmax: 0.7449 | Val MaFmax: 0.7322 | Val Smin: 25.5972
Epoch 070 | Loss: 0.0000 | Val MiFmax: 0.7486 | Val MaFmax: 0.7352 | Val Smin: 25.2164
Epoch 071 | Loss: 0.0000 | Val MiFmax: 0.7454 | Val MaFmax: 0.7329 | Val Smin: 25.4412
Epoch 072 | Loss: 0.0000 | Val MiFmax: 0.7502 | Val MaFmax: 0.7379 | Val Smin: 25.1763
Epoch 073 | Loss: 0.0000 | Val MiFmax: 0.7450 | Val MaFmax: 0.7357 | Val Smin: 25.4057
Epoch 074 | Loss: 0.0000 | Val MiFmax: 0.7469 | Val MaFmax: 0.7354 | Val Smin: 25.3214
Epoch 075 | Loss: 0.0000 | Val MiFmax: 0.7473 | Val MaFmax: 0.7355 | Val Smin: 25.3632
Epoch 076 | Loss: 0.0000 | Val MiFmax: 0.7483 | Val MaFmax: 0.7359 | Val Smin: 25.2366
Early stopping triggered after 76 epochs.
Training finished. Evaluating on Test Set...

--- TEST METRICS ---
Micro_Fmax: 0.6727
Macro_Fmax: 0.6675
Macro_AUROC: 0.8554
Micro_AUROC: 0.8579
Macro_AUPRC: 0.6243
Micro_AUPRC: 0.6433
Smin: 34.8585
------------------------------------------------------
  Run 30 / 30
  Run: biological_process_Hybrid_JK_Focal_s456
------------------------------------------------------
Using device: cuda
Loading datasets from preprocessing/data/split_files/datasets.pkl for biological_process...
Alpha weights not found. Using default FocalLoss (alpha=0.25, gamma=4.0).
Epoch 001 | Loss: 0.0143 | Val MiFmax: 0.0629 | Val MaFmax: 0.1086 | Val Smin: 69.1778
  --> New best model saved!
Epoch 002 | Loss: 0.0048 | Val MiFmax: 0.1769 | Val MaFmax: 0.1137 | Val Smin: 66.9911
  --> New best model saved!
Epoch 003 | Loss: 0.0018 | Val MiFmax: 0.2468 | Val MaFmax: 0.1961 | Val Smin: 64.0891
  --> New best model saved!
Epoch 004 | Loss: 0.0014 | Val MiFmax: 0.2978 | Val MaFmax: 0.2711 | Val Smin: 60.6153
  --> New best model saved!
Epoch 005 | Loss: 0.0011 | Val MiFmax: 0.3757 | Val MaFmax: 0.3382 | Val Smin: 56.1913
  --> New best model saved!
Epoch 006 | Loss: 0.0010 | Val MiFmax: 0.4289 | Val MaFmax: 0.3899 | Val Smin: 52.5128
  --> New best model saved!
Epoch 007 | Loss: 0.0008 | Val MiFmax: 0.4622 | Val MaFmax: 0.4567 | Val Smin: 49.6967
  --> New best model saved!
Epoch 008 | Loss: 0.0007 | Val MiFmax: 0.5247 | Val MaFmax: 0.4983 | Val Smin: 44.7108
  --> New best model saved!
Epoch 009 | Loss: 0.0006 | Val MiFmax: 0.5105 | Val MaFmax: 0.5179 | Val Smin: 45.8589
  --> New best model saved!
Epoch 010 | Loss: 0.0005 | Val MiFmax: 0.5570 | Val MaFmax: 0.5479 | Val Smin: 41.9313
  --> New best model saved!
Epoch 011 | Loss: 0.0005 | Val MiFmax: 0.5718 | Val MaFmax: 0.5655 | Val Smin: 40.8584
  --> New best model saved!
Epoch 012 | Loss: 0.0004 | Val MiFmax: 0.5946 | Val MaFmax: 0.5982 | Val Smin: 39.5086
  --> New best model saved!
Epoch 013 | Loss: 0.0004 | Val MiFmax: 0.6140 | Val MaFmax: 0.6201 | Val Smin: 37.5519
  --> New best model saved!
Epoch 014 | Loss: 0.0003 | Val MiFmax: 0.6248 | Val MaFmax: 0.6351 | Val Smin: 36.7055
  --> New best model saved!
Epoch 015 | Loss: 0.0003 | Val MiFmax: 0.6230 | Val MaFmax: 0.6312 | Val Smin: 36.6352
Epoch 016 | Loss: 0.0003 | Val MiFmax: 0.6410 | Val MaFmax: 0.6573 | Val Smin: 35.4644
  --> New best model saved!
Epoch 017 | Loss: 0.0003 | Val MiFmax: 0.6482 | Val MaFmax: 0.6701 | Val Smin: 34.6602
  --> New best model saved!
Epoch 018 | Loss: 0.0002 | Val MiFmax: 0.6554 | Val MaFmax: 0.6731 | Val Smin: 34.1828
  --> New best model saved!
Epoch 019 | Loss: 0.0002 | Val MiFmax: 0.6652 | Val MaFmax: 0.6805 | Val Smin: 33.3617
  --> New best model saved!
Epoch 020 | Loss: 0.0002 | Val MiFmax: 0.6654 | Val MaFmax: 0.6902 | Val Smin: 32.9131
  --> New best model saved!
Epoch 021 | Loss: 0.0002 | Val MiFmax: 0.6716 | Val MaFmax: 0.6934 | Val Smin: 32.9455
  --> New best model saved!
Epoch 022 | Loss: 0.0002 | Val MiFmax: 0.6883 | Val MaFmax: 0.7049 | Val Smin: 30.7024
  --> New best model saved!
Epoch 023 | Loss: 0.0002 | Val MiFmax: 0.6877 | Val MaFmax: 0.7096 | Val Smin: 31.1728
  --> New best model saved!
Epoch 024 | Loss: 0.0002 | Val MiFmax: 0.6736 | Val MaFmax: 0.6950 | Val Smin: 32.3918
Epoch 025 | Loss: 0.0002 | Val MiFmax: 0.6863 | Val MaFmax: 0.6995 | Val Smin: 31.2064
Epoch 026 | Loss: 0.0002 | Val MiFmax: 0.6877 | Val MaFmax: 0.7088 | Val Smin: 31.2189
Epoch 027 | Loss: 0.0001 | Val MiFmax: 0.6785 | Val MaFmax: 0.7076 | Val Smin: 31.9003
Epoch 028 | Loss: 0.0001 | Val MiFmax: 0.6961 | Val MaFmax: 0.7045 | Val Smin: 30.8871
Epoch 029 | Loss: 0.0001 | Val MiFmax: 0.7021 | Val MaFmax: 0.7233 | Val Smin: 29.7173
  --> New best model saved!
Epoch 030 | Loss: 0.0001 | Val MiFmax: 0.6979 | Val MaFmax: 0.7166 | Val Smin: 30.3713
Epoch 031 | Loss: 0.0001 | Val MiFmax: 0.7019 | Val MaFmax: 0.7092 | Val Smin: 30.1102
Epoch 032 | Loss: 0.0001 | Val MiFmax: 0.7010 | Val MaFmax: 0.7249 | Val Smin: 29.4256
  --> New best model saved!
Epoch 033 | Loss: 0.0001 | Val MiFmax: 0.6991 | Val MaFmax: 0.7182 | Val Smin: 30.2773
Epoch 034 | Loss: 0.0001 | Val MiFmax: 0.7065 | Val MaFmax: 0.7134 | Val Smin: 29.9644
Epoch 035 | Loss: 0.0001 | Val MiFmax: 0.7142 | Val MaFmax: 0.7315 | Val Smin: 28.2180
  --> New best model saved!
Epoch 036 | Loss: 0.0001 | Val MiFmax: 0.7124 | Val MaFmax: 0.7247 | Val Smin: 29.2548
Epoch 037 | Loss: 0.0001 | Val MiFmax: 0.7065 | Val MaFmax: 0.7167 | Val Smin: 28.7565
Epoch 038 | Loss: 0.0001 | Val MiFmax: 0.7040 | Val MaFmax: 0.7233 | Val Smin: 29.8426
Epoch 039 | Loss: 0.0001 | Val MiFmax: 0.7111 | Val MaFmax: 0.7259 | Val Smin: 29.3852
Epoch 040 | Loss: 0.0001 | Val MiFmax: 0.7055 | Val MaFmax: 0.7216 | Val Smin: 29.7551
Epoch 041 | Loss: 0.0001 | Val MiFmax: 0.7193 | Val MaFmax: 0.7321 | Val Smin: 28.5195
  --> New best model saved!
Epoch 042 | Loss: 0.0001 | Val MiFmax: 0.7123 | Val MaFmax: 0.7222 | Val Smin: 28.5043
Epoch 043 | Loss: 0.0001 | Val MiFmax: 0.7110 | Val MaFmax: 0.7245 | Val Smin: 28.6609
Epoch 044 | Loss: 0.0001 | Val MiFmax: 0.7207 | Val MaFmax: 0.7279 | Val Smin: 27.6914
Epoch 045 | Loss: 0.0001 | Val MiFmax: 0.7209 | Val MaFmax: 0.7271 | Val Smin: 27.4415
Epoch 046 | Loss: 0.0001 | Val MiFmax: 0.7165 | Val MaFmax: 0.7294 | Val Smin: 28.0075
Epoch 047 | Loss: 0.0001 | Val MiFmax: 0.7304 | Val MaFmax: 0.7312 | Val Smin: 26.8153
Epoch 048 | Loss: 0.0000 | Val MiFmax: 0.7318 | Val MaFmax: 0.7349 | Val Smin: 26.8045
  --> New best model saved!
Epoch 049 | Loss: 0.0000 | Val MiFmax: 0.7369 | Val MaFmax: 0.7342 | Val Smin: 26.2014
Epoch 050 | Loss: 0.0000 | Val MiFmax: 0.7385 | Val MaFmax: 0.7343 | Val Smin: 26.0852
Epoch 051 | Loss: 0.0000 | Val MiFmax: 0.7380 | Val MaFmax: 0.7348 | Val Smin: 26.3671
Epoch 052 | Loss: 0.0000 | Val MiFmax: 0.7372 | Val MaFmax: 0.7342 | Val Smin: 26.3710
Epoch 053 | Loss: 0.0000 | Val MiFmax: 0.7368 | Val MaFmax: 0.7341 | Val Smin: 26.3564
Epoch 054 | Loss: 0.0000 | Val MiFmax: 0.7369 | Val MaFmax: 0.7345 | Val Smin: 26.4485
Epoch 055 | Loss: 0.0000 | Val MiFmax: 0.7403 | Val MaFmax: 0.7363 | Val Smin: 26.0063
  --> New best model saved!
Epoch 056 | Loss: 0.0000 | Val MiFmax: 0.7421 | Val MaFmax: 0.7405 | Val Smin: 25.8484
  --> New best model saved!
Epoch 057 | Loss: 0.0000 | Val MiFmax: 0.7410 | Val MaFmax: 0.7376 | Val Smin: 25.8644
Epoch 058 | Loss: 0.0000 | Val MiFmax: 0.7414 | Val MaFmax: 0.7384 | Val Smin: 25.8150
Epoch 059 | Loss: 0.0000 | Val MiFmax: 0.7415 | Val MaFmax: 0.7390 | Val Smin: 25.8885
Epoch 060 | Loss: 0.0000 | Val MiFmax: 0.7355 | Val MaFmax: 0.7365 | Val Smin: 26.2574
Epoch 061 | Loss: 0.0000 | Val MiFmax: 0.7392 | Val MaFmax: 0.7342 | Val Smin: 26.0262
Epoch 062 | Loss: 0.0000 | Val MiFmax: 0.7431 | Val MaFmax: 0.7366 | Val Smin: 25.7177
Epoch 063 | Loss: 0.0000 | Val MiFmax: 0.7415 | Val MaFmax: 0.7393 | Val Smin: 25.7135
Epoch 064 | Loss: 0.0000 | Val MiFmax: 0.7430 | Val MaFmax: 0.7389 | Val Smin: 25.5483
Epoch 065 | Loss: 0.0000 | Val MiFmax: 0.7415 | Val MaFmax: 0.7379 | Val Smin: 25.7720
Epoch 066 | Loss: 0.0000 | Val MiFmax: 0.7420 | Val MaFmax: 0.7367 | Val Smin: 25.6461
Epoch 067 | Loss: 0.0000 | Val MiFmax: 0.7464 | Val MaFmax: 0.7394 | Val Smin: 25.3864
Epoch 068 | Loss: 0.0000 | Val MiFmax: 0.7472 | Val MaFmax: 0.7398 | Val Smin: 25.3574
Epoch 069 | Loss: 0.0000 | Val MiFmax: 0.7449 | Val MaFmax: 0.7405 | Val Smin: 25.4844
Epoch 070 | Loss: 0.0000 | Val MiFmax: 0.7437 | Val MaFmax: 0.7401 | Val Smin: 25.6059
Epoch 071 | Loss: 0.0000 | Val MiFmax: 0.7435 | Val MaFmax: 0.7391 | Val Smin: 25.5545
Early stopping triggered after 71 epochs.
Training finished. Evaluating on Test Set...

--- TEST METRICS ---
Micro_Fmax: 0.6782
Macro_Fmax: 0.6682
Macro_AUROC: 0.8541
Micro_AUROC: 0.8550
Macro_AUPRC: 0.6227
Micro_AUPRC: 0.6420
Smin: 34.9797

=========================================
  Ablation sweep complete.
  Completed: 30  /  30
=========================================
========================================================
Job finished  : Thu Jul  2 07:12:39 MDT 2026
========================================================
