epoch,train_loss,validation_micro_fmax,validation_macro_fmax,validation_micro_aupr,validation_macro_aupr,validation_micro_auroc,validation_macro_auroc,validation_smin,validation_micro_fmax_threshold,validation_rare_term_micro_fmax_train_count_1_to_10,rare_term_count,brier_score,expected_calibration_error_10_bins,threshold_sensitivity
1,1.2244883438266774,0.010361281526425821,0.10067139623573372,0.00484857231926664,0.04501136239253278,0.5125349297701554,0.48132442850776275,19.185561059482534,0.8301898241043091,0.001387748719748651,481,0.2685367465019226,0.49626925245536707,"[{'threshold': 0.1, 'micro_f1': 0.009350462879289917}, {'threshold': 0.2, 'micro_f1': 0.00939157443779127}, {'threshold': 0.3, 'micro_f1': 0.009544980485339813}, {'threshold': 0.4, 'micro_f1': 0.00968710835578285}, {'threshold': 0.5, 'micro_f1': 0.009606262745478857}, {'threshold': 0.6, 'micro_f1': 0.009255619670550254}, {'threshold': 0.7, 'micro_f1': 0.008343877167185309}, {'threshold': 0.8, 'micro_f1': 0.0070319869650973315}, {'threshold': 0.9, 'micro_f1': 0.0015259409969481177}]"
2,1.1622663092991663,0.01019036422774284,0.1071529929425714,0.004892362804066976,0.049286551525373416,0.5243995826442088,0.49611600364272823,19.185561059482534,0.5101614594459534,0.001516975076472849,481,0.2691265344619751,0.4965932662580519,"[{'threshold': 0.1, 'micro_f1': 0.00935066239088279}, {'threshold': 0.2, 'micro_f1': 0.009394574671151863}, {'threshold': 0.3, 'micro_f1': 0.009605824843030866}, {'threshold': 0.4, 'micro_f1': 0.009787997459952628}, {'threshold': 0.5, 'micro_f1': 0.01001953212363387}, {'threshold': 0.6, 'micro_f1': 0.009795316322237861}, {'threshold': 0.7, 'micro_f1': 0.008413758970551844}, {'threshold': 0.8, 'micro_f1': 0.005807682734588898}, {'threshold': 0.9, 'micro_f1': 0.0}]"
3,1.1142538533639657,0.011335073085547558,0.10832434176991793,0.0051007006413759885,0.046742198557008965,0.5369593874139041,0.5062307066058267,19.185561059482534,0.640327513217926,0.00171492918168498,481,0.2682821750640869,0.49610879756474374,"[{'threshold': 0.1, 'micro_f1': 0.009351331403653672}, {'threshold': 0.2, 'micro_f1': 0.009400070709617903}, {'threshold': 0.3, 'micro_f1': 0.009674835213281864}, {'threshold': 0.4, 'micro_f1': 0.010022190131822081}, {'threshold': 0.5, 'micro_f1': 0.010073184873301331}, {'threshold': 0.6, 'micro_f1': 0.009886552078123766}, {'threshold': 0.7, 'micro_f1': 0.009238981658910484}, {'threshold': 0.8, 'micro_f1': 0.004615779126421061}, {'threshold': 0.9, 'micro_f1': 0.0009857072449482502}]"
4,1.0756547599242479,0.011896488287337336,0.11254863237691047,0.005264776629949914,0.05156871338383365,0.5454583666158824,0.514350987374338,19.185561059482534,0.715706467628479,0.0016069993750502025,481,0.26859867572784424,0.4960006537541414,"[{'threshold': 0.1, 'micro_f1': 0.009351965293538734}, {'threshold': 0.2, 'micro_f1': 0.009408827246014951}, {'threshold': 0.3, 'micro_f1': 0.009691055508706324}, {'threshold': 0.4, 'micro_f1': 0.010200081025627621}, {'threshold': 0.5, 'micro_f1': 0.010355376561416116}, {'threshold': 0.6, 'micro_f1': 0.01047453945444672}, {'threshold': 0.7, 'micro_f1': 0.01141503692616412}, {'threshold': 0.8, 'micro_f1': 0.0057599999999999995}, {'threshold': 0.9, 'micro_f1': 0.0009657170449058423}]"
5,1.0421529241970606,0.011427555992924344,0.11621014511402583,0.005309276048544882,0.05575881872417132,0.5494566134678895,0.5213612690599536,19.185561059482534,0.6270418763160706,0.0018128182732009691,481,0.2684380114078522,0.49590545154376187,"[{'threshold': 0.1, 'micro_f1': 0.009352270530430657}, {'threshold': 0.2, 'micro_f1': 0.009408356670319412}, {'threshold': 0.3, 'micro_f1': 0.009710124232471798}, {'threshold': 0.4, 'micro_f1': 0.010174207142541884}, {'threshold': 0.5, 'micro_f1': 0.010593664778686805}, {'threshold': 0.6, 'micro_f1': 0.011154011154011155}, {'threshold': 0.7, 'micro_f1': 0.01094156807171341}, {'threshold': 0.8, 'micro_f1': 0.005529662690575874}, {'threshold': 0.9, 'micro_f1': 0.0009779951100244496}]"
6,1.0152597673355588,0.01176355259278416,0.12022411054700452,0.005414120321890828,0.05768729193911108,0.5553367915985661,0.5332965200528895,19.185561059482534,0.6876797676086426,0.002056081392455629,481,0.2682057321071625,0.49575953959565516,"[{'threshold': 0.1, 'micro_f1': 0.009352728423129987}, {'threshold': 0.2, 'micro_f1': 0.009417870110500812}, {'threshold': 0.3, 'micro_f1': 0.00970698536543311}, {'threshold': 0.4, 'micro_f1': 0.010129619248564644}, {'threshold': 0.5, 'micro_f1': 0.010886862070602224}, {'threshold': 0.6, 'micro_f1': 0.01120047159880416}, {'threshold': 0.7, 'micro_f1': 0.010904404718633314}, {'threshold': 0.8, 'micro_f1': 0.005590607778931394}, {'threshold': 0.9, 'micro_f1': 0.000978234287111763}]"
7,0.9890532856265073,0.012733887733712866,0.11972315540573215,0.005494036836382636,0.055021998540993225,0.5567347942520229,0.5343534305305089,19.185561059482534,0.7363846302032471,0.0022796501915999193,481,0.2684814929962158,0.49517403771833607,"[{'threshold': 0.1, 'micro_f1': 0.009354478221016814}, {'threshold': 0.2, 'micro_f1': 0.009436395820334887}, {'threshold': 0.3, 'micro_f1': 0.009738521246758457}, {'threshold': 0.4, 'micro_f1': 0.010203005536514632}, {'threshold': 0.5, 'micro_f1': 0.010974170610770221}, {'threshold': 0.6, 'micro_f1': 0.011780674306318255}, {'threshold': 0.7, 'micro_f1': 0.010940406045355797}, {'threshold': 0.8, 'micro_f1': 0.0073637702503681875}, {'threshold': 0.9, 'micro_f1': 0.000951474785918173}]"
8,0.9673021833101908,0.013728874794013251,0.1228510822610549,0.005752528267089906,0.05752373998829585,0.5653097558952159,0.5398758865136736,19.185561059482534,0.766127347946167,0.002451120104872677,481,0.2688167989253998,0.4952947229720568,"[{'threshold': 0.1, 'micro_f1': 0.009354701396675753}, {'threshold': 0.2, 'micro_f1': 0.009439106576995577}, {'threshold': 0.3, 'micro_f1': 0.009735504320028234}, {'threshold': 0.4, 'micro_f1': 0.010209209447486049}, {'threshold': 0.5, 'micro_f1': 0.011013772216984317}, {'threshold': 0.6, 'micro_f1': 0.012046894640978939}, {'threshold': 0.7, 'micro_f1': 0.012104311586430914}, {'threshold': 0.8, 'micro_f1': 0.01056011416339636}, {'threshold': 0.9, 'micro_f1': 0.000956022944550669}]"
9,0.948119874984499,0.01676134765701732,0.12533870098261518,0.005894864264103724,0.06045865578720685,0.5678571536837969,0.5491845634260998,19.185561059482534,0.7897027730941772,0.0037807183361545306,481,0.2689829468727112,0.49494038456684314,"[{'threshold': 0.1, 'micro_f1': 0.009355570708649947}, {'threshold': 0.2, 'micro_f1': 0.009441526935971225}, {'threshold': 0.3, 'micro_f1': 0.009768072978540212}, {'threshold': 0.4, 'micro_f1': 0.010079456672450868}, {'threshold': 0.5, 'micro_f1': 0.011053077853204288}, {'threshold': 0.6, 'micro_f1': 0.012362937621049529}, {'threshold': 0.7, 'micro_f1': 0.012151928748203145}, {'threshold': 0.8, 'micro_f1': 0.014696058784235135}, {'threshold': 0.9, 'micro_f1': 0.0009240009240009239}]"
10,0.9311926806414569,0.017987901941639507,0.12811427732238737,0.006032801491197686,0.06295036131954511,0.5718092605791368,0.5537723593573581,19.185561059482534,0.811505138874054,0.0041279669759132056,481,0.26865676045417786,0.4945775160485643,"[{'threshold': 0.1, 'micro_f1': 0.009355958426892918}, {'threshold': 0.2, 'micro_f1': 0.009439932160832812}, {'threshold': 0.3, 'micro_f1': 0.009771645052627561}, {'threshold': 0.4, 'micro_f1': 0.010268697586856067}, {'threshold': 0.5, 'micro_f1': 0.011272834280281594}, {'threshold': 0.6, 'micro_f1': 0.012158673747346018}, {'threshold': 0.7, 'micro_f1': 0.012666884719455264}, {'threshold': 0.8, 'micro_f1': 0.01688039780162261}, {'threshold': 0.9, 'micro_f1': 0.0009151223976206816}]"
11,0.9160212278366089,0.01597389213301879,0.12656744534449604,0.006171232433330479,0.06082999885236679,0.5786204770300488,0.5544735969389832,19.185561059482534,0.7759400010108948,0.004305705058841979,481,0.2682285010814667,0.49380073875393665,"[{'threshold': 0.1, 'micro_f1': 0.009357039508058359}, {'threshold': 0.2, 'micro_f1': 0.009455047746716856}, {'threshold': 0.3, 'micro_f1': 0.009771184585066784}, {'threshold': 0.4, 'micro_f1': 0.01026439764764472}, {'threshold': 0.5, 'micro_f1': 0.011303856134575966}, {'threshold': 0.6, 'micro_f1': 0.012822409123598028}, {'threshold': 0.7, 'micro_f1': 0.01327798386621916}, {'threshold': 0.8, 'micro_f1': 0.015305799759660994}, {'threshold': 0.9, 'micro_f1': 0.0009025270758122742}]"
12,0.9014189303236664,0.01628180039097631,0.12839047348908578,0.006217098396346817,0.06400780601840558,0.5774496958832978,0.552829792998507,19.185561059482534,0.8089928030967712,0.005763688760373892,481,0.2675938010215759,0.49384071239617067,"[{'threshold': 0.1, 'micro_f1': 0.0093556646980004}, {'threshold': 0.2, 'micro_f1': 0.009442940314306652}, {'threshold': 0.3, 'micro_f1': 0.009738039916429912}, {'threshold': 0.4, 'micro_f1': 0.010409541581719053}, {'threshold': 0.5, 'micro_f1': 0.011138473195681}, {'threshold': 0.6, 'micro_f1': 0.013162258519194097}, {'threshold': 0.7, 'micro_f1': 0.013947903196009607}, {'threshold': 0.8, 'micro_f1': 0.014596567103662656}, {'threshold': 0.9, 'micro_f1': 0.0009197516670498963}]"
13,0.8887441757494811,0.01698725955490556,0.1323146033209637,0.0064205942186624995,0.06642554154048781,0.5825568230375417,0.5572584440356505,19.185561059482534,0.8169005513191223,0.009400705052495592,481,0.26802030205726624,0.493683563545102,"[{'threshold': 0.1, 'micro_f1': 0.009356898483303275}, {'threshold': 0.2, 'micro_f1': 0.009456258751371235}, {'threshold': 0.3, 'micro_f1': 0.009800207601383462}, {'threshold': 0.4, 'micro_f1': 0.010479124402033711}, {'threshold': 0.5, 'micro_f1': 0.011254519646069647}, {'threshold': 0.6, 'micro_f1': 0.013534026730725}, {'threshold': 0.7, 'micro_f1': 0.01404162232470143}, {'threshold': 0.8, 'micro_f1': 0.015598249952444358}, {'threshold': 0.9, 'micro_f1': 0.0017869108778199685}]"
14,0.8776497948106634,0.02154073830426964,0.13423901348346987,0.006662658876189169,0.06762518493032439,0.5838415897475407,0.5592598384807733,19.185561059482534,0.8152351379394531,0.010101010100516275,481,0.2668773829936981,0.49271551241220884,"[{'threshold': 0.1, 'micro_f1': 0.009357192289673553}, {'threshold': 0.2, 'micro_f1': 0.009435777215770463}, {'threshold': 0.3, 'micro_f1': 0.00974623953489326}, {'threshold': 0.4, 'micro_f1': 0.010565775377832596}, {'threshold': 0.5, 'micro_f1': 0.011247751214216914}, {'threshold': 0.6, 'micro_f1': 0.013535499498396428}, {'threshold': 0.7, 'micro_f1': 0.015663990860166562}, {'threshold': 0.8, 'micro_f1': 0.019633169723585635}, {'threshold': 0.9, 'micro_f1': 0.0018030200585981515}]"
15,0.8658800809471695,0.022235311441215818,0.1352736430733578,0.00681261107075469,0.06761530563418824,0.5903770707407219,0.5630306418955218,19.185561059482534,0.8121511936187744,0.00956937798993201,481,0.2670597732067108,0.4923061272879727,"[{'threshold': 0.1, 'micro_f1': 0.00935889673054166}, {'threshold': 0.2, 'micro_f1': 0.009441704050182185}, {'threshold': 0.3, 'micro_f1': 0.00977714427741823}, {'threshold': 0.4, 'micro_f1': 0.010528668940258544}, {'threshold': 0.5, 'micro_f1': 0.011510086631769063}, {'threshold': 0.6, 'micro_f1': 0.0135308419076538}, {'threshold': 0.7, 'micro_f1': 0.0167371362525786}, {'threshold': 0.8, 'micro_f1': 0.020607440244413827}, {'threshold': 0.9, 'micro_f1': 0.00176017601760176}]"
16,0.8559087937471097,0.025420817588076718,0.1408683637257058,0.007161228802745931,0.07236308921775794,0.5938341868058127,0.5634662554956239,19.185561059482534,0.8104398250579834,0.009345794392023758,481,0.2679568827152252,0.49297102789225333,"[{'threshold': 0.1, 'micro_f1': 0.009358426477940492}, {'threshold': 0.2, 'micro_f1': 0.009441742305286405}, {'threshold': 0.3, 'micro_f1': 0.00977602784986461}, {'threshold': 0.4, 'micro_f1': 0.010711846616045566}, {'threshold': 0.5, 'micro_f1': 0.011374499155937925}, {'threshold': 0.6, 'micro_f1': 0.013687764399609502}, {'threshold': 0.7, 'micro_f1': 0.017473175283090885}, {'threshold': 0.8, 'micro_f1': 0.02228348265563979}, {'threshold': 0.9, 'micro_f1': 0.003050108932461873}]"
17,0.8463215821634524,0.0266919072404332,0.14169970662651454,0.00718943306225254,0.07269027375852337,0.5903856759814619,0.5662796637577423,19.185561059482534,0.8307488560676575,0.011220196353009488,481,0.2667912542819977,0.49187845628005217,"[{'threshold': 0.1, 'micro_f1': 0.009359167147187665}, {'threshold': 0.2, 'micro_f1': 0.009458408417804693}, {'threshold': 0.3, 'micro_f1': 0.009781720427148883}, {'threshold': 0.4, 'micro_f1': 0.010590422808483118}, {'threshold': 0.5, 'micro_f1': 0.011499608316991875}, {'threshold': 0.6, 'micro_f1': 0.013529945179506203}, {'threshold': 0.7, 'micro_f1': 0.017419989582730482}, {'threshold': 0.8, 'micro_f1': 0.020847891917074306}, {'threshold': 0.9, 'micro_f1': 0.010748065348237315}]"
18,0.8385080319863779,0.02700075602068768,0.14050940293856534,0.0075617945622718785,0.07299077390803091,0.5964100504240448,0.5643852428710445,19.185563972813405,0.8387083411216736,0.015267175572031933,481,0.26513805985450745,0.4904602783125434,"[{'threshold': 0.1, 'micro_f1': 0.00935897902960578}, {'threshold': 0.2, 'micro_f1': 0.00945329467237133}, {'threshold': 0.3, 'micro_f1': 0.00980889844557162}, {'threshold': 0.4, 'micro_f1': 0.01056658280221996}, {'threshold': 0.5, 'micro_f1': 0.011571438529637289}, {'threshold': 0.6, 'micro_f1': 0.013886625844261648}, {'threshold': 0.7, 'micro_f1': 0.018245405164074708}, {'threshold': 0.8, 'micro_f1': 0.02310547108823177}, {'threshold': 0.9, 'micro_f1': 0.011321576311778792}]"
19,0.8293912243590784,0.030229970325957284,0.13825990134179075,0.007752841714660224,0.07212055039555917,0.5974737308122136,0.5672620773229983,19.185563972813405,0.8340944647789001,0.010191082802144346,481,0.26630711555480957,0.49085594606130845,"[{'threshold': 0.1, 'micro_f1': 0.009360954641462872}, {'threshold': 0.2, 'micro_f1': 0.00947537438987724}, {'threshold': 0.3, 'micro_f1': 0.009849726058811015}, {'threshold': 0.4, 'micro_f1': 0.010702941699629853}, {'threshold': 0.5, 'micro_f1': 0.011579911683873559}, {'threshold': 0.6, 'micro_f1': 0.013797807853898269}, {'threshold': 0.7, 'micro_f1': 0.018650899540749687}, {'threshold': 0.8, 'micro_f1': 0.023535911602209945}, {'threshold': 0.9, 'micro_f1': 0.011168562564632884}]"
20,0.8205857945497704,0.030380508346627123,0.1428020406438726,0.008405619249833005,0.07486549256768643,0.6063139757411712,0.5676225817281356,19.185563972813405,0.8727110028266907,0.02005012531278849,481,0.26523134112358093,0.4893423456340146,"[{'threshold': 0.1, 'micro_f1': 0.009362836952164073}, {'threshold': 0.2, 'micro_f1': 0.009469075547535066}, {'threshold': 0.3, 'micro_f1': 0.00987368067795576}, {'threshold': 0.4, 'micro_f1': 0.010827474717094627}, {'threshold': 0.5, 'micro_f1': 0.011782744282744282}, {'threshold': 0.6, 'micro_f1': 0.014542100053379768}, {'threshold': 0.7, 'micro_f1': 0.01938548027527382}, {'threshold': 0.8, 'micro_f1': 0.02590756436910283}, {'threshold': 0.9, 'micro_f1': 0.016558966074313404}]"
21,0.8133182790544298,0.03492353343936513,0.14158135099183747,0.008797976538812738,0.07323085971778899,0.6017280985525086,0.5692657944012379,19.185563972813405,0.8542268872261047,0.022857142856675918,481,0.2660021185874939,0.4897670979111861,"[{'threshold': 0.1, 'micro_f1': 0.009360535189353522}, {'threshold': 0.2, 'micro_f1': 0.009470129217387291}, {'threshold': 0.3, 'micro_f1': 0.009903988265232417}, {'threshold': 0.4, 'micro_f1': 0.010862538947469226}, {'threshold': 0.5, 'micro_f1': 0.011593826663724511}, {'threshold': 0.6, 'micro_f1': 0.013911182450508293}, {'threshold': 0.7, 'micro_f1': 0.019906021910165612}, {'threshold': 0.8, 'micro_f1': 0.025915951013771026}, {'threshold': 0.9, 'micro_f1': 0.02611275964391691}]"
22,0.8065516213891367,0.03512580167689079,0.14610302590623153,0.009241459619182723,0.07948921975966551,0.6080404264563012,0.5730500852459722,19.185568870212776,0.8503969311714172,0.018691588784547124,481,0.26562485098838806,0.48830992963726255,"[{'threshold': 0.1, 'micro_f1': 0.00936408932094008}, {'threshold': 0.2, 'micro_f1': 0.009509148758713717}, {'threshold': 0.3, 'micro_f1': 0.009907139842657906}, {'threshold': 0.4, 'micro_f1': 0.010805460183852032}, {'threshold': 0.5, 'micro_f1': 0.011880081672297739}, {'threshold': 0.6, 'micro_f1': 0.01391542996544013}, {'threshold': 0.7, 'micro_f1': 0.019245652959083637}, {'threshold': 0.8, 'micro_f1': 0.029424088644722752}, {'threshold': 0.9, 'micro_f1': 0.02720327929942239}]"
23,0.7994566165580952,0.03633105245966199,0.14655329331297723,0.009103495708261532,0.07941200380244767,0.6036602138922502,0.5723536299160936,19.185568870212776,0.8300771117210388,0.021978021977543775,481,0.26414167881011963,0.48791987665853914,"[{'threshold': 0.1, 'micro_f1': 0.00936106460743355}, {'threshold': 0.2, 'micro_f1': 0.00947920795381227}, {'threshold': 0.3, 'micro_f1': 0.009890767411118068}, {'threshold': 0.4, 'micro_f1': 0.01075054405935318}, {'threshold': 0.5, 'micro_f1': 0.011668354310837823}, {'threshold': 0.6, 'micro_f1': 0.014167071216415845}, {'threshold': 0.7, 'micro_f1': 0.020072337723294403}, {'threshold': 0.8, 'micro_f1': 0.03194103194103194}, {'threshold': 0.9, 'micro_f1': 0.02328740539491558}]"
24,0.7926984249599396,0.038416021847526294,0.14036635648222082,0.009399815706873104,0.0753535986309696,0.6000932257366254,0.5706452467266484,19.16777659680412,0.8328869342803955,0.02640264026362862,481,0.26074084639549255,0.4851350758492219,"[{'threshold': 0.1, 'micro_f1': 0.0093609428794009}, {'threshold': 0.2, 'micro_f1': 0.009459627432663266}, {'threshold': 0.3, 'micro_f1': 0.009882104326548772}, {'threshold': 0.4, 'micro_f1': 0.010833895800570696}, {'threshold': 0.5, 'micro_f1': 0.011504888641663635}, {'threshold': 0.6, 'micro_f1': 0.01391057487579844}, {'threshold': 0.7, 'micro_f1': 0.020487904819047897}, {'threshold': 0.8, 'micro_f1': 0.031176139561057963}, {'threshold': 0.9, 'micro_f1': 0.02906976744186046}]"
25,0.7857388705803604,0.04013024729340774,0.142744593768934,0.01003029130946621,0.07942707188589274,0.6012427121726853,0.5736894823794854,19.17133792361064,0.8401622176170349,0.024844720496461557,481,0.26355233788490295,0.4864228097163521,"[{'threshold': 0.1, 'micro_f1': 0.009363053401335317}, {'threshold': 0.2, 'micro_f1': 0.009488852077824534}, {'threshold': 0.3, 'micro_f1': 0.00993365875273968}, {'threshold': 0.4, 'micro_f1': 0.010948593828056599}, {'threshold': 0.5, 'micro_f1': 0.011485914001270917}, {'threshold': 0.6, 'micro_f1': 0.013621523673645788}, {'threshold': 0.7, 'micro_f1': 0.019960611060839944}, {'threshold': 0.8, 'micro_f1': 0.031733930528422355}, {'threshold': 0.9, 'micro_f1': 0.031149097815764477}]"
26,0.7797824948553055,0.051788685523651824,0.14911238442288907,0.011602438846928447,0.08615635800511683,0.6145417960936069,0.576255230451453,19.185568870212776,0.8530623912811279,0.027303754265837456,481,0.2619445025920868,0.4846350301089675,"[{'threshold': 0.1, 'micro_f1': 0.00936406577476706}, {'threshold': 0.2, 'micro_f1': 0.0094794660913422}, {'threshold': 0.3, 'micro_f1': 0.009944117100842463}, {'threshold': 0.4, 'micro_f1': 0.010834148788041401}, {'threshold': 0.5, 'micro_f1': 0.011838223461889182}, {'threshold': 0.6, 'micro_f1': 0.014735734946095189}, {'threshold': 0.7, 'micro_f1': 0.021831799529899207}, {'threshold': 0.8, 'micro_f1': 0.038353823515450705}, {'threshold': 0.9, 'micro_f1': 0.037271710771524406}]"
27,0.7736509924843198,0.05224171539914763,0.1464620714566859,0.012190150442974983,0.08326108609457702,0.6077504240796715,0.5765165491844563,19.122654601234277,0.84867924451828,0.0281690140841579,481,0.2603660523891449,0.482853134440756,"[{'threshold': 0.1, 'micro_f1': 0.009364242373951111}, {'threshold': 0.2, 'micro_f1': 0.009499113081183022}, {'threshold': 0.3, 'micro_f1': 0.00996948204124651}, {'threshold': 0.4, 'micro_f1': 0.010883565286373811}, {'threshold': 0.5, 'micro_f1': 0.01180615114044706}, {'threshold': 0.6, 'micro_f1': 0.014398296059637912}, {'threshold': 0.7, 'micro_f1': 0.02163219900550857}, {'threshold': 0.8, 'micro_f1': 0.03442389758179232}, {'threshold': 0.9, 'micro_f1': 0.045977011494252866}]"
28,0.7673905589593151,0.06009310198849833,0.14405414327856442,0.013178071158576722,0.08065393679755793,0.6107746997489233,0.5742787679242447,19.124057790217385,0.8733052015304565,0.03137254901937101,481,0.25829726457595825,0.48132650490786977,"[{'threshold': 0.1, 'micro_f1': 0.009362100086984066}, {'threshold': 0.2, 'micro_f1': 0.00946114933537806}, {'threshold': 0.3, 'micro_f1': 0.009878859325550245}, {'threshold': 0.4, 'micro_f1': 0.010804483064724335}, {'threshold': 0.5, 'micro_f1': 0.011993690419038475}, {'threshold': 0.6, 'micro_f1': 0.014542156959148667}, {'threshold': 0.7, 'micro_f1': 0.022169148637257656}, {'threshold': 0.8, 'micro_f1': 0.03943265265063877}, {'threshold': 0.9, 'micro_f1': 0.04843630816170861}]"
29,0.7611888306481498,0.05515381786934076,0.1450274197749285,0.013121046024923085,0.08317606349308311,0.6018856292216109,0.5766901866592833,19.08552829789506,0.8654730319976807,0.031999999999788795,481,0.25720229744911194,0.47938439553633344,"[{'threshold': 0.1, 'micro_f1': 0.009365231452491065}, {'threshold': 0.2, 'micro_f1': 0.009474736400864154}, {'threshold': 0.3, 'micro_f1': 0.00992959325275767}, {'threshold': 0.4, 'micro_f1': 0.010742769943886132}, {'threshold': 0.5, 'micro_f1': 0.011813437577163277}, {'threshold': 0.6, 'micro_f1': 0.014156164966218243}, {'threshold': 0.7, 'micro_f1': 0.02210870341380352}, {'threshold': 0.8, 'micro_f1': 0.039336675665252605}, {'threshold': 0.9, 'micro_f1': 0.05087847730600292}]"
30,0.7548700347148553,0.06348750359042461,0.14904661964892588,0.015325251126496083,0.08614103164726575,0.606241311757443,0.5751448280235264,19.093010538153493,0.8819494843482971,0.030651340995903754,481,0.25790125131607056,0.4797161905825341,"[{'threshold': 0.1, 'micro_f1': 0.009366409199403408}, {'threshold': 0.2, 'micro_f1': 0.009464430933663788}, {'threshold': 0.3, 'micro_f1': 0.009886167036450979}, {'threshold': 0.4, 'micro_f1': 0.010753112695923077}, {'threshold': 0.5, 'micro_f1': 0.01183873867644008}, {'threshold': 0.6, 'micro_f1': 0.014753008695088275}, {'threshold': 0.7, 'micro_f1': 0.022137650085763294}, {'threshold': 0.8, 'micro_f1': 0.039320410700308485}, {'threshold': 0.9, 'micro_f1': 0.06137120813606873}]"
31,0.7497193390730197,0.07045267489664496,0.14864689622717703,0.017088448001888926,0.08787369281565799,0.6068050236291329,0.5787097654389182,18.926107413871204,0.8905450701713562,0.031872509959942855,481,0.2549005448818207,0.4771070180439883,"[{'threshold': 0.1, 'micro_f1': 0.009365867399035246}, {'threshold': 0.2, 'micro_f1': 0.00944057927662625}, {'threshold': 0.3, 'micro_f1': 0.00994086945642268}, {'threshold': 0.4, 'micro_f1': 0.010784526391901663}, {'threshold': 0.5, 'micro_f1': 0.011921134508725256}, {'threshold': 0.6, 'micro_f1': 0.014869474106605435}, {'threshold': 0.7, 'micro_f1': 0.023543343718720484}, {'threshold': 0.8, 'micro_f1': 0.04174184424830546}, {'threshold': 0.9, 'micro_f1': 0.06866798490023368}]"
32,0.7439657613713905,0.07285464098028198,0.15211456471643306,0.01733904836138116,0.09008519676126393,0.6049805527731014,0.583801656870691,18.92906842539233,0.9003235697746277,0.030651340995903754,481,0.2540249824523926,0.47561400165437917,"[{'threshold': 0.1, 'micro_f1': 0.009366526990386986}, {'threshold': 0.2, 'micro_f1': 0.00943904617042751}, {'threshold': 0.3, 'micro_f1': 0.009932703785018506}, {'threshold': 0.4, 'micro_f1': 0.010741538573880025}, {'threshold': 0.5, 'micro_f1': 0.011844413422910382}, {'threshold': 0.6, 'micro_f1': 0.014796835770710282}, {'threshold': 0.7, 'micro_f1': 0.023578865319302936}, {'threshold': 0.8, 'micro_f1': 0.04117926771279125}, {'threshold': 0.9, 'micro_f1': 0.07254970352284616}]"
33,0.7373303140282,0.07409763078342545,0.15151461095856528,0.017078079915660682,0.08927566400569134,0.6091515870716753,0.577852624918347,18.995446929899533,0.8823926448822021,0.03076923076897041,481,0.25010162591934204,0.47311438357012126,"[{'threshold': 0.1, 'micro_f1': 0.009363731314956958}, {'threshold': 0.2, 'micro_f1': 0.009422853443871478}, {'threshold': 0.3, 'micro_f1': 0.00986717806662405}, {'threshold': 0.4, 'micro_f1': 0.01076903446893057}, {'threshold': 0.5, 'micro_f1': 0.012169479432825692}, {'threshold': 0.6, 'micro_f1': 0.015524299545731113}, {'threshold': 0.7, 'micro_f1': 0.024506026324712556}, {'threshold': 0.8, 'micro_f1': 0.04526088640513473}, {'threshold': 0.9, 'micro_f1': 0.06450396076952092}]"
34,0.7328919405659671,0.07950089126515092,0.15286874456589952,0.019528004945256826,0.09194642171064663,0.6128424600562868,0.583534702076591,18.928438908684402,0.9041451215744019,0.032520325203062986,481,0.2506854832172394,0.47176420424232013,"[{'threshold': 0.1, 'micro_f1': 0.009371434609399864}, {'threshold': 0.2, 'micro_f1': 0.009479262332561746}, {'threshold': 0.3, 'micro_f1': 0.010034304326734274}, {'threshold': 0.4, 'micro_f1': 0.010835274839198725}, {'threshold': 0.5, 'micro_f1': 0.012381629063632021}, {'threshold': 0.6, 'micro_f1': 0.01564514937879554}, {'threshold': 0.7, 'micro_f1': 0.025400065201060227}, {'threshold': 0.8, 'micro_f1': 0.04616256018125177}, {'threshold': 0.9, 'micro_f1': 0.07747440273037541}]"
35,0.725580353270132,0.07791253215686318,0.1507785892906589,0.01859911651359481,0.0893738129943771,0.609840567738124,0.5808642758784612,19.054423188939648,0.9094767570495605,0.0323886639674166,481,0.247865691781044,0.46810522479907457,"[{'threshold': 0.1, 'micro_f1': 0.009372738770142643}, {'threshold': 0.2, 'micro_f1': 0.009456627240231856}, {'threshold': 0.3, 'micro_f1': 0.010006394515316179}, {'threshold': 0.4, 'micro_f1': 0.010786340076056557}, {'threshold': 0.5, 'micro_f1': 0.012126746740751503}, {'threshold': 0.6, 'micro_f1': 0.015564741472877168}, {'threshold': 0.7, 'micro_f1': 0.025950032686240514}, {'threshold': 0.8, 'micro_f1': 0.04624114805608967}, {'threshold': 0.9, 'micro_f1': 0.07454454287146915}]"
36,0.7201288881756011,0.08083140877557561,0.1523655454973421,0.020281888206996897,0.09258845520908382,0.6070307499767476,0.5876530030197966,18.951995365239352,0.9135909080505371,0.03448275862059156,481,0.24529385566711426,0.4656285720900898,"[{'threshold': 0.1, 'micro_f1': 0.009374252890918928}, {'threshold': 0.2, 'micro_f1': 0.009475839209696812}, {'threshold': 0.3, 'micro_f1': 0.009941350132536698}, {'threshold': 0.4, 'micro_f1': 0.010630095887881424}, {'threshold': 0.5, 'micro_f1': 0.012507644062333375}, {'threshold': 0.6, 'micro_f1': 0.015365310857521663}, {'threshold': 0.7, 'micro_f1': 0.026783734645913708}, {'threshold': 0.8, 'micro_f1': 0.05019569471624266}, {'threshold': 0.9, 'micro_f1': 0.07813033094506994}]"
37,0.7133296270849844,0.08102633355793966,0.15503856299944913,0.021459821699806585,0.09462584225265434,0.6052347690932594,0.5857117239066614,18.763490355241277,0.9006937742233276,0.031999999999788795,481,0.24368725717067719,0.4633039456570718,"[{'threshold': 0.1, 'micro_f1': 0.009377320729542966}, {'threshold': 0.2, 'micro_f1': 0.009501893342159375}, {'threshold': 0.3, 'micro_f1': 0.009919595186044074}, {'threshold': 0.4, 'micro_f1': 0.010614748324317231}, {'threshold': 0.5, 'micro_f1': 0.012407387064093644}, {'threshold': 0.6, 'micro_f1': 0.01567088758099994}, {'threshold': 0.7, 'micro_f1': 0.02598087315651499}, {'threshold': 0.8, 'micro_f1': 0.046150155912688895}, {'threshold': 0.9, 'micro_f1': 0.08049639443233271}]"
38,0.7071375663949069,0.07977907333488918,0.15697202787500553,0.022609836537323284,0.09585817928360646,0.6094616571220208,0.5871670653033573,18.69024454714529,0.8902839422225952,0.03347280334713398,481,0.2415410727262497,0.4614956919624513,"[{'threshold': 0.1, 'micro_f1': 0.00937458317709028}, {'threshold': 0.2, 'micro_f1': 0.009474140884852449}, {'threshold': 0.3, 'micro_f1': 0.009861735110785958}, {'threshold': 0.4, 'micro_f1': 0.01072001334184005}, {'threshold': 0.5, 'micro_f1': 0.012599651933069759}, {'threshold': 0.6, 'micro_f1': 0.016418412601315185}, {'threshold': 0.7, 'micro_f1': 0.0271497349015784}, {'threshold': 0.8, 'micro_f1': 0.04992012779552716}, {'threshold': 0.9, 'micro_f1': 0.07755102040816325}]"
39,0.7011573541732061,0.08512122797791567,0.15657327049983058,0.02433857776257444,0.09671471499838502,0.6113322874870614,0.587927602270369,18.667256249430594,0.90264892578125,0.034188034187921684,481,0.23866578936576843,0.45805778028017485,"[{'threshold': 0.1, 'micro_f1': 0.009373210588908954}, {'threshold': 0.2, 'micro_f1': 0.009499630410309854}, {'threshold': 0.3, 'micro_f1': 0.009925225796653475}, {'threshold': 0.4, 'micro_f1': 0.010787698873591005}, {'threshold': 0.5, 'micro_f1': 0.01270619142647839}, {'threshold': 0.6, 'micro_f1': 0.016756015459419026}, {'threshold': 0.7, 'micro_f1': 0.027733019335647}, {'threshold': 0.8, 'micro_f1': 0.050160248257618154}, {'threshold': 0.9, 'micro_f1': 0.0832766825288919}]"
40,0.6942467897657364,0.09100797679434029,0.16096455036717322,0.027944964470310578,0.09913592420737419,0.6157889859226283,0.5942486181093339,18.578443555830198,0.9109662175178528,0.03278688524572426,481,0.23677630722522736,0.45540746373524316,"[{'threshold': 0.1, 'micro_f1': 0.009375696472214772}, {'threshold': 0.2, 'micro_f1': 0.009502912478831444}, {'threshold': 0.3, 'micro_f1': 0.009917797755714837}, {'threshold': 0.4, 'micro_f1': 0.010827607002997461}, {'threshold': 0.5, 'micro_f1': 0.01287524867559291}, {'threshold': 0.6, 'micro_f1': 0.016882569972155703}, {'threshold': 0.7, 'micro_f1': 0.029214284606677108}, {'threshold': 0.8, 'micro_f1': 0.05079832964873496}, {'threshold': 0.9, 'micro_f1': 0.08717105263157894}]"
41,0.6874189531361615,0.08692554328419899,0.16158000089157196,0.025338863405444157,0.09905109863662045,0.6082132382157801,0.5911096857843632,18.658121309305923,0.9023046493530273,0.034188034187921684,481,0.2333143949508667,0.45278637097376495,"[{'threshold': 0.1, 'micro_f1': 0.009369667745491335}, {'threshold': 0.2, 'micro_f1': 0.009428917700923412}, {'threshold': 0.3, 'micro_f1': 0.009845572863982736}, {'threshold': 0.4, 'micro_f1': 0.010837651815366844}, {'threshold': 0.5, 'micro_f1': 0.012735776696335608}, {'threshold': 0.6, 'micro_f1': 0.01731063187776682}, {'threshold': 0.7, 'micro_f1': 0.029118515394348378}, {'threshold': 0.8, 'micro_f1': 0.054918166494480995}, {'threshold': 0.9, 'micro_f1': 0.0852699633059584}]"
42,0.6808833590260258,0.08815520762377005,0.1615854823326686,0.027100066929354048,0.09849117401027152,0.604312427824761,0.590192776792633,18.525567623663882,0.9034472703933716,0.034188034187921684,481,0.23231041431427002,0.4502213926570183,"[{'threshold': 0.1, 'micro_f1': 0.009375893474534323}, {'threshold': 0.2, 'micro_f1': 0.009434136143299868}, {'threshold': 0.3, 'micro_f1': 0.009864818825590734}, {'threshold': 0.4, 'micro_f1': 0.010715735243429118}, {'threshold': 0.5, 'micro_f1': 0.012903524035620065}, {'threshold': 0.6, 'micro_f1': 0.016958689365488545}, {'threshold': 0.7, 'micro_f1': 0.028263426739070886}, {'threshold': 0.8, 'micro_f1': 0.0528062764031382}, {'threshold': 0.9, 'micro_f1': 0.0867430441898527}]"
43,0.6740498902305724,0.08861185983780745,0.16231757958236281,0.029134881086446598,0.1005165478095153,0.6054656309060028,0.5925515222756998,18.48517024044235,0.9034202694892883,0.034334763948392494,481,0.22860227525234222,0.44599710737267634,"[{'threshold': 0.1, 'micro_f1': 0.009375342596944697}, {'threshold': 0.2, 'micro_f1': 0.009425120523893936}, {'threshold': 0.3, 'micro_f1': 0.009854637946499883}, {'threshold': 0.4, 'micro_f1': 0.010873509402350951}, {'threshold': 0.5, 'micro_f1': 0.01287204015752024}, {'threshold': 0.6, 'micro_f1': 0.017375560719883262}, {'threshold': 0.7, 'micro_f1': 0.029402828882962563}, {'threshold': 0.8, 'micro_f1': 0.05797404771871076}, {'threshold': 0.9, 'micro_f1': 0.0870851133749589}]"
44,0.6672880778867731,0.09160571229491171,0.16292539680031817,0.030675409635443768,0.10066832707400453,0.6151235207728799,0.5930514010407463,18.41239236428057,0.9098535776138306,0.03333333333318055,481,0.22703500092029572,0.4435998197997411,"[{'threshold': 0.1, 'micro_f1': 0.009378864527092187}, {'threshold': 0.2, 'micro_f1': 0.009472897503939297}, {'threshold': 0.3, 'micro_f1': 0.009959337615652071}, {'threshold': 0.4, 'micro_f1': 0.011060326759425266}, {'threshold': 0.5, 'micro_f1': 0.013418265425351475}, {'threshold': 0.6, 'micro_f1': 0.01795142555438226}, {'threshold': 0.7, 'micro_f1': 0.03015457945781338}, {'threshold': 0.8, 'micro_f1': 0.05553054179798889}, {'threshold': 0.9, 'micro_f1': 0.08844189016602809}]"
45,0.6598610628849615,0.09137055837523782,0.1648692105869456,0.03104777754742658,0.10114881468781099,0.6085523011589089,0.598074178388952,18.43674677657123,0.9232383966445923,0.034188034187921684,481,0.22492319345474243,0.4410357814580838,"[{'threshold': 0.1, 'micro_f1': 0.009372135048531568}, {'threshold': 0.2, 'micro_f1': 0.009432252976222195}, {'threshold': 0.3, 'micro_f1': 0.009883788993904581}, {'threshold': 0.4, 'micro_f1': 0.010890665963585797}, {'threshold': 0.5, 'micro_f1': 0.013454395090813693}, {'threshold': 0.6, 'micro_f1': 0.017981838756865667}, {'threshold': 0.7, 'micro_f1': 0.029304153397926688}, {'threshold': 0.8, 'micro_f1': 0.060019361084220714}, {'threshold': 0.9, 'micro_f1': 0.08569608155463522}]"
46,0.65211376532045,0.09186906018962232,0.16515125981738799,0.03164486983248687,0.10295681248866383,0.6204020571886111,0.6010349901182922,18.351970180252536,0.9117563366889954,0.034188034187921684,481,0.22169703245162964,0.4368370081316849,"[{'threshold': 0.1, 'micro_f1': 0.009375709994193826}, {'threshold': 0.2, 'micro_f1': 0.0094246211192441}, {'threshold': 0.3, 'micro_f1': 0.010101026088250238}, {'threshold': 0.4, 'micro_f1': 0.011298331086259415}, {'threshold': 0.5, 'micro_f1': 0.013722601828023782}, {'threshold': 0.6, 'micro_f1': 0.01901111321721671}, {'threshold': 0.7, 'micro_f1': 0.031120828066819255}, {'threshold': 0.8, 'micro_f1': 0.05779755511227047}, {'threshold': 0.9, 'micro_f1': 0.0868738110336081}]"
47,0.6449793756954254,0.09990009989960189,0.16541479141651677,0.034036563472149686,0.1031814418953319,0.6184153833338235,0.5957902132517124,18.41612621515834,0.8905340433120728,0.03463203463194393,481,0.2189062237739563,0.43377730861779074,"[{'threshold': 0.1, 'micro_f1': 0.009375422152812058}, {'threshold': 0.2, 'micro_f1': 0.009387048558839605}, {'threshold': 0.3, 'micro_f1': 0.00997755527610194}, {'threshold': 0.4, 'micro_f1': 0.011348521856127477}, {'threshold': 0.5, 'micro_f1': 0.013871108524876346}, {'threshold': 0.6, 'micro_f1': 0.019666139722411567}, {'threshold': 0.7, 'micro_f1': 0.03139013452914798}, {'threshold': 0.8, 'micro_f1': 0.06096807415036045}, {'threshold': 0.9, 'micro_f1': 0.09477786438035853}]"
48,0.6377039283671707,0.09713423831021653,0.16725772456319715,0.03543042282346999,0.10606934186769383,0.6198026259084326,0.6036089035259393,18.32874194117748,0.8935921788215637,0.03463203463194393,481,0.21648511290550232,0.4310285538722445,"[{'threshold': 0.1, 'micro_f1': 0.009353502006216303}, {'threshold': 0.2, 'micro_f1': 0.00936699380652322}, {'threshold': 0.3, 'micro_f1': 0.010079295154185023}, {'threshold': 0.4, 'micro_f1': 0.011355953312931464}, {'threshold': 0.5, 'micro_f1': 0.014232317956354719}, {'threshold': 0.6, 'micro_f1': 0.02001544218091109}, {'threshold': 0.7, 'micro_f1': 0.03263911605422891}, {'threshold': 0.8, 'micro_f1': 0.06178707224334601}, {'threshold': 0.9, 'micro_f1': 0.09085113165444691}]"
49,0.6300475777141632,0.11574740207785558,0.17112184847987022,0.043063777918178614,0.10813158472185784,0.6121791558653791,0.5985112370492098,18.20376895090433,0.8997650742530823,0.04360465116252205,481,0.21423187851905823,0.42786119651316556,"[{'threshold': 0.1, 'micro_f1': 0.00937043570629185}, {'threshold': 0.2, 'micro_f1': 0.00939065080244547}, {'threshold': 0.3, 'micro_f1': 0.0098905519116111}, {'threshold': 0.4, 'micro_f1': 0.01133097177410257}, {'threshold': 0.5, 'micro_f1': 0.013966574883455356}, {'threshold': 0.6, 'micro_f1': 0.01975041021240723}, {'threshold': 0.7, 'micro_f1': 0.033127127640103955}, {'threshold': 0.8, 'micro_f1': 0.06500669344042838}, {'threshold': 0.9, 'micro_f1': 0.11553848615778523}]"
50,0.6219824552536011,0.09911054637815446,0.17096838702390857,0.0370383053449962,0.10917534100266897,0.6193947966984459,0.6061616162660068,18.279256183243145,0.8912209272384644,0.034782608695569,481,0.20962125062942505,0.42196368870511114,"[{'threshold': 0.1, 'micro_f1': 0.009368625115619022}, {'threshold': 0.2, 'micro_f1': 0.009447682365419733}, {'threshold': 0.3, 'micro_f1': 0.0099947751587643}, {'threshold': 0.4, 'micro_f1': 0.011627853044716446}, {'threshold': 0.5, 'micro_f1': 0.0145575009623348}, {'threshold': 0.6, 'micro_f1': 0.02065512042310186}, {'threshold': 0.7, 'micro_f1': 0.03258740992832291}, {'threshold': 0.8, 'micro_f1': 0.06357856494096276}, {'threshold': 0.9, 'micro_f1': 0.09364038432209851}]"
51,0.6141602217204987,0.10285232541751431,0.17488156885833683,0.0398439663983099,0.11190287558338574,0.6199564372120274,0.599958555453164,18.268443506139157,0.8887127637863159,0.034782608695569,481,0.2055029273033142,0.41699795489627606,"[{'threshold': 0.1, 'micro_f1': 0.009383539496458981}, {'threshold': 0.2, 'micro_f1': 0.009487715593971961}, {'threshold': 0.3, 'micro_f1': 0.010084404996668664}, {'threshold': 0.4, 'micro_f1': 0.011537265938488481}, {'threshold': 0.5, 'micro_f1': 0.015052442710403045}, {'threshold': 0.6, 'micro_f1': 0.021746903748008972}, {'threshold': 0.7, 'micro_f1': 0.03453979756606672}, {'threshold': 0.8, 'micro_f1': 0.06630944407233758}, {'threshold': 0.9, 'micro_f1': 0.10047095761381475}]"
52,0.6057938050340723,0.11028004870366624,0.17514149334587698,0.0424164057973826,0.11201622069741701,0.6151612044266468,0.6072350742907294,18.228048958286852,0.9070930480957031,0.04354136429581295,481,0.2013973593711853,0.4125048757028159,"[{'threshold': 0.1, 'micro_f1': 0.009376268777913114}, {'threshold': 0.2, 'micro_f1': 0.009476868052412544}, {'threshold': 0.3, 'micro_f1': 0.009980225306541522}, {'threshold': 0.4, 'micro_f1': 0.01158121849511886}, {'threshold': 0.5, 'micro_f1': 0.014929665520475149}, {'threshold': 0.6, 'micro_f1': 0.021616005042031122}, {'threshold': 0.7, 'micro_f1': 0.035230295540707536}, {'threshold': 0.8, 'micro_f1': 0.06842043175651763}, {'threshold': 0.9, 'micro_f1': 0.10690495532087732}]"
53,0.5971218530463163,0.104396457976831,0.17220989560375496,0.04436980153778196,0.11065911110353462,0.6220165738062188,0.6025299539293066,18.149344704985136,0.8998770713806152,0.03463203463194393,481,0.19865594804286957,0.4082938548224784,"[{'threshold': 0.1, 'micro_f1': 0.009371291643295672}, {'threshold': 0.2, 'micro_f1': 0.009460840697489828}, {'threshold': 0.3, 'micro_f1': 0.01012197617569522}, {'threshold': 0.4, 'micro_f1': 0.011885079547367066}, {'threshold': 0.5, 'micro_f1': 0.015610830967413874}, {'threshold': 0.6, 'micro_f1': 0.022893772893772892}, {'threshold': 0.7, 'micro_f1': 0.03589435027076374}, {'threshold': 0.8, 'micro_f1': 0.06898544025883985}, {'threshold': 0.9, 'micro_f1': 0.10388802488335924}]"
54,0.5891385229807051,0.10785398230038541,0.17485780027843767,0.046375402315203346,0.11255948617553624,0.6291088254196631,0.6035715148771467,18.253274378883358,0.8899491429328918,0.03949967083582866,481,0.1962203085422516,0.4046415966251544,"[{'threshold': 0.1, 'micro_f1': 0.009388869268537726}, {'threshold': 0.2, 'micro_f1': 0.009578342272651304}, {'threshold': 0.3, 'micro_f1': 0.010134693001512875}, {'threshold': 0.4, 'micro_f1': 0.012115439373666055}, {'threshold': 0.5, 'micro_f1': 0.0159533006530287}, {'threshold': 0.6, 'micro_f1': 0.023816804564159466}, {'threshold': 0.7, 'micro_f1': 0.03767152117181581}, {'threshold': 0.8, 'micro_f1': 0.06933788007956806}, {'threshold': 0.9, 'micro_f1': 0.1013740458015267}]"
55,0.5806149960194946,0.11820840387822401,0.17524085576747814,0.05001823008030744,0.11549613306478979,0.6237268662959085,0.6104796981182762,18.184176898397848,0.8920611143112183,0.04830917874366983,481,0.1903730183839798,0.39805018778517776,"[{'threshold': 0.1, 'micro_f1': 0.00938006092572906}, {'threshold': 0.2, 'micro_f1': 0.00959221757073553}, {'threshold': 0.3, 'micro_f1': 0.010157703309233615}, {'threshold': 0.4, 'micro_f1': 0.012018076432889555}, {'threshold': 0.5, 'micro_f1': 0.01608203110771136}, {'threshold': 0.6, 'micro_f1': 0.023608990153552122}, {'threshold': 0.7, 'micro_f1': 0.03935132163635531}, {'threshold': 0.8, 'micro_f1': 0.07335329341317365}, {'threshold': 0.9, 'micro_f1': 0.10950721752115479}]"
56,0.5715674259675243,0.12152166255678717,0.17474643714716614,0.04969315322309853,0.11279703035550989,0.6293248191214967,0.6046592396308944,18.21579743234054,0.9129313826560974,0.06276150627579628,481,0.18619078397750854,0.39222546936245384,"[{'threshold': 0.1, 'micro_f1': 0.00940789658995757}, {'threshold': 0.2, 'micro_f1': 0.009587033315584869}, {'threshold': 0.3, 'micro_f1': 0.01030673600684698}, {'threshold': 0.4, 'micro_f1': 0.012436737941695758}, {'threshold': 0.5, 'micro_f1': 0.016973978570587543}, {'threshold': 0.6, 'micro_f1': 0.02507478870375928}, {'threshold': 0.7, 'micro_f1': 0.04230607770884836}, {'threshold': 0.8, 'micro_f1': 0.07291268323773104}, {'threshold': 0.9, 'micro_f1': 0.1171171171171171}]"
57,0.5630535398210798,0.11845258473079433,0.1762258780217263,0.049231612758181394,0.11434654989218548,0.6297041309856615,0.606485864654833,18.199221275929155,0.9082031846046448,0.07202881152422114,481,0.1850130409002304,0.3902410432559243,"[{'threshold': 0.1, 'micro_f1': 0.009352364775581733}, {'threshold': 0.2, 'micro_f1': 0.009619952836028896}, {'threshold': 0.3, 'micro_f1': 0.010347841030835104}, {'threshold': 0.4, 'micro_f1': 0.012445186433879526}, {'threshold': 0.5, 'micro_f1': 0.016865475714856457}, {'threshold': 0.6, 'micro_f1': 0.025614903216416823}, {'threshold': 0.7, 'micro_f1': 0.042575986957028064}, {'threshold': 0.8, 'micro_f1': 0.0747698432445882}, {'threshold': 0.9, 'micro_f1': 0.11640886620953594}]"
58,0.5541898166691815,0.11082940963375147,0.1777143030173732,0.04617944448839188,0.11559497373272294,0.6295756284035581,0.6136722458441535,18.21979587607083,0.9105778336524963,0.0538599640930403,481,0.1786026656627655,0.38256974058977133,"[{'threshold': 0.1, 'micro_f1': 0.009359443014064899}, {'threshold': 0.2, 'micro_f1': 0.009727739785873225}, {'threshold': 0.3, 'micro_f1': 0.01043536070903682}, {'threshold': 0.4, 'micro_f1': 0.012527787939330839}, {'threshold': 0.5, 'micro_f1': 0.017633884560745397}, {'threshold': 0.6, 'micro_f1': 0.026074217720771897}, {'threshold': 0.7, 'micro_f1': 0.045810513384859496}, {'threshold': 0.8, 'micro_f1': 0.08034510649770826}, {'threshold': 0.9, 'micro_f1': 0.10944277610944277}]"
59,0.5453314317597283,0.11599359544520318,0.17945180949828143,0.049492774854424514,0.11695291215161091,0.6310570367573913,0.6059974828491105,18.19963904062004,0.9014113545417786,0.04971002485471433,481,0.17383833229541779,0.3774410855700257,"[{'threshold': 0.1, 'micro_f1': 0.009301523085777709}, {'threshold': 0.2, 'micro_f1': 0.009681056795143696}, {'threshold': 0.3, 'micro_f1': 0.010569079587284619}, {'threshold': 0.4, 'micro_f1': 0.012981526067228447}, {'threshold': 0.5, 'micro_f1': 0.01827032427434183}, {'threshold': 0.6, 'micro_f1': 0.02762141343239363}, {'threshold': 0.7, 'micro_f1': 0.04758831617048739}, {'threshold': 0.8, 'micro_f1': 0.08079755970537905}, {'threshold': 0.9, 'micro_f1': 0.11549295774647886}]"
60,0.5358967998671154,0.12502045491688615,0.180516281213005,0.052975213571313746,0.11664697028032311,0.6341120315361934,0.6069404991658532,18.18971583724199,0.9000045657157898,0.08720930232514636,481,0.1709570735692978,0.37215840787591864,"[{'threshold': 0.1, 'micro_f1': 0.009252367780324868}, {'threshold': 0.2, 'micro_f1': 0.009689076553503716}, {'threshold': 0.3, 'micro_f1': 0.01058192836609432}, {'threshold': 0.4, 'micro_f1': 0.013272364592274037}, {'threshold': 0.5, 'micro_f1': 0.018862075154600488}, {'threshold': 0.6, 'micro_f1': 0.028879232301285532}, {'threshold': 0.7, 'micro_f1': 0.04995944849959449}, {'threshold': 0.8, 'micro_f1': 0.08391316448650152}, {'threshold': 0.9, 'micro_f1': 0.1250204549173621}]"
61,0.5269343730003114,0.1210121012096356,0.17976334083856257,0.04983718329742348,0.1183549195407551,0.6270172758628114,0.6039072760614221,18.135653186320997,0.8920658230781555,0.10638297872292843,481,0.16866199672222137,0.3692454319765175,"[{'threshold': 0.1, 'micro_f1': 0.009246721340152617}, {'threshold': 0.2, 'micro_f1': 0.00966552168632506}, {'threshold': 0.3, 'micro_f1': 0.010410313035053414}, {'threshold': 0.4, 'micro_f1': 0.013195098963242224}, {'threshold': 0.5, 'micro_f1': 0.018828311705715497}, {'threshold': 0.6, 'micro_f1': 0.028841873433143553}, {'threshold': 0.7, 'micro_f1': 0.04846045703889517}, {'threshold': 0.8, 'micro_f1': 0.07946549150614826}, {'threshold': 0.9, 'micro_f1': 0.11624790619765492}]"
62,0.5173944061395352,0.12877939529632876,0.18366176685637367,0.05952771095805254,0.11994657209610247,0.637575207977199,0.6068711688243229,18.101445331728083,0.925485372543335,0.08583690987081327,481,0.16641317307949066,0.3642124760776451,"[{'threshold': 0.1, 'micro_f1': 0.009342888718775392}, {'threshold': 0.2, 'micro_f1': 0.009817684622107452}, {'threshold': 0.3, 'micro_f1': 0.010734065739096072}, {'threshold': 0.4, 'micro_f1': 0.013557036926072954}, {'threshold': 0.5, 'micro_f1': 0.019890039723573654}, {'threshold': 0.6, 'micro_f1': 0.029998731798425125}, {'threshold': 0.7, 'micro_f1': 0.04902865276642855}, {'threshold': 0.8, 'micro_f1': 0.08247558722618104}, {'threshold': 0.9, 'micro_f1': 0.11811750230698245}]"
63,0.5077794724040561,0.1266137813029813,0.18267784163636958,0.06065633884953371,0.12094892114766428,0.6415363625062692,0.6094809951889385,18.071636246280164,0.8937217593193054,0.10416666666619455,481,0.16249306499958038,0.35961133500189363,"[{'threshold': 0.1, 'micro_f1': 0.009350597718977267}, {'threshold': 0.2, 'micro_f1': 0.009810298517741949}, {'threshold': 0.3, 'micro_f1': 0.01089862477533357}, {'threshold': 0.4, 'micro_f1': 0.01403785539533974}, {'threshold': 0.5, 'micro_f1': 0.02074418440840333}, {'threshold': 0.6, 'micro_f1': 0.03070319036705591}, {'threshold': 0.7, 'micro_f1': 0.05074079300126993}, {'threshold': 0.8, 'micro_f1': 0.08285287209054024}, {'threshold': 0.9, 'micro_f1': 0.12266146087522367}]"
64,0.4984806047545539,0.12966223787369816,0.1833048723635214,0.05652333936151849,0.12094361748850242,0.6403183190984207,0.6055792569673036,18.13607345323541,0.8972803950309753,0.11516314779221842,481,0.1574517786502838,0.3524155450627696,"[{'threshold': 0.1, 'micro_f1': 0.009319301788653802}, {'threshold': 0.2, 'micro_f1': 0.009860616498563225}, {'threshold': 0.3, 'micro_f1': 0.011129239509011598}, {'threshold': 0.4, 'micro_f1': 0.01439879987677306}, {'threshold': 0.5, 'micro_f1': 0.020743333600379617}, {'threshold': 0.6, 'micro_f1': 0.03293787472891951}, {'threshold': 0.7, 'micro_f1': 0.05395991380582696}, {'threshold': 0.8, 'micro_f1': 0.0835455934793683}, {'threshold': 0.9, 'micro_f1': 0.12632956962853867}]"
65,0.48949874976955393,0.128760088040653,0.18259283253168346,0.0598132737808838,0.12250838887185209,0.6426251912867249,0.6031378620174147,18.135587675045656,0.9139587879180908,0.09259259259214409,481,0.1544031947851181,0.3486411988733715,"[{'threshold': 0.1, 'micro_f1': 0.009342888760077989}, {'threshold': 0.2, 'micro_f1': 0.009942321388043232}, {'threshold': 0.3, 'micro_f1': 0.011223003736011343}, {'threshold': 0.4, 'micro_f1': 0.014659764990365361}, {'threshold': 0.5, 'micro_f1': 0.021512260708111915}, {'threshold': 0.6, 'micro_f1': 0.0327326964163341}, {'threshold': 0.7, 'micro_f1': 0.05427962041358845}, {'threshold': 0.8, 'micro_f1': 0.09039717696523762}, {'threshold': 0.9, 'micro_f1': 0.12518628912071533}]"
66,0.4798088526284253,0.12983649020512267,0.18599774951922543,0.058610780060570286,0.12291193165067503,0.6475727023020681,0.604903133813327,18.128748426535243,0.8997105360031128,0.12631578947318692,481,0.14998412132263184,0.3407898449733317,"[{'threshold': 0.1, 'micro_f1': 0.009351845190993453}, {'threshold': 0.2, 'micro_f1': 0.009978254995560931}, {'threshold': 0.3, 'micro_f1': 0.011473474261395094}, {'threshold': 0.4, 'micro_f1': 0.015217228076071839}, {'threshold': 0.5, 'micro_f1': 0.02206614532853596}, {'threshold': 0.6, 'micro_f1': 0.03471700176318631}, {'threshold': 0.7, 'micro_f1': 0.058066502463054184}, {'threshold': 0.8, 'micro_f1': 0.08702043216228134}, {'threshold': 0.9, 'micro_f1': 0.12915787765698522}]"
67,0.47019805542375676,0.13210445468463672,0.1861386047903953,0.060546169939361974,0.1234622600386604,0.6433221889234503,0.6115881728541619,18.16246154740196,0.9017158150672913,0.13157894736792167,481,0.14466926455497742,0.3342615035282185,"[{'threshold': 0.1, 'micro_f1': 0.009333491920729466}, {'threshold': 0.2, 'micro_f1': 0.010031749333004034}, {'threshold': 0.3, 'micro_f1': 0.01152993954646169}, {'threshold': 0.4, 'micro_f1': 0.015469091780780871}, {'threshold': 0.5, 'micro_f1': 0.022922391938816813}, {'threshold': 0.6, 'micro_f1': 0.037007955673417386}, {'threshold': 0.7, 'micro_f1': 0.0612701859139639}, {'threshold': 0.8, 'micro_f1': 0.09529202394434556}, {'threshold': 0.9, 'micro_f1': 0.13088210490807892}]"
68,0.4608877230258215,0.12936091386181442,0.18802391925497938,0.05966370819580727,0.12421067524717647,0.6492657355144328,0.6133013917851188,18.10654708191632,0.8900238275527954,0.1342281879189632,481,0.14062447845935822,0.32721069928422963,"[{'threshold': 0.1, 'micro_f1': 0.009421272411986193}, {'threshold': 0.2, 'micro_f1': 0.010213075068600875}, {'threshold': 0.3, 'micro_f1': 0.011763596501567693}, {'threshold': 0.4, 'micro_f1': 0.01624827489141101}, {'threshold': 0.5, 'micro_f1': 0.023894950445548922}, {'threshold': 0.6, 'micro_f1': 0.037537263490904665}, {'threshold': 0.7, 'micro_f1': 0.06185147507629705}, {'threshold': 0.8, 'micro_f1': 0.09513221631064876}, {'threshold': 0.9, 'micro_f1': 0.12786290986983026}]"
69,0.45146450242668235,0.13481199098897226,0.1897600774896816,0.06686845904068264,0.12800185301270223,0.6480827921308828,0.608706261089777,18.032596915376594,0.9083697199821472,0.13986013985964021,481,0.1396748572587967,0.3256351772603429,"[{'threshold': 0.1, 'micro_f1': 0.00938754063994662}, {'threshold': 0.2, 'micro_f1': 0.010124088765008577}, {'threshold': 0.3, 'micro_f1': 0.011769039770742933}, {'threshold': 0.4, 'micro_f1': 0.016512512956032566}, {'threshold': 0.5, 'micro_f1': 0.024397293471574783}, {'threshold': 0.6, 'micro_f1': 0.039146287510106945}, {'threshold': 0.7, 'micro_f1': 0.06422577152138603}, {'threshold': 0.8, 'micro_f1': 0.10360993905297701}, {'threshold': 0.9, 'micro_f1': 0.13339937262671286}]"
70,0.44175668999000833,0.13414001728562613,0.19006200473394494,0.060719527850064375,0.12661026151860613,0.6541811422643109,0.6146556089558983,18.156918744387887,0.9126856327056885,0.1395348837204305,481,0.13519756495952606,0.31711891015836563,"[{'threshold': 0.1, 'micro_f1': 0.009467956934824587}, {'threshold': 0.2, 'micro_f1': 0.010301481010971284}, {'threshold': 0.3, 'micro_f1': 0.012106132258120926}, {'threshold': 0.4, 'micro_f1': 0.017107102442920855}, {'threshold': 0.5, 'micro_f1': 0.02498210616240678}, {'threshold': 0.6, 'micro_f1': 0.04061527022631163}, {'threshold': 0.7, 'micro_f1': 0.06374099750959143}, {'threshold': 0.8, 'micro_f1': 0.1012158054711246}, {'threshold': 0.9, 'micro_f1': 0.12802547770700634}]"
71,0.43231635844265975,0.13236912435103174,0.18492212521832294,0.06305282726203768,0.12553774540920287,0.6557577695035101,0.6028589917447165,18.073229710362323,0.898140013217926,0.1257861635215156,481,0.133176788687706,0.31469470130686766,"[{'threshold': 0.1, 'micro_f1': 0.009402920071057719}, {'threshold': 0.2, 'micro_f1': 0.010333142171940984}, {'threshold': 0.3, 'micro_f1': 0.012322236586942469}, {'threshold': 0.4, 'micro_f1': 0.017733562171807726}, {'threshold': 0.5, 'micro_f1': 0.026079466607117224}, {'threshold': 0.6, 'micro_f1': 0.040889031533338685}, {'threshold': 0.7, 'micro_f1': 0.06274429129808681}, {'threshold': 0.8, 'micro_f1': 0.09727834108408934}, {'threshold': 0.9, 'micro_f1': 0.12953532781667726}]"
72,0.422649628428555,0.135683760683314,0.18683690789452317,0.06694380939298299,0.12512313067127814,0.6579407116374103,0.6058364262178949,18.140348046945252,0.9052138924598694,0.1522842639588977,481,0.128071129322052,0.30877723372004884,"[{'threshold': 0.1, 'micro_f1': 0.009419000996690546}, {'threshold': 0.2, 'micro_f1': 0.010380319475373042}, {'threshold': 0.3, 'micro_f1': 0.012693613849084734}, {'threshold': 0.4, 'micro_f1': 0.01817831937812426}, {'threshold': 0.5, 'micro_f1': 0.027173261647518106}, {'threshold': 0.6, 'micro_f1': 0.04488512180819873}, {'threshold': 0.7, 'micro_f1': 0.0706504824151883}, {'threshold': 0.8, 'micro_f1': 0.1037229437229437}, {'threshold': 0.9, 'micro_f1': 0.13360739979445013}]"
73,0.413414572754865,0.1377622377617835,0.19054136628638085,0.06913190802691994,0.1302088269380779,0.6550285842913406,0.6033536529921741,18.077872521124412,0.9071902632713318,0.18237082066824992,481,0.1250724345445633,0.30286062072510883,"[{'threshold': 0.1, 'micro_f1': 0.009453262589697144}, {'threshold': 0.2, 'micro_f1': 0.01047396958057411}, {'threshold': 0.3, 'micro_f1': 0.012721191656693451}, {'threshold': 0.4, 'micro_f1': 0.0186165544130011}, {'threshold': 0.5, 'micro_f1': 0.028012090538450725}, {'threshold': 0.6, 'micro_f1': 0.04606581346233687}, {'threshold': 0.7, 'micro_f1': 0.07127555988315482}, {'threshold': 0.8, 'micro_f1': 0.11095281991117069}, {'threshold': 0.9, 'micro_f1': 0.13508949679162444}]"
74,0.40477486025719417,0.132559070884683,0.18745146210152483,0.0677655589429181,0.12657887817950586,0.6568925712806344,0.6033296248026069,17.93245370313601,0.9218834042549133,0.17543859649076912,481,0.12011539191007614,0.2973184695815616,"[{'threshold': 0.1, 'micro_f1': 0.00945501199308306}, {'threshold': 0.2, 'micro_f1': 0.010437348783213445}, {'threshold': 0.3, 'micro_f1': 0.013121146795919207}, {'threshold': 0.4, 'micro_f1': 0.01913078223751212}, {'threshold': 0.5, 'micro_f1': 0.029835519667382078}, {'threshold': 0.6, 'micro_f1': 0.049642978578714726}, {'threshold': 0.7, 'micro_f1': 0.07854423093952005}, {'threshold': 0.8, 'micro_f1': 0.11552070383475183}, {'threshold': 0.9, 'micro_f1': 0.12904385334291874}]"
75,0.3949535235210701,0.14039785768895527,0.18855916542185014,0.06706065877979421,0.12467196046589975,0.6575122839501277,0.6086270478180031,18.04543354463542,0.9246843457221985,0.17241379310298324,481,0.11916195601224899,0.2927363960412536,"[{'threshold': 0.1, 'micro_f1': 0.009529779141695904}, {'threshold': 0.2, 'micro_f1': 0.010692471013992086}, {'threshold': 0.3, 'micro_f1': 0.013347209426644373}, {'threshold': 0.4, 'micro_f1': 0.019625316856780733}, {'threshold': 0.5, 'micro_f1': 0.029225789453874818}, {'threshold': 0.6, 'micro_f1': 0.04762897144914082}, {'threshold': 0.7, 'micro_f1': 0.07158012730693783}, {'threshold': 0.8, 'micro_f1': 0.10544363480497213}, {'threshold': 0.9, 'micro_f1': 0.13293353323338328}]"
76,0.3859309582483201,0.13652126300376258,0.18814062044469423,0.0658343194868283,0.12582553556028656,0.6606709897914926,0.6072342363855826,18.087469364775888,0.911698579788208,0.17647058823483738,481,0.11417855322360992,0.28540739245603647,"[{'threshold': 0.1, 'micro_f1': 0.009552828083426316}, {'threshold': 0.2, 'micro_f1': 0.010846620985288864}, {'threshold': 0.3, 'micro_f1': 0.013804253202338017}, {'threshold': 0.4, 'micro_f1': 0.020549242424242425}, {'threshold': 0.5, 'micro_f1': 0.031080235070783772}, {'threshold': 0.6, 'micro_f1': 0.051256977549606814}, {'threshold': 0.7, 'micro_f1': 0.07548314411994107}, {'threshold': 0.8, 'micro_f1': 0.11185763573633556}, {'threshold': 0.9, 'micro_f1': 0.13493562231759654}]"
77,0.37693624364005196,0.13964577656629362,0.18928414098820584,0.06996714574549065,0.12571844085756892,0.6775400149517609,0.6126369654787142,17.990708148238777,0.9012594819068909,0.1880877742942428,481,0.10941900312900543,0.2770569762767982,"[{'threshold': 0.1, 'micro_f1': 0.00970288018818412}, {'threshold': 0.2, 'micro_f1': 0.011405750862074094}, {'threshold': 0.3, 'micro_f1': 0.01478785760210738}, {'threshold': 0.4, 'micro_f1': 0.02176714399674218}, {'threshold': 0.5, 'micro_f1': 0.0334762938641055}, {'threshold': 0.6, 'micro_f1': 0.053919890448476546}, {'threshold': 0.7, 'micro_f1': 0.081295789566599}, {'threshold': 0.8, 'micro_f1': 0.11447320452059787}, {'threshold': 0.9, 'micro_f1': 0.13894523326572006}]"
78,0.3679686135085172,0.1423509474652327,0.19028773847426173,0.06960454028742939,0.12648448408577603,0.668382299155984,0.6074773877132663,17.939770294447033,0.8748467564582825,0.19230769230727648,481,0.10541799664497375,0.2715875771888721,"[{'threshold': 0.1, 'micro_f1': 0.009638842871375938}, {'threshold': 0.2, 'micro_f1': 0.011230792996703789}, {'threshold': 0.3, 'micro_f1': 0.014958983432523726}, {'threshold': 0.4, 'micro_f1': 0.022359044659000935}, {'threshold': 0.5, 'micro_f1': 0.03472926851766442}, {'threshold': 0.6, 'micro_f1': 0.05707661991422279}, {'threshold': 0.7, 'micro_f1': 0.08041941224568323}, {'threshold': 0.8, 'micro_f1': 0.11753240424909851}, {'threshold': 0.9, 'micro_f1': 0.1333333333333333}]"
79,0.3592622559221964,0.14485696895872988,0.19268121651193137,0.07577900698645446,0.1298993780473872,0.671069714835978,0.6054535989591961,17.910216380458163,0.8930289149284363,0.1993355481723641,481,0.10828084498643875,0.2721780840730872,"[{'threshold': 0.1, 'micro_f1': 0.009746134424219574}, {'threshold': 0.2, 'micro_f1': 0.011414360543841429}, {'threshold': 0.3, 'micro_f1': 0.014955891426042632}, {'threshold': 0.4, 'micro_f1': 0.022022589013628177}, {'threshold': 0.5, 'micro_f1': 0.032692044725409965}, {'threshold': 0.6, 'micro_f1': 0.05258853357323955}, {'threshold': 0.7, 'micro_f1': 0.0773151735105819}, {'threshold': 0.8, 'micro_f1': 0.11116691779675203}, {'threshold': 0.9, 'micro_f1': 0.14319657848883255}]"
80,0.35038074929878193,0.14465769120546043,0.19434607348901783,0.07351076838313728,0.1299835495157373,0.6780101957302496,0.61321098404156,17.973779901919535,0.8570020794868469,0.1986754966883461,481,0.09909991919994354,0.26063791938006364,"[{'threshold': 0.1, 'micro_f1': 0.009771928673272761}, {'threshold': 0.2, 'micro_f1': 0.011777331272757173}, {'threshold': 0.3, 'micro_f1': 0.016109530952818127}, {'threshold': 0.4, 'micro_f1': 0.02414686020137376}, {'threshold': 0.5, 'micro_f1': 0.03693121027125684}, {'threshold': 0.6, 'micro_f1': 0.06288355178422608}, {'threshold': 0.7, 'micro_f1': 0.08918960479778563}, {'threshold': 0.8, 'micro_f1': 0.12305201376239626}, {'threshold': 0.9, 'micro_f1': 0.13862790285410387}]"
81,0.34153049616586595,0.14952973059094116,0.19323013591819715,0.07268521758552944,0.13021654764106408,0.6728000282437829,0.6059176399074453,18.005552114293938,0.8859126567840576,0.1993355481723641,481,0.09945894777774811,0.25934590147801806,"[{'threshold': 0.1, 'micro_f1': 0.00971587468479895}, {'threshold': 0.2, 'micro_f1': 0.011710359213341414}, {'threshold': 0.3, 'micro_f1': 0.0160642851393113}, {'threshold': 0.4, 'micro_f1': 0.024146024133268707}, {'threshold': 0.5, 'micro_f1': 0.03790728347418299}, {'threshold': 0.6, 'micro_f1': 0.060105900872966654}, {'threshold': 0.7, 'micro_f1': 0.0879729020561996}, {'threshold': 0.8, 'micro_f1': 0.11926431551004928}, {'threshold': 0.9, 'micro_f1': 0.13548936170212764}]"
82,0.3336876266532474,0.14790076335829574,0.1939867306974376,0.07231894668498084,0.13005440070231009,0.6717197642392205,0.6105153316992374,17.69679430143593,0.874721884727478,0.21126760563345368,481,0.09440869092941284,0.2523596526615146,"[{'threshold': 0.1, 'micro_f1': 0.009756688235516706}, {'threshold': 0.2, 'micro_f1': 0.01192814213931492}, {'threshold': 0.3, 'micro_f1': 0.01645182361342274}, {'threshold': 0.4, 'micro_f1': 0.024903368304803976}, {'threshold': 0.5, 'micro_f1': 0.0396610536574801}, {'threshold': 0.6, 'micro_f1': 0.06284648187633263}, {'threshold': 0.7, 'micro_f1': 0.08936842105263158}, {'threshold': 0.8, 'micro_f1': 0.12393428987315448}, {'threshold': 0.9, 'micro_f1': 0.1367704976727533}]"
83,0.3244892992670574,0.14871634314290771,0.18965223916337048,0.07403290306407206,0.12740556966065644,0.6704116562833954,0.5993668849972075,17.882860076954007,0.8667770028114319,0.2083333333329726,481,0.09137087315320969,0.24750870756655485,"[{'threshold': 0.1, 'micro_f1': 0.009691284705121773}, {'threshold': 0.2, 'micro_f1': 0.011938214816273201}, {'threshold': 0.3, 'micro_f1': 0.017062314540059347}, {'threshold': 0.4, 'micro_f1': 0.025967435588870685}, {'threshold': 0.5, 'micro_f1': 0.04231508507154553}, {'threshold': 0.6, 'micro_f1': 0.06628314858986951}, {'threshold': 0.7, 'micro_f1': 0.0937917222963952}, {'threshold': 0.8, 'micro_f1': 0.13205072146917357}, {'threshold': 0.9, 'micro_f1': 0.1327740288163414}]"
84,0.3166675556589056,0.1562446462219127,0.19495423979335774,0.07888212184286784,0.13244915107274166,0.6802582993592264,0.6135312089958592,17.856035201326172,0.8983898162841797,0.205479452054423,481,0.08877594769001007,0.24063476048608465,"[{'threshold': 0.1, 'micro_f1': 0.009952616279524817}, {'threshold': 0.2, 'micro_f1': 0.01243859760082643}, {'threshold': 0.3, 'micro_f1': 0.017835880933226064}, {'threshold': 0.4, 'micro_f1': 0.02725440692822307}, {'threshold': 0.5, 'micro_f1': 0.04313765094571004}, {'threshold': 0.6, 'micro_f1': 0.06845452032070777}, {'threshold': 0.7, 'micro_f1': 0.09936428228003633}, {'threshold': 0.8, 'micro_f1': 0.12719836400817994}, {'threshold': 0.9, 'micro_f1': 0.15520221223643274}]"
85,0.3083481129515108,0.1507454445052983,0.1943422856745878,0.07403545103860382,0.1295182421300861,0.6805711540031121,0.6075475620193849,17.80836247110639,0.840660572052002,0.21739130434750262,481,0.08392279595136642,0.23270557947820938,"[{'threshold': 0.1, 'micro_f1': 0.009941065272990103}, {'threshold': 0.2, 'micro_f1': 0.01267821156704926}, {'threshold': 0.3, 'micro_f1': 0.018415939460049085}, {'threshold': 0.4, 'micro_f1': 0.02918351376027129}, {'threshold': 0.5, 'micro_f1': 0.04764854433697051}, {'threshold': 0.6, 'micro_f1': 0.07413038190221358}, {'threshold': 0.7, 'micro_f1': 0.0959095676494581}, {'threshold': 0.8, 'micro_f1': 0.13515010523983603}, {'threshold': 0.9, 'micro_f1': 0.13199064916381945}]"
86,0.30041345212825393,0.1515597410236365,0.1962656868530988,0.08222084616752592,0.1326752142943421,0.6708606673161615,0.6141764154676459,17.604655019256032,0.8486582040786743,0.21660649819461897,481,0.08110617846250534,0.22799088892420377,"[{'threshold': 0.1, 'micro_f1': 0.00986351939857527}, {'threshold': 0.2, 'micro_f1': 0.012614450636942675}, {'threshold': 0.3, 'micro_f1': 0.01888738706694174}, {'threshold': 0.4, 'micro_f1': 0.029600503838363205}, {'threshold': 0.5, 'micro_f1': 0.04818112100296756}, {'threshold': 0.6, 'micro_f1': 0.07438840132446073}, {'threshold': 0.7, 'micro_f1': 0.10292571287189954}, {'threshold': 0.8, 'micro_f1': 0.1377301328361687}, {'threshold': 0.9, 'micro_f1': 0.14285714285714282}]"
87,0.29244987043754134,0.15737603942051484,0.19497091021928237,0.08041633504589522,0.13077277587741232,0.6854373065332953,0.6110591268836449,17.567091348515504,0.872621476650238,0.2214022140218347,481,0.079360231757164,0.2210938904054384,"[{'threshold': 0.1, 'micro_f1': 0.010300641203232385}, {'threshold': 0.2, 'micro_f1': 0.013545584281445387}, {'threshold': 0.3, 'micro_f1': 0.019899431976906603}, {'threshold': 0.4, 'micro_f1': 0.030562537921470054}, {'threshold': 0.5, 'micro_f1': 0.04831186684778162}, {'threshold': 0.6, 'micro_f1': 0.07504997274214065}, {'threshold': 0.7, 'micro_f1': 0.10437939641479464}, {'threshold': 0.8, 'micro_f1': 0.1370237844664281}, {'threshold': 0.9, 'micro_f1': 0.14727335880514064}]"
88,0.28460566612778515,0.1554545454540538,0.19369445648295763,0.07952818776788662,0.13007452557341884,0.6819982133069891,0.6045117171248506,17.6136344199032,0.8652853965759277,0.20761245674704132,481,0.07796792685985565,0.21891986969636545,"[{'threshold': 0.1, 'micro_f1': 0.010187513182166662}, {'threshold': 0.2, 'micro_f1': 0.013604430337720288}, {'threshold': 0.3, 'micro_f1': 0.020111647126839854}, {'threshold': 0.4, 'micro_f1': 0.030969093022636722}, {'threshold': 0.5, 'micro_f1': 0.049730094466936575}, {'threshold': 0.6, 'micro_f1': 0.07774747923140339}, {'threshold': 0.7, 'micro_f1': 0.10419133317546768}, {'threshold': 0.8, 'micro_f1': 0.13352180058714797}, {'threshold': 0.9, 'micro_f1': 0.14603396953248116}]"
89,0.2768315628722862,0.15510699650884227,0.19700068695865822,0.07734379996652115,0.13430118565728466,0.6819548999388921,0.6094390012192319,17.67493297779476,0.8601921796798706,0.21739130434750262,481,0.07476741075515747,0.21380793418138588,"[{'threshold': 0.1, 'micro_f1': 0.010236426360316134}, {'threshold': 0.2, 'micro_f1': 0.013681013489479301}, {'threshold': 0.3, 'micro_f1': 0.020959334712716854}, {'threshold': 0.4, 'micro_f1': 0.03291722535929444}, {'threshold': 0.5, 'micro_f1': 0.05281377435432714}, {'threshold': 0.6, 'micro_f1': 0.08095286161300091}, {'threshold': 0.7, 'micro_f1': 0.10396751015307715}, {'threshold': 0.8, 'micro_f1': 0.14112534309240618}, {'threshold': 0.9, 'micro_f1': 0.14456521739130432}]"
90,0.26929775195777733,0.15574402467183182,0.1934174348205049,0.07999432153640226,0.13114345103963462,0.6832279683976686,0.61027458555434,17.585138822058237,0.8558350801467896,0.2399999999997888,481,0.07156873494386673,0.20776209391217065,"[{'threshold': 0.1, 'micro_f1': 0.010454250609515846}, {'threshold': 0.2, 'micro_f1': 0.014089064229557517}, {'threshold': 0.3, 'micro_f1': 0.021783497636448535}, {'threshold': 0.4, 'micro_f1': 0.034007528230865745}, {'threshold': 0.5, 'micro_f1': 0.05418320551851709}, {'threshold': 0.6, 'micro_f1': 0.08282460461961372}, {'threshold': 0.7, 'micro_f1': 0.10581870959229449}, {'threshold': 0.8, 'micro_f1': 0.1413949059747679}, {'threshold': 0.9, 'micro_f1': 0.14346459604363096}]"
91,0.2620139017149254,0.15161839863663967,0.1965746932474406,0.08051774620114624,0.13335051364783873,0.6884287119953372,0.6123990712045799,17.703286077211338,0.8483120203018188,0.21276595744646545,481,0.0695599764585495,0.20131031756510911,"[{'threshold': 0.1, 'micro_f1': 0.010666352425282861}, {'threshold': 0.2, 'micro_f1': 0.01488731132400579}, {'threshold': 0.3, 'micro_f1': 0.022733013387218996}, {'threshold': 0.4, 'micro_f1': 0.03485086664817269}, {'threshold': 0.5, 'micro_f1': 0.05669884986729238}, {'threshold': 0.6, 'micro_f1': 0.08325728325728325}, {'threshold': 0.7, 'micro_f1': 0.10478966041561073}, {'threshold': 0.8, 'micro_f1': 0.13927576601671307}, {'threshold': 0.9, 'micro_f1': 0.14500442086648982}]"
92,0.2545833489882252,0.15386949924078316,0.1976338131846774,0.08280828771391924,0.13345432355465464,0.6924753988395107,0.618586977124063,17.558245769948964,0.8539525270462036,0.23346303501920876,481,0.06630522012710571,0.1966771434459707,"[{'threshold': 0.1, 'micro_f1': 0.010689250767674416}, {'threshold': 0.2, 'micro_f1': 0.015275709042888073}, {'threshold': 0.3, 'micro_f1': 0.023740214554943462}, {'threshold': 0.4, 'micro_f1': 0.037403128787289165}, {'threshold': 0.5, 'micro_f1': 0.061883370418573405}, {'threshold': 0.6, 'micro_f1': 0.08809060748198147}, {'threshold': 0.7, 'micro_f1': 0.1141945330928264}, {'threshold': 0.8, 'micro_f1': 0.14545014520813163}, {'threshold': 0.9, 'micro_f1': 0.1464396851546769}]"
93,0.24747820371988588,0.1565873325524983,0.19720738630914608,0.08662987537937902,0.13281925996060218,0.6975922853327332,0.6150546844130926,17.49945544548624,0.8222927451133728,0.2399999999997888,481,0.06454385817050934,0.19203192088528492,"[{'threshold': 0.1, 'micro_f1': 0.010893274211716885}, {'threshold': 0.2, 'micro_f1': 0.01573804348518941}, {'threshold': 0.3, 'micro_f1': 0.02472168536146283}, {'threshold': 0.4, 'micro_f1': 0.03893635051876961}, {'threshold': 0.5, 'micro_f1': 0.06381656487731704}, {'threshold': 0.6, 'micro_f1': 0.09119218792049517}, {'threshold': 0.7, 'micro_f1': 0.11728053170866795}, {'threshold': 0.8, 'micro_f1': 0.15180580224985196}, {'threshold': 0.9, 'micro_f1': 0.14556509298998568}]"
94,0.24082985622857614,0.1645008408495326,0.1997296138116602,0.09112131432281383,0.13714141682003364,0.6953068034065655,0.614732004861384,17.522376882646185,0.8427571058273315,0.2399999999997888,481,0.059808529913425446,0.18299743592654433,"[{'threshold': 0.1, 'micro_f1': 0.011137876747406157}, {'threshold': 0.2, 'micro_f1': 0.016386900031040964}, {'threshold': 0.3, 'micro_f1': 0.026191337520965568}, {'threshold': 0.4, 'micro_f1': 0.041734156711885}, {'threshold': 0.5, 'micro_f1': 0.06774178202749631}, {'threshold': 0.6, 'micro_f1': 0.0978530493542041}, {'threshold': 0.7, 'micro_f1': 0.12580054894784995}, {'threshold': 0.8, 'micro_f1': 0.1563425627817128}, {'threshold': 0.9, 'micro_f1': 0.14642451759364356}]"
95,0.23422450536773318,0.16296514193214173,0.2018685566576266,0.08662811105923691,0.1385403253959541,0.7005402397101825,0.6141903746654451,17.53072654943813,0.849263072013855,0.2399999999997888,481,0.06039828434586525,0.18284368227663908,"[{'threshold': 0.1, 'micro_f1': 0.011209895632006184}, {'threshold': 0.2, 'micro_f1': 0.016665295037445477}, {'threshold': 0.3, 'micro_f1': 0.026573408220040944}, {'threshold': 0.4, 'micro_f1': 0.0422045989318128}, {'threshold': 0.5, 'micro_f1': 0.0677356096435575}, {'threshold': 0.6, 'micro_f1': 0.0989118076985545}, {'threshold': 0.7, 'micro_f1': 0.12088148733041416}, {'threshold': 0.8, 'micro_f1': 0.1506650544135429}, {'threshold': 0.9, 'micro_f1': 0.14782450391407242}]"
96,0.2272080072650203,0.1607820250943389,0.20015610259729663,0.0886163750025401,0.1369287427164519,0.7006264873009622,0.6176872420462782,17.55620009839069,0.8432439565658569,0.22727272727244946,481,0.05749379098415375,0.17651750793656185,"[{'threshold': 0.1, 'micro_f1': 0.011444149203341455}, {'threshold': 0.2, 'micro_f1': 0.01725296885503025}, {'threshold': 0.3, 'micro_f1': 0.027767888928444288}, {'threshold': 0.4, 'micro_f1': 0.044302443719587185}, {'threshold': 0.5, 'micro_f1': 0.0709060762703599}, {'threshold': 0.6, 'micro_f1': 0.09983261084166703}, {'threshold': 0.7, 'micro_f1': 0.12670157068062826}, {'threshold': 0.8, 'micro_f1': 0.14910464124741135}, {'threshold': 0.9, 'micro_f1': 0.14755295836376914}]"
97,0.22129577934426606,0.16784758305730116,0.2011781919776596,0.08924370271408147,0.1381796968264445,0.6987595436575191,0.6107953023410415,17.51474792730843,0.8562682271003723,0.2399999999997888,481,0.055787235498428345,0.17363156263351817,"[{'threshold': 0.1, 'micro_f1': 0.011498062157801676}, {'threshold': 0.2, 'micro_f1': 0.017426465984878896}, {'threshold': 0.3, 'micro_f1': 0.02878896543730395}, {'threshold': 0.4, 'micro_f1': 0.04707468471757998}, {'threshold': 0.5, 'micro_f1': 0.07295993395423235}, {'threshold': 0.6, 'micro_f1': 0.10551322277005827}, {'threshold': 0.7, 'micro_f1': 0.13621440024433074}, {'threshold': 0.8, 'micro_f1': 0.15719105335499187}, {'threshold': 0.9, 'micro_f1': 0.14550166604961123}]"
98,0.21446405619225173,0.16881522406335314,0.20061693842925982,0.08940117204225034,0.13776835281891964,0.6989231204208256,0.6151338680152288,17.478925852166444,0.8535664081573486,0.2390438247009787,481,0.054249800741672516,0.16899455404033356,"[{'threshold': 0.1, 'micro_f1': 0.011649070224034755}, {'threshold': 0.2, 'micro_f1': 0.018023631496353734}, {'threshold': 0.3, 'micro_f1': 0.029266826923076923}, {'threshold': 0.4, 'micro_f1': 0.047040229885057475}, {'threshold': 0.5, 'micro_f1': 0.07479572595851666}, {'threshold': 0.6, 'micro_f1': 0.10547032249407344}, {'threshold': 0.7, 'micro_f1': 0.13176909331054307}, {'threshold': 0.8, 'micro_f1': 0.15620365793376173}, {'threshold': 0.9, 'micro_f1': 0.15150960658737417}]"
99,0.20811052297158217,0.1619982673977125,0.200525013752022,0.08536152671107308,0.13564622217634717,0.7046571444550913,0.606811235883441,17.542858437166508,0.8414490222930908,0.2399999999997888,481,0.05212954431772232,0.16331589337258245,"[{'threshold': 0.1, 'micro_f1': 0.012064116032396896}, {'threshold': 0.2, 'micro_f1': 0.018932462315635716}, {'threshold': 0.3, 'micro_f1': 0.030363697030363696}, {'threshold': 0.4, 'micro_f1': 0.049170954831332186}, {'threshold': 0.5, 'micro_f1': 0.07418135006838844}, {'threshold': 0.6, 'micro_f1': 0.10327006631603018}, {'threshold': 0.7, 'micro_f1': 0.130881557598702}, {'threshold': 0.8, 'micro_f1': 0.15358361774744023}, {'threshold': 0.9, 'micro_f1': 0.1482425787652522}]"
100,0.2027207217203877,0.16111031621069122,0.19896346030950807,0.08964932320830536,0.13617315295787885,0.7010897356690833,0.6103230133078534,17.464071453083644,0.8322312235832214,0.2399999999997888,481,0.0504494272172451,0.1593578217169551,"[{'threshold': 0.1, 'micro_f1': 0.012167547431343672}, {'threshold': 0.2, 'micro_f1': 0.019241260027656668}, {'threshold': 0.3, 'micro_f1': 0.03188789308568623}, {'threshold': 0.4, 'micro_f1': 0.05089647194910353}, {'threshold': 0.5, 'micro_f1': 0.07826714000443755}, {'threshold': 0.6, 'micro_f1': 0.10562420711365879}, {'threshold': 0.7, 'micro_f1': 0.13220926567916796}, {'threshold': 0.8, 'micro_f1': 0.15594246782740345}, {'threshold': 0.9, 'micro_f1': 0.1540708287696239}]"
101,0.1968354512617071,0.16905850812126264,0.20127462087951567,0.09337842833755844,0.14105784157176307,0.701488755273851,0.6085166698899901,17.442148904893518,0.8439328074455261,0.2399999999997888,481,0.04703440144658089,0.15288279938920735,"[{'threshold': 0.1, 'micro_f1': 0.012337941847524271}, {'threshold': 0.2, 'micro_f1': 0.020285553360213853}, {'threshold': 0.3, 'micro_f1': 0.034125828885654214}, {'threshold': 0.4, 'micro_f1': 0.05531406404239475}, {'threshold': 0.5, 'micro_f1': 0.08446604947827972}, {'threshold': 0.6, 'micro_f1': 0.11703402636652598}, {'threshold': 0.7, 'micro_f1': 0.14321673465844975}, {'threshold': 0.8, 'micro_f1': 0.16207627118644066}, {'threshold': 0.9, 'micro_f1': 0.14947289156626503}]"
102,0.19091898060980297,0.16136631330928372,0.1971207467521466,0.08856249648013662,0.13346280989236575,0.7007334471126618,0.6134253353662993,17.250498873612806,0.7801851630210876,0.21739130434750262,481,0.04629241302609444,0.14952948259937046,"[{'threshold': 0.1, 'micro_f1': 0.012586393547749458}, {'threshold': 0.2, 'micro_f1': 0.020765978033837753}, {'threshold': 0.3, 'micro_f1': 0.03447892954305702}, {'threshold': 0.4, 'micro_f1': 0.05462959741118341}, {'threshold': 0.5, 'micro_f1': 0.08369066082778336}, {'threshold': 0.6, 'micro_f1': 0.10990460726608484}, {'threshold': 0.7, 'micro_f1': 0.14043583535108956}, {'threshold': 0.8, 'micro_f1': 0.15990700077499354}, {'threshold': 0.9, 'micro_f1': 0.14920337394564195}]"
103,0.18566436111611664,0.16707616707567002,0.20418467096023543,0.09056199471019263,0.14011121046117656,0.7005329681091866,0.6123773759661895,17.32634565643256,0.8301641941070557,0.23199999999978876,481,0.04591970145702362,0.1476676378879603,"[{'threshold': 0.1, 'micro_f1': 0.012626966086974842}, {'threshold': 0.2, 'micro_f1': 0.02094842151223494}, {'threshold': 0.3, 'micro_f1': 0.0347737483210597}, {'threshold': 0.4, 'micro_f1': 0.05546888542208355}, {'threshold': 0.5, 'micro_f1': 0.08217930029154519}, {'threshold': 0.6, 'micro_f1': 0.11219094617050204}, {'threshold': 0.7, 'micro_f1': 0.13911155644622578}, {'threshold': 0.8, 'micro_f1': 0.1633701515540714}, {'threshold': 0.9, 'micro_f1': 0.1504818383988139}]"
104,0.18020566312408953,0.15876708345399607,0.2035979409015123,0.08353462400214451,0.13817598005454812,0.7137707787307618,0.6205796640637687,17.432104482548706,0.8329813480377197,0.22580645161270288,481,0.044843629002571106,0.14530322202098897,"[{'threshold': 0.1, 'micro_f1': 0.013155207705057393}, {'threshold': 0.2, 'micro_f1': 0.022117504731799645}, {'threshold': 0.3, 'micro_f1': 0.03655934646804421}, {'threshold': 0.4, 'micro_f1': 0.05866695442609978}, {'threshold': 0.5, 'micro_f1': 0.08694029850746268}, {'threshold': 0.6, 'micro_f1': 0.11408090117767537}, {'threshold': 0.7, 'micro_f1': 0.14197633727712045}, {'threshold': 0.8, 'micro_f1': 0.15621031242062483}, {'threshold': 0.9, 'micro_f1': 0.15012815818381542}]"
105,0.17483414228631075,0.16578138104506976,0.2036588333524397,0.09584203705192658,0.14059924798391882,0.6994680940080342,0.6229895505685216,17.241917690322627,0.8006544709205627,0.22580645161270288,481,0.0410425029695034,0.13713964312632235,"[{'threshold': 0.1, 'micro_f1': 0.013157664863893541}, {'threshold': 0.2, 'micro_f1': 0.02316676036617059}, {'threshold': 0.3, 'micro_f1': 0.03886336929815191}, {'threshold': 0.4, 'micro_f1': 0.06199060505078893}, {'threshold': 0.5, 'micro_f1': 0.09203614204664845}, {'threshold': 0.6, 'micro_f1': 0.12389688806316768}, {'threshold': 0.7, 'micro_f1': 0.1515626440490458}, {'threshold': 0.8, 'micro_f1': 0.16529616724738674}, {'threshold': 0.9, 'micro_f1': 0.15007656967840732}]"
106,0.1698581795528452,0.16839889488175255,0.20550558964511537,0.0926069029934407,0.14148418949764138,0.7113724337157967,0.619905217649693,17.22449743594137,0.8042386770248413,0.21276595744646545,481,0.041606511920690536,0.13720637808939767,"[{'threshold': 0.1, 'micro_f1': 0.01349673786867372}, {'threshold': 0.2, 'micro_f1': 0.023280602856248906}, {'threshold': 0.3, 'micro_f1': 0.03922970940566464}, {'threshold': 0.4, 'micro_f1': 0.06433245685138689}, {'threshold': 0.5, 'micro_f1': 0.09466108786610879}, {'threshold': 0.6, 'micro_f1': 0.11711711711711711}, {'threshold': 0.7, 'micro_f1': 0.15008270218507877}, {'threshold': 0.8, 'micro_f1': 0.1674864095262749}, {'threshold': 0.9, 'micro_f1': 0.15418828762045958}]"
107,0.16466497681128284,0.17170029559132716,0.20496248825276614,0.09525354040177457,0.14026786602182817,0.7101395062151243,0.6185903804655777,17.176325139091546,0.7791557908058167,0.22580645161270288,481,0.037325531244277954,0.12720106896383293,"[{'threshold': 0.1, 'micro_f1': 0.01406464451449203}, {'threshold': 0.2, 'micro_f1': 0.0256287996185481}, {'threshold': 0.3, 'micro_f1': 0.043562806511184216}, {'threshold': 0.4, 'micro_f1': 0.0697928026172301}, {'threshold': 0.5, 'micro_f1': 0.0981693978585409}, {'threshold': 0.6, 'micro_f1': 0.12747875354107646}, {'threshold': 0.7, 'micro_f1': 0.15639183055975792}, {'threshold': 0.8, 'micro_f1': 0.16682805367270714}, {'threshold': 0.9, 'micro_f1': 0.1574981160512434}]"
108,0.15967636086322642,0.17407757805058802,0.2068683333036456,0.09498161380564091,0.14327402766708336,0.7142746861090394,0.6198451236567223,17.34808159172636,0.7964693307876587,0.2399999999997888,481,0.037712905555963516,0.12828795631162804,"[{'threshold': 0.1, 'micro_f1': 0.014210781646595925}, {'threshold': 0.2, 'micro_f1': 0.025730345039321728}, {'threshold': 0.3, 'micro_f1': 0.04398735692735022}, {'threshold': 0.4, 'micro_f1': 0.07100460173843452}, {'threshold': 0.5, 'micro_f1': 0.10178503608051652}, {'threshold': 0.6, 'micro_f1': 0.1291425083918218}, {'threshold': 0.7, 'micro_f1': 0.1576009838236685}, {'threshold': 0.8, 'micro_f1': 0.17354352296093212}, {'threshold': 0.9, 'micro_f1': 0.1553507617077299}]"
109,0.1552590747516622,0.1730426436303792,0.20713850608255707,0.09266387158003923,0.142736577652361,0.7117146173827275,0.6212710665855077,17.28744859397363,0.8102112412452698,0.22580645161270288,481,0.03783055767416954,0.12650329218220505,"[{'threshold': 0.1, 'micro_f1': 0.014386977047765759}, {'threshold': 0.2, 'micro_f1': 0.025839357090751247}, {'threshold': 0.3, 'micro_f1': 0.04316238808099785}, {'threshold': 0.4, 'micro_f1': 0.06921241050119331}, {'threshold': 0.5, 'micro_f1': 0.09953468082012505}, {'threshold': 0.6, 'micro_f1': 0.1321293329449461}, {'threshold': 0.7, 'micro_f1': 0.15032621324515147}, {'threshold': 0.8, 'micro_f1': 0.17240466101694912}, {'threshold': 0.9, 'micro_f1': 0.15821727019498605}]"
110,0.1499471706215036,0.17420390687667422,0.20855053933844073,0.09428605148038748,0.14189684738688524,0.7099871599770158,0.6248820569030212,17.26406071713885,0.7959080338478088,0.21739130434750262,481,0.03582581877708435,0.12155488559237387,"[{'threshold': 0.1, 'micro_f1': 0.014716054506467456}, {'threshold': 0.2, 'micro_f1': 0.026821024923491716}, {'threshold': 0.3, 'micro_f1': 0.04587552796295354}, {'threshold': 0.4, 'micro_f1': 0.07204403465174071}, {'threshold': 0.5, 'micro_f1': 0.1041642590238453}, {'threshold': 0.6, 'micro_f1': 0.13497688751926037}, {'threshold': 0.7, 'micro_f1': 0.15870656011893697}, {'threshold': 0.8, 'micro_f1': 0.17207219432758852}, {'threshold': 0.9, 'micro_f1': 0.15563037785260006}]"
111,0.14572156547869325,0.1716361814076706,0.20598840008235425,0.09572719698420143,0.1411925746762229,0.7151067380626386,0.6199601484317406,17.20002240054794,0.7692247033119202,0.21374045801499794,481,0.03378872945904732,0.11672704127169878,"[{'threshold': 0.1, 'micro_f1': 0.015527019411771759}, {'threshold': 0.2, 'micro_f1': 0.02823386032025458}, {'threshold': 0.3, 'micro_f1': 0.04925835731680319}, {'threshold': 0.4, 'micro_f1': 0.07819239642892968}, {'threshold': 0.5, 'micro_f1': 0.10779627492994891}, {'threshold': 0.6, 'micro_f1': 0.13526125534012487}, {'threshold': 0.7, 'micro_f1': 0.1612463485881207}, {'threshold': 0.8, 'micro_f1': 0.16752613240418116}, {'threshold': 0.9, 'micro_f1': 0.1607680722891566}]"
112,0.14216890410771446,0.177640072294879,0.20878470754981643,0.09572164609719058,0.1421214786784663,0.7112509876589272,0.6153164089818991,17.21357633922409,0.7828382253646851,0.21374045801499794,481,0.03334731608629227,0.11448136608363524,"[{'threshold': 0.1, 'micro_f1': 0.015631356402322515}, {'threshold': 0.2, 'micro_f1': 0.029073144784820936}, {'threshold': 0.3, 'micro_f1': 0.049574794367768016}, {'threshold': 0.4, 'micro_f1': 0.0761678822905888}, {'threshold': 0.5, 'micro_f1': 0.10713844887883152}, {'threshold': 0.6, 'micro_f1': 0.13487500807441377}, {'threshold': 0.7, 'micro_f1': 0.16493456505003845}, {'threshold': 0.8, 'micro_f1': 0.17553408627024084}, {'threshold': 0.9, 'micro_f1': 0.15914221218961622}]"
113,0.13763940172693717,0.17495133030449733,0.2091572187233826,0.0944808196202056,0.14263944710255647,0.7155890681563783,0.6180134280294205,17.25480940033478,0.7747538089752197,0.22580645161270288,481,0.03243036940693855,0.11220600713188812,"[{'threshold': 0.1, 'micro_f1': 0.0159753257380248}, {'threshold': 0.2, 'micro_f1': 0.029762805137181176}, {'threshold': 0.3, 'micro_f1': 0.05197360805648802}, {'threshold': 0.4, 'micro_f1': 0.0796676188003116}, {'threshold': 0.5, 'micro_f1': 0.11110171641160058}, {'threshold': 0.6, 'micro_f1': 0.14169446297531685}, {'threshold': 0.7, 'micro_f1': 0.1666992760712189}, {'threshold': 0.8, 'micro_f1': 0.1713330547430004}, {'threshold': 0.9, 'micro_f1': 0.15678848702897175}]"
114,0.1336805199977582,0.1790857858479681,0.21051491401593034,0.09920592522049324,0.14720701881278705,0.7069927186313341,0.6130082536736237,17.17696319403728,0.7565865516662598,0.22580645161270288,481,0.030784504488110542,0.10824963960603588,"[{'threshold': 0.1, 'micro_f1': 0.016089153376076613}, {'threshold': 0.2, 'micro_f1': 0.03118220429614691}, {'threshold': 0.3, 'micro_f1': 0.05368794656003472}, {'threshold': 0.4, 'micro_f1': 0.08456096545984186}, {'threshold': 0.5, 'micro_f1': 0.11658390372656914}, {'threshold': 0.6, 'micro_f1': 0.14809128341126385}, {'threshold': 0.7, 'micro_f1': 0.17149220489977726}, {'threshold': 0.8, 'micro_f1': 0.17093525179856112}, {'threshold': 0.9, 'micro_f1': 0.16167778836987604}]"
115,0.12905244107441927,0.17559626685052976,0.20927383184601125,0.09711089529979491,0.14194463375937622,0.7170773125190323,0.6197126685621751,17.17123623105904,0.743415355682373,0.21739130434750262,481,0.030055010691285133,0.10431416687888773,"[{'threshold': 0.1, 'micro_f1': 0.017009641773921527}, {'threshold': 0.2, 'micro_f1': 0.03275845610462341}, {'threshold': 0.3, 'micro_f1': 0.05497290960362473}, {'threshold': 0.4, 'micro_f1': 0.08576319703645498}, {'threshold': 0.5, 'micro_f1': 0.11505016722408026}, {'threshold': 0.6, 'micro_f1': 0.1439656366911459}, {'threshold': 0.7, 'micro_f1': 0.17253803042433943}, {'threshold': 0.8, 'micro_f1': 0.16845928202262883}, {'threshold': 0.9, 'micro_f1': 0.1643166008648242}]"
116,0.12556966969733516,0.18422762115059835,0.20961518706790472,0.09989535492940028,0.14497558623918208,0.7198915220764601,0.6175698214399501,17.209275318776395,0.7766523361206055,0.21739130434750262,481,0.02877729758620262,0.10093987649238934,"[{'threshold': 0.1, 'micro_f1': 0.017556067012792376}, {'threshold': 0.2, 'micro_f1': 0.03453047998379802}, {'threshold': 0.3, 'micro_f1': 0.05887483645878761}, {'threshold': 0.4, 'micro_f1': 0.09005439924314096}, {'threshold': 0.5, 'micro_f1': 0.12275449101796407}, {'threshold': 0.6, 'micro_f1': 0.15041310641903818}, {'threshold': 0.7, 'micro_f1': 0.1768803634528016}, {'threshold': 0.8, 'micro_f1': 0.17642947015238358}, {'threshold': 0.9, 'micro_f1': 0.16180620884289743}]"
117,0.12150774427034237,0.1821418789367777,0.21022806934814692,0.10015225475747225,0.14649649025055453,0.7251525045695737,0.6115951502663945,17.179224255530425,0.8041071891784668,0.21862348178118177,481,0.02824832685291767,0.09785171724759285,"[{'threshold': 0.1, 'micro_f1': 0.01861550893364858}, {'threshold': 0.2, 'micro_f1': 0.03555780986278848}, {'threshold': 0.3, 'micro_f1': 0.061790017211703956}, {'threshold': 0.4, 'micro_f1': 0.09227335467387154}, {'threshold': 0.5, 'micro_f1': 0.11900317341795781}, {'threshold': 0.6, 'micro_f1': 0.149108138238573}, {'threshold': 0.7, 'micro_f1': 0.17610435813815592}, {'threshold': 0.8, 'micro_f1': 0.18179362506753105}, {'threshold': 0.9, 'micro_f1': 0.1705969049373618}]"
118,0.11810203645595167,0.1849462365586458,0.2097383408001088,0.09676018140276452,0.1422721226710619,0.7230405653204344,0.6278550545526893,17.20967607908226,0.7582799792289734,0.22580645161270288,481,0.027698298916220665,0.0953444064046077,"[{'threshold': 0.1, 'micro_f1': 0.0189390556873464}, {'threshold': 0.2, 'micro_f1': 0.03613158367787165}, {'threshold': 0.3, 'micro_f1': 0.06290611499420463}, {'threshold': 0.4, 'micro_f1': 0.09237847689044247}, {'threshold': 0.5, 'micro_f1': 0.12222014576714632}, {'threshold': 0.6, 'micro_f1': 0.14900314795383}, {'threshold': 0.7, 'micro_f1': 0.17765099350777097}, {'threshold': 0.8, 'micro_f1': 0.17985807860262007}, {'threshold': 0.9, 'micro_f1': 0.164327917282127}]"
119,0.11457268038281689,0.1827635512798853,0.20659216489547508,0.09751663747800896,0.14050051261052765,0.7248172335906481,0.6172844304154286,17.170169198392394,0.7787430882453918,0.22580645161270288,481,0.026359401643276215,0.09163598408282705,"[{'threshold': 0.1, 'micro_f1': 0.019497657195293276}, {'threshold': 0.2, 'micro_f1': 0.03787842647100917}, {'threshold': 0.3, 'micro_f1': 0.06438264240978228}, {'threshold': 0.4, 'micro_f1': 0.09572714593635095}, {'threshold': 0.5, 'micro_f1': 0.12134986906467711}, {'threshold': 0.6, 'micro_f1': 0.1481320904689645}, {'threshold': 0.7, 'micro_f1': 0.17505604238842468}, {'threshold': 0.8, 'micro_f1': 0.178393351800554}, {'threshold': 0.9, 'micro_f1': 0.1673144549324449}]"
120,0.11139907396186596,0.1907918096811261,0.20866738729341164,0.09907149014473415,0.14225926817180465,0.7199682791304585,0.6250369393478489,17.140401903812634,0.7132784128189087,0.21862348178118177,481,0.0238166656345129,0.08699782069057037,"[{'threshold': 0.1, 'micro_f1': 0.0200303000725674}, {'threshold': 0.2, 'micro_f1': 0.04072794870982393}, {'threshold': 0.3, 'micro_f1': 0.0700684478751306}, {'threshold': 0.4, 'micro_f1': 0.10444930707512765}, {'threshold': 0.5, 'micro_f1': 0.13689331372327188}, {'threshold': 0.6, 'micro_f1': 0.16730481105377057}, {'threshold': 0.7, 'micro_f1': 0.18822990611403706}, {'threshold': 0.8, 'micro_f1': 0.18338890572900876}, {'threshold': 0.9, 'micro_f1': 0.15873634945397813}]"
121,0.10807924315569893,0.18762317698018607,0.21012089165837405,0.09911967325427762,0.14514236691650345,0.7232669975926052,0.628392191129435,17.226320694664665,0.7619263529777527,0.21739130434750262,481,0.024674462154507637,0.08849944633262725,"[{'threshold': 0.1, 'micro_f1': 0.02002685915729394}, {'threshold': 0.2, 'micro_f1': 0.039869945133103026}, {'threshold': 0.3, 'micro_f1': 0.06916731011500793}, {'threshold': 0.4, 'micro_f1': 0.10133444537114263}, {'threshold': 0.5, 'micro_f1': 0.13522519617327744}, {'threshold': 0.6, 'micro_f1': 0.1644830307813733}, {'threshold': 0.7, 'micro_f1': 0.18495092693565973}, {'threshold': 0.8, 'micro_f1': 0.18269230769230768}, {'threshold': 0.9, 'micro_f1': 0.1562258313998453}]"
122,0.10452489345950425,0.190657045195096,0.21120506897004157,0.10108059202512014,0.14594503205148104,0.7206449197188064,0.6253697538685269,17.185844140719162,0.766978919506073,0.21276595744646545,481,0.024877741932868958,0.0867444443757936,"[{'threshold': 0.1, 'micro_f1': 0.02036816350405748}, {'threshold': 0.2, 'micro_f1': 0.04109957947506888}, {'threshold': 0.3, 'micro_f1': 0.06977345505897328}, {'threshold': 0.4, 'micro_f1': 0.10111379495437467}, {'threshold': 0.5, 'micro_f1': 0.12695322506275936}, {'threshold': 0.6, 'micro_f1': 0.15524163568773233}, {'threshold': 0.7, 'micro_f1': 0.18397198187062214}, {'threshold': 0.8, 'micro_f1': 0.18655036578503092}, {'threshold': 0.9, 'micro_f1': 0.17039522744220728}]"
123,0.10149234895983701,0.18558389889957846,0.21172391937501175,0.09972256682853388,0.1448617635853132,0.7264117323505068,0.6285413256810143,17.173045301580057,0.7375015020370483,0.21739130434750262,481,0.023736461997032166,0.08295849580511136,"[{'threshold': 0.1, 'micro_f1': 0.02167663452916871}, {'threshold': 0.2, 'micro_f1': 0.04249670908293111}, {'threshold': 0.3, 'micro_f1': 0.07208156043307916}, {'threshold': 0.4, 'micro_f1': 0.10321852857193217}, {'threshold': 0.5, 'micro_f1': 0.13497259034541487}, {'threshold': 0.6, 'micro_f1': 0.1583884361064124}, {'threshold': 0.7, 'micro_f1': 0.18235109389720502}, {'threshold': 0.8, 'micro_f1': 0.1775910364145658}, {'threshold': 0.9, 'micro_f1': 0.16835776024051105}]"
124,0.09852625942104078,0.19516887558737883,0.21125781012171752,0.10791114014716918,0.14664972339490165,0.7237912984036184,0.6246249933634682,17.068315697034798,0.6789515018463135,0.22580645161270288,481,0.021714800968766212,0.07823776782416082,"[{'threshold': 0.1, 'micro_f1': 0.022602252373825356}, {'threshold': 0.2, 'micro_f1': 0.046239837398373985}, {'threshold': 0.3, 'micro_f1': 0.07948990435706695}, {'threshold': 0.4, 'micro_f1': 0.11141102374525681}, {'threshold': 0.5, 'micro_f1': 0.14233274126702192}, {'threshold': 0.6, 'micro_f1': 0.1750083416750083}, {'threshold': 0.7, 'micro_f1': 0.19367319071461078}, {'threshold': 0.8, 'micro_f1': 0.18698224852071002}, {'threshold': 0.9, 'micro_f1': 0.16702355460385437}]"
125,0.09548108327010321,0.19467077736133076,0.21231116215715093,0.10447136369820492,0.15014392268115073,0.7242334475844684,0.6211327601164051,17.10736742138361,0.6930255889892578,0.21428571428537754,481,0.02157730795443058,0.07738806957617583,"[{'threshold': 0.1, 'micro_f1': 0.022992177867408113}, {'threshold': 0.2, 'micro_f1': 0.04695294923212364}, {'threshold': 0.3, 'micro_f1': 0.07821441291701293}, {'threshold': 0.4, 'micro_f1': 0.11328002508623393}, {'threshold': 0.5, 'micro_f1': 0.1436516388593066}, {'threshold': 0.6, 'micro_f1': 0.17702576311538132}, {'threshold': 0.7, 'micro_f1': 0.19369369369369366}, {'threshold': 0.8, 'micro_f1': 0.18409919766593724}, {'threshold': 0.9, 'micro_f1': 0.16695518368917098}]"
126,0.09261647568493293,0.19919415764241302,0.2100721416538222,0.10835845712531086,0.14765356969892773,0.7235236283719682,0.6213084097325,17.06886630120205,0.7331135869026184,0.22580645161270288,481,0.02078915946185589,0.07455888145842178,"[{'threshold': 0.1, 'micro_f1': 0.02371035597007879}, {'threshold': 0.2, 'micro_f1': 0.04885710637211084}, {'threshold': 0.3, 'micro_f1': 0.08142857142857143}, {'threshold': 0.4, 'micro_f1': 0.1161264016309888}, {'threshold': 0.5, 'micro_f1': 0.14718770634491865}, {'threshold': 0.6, 'micro_f1': 0.17847001118664485}, {'threshold': 0.7, 'micro_f1': 0.1934448773779509}, {'threshold': 0.8, 'micro_f1': 0.1891851631163414}, {'threshold': 0.9, 'micro_f1': 0.16627906976744183}]"
127,0.09006008698984429,0.1938502673791936,0.21586834834705584,0.10433259715275417,0.15226007201644046,0.7293291723229255,0.6296639349760961,17.150990770130893,0.6999144554138184,0.21739130434750262,481,0.020752184092998505,0.07350340675370731,"[{'threshold': 0.1, 'micro_f1': 0.024393910111877}, {'threshold': 0.2, 'micro_f1': 0.050452203175938584}, {'threshold': 0.3, 'micro_f1': 0.08296377497633166}, {'threshold': 0.4, 'micro_f1': 0.11515515515515516}, {'threshold': 0.5, 'micro_f1': 0.1432637571157495}, {'threshold': 0.6, 'micro_f1': 0.173629679144385}, {'threshold': 0.7, 'micro_f1': 0.19349086045474806}, {'threshold': 0.8, 'micro_f1': 0.18674351585014407}, {'threshold': 0.9, 'micro_f1': 0.16909952606635067}]"
128,0.08735970273692772,0.20012492192330003,0.21509040486757355,0.10092210271985025,0.15235177461163715,0.7249373182944538,0.6292935462797327,17.141043494451978,0.7470393776893616,0.22580645161270288,481,0.020961003378033638,0.07341275647732484,"[{'threshold': 0.1, 'micro_f1': 0.024179192772056254}, {'threshold': 0.2, 'micro_f1': 0.0491027080027351}, {'threshold': 0.3, 'micro_f1': 0.07905774483027701}, {'threshold': 0.4, 'micro_f1': 0.11300327946580267}, {'threshold': 0.5, 'micro_f1': 0.14210681616996165}, {'threshold': 0.6, 'micro_f1': 0.1693816489361702}, {'threshold': 0.7, 'micro_f1': 0.1935270076217828}, {'threshold': 0.8, 'micro_f1': 0.1825259515570934}, {'threshold': 0.9, 'micro_f1': 0.1671057583741061}]"
129,0.08468913897950814,0.20211742059623303,0.21408263713095765,0.10420381878406862,0.15097895990292998,0.7354455993616144,0.6253222203652434,17.143827738167477,0.747671902179718,0.22580645161270288,481,0.020900659263134003,0.0713788642671082,"[{'threshold': 0.1, 'micro_f1': 0.025656022585398224}, {'threshold': 0.2, 'micro_f1': 0.05112250682204675}, {'threshold': 0.3, 'micro_f1': 0.08142641986105038}, {'threshold': 0.4, 'micro_f1': 0.11322645290581163}, {'threshold': 0.5, 'micro_f1': 0.14170063730837687}, {'threshold': 0.6, 'micro_f1': 0.16771589991928973}, {'threshold': 0.7, 'micro_f1': 0.1909707503179313}, {'threshold': 0.8, 'micro_f1': 0.19300194390447095}, {'threshold': 0.9, 'micro_f1': 0.17065097462302314}]"
130,0.08244391223267904,0.20371785077617566,0.2158717732075422,0.10559851189596586,0.15437873502727303,0.7269241645498918,0.6269746552359902,17.16353450790419,0.7385916113853455,0.22580645161270288,481,0.019377650693058968,0.06817487347433823,"[{'threshold': 0.1, 'micro_f1': 0.02601585874082303}, {'threshold': 0.2, 'micro_f1': 0.053212365973664}, {'threshold': 0.3, 'micro_f1': 0.08598914387058634}, {'threshold': 0.4, 'micro_f1': 0.12063628546861566}, {'threshold': 0.5, 'micro_f1': 0.1506900410294666}, {'threshold': 0.6, 'micro_f1': 0.17728386419320963}, {'threshold': 0.7, 'micro_f1': 0.19457116788321163}, {'threshold': 0.8, 'micro_f1': 0.1914045192733717}, {'threshold': 0.9, 'micro_f1': 0.17047184170471838}]"
131,0.08011243389870124,0.20259319286824973,0.21462463638828613,0.10702252279868935,0.1535586407472353,0.7282316106164355,0.6249817504713119,17.17616039371902,0.6330390572547913,0.22580645161270288,481,0.018009774386882782,0.06440519091889074,"[{'threshold': 0.1, 'micro_f1': 0.027802470069789875}, {'threshold': 0.2, 'micro_f1': 0.05775113941437223}, {'threshold': 0.3, 'micro_f1': 0.09456805323483716}, {'threshold': 0.4, 'micro_f1': 0.12939587311938144}, {'threshold': 0.5, 'micro_f1': 0.16006919033996406}, {'threshold': 0.6, 'micro_f1': 0.19334009777695782}, {'threshold': 0.7, 'micro_f1': 0.19857142857142854}, {'threshold': 0.8, 'micro_f1': 0.1919975657994827}, {'threshold': 0.9, 'micro_f1': 0.16935954837453765}]"
132,0.077747282567163,0.2050326188252223,0.21698286828591457,0.10919831342424169,0.15365714590288815,0.7280254223290994,0.6256851679095787,17.085575659546095,0.7424290180206299,0.22580645161270288,481,0.017822211608290672,0.0630777877704093,"[{'threshold': 0.1, 'micro_f1': 0.028658762143955765}, {'threshold': 0.2, 'micro_f1': 0.05887679720390818}, {'threshold': 0.3, 'micro_f1': 0.09434626900722128}, {'threshold': 0.4, 'micro_f1': 0.12807927826859253}, {'threshold': 0.5, 'micro_f1': 0.15576365963753958}, {'threshold': 0.6, 'micro_f1': 0.18835396607060978}, {'threshold': 0.7, 'micro_f1': 0.2021582733812949}, {'threshold': 0.8, 'micro_f1': 0.19709355131698453}, {'threshold': 0.9, 'micro_f1': 0.17506321727290408}]"
133,0.07529547893338734,0.20074540547437564,0.2175894473119382,0.10178051372722495,0.15392551162700463,0.7301685543645262,0.6348714318161294,17.180852404870663,0.7493242621421814,0.21739130434750262,481,0.018014920875430107,0.06193242019901999,"[{'threshold': 0.1, 'micro_f1': 0.02898008787510517}, {'threshold': 0.2, 'micro_f1': 0.05915362355912964}, {'threshold': 0.3, 'micro_f1': 0.09249803040471535}, {'threshold': 0.4, 'micro_f1': 0.12647286292707338}, {'threshold': 0.5, 'micro_f1': 0.15064766839378235}, {'threshold': 0.6, 'micro_f1': 0.17935611155950137}, {'threshold': 0.7, 'micro_f1': 0.19828277046365195}, {'threshold': 0.8, 'micro_f1': 0.18997668997668996}, {'threshold': 0.9, 'micro_f1': 0.16791323859386684}]"
134,0.07359744336396928,0.20116204002532384,0.21782119779396306,0.1065925945326664,0.15868132872429547,0.7321367198023663,0.6180234803118422,17.13959775805878,0.75518399477005,0.21739130434750262,481,0.017806991934776306,0.06025687975605638,"[{'threshold': 0.1, 'micro_f1': 0.03059627251413982}, {'threshold': 0.2, 'micro_f1': 0.061731237255804774}, {'threshold': 0.3, 'micro_f1': 0.09700563296768455}, {'threshold': 0.4, 'micro_f1': 0.1236340359380001}, {'threshold': 0.5, 'micro_f1': 0.15416344418664601}, {'threshold': 0.6, 'micro_f1': 0.1776008308810801}, {'threshold': 0.7, 'micro_f1': 0.19279803176023258}, {'threshold': 0.8, 'micro_f1': 0.19701916252661458}, {'threshold': 0.9, 'micro_f1': 0.17556828682313802}]"
135,0.07079683591133704,0.19937451133648246,0.21905982699425283,0.1057626814389002,0.15386057928257527,0.7365324783485228,0.6340121787242559,17.17714992563545,0.758001983165741,0.21201413427527227,481,0.017836803570389748,0.06047369332576641,"[{'threshold': 0.1, 'micro_f1': 0.030167689609820254}, {'threshold': 0.2, 'micro_f1': 0.060838989287758605}, {'threshold': 0.3, 'micro_f1': 0.09421967011396595}, {'threshold': 0.4, 'micro_f1': 0.12830464362357882}, {'threshold': 0.5, 'micro_f1': 0.1544526302184309}, {'threshold': 0.6, 'micro_f1': 0.18057770689349634}, {'threshold': 0.7, 'micro_f1': 0.19378881987577637}, {'threshold': 0.8, 'micro_f1': 0.19166545665747056}, {'threshold': 0.9, 'micro_f1': 0.17096235861301684}]"
136,0.06919621350982832,0.20800361745372906,0.21765140498696983,0.10654983381620228,0.15740316810454838,0.7281102567106039,0.6161314868503239,17.164764983497275,0.6772938370704651,0.21374045801499794,481,0.016151588410139084,0.05566733620074004,"[{'threshold': 0.1, 'micro_f1': 0.03240754855034907}, {'threshold': 0.2, 'micro_f1': 0.0678376967255911}, {'threshold': 0.3, 'micro_f1': 0.10529801324503311}, {'threshold': 0.4, 'micro_f1': 0.1382328990228013}, {'threshold': 0.5, 'micro_f1': 0.167340855865446}, {'threshold': 0.6, 'micro_f1': 0.1951587077328812}, {'threshold': 0.7, 'micro_f1': 0.20385674931129472}, {'threshold': 0.8, 'micro_f1': 0.19582712369597613}, {'threshold': 0.9, 'micro_f1': 0.16739253929180076}]"
137,0.06695338480529331,0.2056250841066188,0.21559568470540535,0.10804856605842655,0.1539063203657404,0.7371302687621575,0.6331233163816532,17.215902223396395,0.7760542631149292,0.21276595744646545,481,0.01681891269981861,0.05624091409254166,"[{'threshold': 0.1, 'micro_f1': 0.032722729804175385}, {'threshold': 0.2, 'micro_f1': 0.06702178831661648}, {'threshold': 0.3, 'micro_f1': 0.10148632017419294}, {'threshold': 0.4, 'micro_f1': 0.13663757774456392}, {'threshold': 0.5, 'micro_f1': 0.16004821536195002}, {'threshold': 0.6, 'micro_f1': 0.18491440798858771}, {'threshold': 0.7, 'micro_f1': 0.20090497737556556}, {'threshold': 0.8, 'micro_f1': 0.20231461637376766}, {'threshold': 0.9, 'micro_f1': 0.17396081303790512}]"
138,0.06503697721258042,0.21215932913996205,0.22133441035174628,0.11208429014829902,0.15928464129708458,0.735815596320035,0.6340867860702523,17.13061804587743,0.7621831297874451,0.22580645161270288,481,0.015477526001632214,0.05278002179583415,"[{'threshold': 0.1, 'micro_f1': 0.03448863221588651}, {'threshold': 0.2, 'micro_f1': 0.070125237637928}, {'threshold': 0.3, 'micro_f1': 0.10766436107035562}, {'threshold': 0.4, 'micro_f1': 0.13841196048391358}, {'threshold': 0.5, 'micro_f1': 0.17173263357387564}, {'threshold': 0.6, 'micro_f1': 0.196149447197865}, {'threshold': 0.7, 'micro_f1': 0.2031722968882431}, {'threshold': 0.8, 'micro_f1': 0.20157862780813599}, {'threshold': 0.9, 'micro_f1': 0.1737636051174336}]"
139,0.06324986090499257,0.20917040888629515,0.21627077502437828,0.11115943387443676,0.15358638780239478,0.7333960960110782,0.6302363637198969,17.12433023372166,0.6822080016136169,0.21292775665371888,481,0.014846978709101677,0.04990319975242051,"[{'threshold': 0.1, 'micro_f1': 0.0363346254238317}, {'threshold': 0.2, 'micro_f1': 0.07382009707735206}, {'threshold': 0.3, 'micro_f1': 0.1119698124160952}, {'threshold': 0.4, 'micro_f1': 0.14510902400175757}, {'threshold': 0.5, 'micro_f1': 0.1757028861212618}, {'threshold': 0.6, 'micro_f1': 0.19992236024844717}, {'threshold': 0.7, 'micro_f1': 0.206102193358657}, {'threshold': 0.8, 'micro_f1': 0.20385085574572123}, {'threshold': 0.9, 'micro_f1': 0.17062883435582818}]"
140,0.061920340828321596,0.2076809848783974,0.21721505273363986,0.10698284867378109,0.1537690363300753,0.7387907381440102,0.6320448252887043,17.158729998445303,0.7544453740119934,0.21276595744646545,481,0.01558473240584135,0.05140110270052556,"[{'threshold': 0.1, 'micro_f1': 0.03612657884014668}, {'threshold': 0.2, 'micro_f1': 0.07241556796135724}, {'threshold': 0.3, 'micro_f1': 0.10546834923566226}, {'threshold': 0.4, 'micro_f1': 0.13435897435897437}, {'threshold': 0.5, 'micro_f1': 0.16845827439886843}, {'threshold': 0.6, 'micro_f1': 0.1876379690949227}, {'threshold': 0.7, 'micro_f1': 0.2003067122802878}, {'threshold': 0.8, 'micro_f1': 0.19900205459348397}, {'threshold': 0.9, 'micro_f1': 0.17250973845297715}]"
141,0.059549188527165266,0.21886792452780238,0.21401243432291506,0.11293577157263901,0.1517105981390727,0.7324452559289779,0.6251278538252666,17.21783889067474,0.7047719359397888,0.21138211382094915,481,0.013941323384642601,0.047267739415453966,"[{'threshold': 0.1, 'micro_f1': 0.03882664683185347}, {'threshold': 0.2, 'micro_f1': 0.07901944057827863}, {'threshold': 0.3, 'micro_f1': 0.11832701995548092}, {'threshold': 0.4, 'micro_f1': 0.1500667866891225}, {'threshold': 0.5, 'micro_f1': 0.18443530528313823}, {'threshold': 0.6, 'micro_f1': 0.2063459983831851}, {'threshold': 0.7, 'micro_f1': 0.21735206909887841}, {'threshold': 0.8, 'micro_f1': 0.19626749611197508}, {'threshold': 0.9, 'micro_f1': 0.17560400707130228}]"
142,0.05844148758936812,0.213905167820491,0.21979609250140836,0.11230084407677215,0.15729048702014298,0.738017922475763,0.6350962986182076,17.135683416237597,0.7355741858482361,0.21276595744646545,481,0.014332390390336514,0.04779308604096812,"[{'threshold': 0.1, 'micro_f1': 0.038133457940500076}, {'threshold': 0.2, 'micro_f1': 0.07757870934075492}, {'threshold': 0.3, 'micro_f1': 0.11402145483491907}, {'threshold': 0.4, 'micro_f1': 0.14822807814629713}, {'threshold': 0.5, 'micro_f1': 0.1793461655973113}, {'threshold': 0.6, 'micro_f1': 0.2043577753457367}, {'threshold': 0.7, 'micro_f1': 0.20901843547583457}, {'threshold': 0.8, 'micro_f1': 0.19533038303067296}, {'threshold': 0.9, 'micro_f1': 0.1680227057710501}]"
143,0.05659645839185311,0.21451378809819704,0.22476976968521517,0.11269234401803108,0.16096069544503788,0.7385889210802615,0.6298317532742822,17.157402473787005,0.7801126837730408,0.21276595744646545,481,0.014282908290624619,0.04728724293724991,"[{'threshold': 0.1, 'micro_f1': 0.03872678061621742}, {'threshold': 0.2, 'micro_f1': 0.07841330437262775}, {'threshold': 0.3, 'micro_f1': 0.11490057412265693}, {'threshold': 0.4, 'micro_f1': 0.14528610969892108}, {'threshold': 0.5, 'micro_f1': 0.18032029565753}, {'threshold': 0.6, 'micro_f1': 0.2001577598106882}, {'threshold': 0.7, 'micro_f1': 0.20830765438185625}, {'threshold': 0.8, 'micro_f1': 0.20675105485232065}, {'threshold': 0.9, 'micro_f1': 0.175226586102719}]"
144,0.05486748069918976,0.21434061710723587,0.21771358978372918,0.11384128415527606,0.15307221212688354,0.7397539720306467,0.6378105341846262,17.137046797856147,0.650185227394104,0.22580645161270288,481,0.013835174031555653,0.04508835376188925,"[{'threshold': 0.1, 'micro_f1': 0.041081895995953306}, {'threshold': 0.2, 'micro_f1': 0.08264501160092808}, {'threshold': 0.3, 'micro_f1': 0.1172739166633628}, {'threshold': 0.4, 'micro_f1': 0.14696374971138304}, {'threshold': 0.5, 'micro_f1': 0.17829042853869068}, {'threshold': 0.6, 'micro_f1': 0.20347297164720884}, {'threshold': 0.7, 'micro_f1': 0.21006944444444442}, {'threshold': 0.8, 'micro_f1': 0.20984102952308853}, {'threshold': 0.9, 'micro_f1': 0.17155928326343878}]"
145,0.053633272293068114,0.21676891615491936,0.22009120701408372,0.11303415399788826,0.1560395248451508,0.7402375730266159,0.6348390891888902,17.183727739996403,0.7499441504478455,0.21739130434750262,481,0.01346628088504076,0.043681950483336014,"[{'threshold': 0.1, 'micro_f1': 0.04203928294336232}, {'threshold': 0.2, 'micro_f1': 0.08476490233295692}, {'threshold': 0.3, 'micro_f1': 0.12390172469899122}, {'threshold': 0.4, 'micro_f1': 0.15472370766488414}, {'threshold': 0.5, 'micro_f1': 0.19077266922094505}, {'threshold': 0.6, 'micro_f1': 0.20612367420452268}, {'threshold': 0.7, 'micro_f1': 0.21373283395755305}, {'threshold': 0.8, 'micro_f1': 0.2057712645414715}, {'threshold': 0.9, 'micro_f1': 0.16938967136150232}]"
146,0.05206211624795167,0.21906895693253722,0.21565778646270406,0.11456156945653576,0.15045845386677914,0.7375151979291655,0.6323178895554102,17.197087069466736,0.685111939907074,0.21138211382094915,481,0.012598897330462933,0.04032022689809682,"[{'threshold': 0.1, 'micro_f1': 0.04620792428361791}, {'threshold': 0.2, 'micro_f1': 0.0912873999157185}, {'threshold': 0.3, 'micro_f1': 0.12946546124813482}, {'threshold': 0.4, 'micro_f1': 0.16236115518882893}, {'threshold': 0.5, 'micro_f1': 0.1916880112368834}, {'threshold': 0.6, 'micro_f1': 0.2130312792268523}, {'threshold': 0.7, 'micro_f1': 0.2178521261652407}, {'threshold': 0.8, 'micro_f1': 0.20249653259361994}, {'threshold': 0.9, 'micro_f1': 0.16882865440464664}]"
147,0.0507209917737378,0.2204894433776247,0.21965935601666314,0.11626848118560759,0.1560874650554263,0.7359070795179382,0.6242344785647864,17.11650374884293,0.676400363445282,0.21739130434750262,481,0.012930591590702534,0.04139786391090307,"[{'threshold': 0.1, 'micro_f1': 0.044915673240674615}, {'threshold': 0.2, 'micro_f1': 0.08911270738004551}, {'threshold': 0.3, 'micro_f1': 0.12830349531116794}, {'threshold': 0.4, 'micro_f1': 0.1549019607843137}, {'threshold': 0.5, 'micro_f1': 0.18978459530026107}, {'threshold': 0.6, 'micro_f1': 0.20933319718166032}, {'threshold': 0.7, 'micro_f1': 0.214878110077909}, {'threshold': 0.8, 'micro_f1': 0.20263641937461677}, {'threshold': 0.9, 'micro_f1': 0.17327014218009476}]"
148,0.048855906322834985,0.22286821705376408,0.2237516291860927,0.11524360081362586,0.15809849049115735,0.7403966454403893,0.6389561270033067,17.228028239611277,0.7517600655555725,0.21138211382094915,481,0.012802480719983578,0.04012122109446769,"[{'threshold': 0.1, 'micro_f1': 0.046302089851082466}, {'threshold': 0.2, 'micro_f1': 0.08975518961817852}, {'threshold': 0.3, 'micro_f1': 0.12454180861615421}, {'threshold': 0.4, 'micro_f1': 0.1569426436994505}, {'threshold': 0.5, 'micro_f1': 0.19083907580056747}, {'threshold': 0.6, 'micro_f1': 0.20938040492420384}, {'threshold': 0.7, 'micro_f1': 0.2175126903553299}, {'threshold': 0.8, 'micro_f1': 0.2145675265553869}, {'threshold': 0.9, 'micro_f1': 0.1784302653867871}]"
149,0.0477348277690234,0.22335025380661158,0.21650355200473334,0.11616415700351757,0.15251366381441983,0.7311424895029639,0.6261373579996478,17.100237921104405,0.6752023696899414,0.21276595744646545,481,0.012659276835620403,0.03932995387897881,"[{'threshold': 0.1, 'micro_f1': 0.04641311354636707}, {'threshold': 0.2, 'micro_f1': 0.0890330342897497}, {'threshold': 0.3, 'micro_f1': 0.12518486298390605}, {'threshold': 0.4, 'micro_f1': 0.16005964955884178}, {'threshold': 0.5, 'micro_f1': 0.19032709895361288}, {'threshold': 0.6, 'micro_f1': 0.21553418140448852}, {'threshold': 0.7, 'micro_f1': 0.2219126029132362}, {'threshold': 0.8, 'micro_f1': 0.20746634026927782}, {'threshold': 0.9, 'micro_f1': 0.17573696145124715}]"
150,0.04640857930536623,0.2263319044698039,0.22265248042435698,0.11651965333006814,0.16141501123557078,0.7380828782461978,0.6339749670897266,17.114159174313905,0.6710120439529419,0.21276595744646545,481,0.012067806906998158,0.037575987177443905,"[{'threshold': 0.1, 'micro_f1': 0.04842389304550472}, {'threshold': 0.2, 'micro_f1': 0.09567109226821377}, {'threshold': 0.3, 'micro_f1': 0.1329035229104306}, {'threshold': 0.4, 'micro_f1': 0.16407633287428683}, {'threshold': 0.5, 'micro_f1': 0.19394456289978676}, {'threshold': 0.6, 'micro_f1': 0.21569459172852595}, {'threshold': 0.7, 'micro_f1': 0.21769060917002206}, {'threshold': 0.8, 'micro_f1': 0.21101629169899144}, {'threshold': 0.9, 'micro_f1': 0.17030233448143892}]"
151,0.045211329050953424,0.22211515297469198,0.22298712706100562,0.1182291267826858,0.15930140944572993,0.7391476870595299,0.6370452165830026,17.15519712389964,0.6769680976867676,0.21276595744646545,481,0.012310022488236427,0.037434516657307314,"[{'threshold': 0.1, 'micro_f1': 0.049242655778187996}, {'threshold': 0.2, 'micro_f1': 0.09551343242874676}, {'threshold': 0.3, 'micro_f1': 0.13027440395861448}, {'threshold': 0.4, 'micro_f1': 0.15975694664219253}, {'threshold': 0.5, 'micro_f1': 0.1902790428086445}, {'threshold': 0.6, 'micro_f1': 0.2105916425320645}, {'threshold': 0.7, 'micro_f1': 0.2187697360111153}, {'threshold': 0.8, 'micro_f1': 0.2074892572130141}, {'threshold': 0.9, 'micro_f1': 0.17574957571186117}]"
152,0.044081302822897676,0.2238075255275468,0.22303521576058857,0.11992098245181959,0.16120165768719025,0.7442350303040474,0.632854223712962,17.117637228859664,0.7692490220069885,0.21538461538435505,481,0.012537430040538311,0.03735779208998285,"[{'threshold': 0.1, 'micro_f1': 0.050198085582814536}, {'threshold': 0.2, 'micro_f1': 0.09379645898094337}, {'threshold': 0.3, 'micro_f1': 0.13061188734615217}, {'threshold': 0.4, 'micro_f1': 0.16150888115729717}, {'threshold': 0.5, 'micro_f1': 0.18784708249496979}, {'threshold': 0.6, 'micro_f1': 0.20987283468509058}, {'threshold': 0.7, 'micro_f1': 0.21754212091179384}, {'threshold': 0.8, 'micro_f1': 0.2149005639655684}, {'threshold': 0.9, 'micro_f1': 0.17779417189229063}]"
