5FT9_B	GO:0004526	1.0
5FT9_B	GO:0005515	1.0
5FT9_A	GO:0004526	1.0
5FT9_A	GO:0005515	1.0
9H3G_Aa	GO:0003735	1.0
9H3G_Aa	GO:0003735	1.0
9H3G_Aa	GO:0003735	1.0
9H6I_Aa	GO:0003735	1.0
9H6I_Aa	GO:0003735	1.0
9H6I_Aa	GO:0003735	1.0
9HES_Aa	GO:0003735	1.0
9HES_Aa	GO:0003735	1.0
9HES_Aa	GO:0003735	1.0
9SDP_BI	GO:0003735	1.0
9SDP_BI	GO:0003735	1.0
9SDP_BI	GO:0003735	1.0
9HMW_Aa	GO:0003735	1.0
9HMW_Aa	GO:0003735	1.0
9HMW_Aa	GO:0003735	1.0
9SCU_CG	GO:0003723	1.0
7UWA_h	GO:0015078	1.0
7UWA_h	GO:0015078	1.0
7UWA_g	GO:0015078	1.0
7UWA_g	GO:0015078	1.0
7UWD_g	GO:0015078	1.0
7UWD_g	GO:0015078	1.0
7UWC_o	GO:0015078	1.0
7UWC_o	GO:0015078	1.0
7UWD_h	GO:0015078	1.0
7UWD_h	GO:0015078	1.0
7UWD_i	GO:0015078	1.0
7UWD_i	GO:0015078	1.0
7UW9_g	GO:0015078	1.0
7UW9_g	GO:0015078	1.0
7UWD_j	GO:0015078	1.0
7UWD_j	GO:0015078	1.0
7UW9_h	GO:0015078	1.0
7UW9_h	GO:0015078	1.0
7UWD_k	GO:0015078	1.0
7UWD_k	GO:0015078	1.0
7UWD_l	GO:0015078	1.0
7UWD_l	GO:0015078	1.0
7UWD_m	GO:0015078	1.0
7UWD_m	GO:0015078	1.0
7UWA_o	GO:0015078	1.0
7UWA_o	GO:0015078	1.0
7UWA_n	GO:0015078	1.0
7UWA_n	GO:0015078	1.0
7UWA_m	GO:0015078	1.0
7UWA_m	GO:0015078	1.0
7UWA_l	GO:0015078	1.0
7UWA_l	GO:0015078	1.0
7UWA_k	GO:0015078	1.0
7UWA_k	GO:0015078	1.0
7UWA_j	GO:0015078	1.0
7UWA_j	GO:0015078	1.0
7UWA_i	GO:0015078	1.0
7UWA_i	GO:0015078	1.0
7UWB_m	GO:0015078	1.0
7UWB_m	GO:0015078	1.0
7UWB_l	GO:0015078	1.0
7UWB_l	GO:0015078	1.0
7UWB_o	GO:0015078	1.0
7UWB_o	GO:0015078	1.0
7UWB_n	GO:0015078	1.0
7UWB_n	GO:0015078	1.0
7UWB_i	GO:0015078	1.0
7UWB_i	GO:0015078	1.0
7UWB_h	GO:0015078	1.0
7UWB_h	GO:0015078	1.0
7UWB_k	GO:0015078	1.0
7UWB_k	GO:0015078	1.0
7UWB_j	GO:0015078	1.0
7UWB_j	GO:0015078	1.0
7UW9_k	GO:0015078	1.0
7UW9_k	GO:0015078	1.0
7UWC_i	GO:0015078	1.0
7UWC_i	GO:0015078	1.0
7UWD_n	GO:0015078	1.0
7UWD_n	GO:0015078	1.0
7UWC_j	GO:0015078	1.0
7UWC_j	GO:0015078	1.0
7UWD_o	GO:0015078	1.0
7UWD_o	GO:0015078	1.0
7UW9_i	GO:0015078	1.0
7UW9_i	GO:0015078	1.0
7UWB_g	GO:0015078	1.0
7UWB_g	GO:0015078	1.0
7UW9_l	GO:0015078	1.0
7UW9_l	GO:0015078	1.0
7UWC_g	GO:0015078	1.0
7UWC_g	GO:0015078	1.0
7UW9_j	GO:0015078	1.0
7UW9_j	GO:0015078	1.0
7UWC_h	GO:0015078	1.0
7UWC_h	GO:0015078	1.0
7UW9_n	GO:0015078	1.0
7UW9_n	GO:0015078	1.0
7UWC_m	GO:0015078	1.0
7UWC_m	GO:0015078	1.0
7UW9_m	GO:0015078	1.0
7UW9_m	GO:0015078	1.0
7UWC_n	GO:0015078	1.0
7UWC_n	GO:0015078	1.0
7UWC_k	GO:0015078	1.0
7UWC_k	GO:0015078	1.0
7UW9_o	GO:0015078	1.0
7UW9_o	GO:0015078	1.0
7UWC_l	GO:0015078	1.0
7UWC_l	GO:0015078	1.0
1ULN_A	GO:0008061	1.0
1ULN_A	GO:0008061	1.0
1ULN_A	GO:0008061	1.0
1ULN_A	GO:0008061	1.0
1ULN_A	GO:0008061	1.0
1ULN_A	GO:0008061	1.0
1ULN_A	GO:0008061	1.0
1ULN_A	GO:0008061	1.0
1ULN_A	GO:0008061	1.0
1ULN_A	GO:0008061	1.0
1ULN_A	GO:0008061	1.0
1ULN_A	GO:0008061	1.0
1ULN_A	GO:0008061	1.0
1ULN_A	GO:0008061	1.0
9SDP_BN	GO:0003735	1.0
9SDP_BN	GO:0003735	1.0
9SDP_BN	GO:0003735	1.0
9SDP_BN	GO:0003735	1.0
9SDP_BN	GO:0003735	1.0
9SDP_BN	GO:0003735	1.0
9SDP_BN	GO:0003735	1.0
9HES_Da	GO:0003735	1.0
9HES_Da	GO:0003735	1.0
9HES_Da	GO:0003735	1.0
9HES_Da	GO:0003735	1.0
9HES_Da	GO:0003735	1.0
9HES_Da	GO:0003735	1.0
9HES_Da	GO:0003735	1.0
9H3G_Da	GO:0003735	1.0
9H3G_Da	GO:0003735	1.0
9H3G_Da	GO:0003735	1.0
9H3G_Da	GO:0003735	1.0
9H3G_Da	GO:0003735	1.0
9H3G_Da	GO:0003735	1.0
9H3G_Da	GO:0003735	1.0
9H6I_Da	GO:0003735	1.0
9H6I_Da	GO:0003735	1.0
9H6I_Da	GO:0003735	1.0
9H6I_Da	GO:0003735	1.0
9H6I_Da	GO:0003735	1.0
9H6I_Da	GO:0003735	1.0
9H6I_Da	GO:0003735	1.0
9HMW_Da	GO:0003735	1.0
9HMW_Da	GO:0003735	1.0
9HMW_Da	GO:0003735	1.0
9HMW_Da	GO:0003735	1.0
9HMW_Da	GO:0003735	1.0
9HMW_Da	GO:0003735	1.0
9HMW_Da	GO:0003735	1.0
9SDP_BJ	GO:0003723	1.0
9SDP_BJ	GO:0003735	1.0
9SDP_BJ	GO:0019843	1.0
9SDP_BJ	GO:0019843	1.0
9SDP_BJ	GO:0003723	1.0
9SDP_BJ	GO:0003723	1.0
9SDP_BJ	GO:0019843	1.0
9SDP_BJ	GO:0019843	1.0
9SDP_BJ	GO:0003735	1.0
9SDP_BJ	GO:0019843	1.0
9H3G_AB	GO:0003723	1.0
9H3G_AB	GO:0003735	1.0
9H3G_AB	GO:0019843	1.0
9H3G_AB	GO:0019843	1.0
9H3G_AB	GO:0003723	1.0
9H3G_AB	GO:0003723	1.0
9H3G_AB	GO:0019843	1.0
9H3G_AB	GO:0019843	1.0
9H3G_AB	GO:0003735	1.0
9H3G_AB	GO:0019843	1.0
9HMW_AB	GO:0003723	1.0
9HMW_AB	GO:0003735	1.0
9HMW_AB	GO:0019843	1.0
9HMW_AB	GO:0019843	1.0
9HMW_AB	GO:0003723	1.0
9HMW_AB	GO:0003723	1.0
9HMW_AB	GO:0019843	1.0
9HMW_AB	GO:0019843	1.0
9HMW_AB	GO:0003735	1.0
9HMW_AB	GO:0019843	1.0
9HES_AB	GO:0003723	1.0
9HES_AB	GO:0003735	1.0
9HES_AB	GO:0019843	1.0
9HES_AB	GO:0019843	1.0
9HES_AB	GO:0003723	1.0
9HES_AB	GO:0003723	1.0
9HES_AB	GO:0019843	1.0
9HES_AB	GO:0019843	1.0
9HES_AB	GO:0003735	1.0
9HES_AB	GO:0019843	1.0
9H6I_AB	GO:0003723	1.0
9H6I_AB	GO:0003735	1.0
9H6I_AB	GO:0019843	1.0
9H6I_AB	GO:0019843	1.0
9H6I_AB	GO:0003723	1.0
9H6I_AB	GO:0003723	1.0
9H6I_AB	GO:0019843	1.0
9H6I_AB	GO:0019843	1.0
9H6I_AB	GO:0003735	1.0
9H6I_AB	GO:0019843	1.0
2IF4_A	GO:0005515	1.0
2IF4_A	GO:0003755	1.0
2IF4_A	GO:0003755	1.0
2IF4_A	GO:0005515	1.0
2IF4_A	GO:0005515	1.0
2IF4_A	GO:0005515	1.0
2IF4_A	GO:0005515	1.0
2IF4_A	GO:0005515	1.0
2IF4_A	GO:0005515	1.0
2IF4_A	GO:0003755	1.0
9H3G_BN	GO:0003735	1.0
9H3G_BN	GO:0003735	1.0
9H3G_BN	GO:0003735	1.0
9H3G_BN	GO:0003735	1.0
9H3G_BN	GO:0003735	1.0
9H3G_BN	GO:0019843	1.0
9H6I_BN	GO:0003735	1.0
9H6I_BN	GO:0003735	1.0
9H6I_BN	GO:0003735	1.0
9H6I_BN	GO:0003735	1.0
9H6I_BN	GO:0003735	1.0
9H6I_BN	GO:0019843	1.0
9HES_BN	GO:0003735	1.0
9HES_BN	GO:0003735	1.0
9HES_BN	GO:0003735	1.0
9HES_BN	GO:0003735	1.0
9HES_BN	GO:0003735	1.0
9HES_BN	GO:0019843	1.0
9SCU_CX	GO:0003735	1.0
9SCU_CX	GO:0003735	1.0
9SCU_CX	GO:0003735	1.0
9SCU_CX	GO:0003735	1.0
9SCU_CX	GO:0003735	1.0
9SCU_CX	GO:0019843	1.0
9HMW_BN	GO:0003735	1.0
9HMW_BN	GO:0003735	1.0
9HMW_BN	GO:0003735	1.0
9HMW_BN	GO:0003735	1.0
9HMW_BN	GO:0003735	1.0
9HMW_BN	GO:0019843	1.0
9HMW_AD	GO:0003735	1.0
9HMW_AD	GO:0003723	1.0
9HMW_AD	GO:0003735	1.0
9HMW_AD	GO:0003735	1.0
9HES_AD	GO:0003735	1.0
9HES_AD	GO:0003723	1.0
9HES_AD	GO:0003735	1.0
9HES_AD	GO:0003735	1.0
9H6I_AD	GO:0003735	1.0
9H6I_AD	GO:0003723	1.0
9H6I_AD	GO:0003735	1.0
9H6I_AD	GO:0003735	1.0
9H3G_AD	GO:0003735	1.0
9H3G_AD	GO:0003723	1.0
9H3G_AD	GO:0003735	1.0
9H3G_AD	GO:0003735	1.0
6J5T_N	GO:0005524	1.0
6J5T_N	GO:0005524	1.0
6J5T_N	GO:0004674	1.0
6J5U_B	GO:0005524	1.0
6J5U_B	GO:0005524	1.0
6J5U_B	GO:0004674	1.0
6J5T_H	GO:0005524	1.0
6J5T_H	GO:0005524	1.0
6J5T_H	GO:0004674	1.0
6J6I_B	GO:0005524	1.0
6J6I_B	GO:0005524	1.0
6J6I_B	GO:0004674	1.0
6J5T_B	GO:0005524	1.0
6J5T_B	GO:0005524	1.0
6J5T_B	GO:0004674	1.0
6J5T_K	GO:0005524	1.0
6J5T_K	GO:0005524	1.0
6J5T_K	GO:0004674	1.0
6J5V_B	GO:0005524	1.0
6J5V_B	GO:0005524	1.0
6J5V_B	GO:0004674	1.0
6J5W_B	GO:0005524	1.0
6J5W_B	GO:0005524	1.0
6J5W_B	GO:0004674	1.0
6J5T_E	GO:0005524	1.0
6J5T_E	GO:0005524	1.0
6J5T_E	GO:0004674	1.0
9HMW_Ia	GO:0003735	1.0
9HMW_Ia	GO:0003735	1.0
9HMW_Ia	GO:0019843	1.0
9HMW_Ia	GO:0003735	1.0
9HMW_Ia	GO:0019843	1.0
9HMW_Ia	GO:0003735	1.0
9HMW_Ia	GO:0019843	1.0
9HMW_Ia	GO:0003735	1.0
9HMW_Ia	GO:0019843	1.0
9HMW_Ia	GO:0003735	1.0
9HMW_Ia	GO:0003735	1.0
9HMW_Ia	GO:0019843	1.0
9HMW_Ia	GO:0003735	1.0
9HMW_Ia	GO:0019843	1.0
9HMW_Ia	GO:0003735	1.0
9HMW_Ia	GO:0019843	1.0
9HMW_Ia	GO:0003735	1.0
9HMW_Ia	GO:0019843	1.0
9H3G_Ia	GO:0003735	1.0
9H3G_Ia	GO:0003735	1.0
9H3G_Ia	GO:0019843	1.0
9H3G_Ia	GO:0003735	1.0
9H3G_Ia	GO:0019843	1.0
9H3G_Ia	GO:0003735	1.0
9H3G_Ia	GO:0019843	1.0
9H3G_Ia	GO:0003735	1.0
9H3G_Ia	GO:0019843	1.0
9H3G_Ia	GO:0003735	1.0
9H3G_Ia	GO:0003735	1.0
9H3G_Ia	GO:0019843	1.0
9H3G_Ia	GO:0003735	1.0
9H3G_Ia	GO:0019843	1.0
9H3G_Ia	GO:0003735	1.0
9H3G_Ia	GO:0019843	1.0
9H3G_Ia	GO:0003735	1.0
9H3G_Ia	GO:0019843	1.0
9SCU_CH	GO:0003735	1.0
9SCU_CH	GO:0003735	1.0
9SCU_CH	GO:0019843	1.0
9SCU_CH	GO:0003735	1.0
9SCU_CH	GO:0019843	1.0
9SCU_CH	GO:0003735	1.0
9SCU_CH	GO:0019843	1.0
9SCU_CH	GO:0003735	1.0
9SCU_CH	GO:0019843	1.0
9SCU_CH	GO:0003735	1.0
9SCU_CH	GO:0003735	1.0
9SCU_CH	GO:0019843	1.0
9SCU_CH	GO:0003735	1.0
9SCU_CH	GO:0019843	1.0
9SCU_CH	GO:0003735	1.0
9SCU_CH	GO:0019843	1.0
9SCU_CH	GO:0003735	1.0
9SCU_CH	GO:0019843	1.0
9HES_Ia	GO:0003735	1.0
9HES_Ia	GO:0003735	1.0
9HES_Ia	GO:0019843	1.0
9HES_Ia	GO:0003735	1.0
9HES_Ia	GO:0019843	1.0
9HES_Ia	GO:0003735	1.0
9HES_Ia	GO:0019843	1.0
9HES_Ia	GO:0003735	1.0
9HES_Ia	GO:0019843	1.0
9HES_Ia	GO:0003735	1.0
9HES_Ia	GO:0003735	1.0
9HES_Ia	GO:0019843	1.0
9HES_Ia	GO:0003735	1.0
9HES_Ia	GO:0019843	1.0
9HES_Ia	GO:0003735	1.0
9HES_Ia	GO:0019843	1.0
9HES_Ia	GO:0003735	1.0
9HES_Ia	GO:0019843	1.0
9H6I_Ia	GO:0003735	1.0
9H6I_Ia	GO:0003735	1.0
9H6I_Ia	GO:0019843	1.0
9H6I_Ia	GO:0003735	1.0
9H6I_Ia	GO:0019843	1.0
9H6I_Ia	GO:0003735	1.0
9H6I_Ia	GO:0019843	1.0
9H6I_Ia	GO:0003735	1.0
9H6I_Ia	GO:0019843	1.0
9H6I_Ia	GO:0003735	1.0
9H6I_Ia	GO:0003735	1.0
9H6I_Ia	GO:0019843	1.0
9H6I_Ia	GO:0003735	1.0
9H6I_Ia	GO:0019843	1.0
9H6I_Ia	GO:0003735	1.0
9H6I_Ia	GO:0019843	1.0
9H6I_Ia	GO:0003735	1.0
9H6I_Ia	GO:0019843	1.0
6S0P_A	GO:0016702	1.0
6S0P_A	GO:0016702	1.0
6S7E_A	GO:0016702	1.0
6S7E_A	GO:0016702	1.0
4LEU_A	GO:0005515	1.0
8TDM_C	GO:0008381	1.0
8TDM_B	GO:0008381	1.0
8TDM_A	GO:0008381	1.0
8TDM_G	GO:0008381	1.0
8TDM_F	GO:0008381	1.0
8TDM_E	GO:0008381	1.0
8TDM_D	GO:0008381	1.0
9HMW_AW	GO:0003735	1.0
9HMW_AW	GO:0003735	1.0
9HMW_AW	GO:0003735	1.0
9HMW_AW	GO:0003735	1.0
9H3G_AW	GO:0003735	1.0
9H3G_AW	GO:0003735	1.0
9H3G_AW	GO:0003735	1.0
9H3G_AW	GO:0003735	1.0
9H6I_AW	GO:0003735	1.0
9H6I_AW	GO:0003735	1.0
9H6I_AW	GO:0003735	1.0
9H6I_AW	GO:0003735	1.0
9HES_AW	GO:0003735	1.0
9HES_AW	GO:0003735	1.0
9HES_AW	GO:0003735	1.0
9HES_AW	GO:0003735	1.0
9HES_Wa	GO:0003676	1.0
9HES_Wa	GO:0003723	1.0
9HES_Wa	GO:0003735	1.0
9HES_Wa	GO:0003723	1.0
9HES_Wa	GO:0003735	1.0
9HES_Wa	GO:0003723	1.0
9HES_Wa	GO:0003735	1.0
9HES_Wa	GO:0003723	1.0
9HES_Wa	GO:0003735	1.0
9SDQ_BS	GO:0003676	1.0
9SDQ_BS	GO:0003723	1.0
9SDQ_BS	GO:0003735	1.0
9SDQ_BS	GO:0003723	1.0
9SDQ_BS	GO:0003735	1.0
9SDQ_BS	GO:0003723	1.0
9SDQ_BS	GO:0003735	1.0
9SDQ_BS	GO:0003723	1.0
9SDQ_BS	GO:0003735	1.0
9H6I_Wa	GO:0003676	1.0
9H6I_Wa	GO:0003723	1.0
9H6I_Wa	GO:0003735	1.0
9H6I_Wa	GO:0003723	1.0
9H6I_Wa	GO:0003735	1.0
9H6I_Wa	GO:0003723	1.0
9H6I_Wa	GO:0003735	1.0
9H6I_Wa	GO:0003723	1.0
9H6I_Wa	GO:0003735	1.0
9HMW_Wa	GO:0003676	1.0
9HMW_Wa	GO:0003723	1.0
9HMW_Wa	GO:0003735	1.0
9HMW_Wa	GO:0003723	1.0
9HMW_Wa	GO:0003735	1.0
9HMW_Wa	GO:0003723	1.0
9HMW_Wa	GO:0003735	1.0
9HMW_Wa	GO:0003723	1.0
9HMW_Wa	GO:0003735	1.0
9H3G_Wa	GO:0003676	1.0
9H3G_Wa	GO:0003723	1.0
9H3G_Wa	GO:0003735	1.0
9H3G_Wa	GO:0003723	1.0
9H3G_Wa	GO:0003735	1.0
9H3G_Wa	GO:0003723	1.0
9H3G_Wa	GO:0003735	1.0
9H3G_Wa	GO:0003723	1.0
9H3G_Wa	GO:0003735	1.0
8JET_A	GO:0005515	1.0
8JET_A	GO:0005249	1.0
8JET_A	GO:0005515	1.0
8JET_A	GO:0005515	1.0
8JET_A	GO:0005515	1.0
8JET_A	GO:0005515	1.0
8JET_A	GO:0005515	1.0
8JET_A	GO:0005515	1.0
8JET_A	GO:0005515	1.0
8JET_A	GO:0005515	1.0
8JET_A	GO:0005515	1.0
8JET_A	GO:0005249	1.0
8JET_A	GO:0005249	1.0
8JET_A	GO:0005249	1.0
8JET_A	GO:0005249	1.0
8JET_A	GO:0005515	1.0
8JET_A	GO:0005515	1.0
8JET_A	GO:0005216	1.0
8JET_C	GO:0005515	1.0
8JET_C	GO:0005249	1.0
8JET_C	GO:0005515	1.0
8JET_C	GO:0005515	1.0
8JET_C	GO:0005515	1.0
8JET_C	GO:0005515	1.0
8JET_C	GO:0005515	1.0
8JET_C	GO:0005515	1.0
8JET_C	GO:0005515	1.0
8JET_C	GO:0005515	1.0
8JET_C	GO:0005515	1.0
8JET_C	GO:0005249	1.0
8JET_C	GO:0005249	1.0
8JET_C	GO:0005249	1.0
8JET_C	GO:0005249	1.0
8JET_C	GO:0005515	1.0
8JET_C	GO:0005515	1.0
8JET_C	GO:0005216	1.0
8JEU_D	GO:0005515	1.0
8JEU_D	GO:0005249	1.0
8JEU_D	GO:0005515	1.0
8JEU_D	GO:0005515	1.0
8JEU_D	GO:0005515	1.0
8JEU_D	GO:0005515	1.0
8JEU_D	GO:0005515	1.0
8JEU_D	GO:0005515	1.0
8JEU_D	GO:0005515	1.0
8JEU_D	GO:0005515	1.0
8JEU_D	GO:0005515	1.0
8JEU_D	GO:0005249	1.0
8JEU_D	GO:0005249	1.0
8JEU_D	GO:0005249	1.0
8JEU_D	GO:0005249	1.0
8JEU_D	GO:0005515	1.0
8JEU_D	GO:0005515	1.0
8JEU_D	GO:0005216	1.0
8JET_B	GO:0005515	1.0
8JET_B	GO:0005249	1.0
8JET_B	GO:0005515	1.0
8JET_B	GO:0005515	1.0
8JET_B	GO:0005515	1.0
8JET_B	GO:0005515	1.0
8JET_B	GO:0005515	1.0
8JET_B	GO:0005515	1.0
8JET_B	GO:0005515	1.0
8JET_B	GO:0005515	1.0
8JET_B	GO:0005515	1.0
8JET_B	GO:0005249	1.0
8JET_B	GO:0005249	1.0
8JET_B	GO:0005249	1.0
8JET_B	GO:0005249	1.0
8JET_B	GO:0005515	1.0
8JET_B	GO:0005515	1.0
8JET_B	GO:0005216	1.0
8JEU_C	GO:0005515	1.0
8JEU_C	GO:0005249	1.0
8JEU_C	GO:0005515	1.0
8JEU_C	GO:0005515	1.0
8JEU_C	GO:0005515	1.0
8JEU_C	GO:0005515	1.0
8JEU_C	GO:0005515	1.0
8JEU_C	GO:0005515	1.0
8JEU_C	GO:0005515	1.0
8JEU_C	GO:0005515	1.0
8JEU_C	GO:0005515	1.0
8JEU_C	GO:0005249	1.0
8JEU_C	GO:0005249	1.0
8JEU_C	GO:0005249	1.0
8JEU_C	GO:0005249	1.0
8JEU_C	GO:0005515	1.0
8JEU_C	GO:0005515	1.0
8JEU_C	GO:0005216	1.0
8JEU_B	GO:0005515	1.0
8JEU_B	GO:0005249	1.0
8JEU_B	GO:0005515	1.0
8JEU_B	GO:0005515	1.0
8JEU_B	GO:0005515	1.0
8JEU_B	GO:0005515	1.0
8JEU_B	GO:0005515	1.0
8JEU_B	GO:0005515	1.0
8JEU_B	GO:0005515	1.0
8JEU_B	GO:0005515	1.0
8JEU_B	GO:0005515	1.0
8JEU_B	GO:0005249	1.0
8JEU_B	GO:0005249	1.0
8JEU_B	GO:0005249	1.0
8JEU_B	GO:0005249	1.0
8JEU_B	GO:0005515	1.0
8JEU_B	GO:0005515	1.0
8JEU_B	GO:0005216	1.0
8JET_D	GO:0005515	1.0
8JET_D	GO:0005249	1.0
8JET_D	GO:0005515	1.0
8JET_D	GO:0005515	1.0
8JET_D	GO:0005515	1.0
8JET_D	GO:0005515	1.0
8JET_D	GO:0005515	1.0
8JET_D	GO:0005515	1.0
8JET_D	GO:0005515	1.0
8JET_D	GO:0005515	1.0
8JET_D	GO:0005515	1.0
8JET_D	GO:0005249	1.0
8JET_D	GO:0005249	1.0
8JET_D	GO:0005249	1.0
8JET_D	GO:0005249	1.0
8JET_D	GO:0005515	1.0
8JET_D	GO:0005515	1.0
8JET_D	GO:0005216	1.0
8JEU_A	GO:0005515	1.0
8JEU_A	GO:0005249	1.0
8JEU_A	GO:0005515	1.0
8JEU_A	GO:0005515	1.0
8JEU_A	GO:0005515	1.0
8JEU_A	GO:0005515	1.0
8JEU_A	GO:0005515	1.0
8JEU_A	GO:0005515	1.0
8JEU_A	GO:0005515	1.0
8JEU_A	GO:0005515	1.0
8JEU_A	GO:0005515	1.0
8JEU_A	GO:0005249	1.0
8JEU_A	GO:0005249	1.0
8JEU_A	GO:0005249	1.0
8JEU_A	GO:0005249	1.0
8JEU_A	GO:0005515	1.0
8JEU_A	GO:0005515	1.0
8JEU_A	GO:0005216	1.0
2WWB_I	GO:0003735	1.0
2WWB_I	GO:0003735	1.0
2WWB_I	GO:0003735	1.0
2WWB_I	GO:0003735	1.0
2WWB_I	GO:0003735	1.0
2WWB_I	GO:0003735	1.0
2WWB_I	GO:0003735	1.0
2WWB_I	GO:0003735	1.0
8J0J_B	GO:0008308	1.0
8J0J_C	GO:0008308	1.0
8J0J_A	GO:0008308	1.0
2QQW_A	GO:0004553	1.0
9HES_BG	GO:0003723	1.0
9H3G_BG	GO:0003723	1.0
9HMW_BG	GO:0003723	1.0
9H6I_BG	GO:0003723	1.0
9H3G_BR	GO:0003723	1.0
9H3G_BR	GO:0003723	1.0
9H3G_BR	GO:0003735	1.0
9H6I_BR	GO:0003723	1.0
9H6I_BR	GO:0003723	1.0
9H6I_BR	GO:0003735	1.0
9HES_BR	GO:0003723	1.0
9HES_BR	GO:0003723	1.0
9HES_BR	GO:0003735	1.0
9HMW_BR	GO:0003723	1.0
9HMW_BR	GO:0003723	1.0
9HMW_BR	GO:0003735	1.0
5WWD_B	GO:0016787	1.0
5GP0_F	GO:0016787	1.0
5WWD_A	GO:0016787	1.0
5GP0_E	GO:0016787	1.0
5GP0_I	GO:0016787	1.0
5GP0_A	GO:0016787	1.0
9SDP_Be	GO:0003735	1.0
9HES_Pa	GO:0003735	1.0
9H3G_Pa	GO:0003735	1.0
9H6I_Pa	GO:0003735	1.0
9HMW_Pa	GO:0003735	1.0
9HES_Ja	GO:0003723	1.0
9HES_Ja	GO:0003723	1.0
9HES_Ja	GO:0003723	1.0
9HES_Ja	GO:0003735	1.0
9HES_Ja	GO:0003735	1.0
9HES_Ja	GO:0003735	1.0
9HES_Ja	GO:0003735	1.0
9H3G_Ja	GO:0003723	1.0
9H3G_Ja	GO:0003723	1.0
9H3G_Ja	GO:0003723	1.0
9H3G_Ja	GO:0003735	1.0
9H3G_Ja	GO:0003735	1.0
9H3G_Ja	GO:0003735	1.0
9H3G_Ja	GO:0003735	1.0
9H6I_Ja	GO:0003723	1.0
9H6I_Ja	GO:0003723	1.0
9H6I_Ja	GO:0003723	1.0
9H6I_Ja	GO:0003735	1.0
9H6I_Ja	GO:0003735	1.0
9H6I_Ja	GO:0003735	1.0
9H6I_Ja	GO:0003735	1.0
9HMW_Ja	GO:0003723	1.0
9HMW_Ja	GO:0003723	1.0
9HMW_Ja	GO:0003723	1.0
9HMW_Ja	GO:0003735	1.0
9HMW_Ja	GO:0003735	1.0
9HMW_Ja	GO:0003735	1.0
9HMW_Ja	GO:0003735	1.0
1FP2_A	GO:0008168	1.0
1FP2_A	GO:0008168	1.0
1FP2_A	GO:0008171	1.0
1FP2_A	GO:0008168	1.0
1FP2_A	GO:0046983	1.0
6CIG_A	GO:0008168	1.0
6CIG_A	GO:0008168	1.0
6CIG_A	GO:0008171	1.0
6CIG_A	GO:0008168	1.0
6CIG_A	GO:0046983	1.0
2XQR_C	GO:0004553	1.0
2XQR_C	GO:0004553	1.0
2XQR_K	GO:0004553	1.0
2XQR_K	GO:0004553	1.0
2XQR_G	GO:0004553	1.0
2XQR_G	GO:0004553	1.0
2XQR_E	GO:0004553	1.0
2XQR_E	GO:0004553	1.0
2XQR_A	GO:0004553	1.0
2XQR_A	GO:0004553	1.0
2XQR_I	GO:0004553	1.0
2XQR_I	GO:0004553	1.0
9HES_AC	GO:0003723	1.0
9HES_AC	GO:0003735	1.0
9HES_AC	GO:0003735	1.0
9HES_AC	GO:0003735	1.0
9HES_AC	GO:0003723	1.0
9HES_AC	GO:0003735	1.0
9HES_AC	GO:0003735	1.0
9HES_AC	GO:0003723	1.0
9HES_AC	GO:0003735	1.0
9HMW_AC	GO:0003723	1.0
9HMW_AC	GO:0003735	1.0
9HMW_AC	GO:0003735	1.0
9HMW_AC	GO:0003735	1.0
9HMW_AC	GO:0003723	1.0
9HMW_AC	GO:0003735	1.0
9HMW_AC	GO:0003735	1.0
9HMW_AC	GO:0003723	1.0
9HMW_AC	GO:0003735	1.0
9H3G_AC	GO:0003723	1.0
9H3G_AC	GO:0003735	1.0
9H3G_AC	GO:0003735	1.0
9H3G_AC	GO:0003735	1.0
9H3G_AC	GO:0003723	1.0
9H3G_AC	GO:0003735	1.0
9H3G_AC	GO:0003735	1.0
9H3G_AC	GO:0003723	1.0
9H3G_AC	GO:0003735	1.0
9H6I_AC	GO:0003723	1.0
9H6I_AC	GO:0003735	1.0
9H6I_AC	GO:0003735	1.0
9H6I_AC	GO:0003735	1.0
9H6I_AC	GO:0003723	1.0
9H6I_AC	GO:0003735	1.0
9H6I_AC	GO:0003735	1.0
9H6I_AC	GO:0003723	1.0
9H6I_AC	GO:0003735	1.0
9J0Z_A	GO:0005515	1.0
9J0Z_A	GO:0005249	1.0
9J0Z_A	GO:0005249	1.0
9J0Z_A	GO:0005249	1.0
9J0Z_A	GO:0005249	1.0
9J0Z_A	GO:0005249	1.0
9J0Z_A	GO:0005249	1.0
9J0Z_A	GO:0005515	1.0
9J0Z_A	GO:0005515	1.0
9J0Z_A	GO:0005515	1.0
9J0Z_A	GO:0005515	1.0
9J0Z_A	GO:0005515	1.0
9J0Z_A	GO:0005515	1.0
9J0Z_A	GO:0005515	1.0
9J0Z_A	GO:0005515	1.0
9J0Z_A	GO:0005515	1.0
9J0Z_A	GO:0005216	1.0
9J0Z_D	GO:0005515	1.0
9J0Z_D	GO:0005249	1.0
9J0Z_D	GO:0005249	1.0
9J0Z_D	GO:0005249	1.0
9J0Z_D	GO:0005249	1.0
9J0Z_D	GO:0005249	1.0
9J0Z_D	GO:0005249	1.0
9J0Z_D	GO:0005515	1.0
9J0Z_D	GO:0005515	1.0
9J0Z_D	GO:0005515	1.0
9J0Z_D	GO:0005515	1.0
9J0Z_D	GO:0005515	1.0
9J0Z_D	GO:0005515	1.0
9J0Z_D	GO:0005515	1.0
9J0Z_D	GO:0005515	1.0
9J0Z_D	GO:0005515	1.0
9J0Z_D	GO:0005216	1.0
9J0Z_C	GO:0005515	1.0
9J0Z_C	GO:0005249	1.0
9J0Z_C	GO:0005249	1.0
9J0Z_C	GO:0005249	1.0
9J0Z_C	GO:0005249	1.0
9J0Z_C	GO:0005249	1.0
9J0Z_C	GO:0005249	1.0
9J0Z_C	GO:0005515	1.0
9J0Z_C	GO:0005515	1.0
9J0Z_C	GO:0005515	1.0
9J0Z_C	GO:0005515	1.0
9J0Z_C	GO:0005515	1.0
9J0Z_C	GO:0005515	1.0
9J0Z_C	GO:0005515	1.0
9J0Z_C	GO:0005515	1.0
9J0Z_C	GO:0005515	1.0
9J0Z_C	GO:0005216	1.0
9J0Z_B	GO:0005515	1.0
9J0Z_B	GO:0005249	1.0
9J0Z_B	GO:0005249	1.0
9J0Z_B	GO:0005249	1.0
9J0Z_B	GO:0005249	1.0
9J0Z_B	GO:0005249	1.0
9J0Z_B	GO:0005249	1.0
9J0Z_B	GO:0005515	1.0
9J0Z_B	GO:0005515	1.0
9J0Z_B	GO:0005515	1.0
9J0Z_B	GO:0005515	1.0
9J0Z_B	GO:0005515	1.0
9J0Z_B	GO:0005515	1.0
9J0Z_B	GO:0005515	1.0
9J0Z_B	GO:0005515	1.0
9J0Z_B	GO:0005515	1.0
9J0Z_B	GO:0005216	1.0
6XYW_Bh	GO:0003735	1.0
6XYW_Bh	GO:0003735	1.0
6XYW_Bh	GO:0003723	1.0
6XYW_Bh	GO:0003735	1.0
6XYW_Bh	GO:0003735	1.0
9HES_BO	GO:0003723	1.0
9HES_BO	GO:0003735	1.0
9HES_BO	GO:0003735	1.0
9HES_BO	GO:0003735	1.0
9HES_BO	GO:0003735	1.0
9SCU_CY	GO:0003723	1.0
9SCU_CY	GO:0003735	1.0
9SCU_CY	GO:0003735	1.0
9SCU_CY	GO:0003735	1.0
9SCU_CY	GO:0003735	1.0
9H3G_BO	GO:0003723	1.0
9H3G_BO	GO:0003735	1.0
9H3G_BO	GO:0003735	1.0
9H3G_BO	GO:0003735	1.0
9H3G_BO	GO:0003735	1.0
9HMW_BO	GO:0003723	1.0
9HMW_BO	GO:0003735	1.0
9HMW_BO	GO:0003735	1.0
9HMW_BO	GO:0003735	1.0
9HMW_BO	GO:0003735	1.0
9H6I_BO	GO:0003723	1.0
9H6I_BO	GO:0003735	1.0
9H6I_BO	GO:0003735	1.0
9H6I_BO	GO:0003735	1.0
9H6I_BO	GO:0003735	1.0
2WWB_H	GO:0003735	1.0
2WWB_H	GO:0003735	1.0
2WWB_H	GO:0003735	1.0
9HES_BK	GO:0003735	1.0
9HES_BK	GO:0008097	1.0
9HES_BK	GO:0003735	1.0
9HES_BK	GO:0008097	1.0
9HES_BK	GO:0003735	1.0
9HES_BK	GO:0008097	1.0
9HES_BK	GO:0003735	1.0
9HES_BK	GO:0008097	1.0
9HES_BK	GO:0003735	1.0
9HES_BK	GO:0008097	1.0
9HES_BK	GO:0003735	1.0
9HES_BK	GO:0008097	1.0
9HES_BK	GO:0003735	1.0
9HES_BK	GO:0003735	1.0
9HES_BK	GO:0008097	1.0
9HES_BK	GO:0008097	1.0
9HES_BK	GO:0003735	1.0
9HES_BK	GO:0008097	1.0
9HES_BK	GO:0003735	1.0
9HES_BK	GO:0008097	1.0
9H3G_BK	GO:0003735	1.0
9H3G_BK	GO:0008097	1.0
9H3G_BK	GO:0003735	1.0
9H3G_BK	GO:0008097	1.0
9H3G_BK	GO:0003735	1.0
9H3G_BK	GO:0008097	1.0
9H3G_BK	GO:0003735	1.0
9H3G_BK	GO:0008097	1.0
9H3G_BK	GO:0003735	1.0
9H3G_BK	GO:0008097	1.0
9H3G_BK	GO:0003735	1.0
9H3G_BK	GO:0008097	1.0
9H3G_BK	GO:0003735	1.0
9H3G_BK	GO:0003735	1.0
9H3G_BK	GO:0008097	1.0
9H3G_BK	GO:0008097	1.0
9H3G_BK	GO:0003735	1.0
9H3G_BK	GO:0008097	1.0
9H3G_BK	GO:0003735	1.0
9H3G_BK	GO:0008097	1.0
9SCU_CD	GO:0003735	1.0
9SCU_CD	GO:0008097	1.0
9SCU_CD	GO:0003735	1.0
9SCU_CD	GO:0008097	1.0
9SCU_CD	GO:0003735	1.0
9SCU_CD	GO:0008097	1.0
9SCU_CD	GO:0003735	1.0
9SCU_CD	GO:0008097	1.0
9SCU_CD	GO:0003735	1.0
9SCU_CD	GO:0008097	1.0
9SCU_CD	GO:0003735	1.0
9SCU_CD	GO:0008097	1.0
9SCU_CD	GO:0003735	1.0
9SCU_CD	GO:0003735	1.0
9SCU_CD	GO:0008097	1.0
9SCU_CD	GO:0008097	1.0
9SCU_CD	GO:0003735	1.0
9SCU_CD	GO:0008097	1.0
9SCU_CD	GO:0003735	1.0
9SCU_CD	GO:0008097	1.0
9HMW_BK	GO:0003735	1.0
9HMW_BK	GO:0008097	1.0
9HMW_BK	GO:0003735	1.0
9HMW_BK	GO:0008097	1.0
9HMW_BK	GO:0003735	1.0
9HMW_BK	GO:0008097	1.0
9HMW_BK	GO:0003735	1.0
9HMW_BK	GO:0008097	1.0
9HMW_BK	GO:0003735	1.0
9HMW_BK	GO:0008097	1.0
9HMW_BK	GO:0003735	1.0
9HMW_BK	GO:0008097	1.0
9HMW_BK	GO:0003735	1.0
9HMW_BK	GO:0003735	1.0
9HMW_BK	GO:0008097	1.0
9HMW_BK	GO:0008097	1.0
9HMW_BK	GO:0003735	1.0
9HMW_BK	GO:0008097	1.0
9HMW_BK	GO:0003735	1.0
9HMW_BK	GO:0008097	1.0
9H6I_BK	GO:0003735	1.0
9H6I_BK	GO:0008097	1.0
9H6I_BK	GO:0003735	1.0
9H6I_BK	GO:0008097	1.0
9H6I_BK	GO:0003735	1.0
9H6I_BK	GO:0008097	1.0
9H6I_BK	GO:0003735	1.0
9H6I_BK	GO:0008097	1.0
9H6I_BK	GO:0003735	1.0
9H6I_BK	GO:0008097	1.0
9H6I_BK	GO:0003735	1.0
9H6I_BK	GO:0008097	1.0
9H6I_BK	GO:0003735	1.0
9H6I_BK	GO:0003735	1.0
9H6I_BK	GO:0008097	1.0
9H6I_BK	GO:0008097	1.0
9H6I_BK	GO:0003735	1.0
9H6I_BK	GO:0008097	1.0
9H6I_BK	GO:0003735	1.0
9H6I_BK	GO:0008097	1.0
9SCU_CO	GO:0003735	1.0
9SCU_CO	GO:0003735	1.0
9SCU_CO	GO:0003735	1.0
9SCU_CO	GO:0003735	1.0
9SCU_CO	GO:0003729	1.0
9SCU_CO	GO:0003735	1.0
9SCU_CO	GO:0003735	1.0
9SCU_CO	GO:0003735	1.0
9SCU_CO	GO:0003735	1.0
9SCU_CO	GO:0003735	1.0
2B5F_D	GO:0015267	1.0
2B5F_D	GO:0015267	1.0
2B5F_D	GO:0015267	1.0
2B5F_D	GO:0015267	1.0
2B5F_D	GO:0015267	1.0
2B5F_D	GO:0015267	1.0
2B5F_D	GO:0015267	1.0
2B5F_D	GO:0015267	1.0
2B5F_D	GO:0015267	1.0
2B5F_A	GO:0015267	1.0
2B5F_A	GO:0015267	1.0
2B5F_A	GO:0015267	1.0
2B5F_A	GO:0015267	1.0
2B5F_A	GO:0015267	1.0
2B5F_A	GO:0015267	1.0
2B5F_A	GO:0015267	1.0
2B5F_A	GO:0015267	1.0
2B5F_A	GO:0015267	1.0
2B5F_B	GO:0015267	1.0
2B5F_B	GO:0015267	1.0
2B5F_B	GO:0015267	1.0
2B5F_B	GO:0015267	1.0
2B5F_B	GO:0015267	1.0
2B5F_B	GO:0015267	1.0
2B5F_B	GO:0015267	1.0
2B5F_B	GO:0015267	1.0
2B5F_B	GO:0015267	1.0
2B5F_C	GO:0015267	1.0
2B5F_C	GO:0015267	1.0
2B5F_C	GO:0015267	1.0
2B5F_C	GO:0015267	1.0
2B5F_C	GO:0015267	1.0
2B5F_C	GO:0015267	1.0
2B5F_C	GO:0015267	1.0
2B5F_C	GO:0015267	1.0
2B5F_C	GO:0015267	1.0
9SCU_Cc	GO:0003723	1.0
9SCU_Cc	GO:0003735	1.0
9SCU_Cc	GO:0003723	1.0
4JC6_H	GO:0015267	1.0
4JC6_H	GO:0015267	1.0
4JC6_H	GO:0015267	1.0
4JC6_H	GO:0015267	1.0
4JC6_H	GO:0015267	1.0
4JC6_H	GO:0015267	1.0
4JC6_H	GO:0015267	1.0
4JC6_H	GO:0015267	1.0
4JC6_H	GO:0015267	1.0
4JC6_J	GO:0015267	1.0
4JC6_J	GO:0015267	1.0
4JC6_J	GO:0015267	1.0
4JC6_J	GO:0015267	1.0
4JC6_J	GO:0015267	1.0
4JC6_J	GO:0015267	1.0
4JC6_J	GO:0015267	1.0
4JC6_J	GO:0015267	1.0
4JC6_J	GO:0015267	1.0
1Z98_A	GO:0015267	1.0
1Z98_A	GO:0015267	1.0
1Z98_A	GO:0015267	1.0
1Z98_A	GO:0015267	1.0
1Z98_A	GO:0015267	1.0
1Z98_A	GO:0015267	1.0
1Z98_A	GO:0015267	1.0
1Z98_A	GO:0015267	1.0
1Z98_A	GO:0015267	1.0
4JC6_L	GO:0015267	1.0
4JC6_L	GO:0015267	1.0
4JC6_L	GO:0015267	1.0
4JC6_L	GO:0015267	1.0
4JC6_L	GO:0015267	1.0
4JC6_L	GO:0015267	1.0
4JC6_L	GO:0015267	1.0
4JC6_L	GO:0015267	1.0
4JC6_L	GO:0015267	1.0
4JC6_N	GO:0015267	1.0
4JC6_N	GO:0015267	1.0
4JC6_N	GO:0015267	1.0
4JC6_N	GO:0015267	1.0
4JC6_N	GO:0015267	1.0
4JC6_N	GO:0015267	1.0
4JC6_N	GO:0015267	1.0
4JC6_N	GO:0015267	1.0
4JC6_N	GO:0015267	1.0
1Z98_M	GO:0015267	1.0
1Z98_M	GO:0015267	1.0
1Z98_M	GO:0015267	1.0
1Z98_M	GO:0015267	1.0
1Z98_M	GO:0015267	1.0
1Z98_M	GO:0015267	1.0
1Z98_M	GO:0015267	1.0
1Z98_M	GO:0015267	1.0
1Z98_M	GO:0015267	1.0
4JC6_A	GO:0015267	1.0
4JC6_A	GO:0015267	1.0
4JC6_A	GO:0015267	1.0
4JC6_A	GO:0015267	1.0
4JC6_A	GO:0015267	1.0
4JC6_A	GO:0015267	1.0
4JC6_A	GO:0015267	1.0
4JC6_A	GO:0015267	1.0
4JC6_A	GO:0015267	1.0
4JC6_C	GO:0015267	1.0
4JC6_C	GO:0015267	1.0
4JC6_C	GO:0015267	1.0
4JC6_C	GO:0015267	1.0
4JC6_C	GO:0015267	1.0
4JC6_C	GO:0015267	1.0
4JC6_C	GO:0015267	1.0
4JC6_C	GO:0015267	1.0
4JC6_C	GO:0015267	1.0
4JC6_B	GO:0015267	1.0
4JC6_B	GO:0015267	1.0
4JC6_B	GO:0015267	1.0
4JC6_B	GO:0015267	1.0
4JC6_B	GO:0015267	1.0
4JC6_B	GO:0015267	1.0
4JC6_B	GO:0015267	1.0
4JC6_B	GO:0015267	1.0
4JC6_B	GO:0015267	1.0
4IA4_D	GO:0015267	1.0
4IA4_D	GO:0015267	1.0
4IA4_D	GO:0015267	1.0
4IA4_D	GO:0015267	1.0
4IA4_D	GO:0015267	1.0
4IA4_D	GO:0015267	1.0
4IA4_D	GO:0015267	1.0
4IA4_D	GO:0015267	1.0
4IA4_D	GO:0015267	1.0
4JC6_D	GO:0015267	1.0
4JC6_D	GO:0015267	1.0
4JC6_D	GO:0015267	1.0
4JC6_D	GO:0015267	1.0
4JC6_D	GO:0015267	1.0
4JC6_D	GO:0015267	1.0
4JC6_D	GO:0015267	1.0
4JC6_D	GO:0015267	1.0
4JC6_D	GO:0015267	1.0
4IA4_C	GO:0015267	1.0
4IA4_C	GO:0015267	1.0
4IA4_C	GO:0015267	1.0
4IA4_C	GO:0015267	1.0
4IA4_C	GO:0015267	1.0
4IA4_C	GO:0015267	1.0
4IA4_C	GO:0015267	1.0
4IA4_C	GO:0015267	1.0
4IA4_C	GO:0015267	1.0
4IA4_B	GO:0015267	1.0
4IA4_B	GO:0015267	1.0
4IA4_B	GO:0015267	1.0
4IA4_B	GO:0015267	1.0
4IA4_B	GO:0015267	1.0
4IA4_B	GO:0015267	1.0
4IA4_B	GO:0015267	1.0
4IA4_B	GO:0015267	1.0
4IA4_B	GO:0015267	1.0
4IA4_A	GO:0015267	1.0
4IA4_A	GO:0015267	1.0
4IA4_A	GO:0015267	1.0
4IA4_A	GO:0015267	1.0
4IA4_A	GO:0015267	1.0
4IA4_A	GO:0015267	1.0
4IA4_A	GO:0015267	1.0
4IA4_A	GO:0015267	1.0
4IA4_A	GO:0015267	1.0
3KBP_D	GO:0003993	1.0
3KBP_D	GO:0046872	1.0
3KBP_D	GO:0003993	1.0
3KBP_D	GO:0003993	1.0
3KBP_D	GO:0046872	1.0
3KBP_D	GO:0016787	1.0
3KBP_C	GO:0003993	1.0
3KBP_C	GO:0046872	1.0
3KBP_C	GO:0003993	1.0
3KBP_C	GO:0003993	1.0
3KBP_C	GO:0046872	1.0
3KBP_C	GO:0016787	1.0
4KBP_D	GO:0003993	1.0
4KBP_D	GO:0046872	1.0
4KBP_D	GO:0003993	1.0
4KBP_D	GO:0003993	1.0
4KBP_D	GO:0046872	1.0
4KBP_D	GO:0016787	1.0
4KBP_B	GO:0003993	1.0
4KBP_B	GO:0046872	1.0
4KBP_B	GO:0003993	1.0
4KBP_B	GO:0003993	1.0
4KBP_B	GO:0046872	1.0
4KBP_B	GO:0016787	1.0
1KBP_C	GO:0003993	1.0
1KBP_C	GO:0046872	1.0
1KBP_C	GO:0003993	1.0
1KBP_C	GO:0003993	1.0
1KBP_C	GO:0046872	1.0
1KBP_C	GO:0016787	1.0
4KBP_C	GO:0003993	1.0
4KBP_C	GO:0046872	1.0
4KBP_C	GO:0003993	1.0
4KBP_C	GO:0003993	1.0
4KBP_C	GO:0046872	1.0
4KBP_C	GO:0016787	1.0
1KBP_D	GO:0003993	1.0
1KBP_D	GO:0046872	1.0
1KBP_D	GO:0003993	1.0
1KBP_D	GO:0003993	1.0
1KBP_D	GO:0046872	1.0
1KBP_D	GO:0016787	1.0
3KBP_B	GO:0003993	1.0
3KBP_B	GO:0046872	1.0
3KBP_B	GO:0003993	1.0
3KBP_B	GO:0003993	1.0
3KBP_B	GO:0046872	1.0
3KBP_B	GO:0016787	1.0
1KBP_A	GO:0003993	1.0
1KBP_A	GO:0046872	1.0
1KBP_A	GO:0003993	1.0
1KBP_A	GO:0003993	1.0
1KBP_A	GO:0046872	1.0
1KBP_A	GO:0016787	1.0
3KBP_A	GO:0003993	1.0
3KBP_A	GO:0046872	1.0
3KBP_A	GO:0003993	1.0
3KBP_A	GO:0003993	1.0
3KBP_A	GO:0046872	1.0
3KBP_A	GO:0016787	1.0
4KBP_A	GO:0003993	1.0
4KBP_A	GO:0046872	1.0
4KBP_A	GO:0003993	1.0
4KBP_A	GO:0003993	1.0
4KBP_A	GO:0046872	1.0
4KBP_A	GO:0016787	1.0
1KBP_B	GO:0003993	1.0
1KBP_B	GO:0046872	1.0
1KBP_B	GO:0003993	1.0
1KBP_B	GO:0003993	1.0
1KBP_B	GO:0046872	1.0
1KBP_B	GO:0016787	1.0
4OE1_B	GO:0005515	1.0
4OE1_B	GO:0005515	1.0
4OE1_B	GO:0005515	1.0
4OE1_B	GO:0005515	1.0
4OE1_B	GO:0005515	1.0
4OE1_B	GO:0005515	1.0
4OE1_B	GO:0005515	1.0
4OE1_A	GO:0005515	1.0
4OE1_A	GO:0005515	1.0
4OE1_A	GO:0005515	1.0
4OE1_A	GO:0005515	1.0
4OE1_A	GO:0005515	1.0
4OE1_A	GO:0005515	1.0
4OE1_A	GO:0005515	1.0
1VBH_A	GO:0016772	1.0
1VBH_A	GO:0016772	1.0
1VBH_A	GO:0005524	1.0
1VBH_A	GO:0016301	1.0
1VBH_A	GO:0005524	1.0
1VBH_A	GO:0016301	1.0
1VBH_A	GO:0005524	1.0
1VBH_A	GO:0016301	1.0
1VBH_A	GO:0050242	1.0
1VBH_A	GO:0005524	1.0
1VBH_A	GO:0016772	1.0
1VBH_A	GO:0050242	1.0
1VBH_A	GO:0016772	1.0
1VBH_A	GO:0016772	1.0
1VBH_A	GO:0050242	1.0
1VBG_A	GO:0016772	1.0
1VBG_A	GO:0016772	1.0
1VBG_A	GO:0005524	1.0
1VBG_A	GO:0016301	1.0
1VBG_A	GO:0005524	1.0
1VBG_A	GO:0016301	1.0
1VBG_A	GO:0005524	1.0
1VBG_A	GO:0016301	1.0
1VBG_A	GO:0050242	1.0
1VBG_A	GO:0005524	1.0
1VBG_A	GO:0016772	1.0
1VBG_A	GO:0050242	1.0
1VBG_A	GO:0016772	1.0
1VBG_A	GO:0016772	1.0
1VBG_A	GO:0050242	1.0
9SDQ_BK	GO:0003723	1.0
9SDQ_BK	GO:0003735	1.0
8X35_B	GO:0016765	1.0
8X35_B	GO:0016765	1.0
8X35_B	GO:0016765	1.0
8X35_B	GO:0016765	1.0
8X35_B	GO:0016765	1.0
8X35_B	GO:0016765	1.0
8X35_B	GO:0016765	1.0
8X35_B	GO:0016765	1.0
8X35_A	GO:0016765	1.0
8X35_A	GO:0016765	1.0
8X35_A	GO:0016765	1.0
8X35_A	GO:0016765	1.0
8X35_A	GO:0016765	1.0
8X35_A	GO:0016765	1.0
8X35_A	GO:0016765	1.0
8X35_A	GO:0016765	1.0
9J0Y_D	GO:0005515	1.0
9J0Y_D	GO:0005216	1.0
9J0Y_D	GO:0005515	1.0
9J0Y_D	GO:0005515	1.0
9J0Y_D	GO:0005249	1.0
9J0Y_D	GO:0005249	1.0
9J0Y_D	GO:0005249	1.0
9J0Y_D	GO:0005249	1.0
9J0Y_D	GO:0005249	1.0
9J0Y_D	GO:0005515	1.0
9J0Y_D	GO:0005515	1.0
9J0Y_D	GO:0005515	1.0
9J0Y_D	GO:0005515	1.0
9J0Y_D	GO:0005515	1.0
9J0Y_D	GO:0005515	1.0
9J0Y_D	GO:0005249	1.0
9J0Y_D	GO:0005515	1.0
9J0Y_C	GO:0005515	1.0
9J0Y_C	GO:0005216	1.0
9J0Y_C	GO:0005515	1.0
9J0Y_C	GO:0005515	1.0
9J0Y_C	GO:0005249	1.0
9J0Y_C	GO:0005249	1.0
9J0Y_C	GO:0005249	1.0
9J0Y_C	GO:0005249	1.0
9J0Y_C	GO:0005249	1.0
9J0Y_C	GO:0005515	1.0
9J0Y_C	GO:0005515	1.0
9J0Y_C	GO:0005515	1.0
9J0Y_C	GO:0005515	1.0
9J0Y_C	GO:0005515	1.0
9J0Y_C	GO:0005515	1.0
9J0Y_C	GO:0005249	1.0
9J0Y_C	GO:0005515	1.0
9J0Y_B	GO:0005515	1.0
9J0Y_B	GO:0005216	1.0
9J0Y_B	GO:0005515	1.0
9J0Y_B	GO:0005515	1.0
9J0Y_B	GO:0005249	1.0
9J0Y_B	GO:0005249	1.0
9J0Y_B	GO:0005249	1.0
9J0Y_B	GO:0005249	1.0
9J0Y_B	GO:0005249	1.0
9J0Y_B	GO:0005515	1.0
9J0Y_B	GO:0005515	1.0
9J0Y_B	GO:0005515	1.0
9J0Y_B	GO:0005515	1.0
9J0Y_B	GO:0005515	1.0
9J0Y_B	GO:0005515	1.0
9J0Y_B	GO:0005249	1.0
9J0Y_B	GO:0005515	1.0
9J0Y_A	GO:0005515	1.0
9J0Y_A	GO:0005216	1.0
9J0Y_A	GO:0005515	1.0
9J0Y_A	GO:0005515	1.0
9J0Y_A	GO:0005249	1.0
9J0Y_A	GO:0005249	1.0
9J0Y_A	GO:0005249	1.0
9J0Y_A	GO:0005249	1.0
9J0Y_A	GO:0005249	1.0
9J0Y_A	GO:0005515	1.0
9J0Y_A	GO:0005515	1.0
9J0Y_A	GO:0005515	1.0
9J0Y_A	GO:0005515	1.0
9J0Y_A	GO:0005515	1.0
9J0Y_A	GO:0005515	1.0
9J0Y_A	GO:0005249	1.0
9J0Y_A	GO:0005515	1.0
6XYW_Bc	GO:0003723	1.0
6XYW_Bc	GO:0003723	1.0
6XYW_Bc	GO:0003723	1.0
6XYW_Bc	GO:0003735	1.0
6XYW_Bc	GO:0019843	1.0
6XYW_Bc	GO:0019843	1.0
2HOX_D	GO:0016846	1.0
2HOX_D	GO:0016846	1.0
2HOX_D	GO:0016846	1.0
2HOX_D	GO:0008483	1.0
2HOR_A	GO:0016846	1.0
2HOR_A	GO:0016846	1.0
2HOR_A	GO:0016846	1.0
2HOR_A	GO:0008483	1.0
2HOX_A	GO:0016846	1.0
2HOX_A	GO:0016846	1.0
2HOX_A	GO:0016846	1.0
2HOX_A	GO:0008483	1.0
2HOX_B	GO:0016846	1.0
2HOX_B	GO:0016846	1.0
2HOX_B	GO:0016846	1.0
2HOX_B	GO:0008483	1.0
2HOX_C	GO:0016846	1.0
2HOX_C	GO:0016846	1.0
2HOX_C	GO:0016846	1.0
2HOX_C	GO:0008483	1.0
2WWB_N	GO:0003735	1.0
2WWB_N	GO:0003735	1.0
2WWB_N	GO:0003735	1.0
2WWB_N	GO:0003735	1.0
2WWB_N	GO:0003735	1.0
2WWB_N	GO:0003735	1.0
2WWB_N	GO:0003735	1.0
2WWB_N	GO:0003729	1.0
2WWB_N	GO:0003735	1.0
9HES_AO	GO:0003729	1.0
9HES_AO	GO:0003735	1.0
9HES_AO	GO:0003735	1.0
9HMW_AO	GO:0003729	1.0
9HMW_AO	GO:0003735	1.0
9HMW_AO	GO:0003735	1.0
9H3G_AO	GO:0003729	1.0
9H3G_AO	GO:0003735	1.0
9H3G_AO	GO:0003735	1.0
9H6I_AO	GO:0003729	1.0
9H6I_AO	GO:0003735	1.0
9H6I_AO	GO:0003735	1.0
9SCU_CW	GO:0003729	1.0
9SCU_CW	GO:0003735	1.0
9SCU_CW	GO:0003735	1.0
9SCU_CQ	GO:0003723	1.0
9SCU_CQ	GO:0003735	1.0
9SCU_CQ	GO:0003735	1.0
8DAE_A	GO:0004146	1.0
8DAE_A	GO:0004146	1.0
8DAE_A	GO:0004146	1.0
8DAE_A	GO:0004146	1.0
8DAE_A	GO:0016741	1.0
8DAE_A	GO:0004146	1.0
8DAE_A	GO:0004146	1.0
6XYW_Bj	GO:0003735	1.0
6XYW_Bj	GO:0003735	1.0
6XYW_Bj	GO:0003735	1.0
6XYW_Bj	GO:0003735	1.0
9N3E_A	GO:0004197	1.0
9N3E_A	GO:0004197	1.0
9N3F_A	GO:0004197	1.0
9N3F_A	GO:0004197	1.0
9N3E_B	GO:0004197	1.0
9N3E_B	GO:0004197	1.0
9N3D_A	GO:0004197	1.0
9N3D_A	GO:0004197	1.0
5TUA_A	GO:0005509	1.0
5TUA_A	GO:0005509	1.0
5TUA_A	GO:0005509	1.0
5TUA_A	GO:0005509	1.0
5TUA_A	GO:0005509	1.0
5TUA_A	GO:0005216	1.0
5TUA_A	GO:0005216	1.0
3CN6_A	GO:0015267	1.0
3CN6_A	GO:0015267	1.0
3CN6_A	GO:0015267	1.0
3CN6_A	GO:0015267	1.0
3CN6_A	GO:0015267	1.0
3CN6_A	GO:0015267	1.0
3CN6_A	GO:0015267	1.0
3CN6_A	GO:0015267	1.0
3CN6_A	GO:0015267	1.0
3CN6_B	GO:0015267	1.0
3CN6_B	GO:0015267	1.0
3CN6_B	GO:0015267	1.0
3CN6_B	GO:0015267	1.0
3CN6_B	GO:0015267	1.0
3CN6_B	GO:0015267	1.0
3CN6_B	GO:0015267	1.0
3CN6_B	GO:0015267	1.0
3CN6_B	GO:0015267	1.0
6XYW_Bf	GO:0003735	1.0
6XYW_Bf	GO:0003735	1.0
6XYW_Bf	GO:0019843	1.0
6XYW_Bi	GO:0003735	1.0
6XYW_Bi	GO:0003735	1.0
6XYW_Bi	GO:0003735	1.0
6XYW_Bi	GO:0003735	1.0
9SCU_CR	GO:0003735	1.0
9SCU_CR	GO:0003735	1.0
9SCU_CR	GO:0003735	1.0
9SCU_CR	GO:0003735	1.0
9SCU_CR	GO:0003735	1.0
9SCU_CR	GO:0003723	1.0
9SCU_CR	GO:0003735	1.0
9SCU_CR	GO:0003735	1.0
9H3G_BV	GO:0003735	1.0
9H3G_BV	GO:0003735	1.0
9H3G_BV	GO:0003735	1.0
9H3G_BV	GO:0003735	1.0
9H6I_BV	GO:0003735	1.0
9H6I_BV	GO:0003735	1.0
9H6I_BV	GO:0003735	1.0
9H6I_BV	GO:0003735	1.0
9HES_BV	GO:0003735	1.0
9HES_BV	GO:0003735	1.0
9HES_BV	GO:0003735	1.0
9HES_BV	GO:0003735	1.0
9HMW_BV	GO:0003735	1.0
9HMW_BV	GO:0003735	1.0
9HMW_BV	GO:0003735	1.0
9HMW_BV	GO:0003735	1.0
9H3G_AJ	GO:0003723	1.0
9H3G_AJ	GO:0003735	1.0
9H3G_AJ	GO:0003735	1.0
9HMW_AJ	GO:0003723	1.0
9HMW_AJ	GO:0003735	1.0
9HMW_AJ	GO:0003735	1.0
9HES_AJ	GO:0003723	1.0
9HES_AJ	GO:0003735	1.0
9HES_AJ	GO:0003735	1.0
9H6I_AJ	GO:0003723	1.0
9H6I_AJ	GO:0003735	1.0
9H6I_AJ	GO:0003735	1.0
9SDP_BE	GO:0003723	1.0
9SDP_BE	GO:0003723	1.0
9SDP_BE	GO:0003735	1.0
9SDP_BE	GO:0003723	1.0
9SDP_BE	GO:0003735	1.0
9SDP_BE	GO:0003735	1.0
9SDP_BE	GO:0003735	1.0
9HMW_BD	GO:0003735	1.0
9HMW_BD	GO:0003735	1.0
9HMW_BD	GO:0003735	1.0
9H3G_BD	GO:0003735	1.0
9H3G_BD	GO:0003735	1.0
9H3G_BD	GO:0003735	1.0
9SCU_CK	GO:0003735	1.0
9SCU_CK	GO:0003735	1.0
9SCU_CK	GO:0003735	1.0
9H6I_BD	GO:0003735	1.0
9H6I_BD	GO:0003735	1.0
9H6I_BD	GO:0003735	1.0
9HES_BD	GO:0003735	1.0
9HES_BD	GO:0003735	1.0
9HES_BD	GO:0003735	1.0
3CN5_A	GO:0015267	1.0
3CN5_A	GO:0015267	1.0
3CN5_A	GO:0015267	1.0
3CN5_A	GO:0015267	1.0
3CN5_A	GO:0015267	1.0
3CN5_A	GO:0015267	1.0
3CN5_A	GO:0015267	1.0
3CN5_A	GO:0015267	1.0
3CN5_A	GO:0015267	1.0
9HES_AK	GO:0003735	1.0
9HES_AK	GO:0003735	1.0
9HES_AK	GO:0003723	1.0
9HES_AK	GO:0003735	1.0
9HES_AK	GO:0003735	1.0
9HES_AK	GO:0003735	1.0
9HES_AK	GO:0003735	1.0
9HES_AK	GO:0003735	1.0
9HMW_AK	GO:0003735	1.0
9HMW_AK	GO:0003735	1.0
9HMW_AK	GO:0003723	1.0
9HMW_AK	GO:0003735	1.0
9HMW_AK	GO:0003735	1.0
9HMW_AK	GO:0003735	1.0
9HMW_AK	GO:0003735	1.0
9HMW_AK	GO:0003735	1.0
9H3G_AK	GO:0003735	1.0
9H3G_AK	GO:0003735	1.0
9H3G_AK	GO:0003723	1.0
9H3G_AK	GO:0003735	1.0
9H3G_AK	GO:0003735	1.0
9H3G_AK	GO:0003735	1.0
9H3G_AK	GO:0003735	1.0
9H3G_AK	GO:0003735	1.0
9H6I_AK	GO:0003735	1.0
9H6I_AK	GO:0003735	1.0
9H6I_AK	GO:0003723	1.0
9H6I_AK	GO:0003735	1.0
9H6I_AK	GO:0003735	1.0
9H6I_AK	GO:0003735	1.0
9H6I_AK	GO:0003735	1.0
9H6I_AK	GO:0003735	1.0
9H3G_Ga	GO:0003735	1.0
9H3G_Ga	GO:0005515	1.0
9H3G_Ga	GO:0005515	1.0
9H3G_Ga	GO:0005515	1.0
9H3G_Ga	GO:0003735	1.0
9SCU_Cm	GO:0003735	1.0
9SCU_Cm	GO:0005515	1.0
9SCU_Cm	GO:0005515	1.0
9SCU_Cm	GO:0005515	1.0
9SCU_Cm	GO:0003735	1.0
9H6I_Ga	GO:0003735	1.0
9H6I_Ga	GO:0005515	1.0
9H6I_Ga	GO:0005515	1.0
9H6I_Ga	GO:0005515	1.0
9H6I_Ga	GO:0003735	1.0
9HES_Ga	GO:0003735	1.0
9HES_Ga	GO:0005515	1.0
9HES_Ga	GO:0005515	1.0
9HES_Ga	GO:0005515	1.0
9HES_Ga	GO:0003735	1.0
9HMW_Ga	GO:0003735	1.0
9HMW_Ga	GO:0005515	1.0
9HMW_Ga	GO:0005515	1.0
9HMW_Ga	GO:0005515	1.0
9HMW_Ga	GO:0003735	1.0
9HES_Va	GO:0003735	1.0
9HES_Va	GO:0003735	1.0
9HES_Va	GO:0003735	1.0
9HES_Va	GO:0003735	1.0
9HES_Va	GO:0003735	1.0
9HES_Va	GO:0003735	1.0
9SDP_BX	GO:0003735	1.0
9SDP_BX	GO:0003735	1.0
9SDP_BX	GO:0003735	1.0
9SDP_BX	GO:0003735	1.0
9SDP_BX	GO:0003735	1.0
9SDP_BX	GO:0003735	1.0
9H3G_Va	GO:0003735	1.0
9H3G_Va	GO:0003735	1.0
9H3G_Va	GO:0003735	1.0
9H3G_Va	GO:0003735	1.0
9H3G_Va	GO:0003735	1.0
9H3G_Va	GO:0003735	1.0
9H6I_Va	GO:0003735	1.0
9H6I_Va	GO:0003735	1.0
9H6I_Va	GO:0003735	1.0
9H6I_Va	GO:0003735	1.0
9H6I_Va	GO:0003735	1.0
9H6I_Va	GO:0003735	1.0
9HMW_Va	GO:0003735	1.0
9HMW_Va	GO:0003735	1.0
9HMW_Va	GO:0003735	1.0
9HMW_Va	GO:0003735	1.0
9HMW_Va	GO:0003735	1.0
9HMW_Va	GO:0003735	1.0
6G46_B	GO:0003993	1.0
6G46_B	GO:0046872	1.0
6G46_B	GO:0016787	1.0
6G46_B	GO:0003993	1.0
6G46_B	GO:0046872	1.0
6G46_B	GO:0003993	1.0
6G46_C	GO:0003993	1.0
6G46_C	GO:0046872	1.0
6G46_C	GO:0016787	1.0
6G46_C	GO:0003993	1.0
6G46_C	GO:0046872	1.0
6G46_C	GO:0003993	1.0
6G46_D	GO:0003993	1.0
6G46_D	GO:0046872	1.0
6G46_D	GO:0016787	1.0
6G46_D	GO:0003993	1.0
6G46_D	GO:0046872	1.0
6G46_D	GO:0003993	1.0
6G46_A	GO:0003993	1.0
6G46_A	GO:0046872	1.0
6G46_A	GO:0016787	1.0
6G46_A	GO:0003993	1.0
6G46_A	GO:0046872	1.0
6G46_A	GO:0003993	1.0
6OF5_C	GO:0003993	1.0
6OF5_C	GO:0046872	1.0
6OF5_C	GO:0016787	1.0
6OF5_C	GO:0003993	1.0
6OF5_C	GO:0046872	1.0
6OF5_C	GO:0003993	1.0
4DHL_D	GO:0003993	1.0
4DHL_D	GO:0046872	1.0
4DHL_D	GO:0016787	1.0
4DHL_D	GO:0003993	1.0
4DHL_D	GO:0046872	1.0
4DHL_D	GO:0003993	1.0
4DSY_A	GO:0003993	1.0
4DSY_A	GO:0046872	1.0
4DSY_A	GO:0016787	1.0
4DSY_A	GO:0003993	1.0
4DSY_A	GO:0046872	1.0
4DSY_A	GO:0003993	1.0
6OF5_D	GO:0003993	1.0
6OF5_D	GO:0046872	1.0
6OF5_D	GO:0016787	1.0
6OF5_D	GO:0003993	1.0
6OF5_D	GO:0046872	1.0
6OF5_D	GO:0003993	1.0
4DHL_C	GO:0003993	1.0
4DHL_C	GO:0046872	1.0
4DHL_C	GO:0016787	1.0
4DHL_C	GO:0003993	1.0
4DHL_C	GO:0046872	1.0
4DHL_C	GO:0003993	1.0
4DSY_B	GO:0003993	1.0
4DSY_B	GO:0046872	1.0
4DSY_B	GO:0016787	1.0
4DSY_B	GO:0003993	1.0
4DSY_B	GO:0046872	1.0
4DSY_B	GO:0003993	1.0
6OF5_A	GO:0003993	1.0
6OF5_A	GO:0046872	1.0
6OF5_A	GO:0016787	1.0
6OF5_A	GO:0003993	1.0
6OF5_A	GO:0046872	1.0
6OF5_A	GO:0003993	1.0
4DHL_B	GO:0003993	1.0
4DHL_B	GO:0046872	1.0
4DHL_B	GO:0016787	1.0
4DHL_B	GO:0003993	1.0
4DHL_B	GO:0046872	1.0
4DHL_B	GO:0003993	1.0
6OF5_B	GO:0003993	1.0
6OF5_B	GO:0046872	1.0
6OF5_B	GO:0016787	1.0
6OF5_B	GO:0003993	1.0
6OF5_B	GO:0046872	1.0
6OF5_B	GO:0003993	1.0
4DHL_A	GO:0003993	1.0
4DHL_A	GO:0046872	1.0
4DHL_A	GO:0016787	1.0
4DHL_A	GO:0003993	1.0
4DHL_A	GO:0046872	1.0
4DHL_A	GO:0003993	1.0
6HWR_A	GO:0003993	1.0
6HWR_A	GO:0046872	1.0
6HWR_A	GO:0016787	1.0
6HWR_A	GO:0003993	1.0
6HWR_A	GO:0046872	1.0
6HWR_A	GO:0003993	1.0
6HWR_B	GO:0003993	1.0
6HWR_B	GO:0046872	1.0
6HWR_B	GO:0016787	1.0
6HWR_B	GO:0003993	1.0
6HWR_B	GO:0046872	1.0
6HWR_B	GO:0003993	1.0
6HWR_C	GO:0003993	1.0
6HWR_C	GO:0046872	1.0
6HWR_C	GO:0016787	1.0
6HWR_C	GO:0003993	1.0
6HWR_C	GO:0046872	1.0
6HWR_C	GO:0003993	1.0
4DT2_D	GO:0003993	1.0
4DT2_D	GO:0046872	1.0
4DT2_D	GO:0016787	1.0
4DT2_D	GO:0003993	1.0
4DT2_D	GO:0046872	1.0
4DT2_D	GO:0003993	1.0
6VJ7_A	GO:0003993	1.0
6VJ7_A	GO:0046872	1.0
6VJ7_A	GO:0016787	1.0
6VJ7_A	GO:0003993	1.0
6VJ7_A	GO:0046872	1.0
6VJ7_A	GO:0003993	1.0
4DT2_C	GO:0003993	1.0
4DT2_C	GO:0046872	1.0
4DT2_C	GO:0016787	1.0
4DT2_C	GO:0003993	1.0
4DT2_C	GO:0046872	1.0
4DT2_C	GO:0003993	1.0
6VJ7_C	GO:0003993	1.0
6VJ7_C	GO:0046872	1.0
6VJ7_C	GO:0016787	1.0
6VJ7_C	GO:0003993	1.0
6VJ7_C	GO:0046872	1.0
6VJ7_C	GO:0003993	1.0
6VJ7_B	GO:0003993	1.0
6VJ7_B	GO:0046872	1.0
6VJ7_B	GO:0016787	1.0
6VJ7_B	GO:0003993	1.0
6VJ7_B	GO:0046872	1.0
6VJ7_B	GO:0003993	1.0
4DSY_C	GO:0003993	1.0
4DSY_C	GO:0046872	1.0
4DSY_C	GO:0016787	1.0
4DSY_C	GO:0003993	1.0
4DSY_C	GO:0046872	1.0
4DSY_C	GO:0003993	1.0
4DSY_D	GO:0003993	1.0
4DSY_D	GO:0046872	1.0
4DSY_D	GO:0016787	1.0
4DSY_D	GO:0003993	1.0
4DSY_D	GO:0046872	1.0
4DSY_D	GO:0003993	1.0
6VJ7_D	GO:0003993	1.0
6VJ7_D	GO:0046872	1.0
6VJ7_D	GO:0016787	1.0
6VJ7_D	GO:0003993	1.0
6VJ7_D	GO:0046872	1.0
6VJ7_D	GO:0003993	1.0
4DT2_B	GO:0003993	1.0
4DT2_B	GO:0046872	1.0
4DT2_B	GO:0016787	1.0
4DT2_B	GO:0003993	1.0
4DT2_B	GO:0046872	1.0
4DT2_B	GO:0003993	1.0
4DT2_A	GO:0003993	1.0
4DT2_A	GO:0046872	1.0
4DT2_A	GO:0016787	1.0
4DT2_A	GO:0003993	1.0
4DT2_A	GO:0046872	1.0
4DT2_A	GO:0003993	1.0
3LE2_A	GO:0004867	1.0
8GLV_HF	GO:0005509	1.0
8GLV_HF	GO:0005509	1.0
8GLV_HF	GO:0005509	1.0
8GLV_EZ	GO:0005509	1.0
8GLV_EZ	GO:0005509	1.0
8GLV_EZ	GO:0005509	1.0
8GLV_HM	GO:0005509	1.0
8GLV_HM	GO:0005509	1.0
8GLV_HM	GO:0005509	1.0
2YIJ_B	GO:0008970	1.0
2YIJ_A	GO:0008970	1.0
9GYT_R	GO:0003735	1.0
9GYT_R	GO:0003735	1.0
9GYT_R	GO:0003735	1.0
9GYT_R	GO:0003723	1.0
9GYT_R	GO:0003676	1.0
9GYT_R	GO:0003735	1.0
9GYT_R	GO:0003723	1.0
9GYT_R	GO:0003735	1.0
9GYT_R	GO:0003735	1.0
9GYT_R	GO:0003723	1.0
9GYT_R	GO:0003735	1.0
9GYT_R	GO:0003735	1.0
9GYT_R	GO:0003723	1.0
9GYT_R	GO:0003735	1.0
9GYT_R	GO:0003735	1.0
9EVT_R	GO:0003735	1.0
9EVT_R	GO:0003735	1.0
9EVT_R	GO:0003735	1.0
9EVT_R	GO:0003723	1.0
9EVT_R	GO:0003676	1.0
9EVT_R	GO:0003735	1.0
9EVT_R	GO:0003723	1.0
9EVT_R	GO:0003735	1.0
9EVT_R	GO:0003735	1.0
9EVT_R	GO:0003723	1.0
9EVT_R	GO:0003735	1.0
9EVT_R	GO:0003735	1.0
9EVT_R	GO:0003723	1.0
9EVT_R	GO:0003735	1.0
9EVT_R	GO:0003735	1.0
6XYW_Br	GO:0003735	1.0
6XYW_Br	GO:0003735	1.0
6XYW_Br	GO:0003735	1.0
6XYW_Br	GO:0003723	1.0
6XYW_Br	GO:0003676	1.0
6XYW_Br	GO:0003735	1.0
6XYW_Br	GO:0003723	1.0
6XYW_Br	GO:0003735	1.0
6XYW_Br	GO:0003735	1.0
6XYW_Br	GO:0003723	1.0
6XYW_Br	GO:0003735	1.0
6XYW_Br	GO:0003735	1.0
6XYW_Br	GO:0003723	1.0
6XYW_Br	GO:0003735	1.0
6XYW_Br	GO:0003735	1.0
9H6I_Ba	GO:0003735	1.0
9H6I_Ba	GO:0003735	1.0
9H6I_Ba	GO:0003735	1.0
9H6I_Ba	GO:0003735	1.0
9H6I_Ba	GO:0003723	1.0
9H6I_Ba	GO:0003735	1.0
9H6I_Ba	GO:0003735	1.0
9H6I_Ba	GO:0003735	1.0
9HMW_Ba	GO:0003735	1.0
9HMW_Ba	GO:0003735	1.0
9HMW_Ba	GO:0003735	1.0
9HMW_Ba	GO:0003735	1.0
9HMW_Ba	GO:0003723	1.0
9HMW_Ba	GO:0003735	1.0
9HMW_Ba	GO:0003735	1.0
9HMW_Ba	GO:0003735	1.0
9HES_Ba	GO:0003735	1.0
9HES_Ba	GO:0003735	1.0
9HES_Ba	GO:0003735	1.0
9HES_Ba	GO:0003735	1.0
9HES_Ba	GO:0003723	1.0
9HES_Ba	GO:0003735	1.0
9HES_Ba	GO:0003735	1.0
9HES_Ba	GO:0003735	1.0
9H3G_Ba	GO:0003735	1.0
9H3G_Ba	GO:0003735	1.0
9H3G_Ba	GO:0003735	1.0
9H3G_Ba	GO:0003735	1.0
9H3G_Ba	GO:0003723	1.0
9H3G_Ba	GO:0003735	1.0
9H3G_Ba	GO:0003735	1.0
9H3G_Ba	GO:0003735	1.0
8GLV_AF	GO:0005515	1.0
8GLV_AF	GO:0005515	1.0
8GLV_AF	GO:0005515	1.0
8GLV_AF	GO:0005515	1.0
8GLV_AF	GO:0005515	1.0
8GLV_AF	GO:0005515	1.0
8GLV_AF	GO:0005515	1.0
8GLV_AF	GO:0005515	1.0
8GLV_AF	GO:0005515	1.0
8GLV_AF	GO:0005515	1.0
8GLV_AF	GO:0045504	1.0
9SCU_Ce	GO:0003735	1.0
9SCU_Ce	GO:0003735	1.0
9SCU_Ce	GO:0003735	1.0
9SCU_Ce	GO:0003735	1.0
9SCU_Ce	GO:0003735	1.0
9HES_AV	GO:0003735	1.0
9HES_AV	GO:0003735	1.0
9HES_AV	GO:0003735	1.0
9HES_AV	GO:0003735	1.0
9HES_AV	GO:0003735	1.0
9H3G_AV	GO:0003735	1.0
9H3G_AV	GO:0003735	1.0
9H3G_AV	GO:0003735	1.0
9H3G_AV	GO:0003735	1.0
9H3G_AV	GO:0003735	1.0
9HMW_AV	GO:0003735	1.0
9HMW_AV	GO:0003735	1.0
9HMW_AV	GO:0003735	1.0
9HMW_AV	GO:0003735	1.0
9HMW_AV	GO:0003735	1.0
9H6I_AV	GO:0003735	1.0
9H6I_AV	GO:0003735	1.0
9H6I_AV	GO:0003735	1.0
9H6I_AV	GO:0003735	1.0
9H6I_AV	GO:0003735	1.0
6A16_A	GO:0004497	1.0
6A16_A	GO:0005506	1.0
6A16_A	GO:0016705	1.0
6A16_A	GO:0020037	1.0
6A16_A	GO:0004497	1.0
6A16_A	GO:0016491	1.0
6A16_A	GO:0005506	1.0
6A16_A	GO:0016705	1.0
6A16_A	GO:0004497	1.0
6A16_A	GO:0005506	1.0
6A16_A	GO:0016705	1.0
6A16_A	GO:0020037	1.0
6A16_A	GO:0004497	1.0
6A16_A	GO:0005506	1.0
6A16_A	GO:0016705	1.0
6A16_A	GO:0020037	1.0
6A16_A	GO:0004497	1.0
6A16_A	GO:0005506	1.0
6A16_A	GO:0016705	1.0
6A16_A	GO:0020037	1.0
6A16_A	GO:0004497	1.0
6A16_A	GO:0005506	1.0
6A16_A	GO:0016705	1.0
6A16_A	GO:0020037	1.0
6A16_A	GO:0004497	1.0
6A16_A	GO:0005506	1.0
6A16_A	GO:0016705	1.0
6A16_A	GO:0020037	1.0
6A16_A	GO:0004497	1.0
6A16_A	GO:0005506	1.0
6A16_A	GO:0016705	1.0
6A16_A	GO:0020037	1.0
6A16_A	GO:0004497	1.0
6A16_A	GO:0005506	1.0
6A16_A	GO:0016705	1.0
6A16_A	GO:0020037	1.0
6A16_A	GO:0004497	1.0
6A16_A	GO:0005506	1.0
6A16_A	GO:0016705	1.0
6A16_A	GO:0020037	1.0
6A16_A	GO:0004497	1.0
6A16_A	GO:0005506	1.0
6A16_A	GO:0016705	1.0
6A16_A	GO:0020037	1.0
6A16_A	GO:0004497	1.0
6A16_A	GO:0005506	1.0
6A16_A	GO:0016705	1.0
6A16_A	GO:0020037	1.0
6A16_A	GO:0004497	1.0
6A16_A	GO:0005506	1.0
6A16_A	GO:0016705	1.0
6A16_A	GO:0020037	1.0
6A16_A	GO:0004497	1.0
6A16_A	GO:0005506	1.0
6A16_A	GO:0016705	1.0
6A16_A	GO:0020037	1.0
6A16_A	GO:0004497	1.0
6A16_A	GO:0005506	1.0
6A16_A	GO:0016705	1.0
6A16_A	GO:0020037	1.0
9H3G_AA	GO:0003735	1.0
9H3G_AA	GO:0003735	1.0
9H3G_AA	GO:0003735	1.0
9H3G_AA	GO:0003723	1.0
9H3G_AA	GO:0003723	1.0
9H3G_AA	GO:0003723	1.0
9H6I_AA	GO:0003735	1.0
9H6I_AA	GO:0003735	1.0
9H6I_AA	GO:0003735	1.0
9H6I_AA	GO:0003723	1.0
9H6I_AA	GO:0003723	1.0
9H6I_AA	GO:0003723	1.0
9HES_AA	GO:0003735	1.0
9HES_AA	GO:0003735	1.0
9HES_AA	GO:0003735	1.0
9HES_AA	GO:0003723	1.0
9HES_AA	GO:0003723	1.0
9HES_AA	GO:0003723	1.0
9HMW_AA	GO:0003735	1.0
9HMW_AA	GO:0003735	1.0
9HMW_AA	GO:0003735	1.0
9HMW_AA	GO:0003723	1.0
9HMW_AA	GO:0003723	1.0
9HMW_AA	GO:0003723	1.0
9SDQ_BD	GO:0003735	1.0
9SDQ_BD	GO:0003735	1.0
9SDQ_BD	GO:0003735	1.0
9SDQ_BD	GO:0003723	1.0
9SDQ_BD	GO:0003723	1.0
9SDQ_BD	GO:0003723	1.0
9H3G_AE	GO:0003735	1.0
9H3G_AE	GO:0003735	1.0
9H3G_AE	GO:0003735	1.0
9H3G_AE	GO:0003735	1.0
9H6I_AE	GO:0003735	1.0
9H6I_AE	GO:0003735	1.0
9H6I_AE	GO:0003735	1.0
9H6I_AE	GO:0003735	1.0
9HES_AE	GO:0003735	1.0
9HES_AE	GO:0003735	1.0
9HES_AE	GO:0003735	1.0
9HES_AE	GO:0003735	1.0
9SDP_BW	GO:0003735	1.0
9SDP_BW	GO:0003735	1.0
9SDP_BW	GO:0003735	1.0
9SDP_BW	GO:0003735	1.0
9HMW_AE	GO:0003735	1.0
9HMW_AE	GO:0003735	1.0
9HMW_AE	GO:0003735	1.0
9HMW_AE	GO:0003735	1.0
6W8S_C	GO:0004197	1.0
6W8S_C	GO:0004197	1.0
6W8T_A	GO:0004197	1.0
6W8T_A	GO:0004197	1.0
6W8S_D	GO:0004197	1.0
6W8S_D	GO:0004197	1.0
6W8T_B	GO:0004197	1.0
6W8T_B	GO:0004197	1.0
6W8S_A	GO:0004197	1.0
6W8S_A	GO:0004197	1.0
6W8S_B	GO:0004197	1.0
6W8S_B	GO:0004197	1.0
8WOW_A	GO:0003978	1.0
8WOW_A	GO:0003978	1.0
8WOW_A	GO:0003978	1.0
8WOW_B	GO:0003978	1.0
8WOW_B	GO:0003978	1.0
8WOW_B	GO:0003978	1.0
6CX0_A	GO:0005509	1.0
6CX0_A	GO:0005509	1.0
6CX0_A	GO:0005509	1.0
6CX0_A	GO:0005509	1.0
6CX0_A	GO:0005509	1.0
6CX0_A	GO:0005216	1.0
6CX0_A	GO:0005216	1.0
6RNG_A	GO:0004332	1.0
6RNG_A	GO:0004332	1.0
6RNG_B	GO:0004332	1.0
6RNG_B	GO:0004332	1.0
6RS1_B	GO:0004332	1.0
6RS1_B	GO:0004332	1.0
6RS1_A	GO:0004332	1.0
6RS1_A	GO:0004332	1.0
6RS1_D	GO:0004332	1.0
6RS1_D	GO:0004332	1.0
6RS1_C	GO:0004332	1.0
6RS1_C	GO:0004332	1.0
6RNG_F	GO:0004332	1.0
6RNG_F	GO:0004332	1.0
6RNG_G	GO:0004332	1.0
6RNG_G	GO:0004332	1.0
6K5V_D	GO:0046912	1.0
6K5V_D	GO:0046912	1.0
6K5V_D	GO:0046912	1.0
6K5V_D	GO:0046912	1.0
6K5V_D	GO:0046912	1.0
6K5V_D	GO:0046912	1.0
6K5V_D	GO:0046912	1.0
6K5V_D	GO:0046912	1.0
6K5V_D	GO:0046912	1.0
6K5V_D	GO:0046912	1.0
6K5V_C	GO:0046912	1.0
6K5V_C	GO:0046912	1.0
6K5V_C	GO:0046912	1.0
6K5V_C	GO:0046912	1.0
6K5V_C	GO:0046912	1.0
6K5V_C	GO:0046912	1.0
6K5V_C	GO:0046912	1.0
6K5V_C	GO:0046912	1.0
6K5V_C	GO:0046912	1.0
6K5V_C	GO:0046912	1.0
6K5V_B	GO:0046912	1.0
6K5V_B	GO:0046912	1.0
6K5V_B	GO:0046912	1.0
6K5V_B	GO:0046912	1.0
6K5V_B	GO:0046912	1.0
6K5V_B	GO:0046912	1.0
6K5V_B	GO:0046912	1.0
6K5V_B	GO:0046912	1.0
6K5V_B	GO:0046912	1.0
6K5V_B	GO:0046912	1.0
6K5V_E	GO:0046912	1.0
6K5V_E	GO:0046912	1.0
6K5V_E	GO:0046912	1.0
6K5V_E	GO:0046912	1.0
6K5V_E	GO:0046912	1.0
6K5V_E	GO:0046912	1.0
6K5V_E	GO:0046912	1.0
6K5V_E	GO:0046912	1.0
6K5V_E	GO:0046912	1.0
6K5V_E	GO:0046912	1.0
6K5V_A	GO:0046912	1.0
6K5V_A	GO:0046912	1.0
6K5V_A	GO:0046912	1.0
6K5V_A	GO:0046912	1.0
6K5V_A	GO:0046912	1.0
6K5V_A	GO:0046912	1.0
6K5V_A	GO:0046912	1.0
6K5V_A	GO:0046912	1.0
6K5V_A	GO:0046912	1.0
6K5V_A	GO:0046912	1.0
6K5V_F	GO:0046912	1.0
6K5V_F	GO:0046912	1.0
6K5V_F	GO:0046912	1.0
6K5V_F	GO:0046912	1.0
6K5V_F	GO:0046912	1.0
6K5V_F	GO:0046912	1.0
6K5V_F	GO:0046912	1.0
6K5V_F	GO:0046912	1.0
6K5V_F	GO:0046912	1.0
6K5V_F	GO:0046912	1.0
8GW6_A	GO:0008308	1.0
8GW7_A	GO:0008308	1.0
8GW6_B	GO:0008308	1.0
8GW6_C	GO:0008308	1.0
8GW7_C	GO:0008308	1.0
8GW7_B	GO:0008308	1.0
2OXB_A	GO:0004553	1.0
2OXB_A	GO:0004553	1.0
4N2Q_A	GO:0005515	1.0
4N2Q_A	GO:0003723	1.0
4ME2_A	GO:0005515	1.0
4ME2_A	GO:0003723	1.0
4N2S_A	GO:0005515	1.0
4N2S_A	GO:0003723	1.0
8HS0_A	GO:0004160	1.0
8HS0_A	GO:0003824	1.0
8HS0_A	GO:0004160	1.0
8HS0_A	GO:0003824	1.0
8HS0_A	GO:0004160	1.0
7TDE_B	GO:0005509	1.0
7TDE_B	GO:0005509	1.0
7TDE_B	GO:0005509	1.0
7TDE_B	GO:0005509	1.0
7TDE_B	GO:0005509	1.0
7TDE_B	GO:0005216	1.0
7TDE_B	GO:0005216	1.0
7TDE_A	GO:0005509	1.0
7TDE_A	GO:0005509	1.0
7TDE_A	GO:0005509	1.0
7TDE_A	GO:0005509	1.0
7TDE_A	GO:0005509	1.0
7TDE_A	GO:0005216	1.0
7TDE_A	GO:0005216	1.0
6J5T_F	GO:0043531	1.0
6J5T_G	GO:0043531	1.0
6J6I_C	GO:0043531	1.0
6J6I_G	GO:0043531	1.0
6J6I_F	GO:0043531	1.0
6J5T_L	GO:0043531	1.0
6J5V_A	GO:0043531	1.0
6J5T_O	GO:0043531	1.0
6J5U_A	GO:0043531	1.0
6J6I_L	GO:0043531	1.0
6J6I_O	GO:0043531	1.0
6J5T_C	GO:0043531	1.0
6J5W_A	GO:0043531	1.0
9SDQ_Bc	GO:0003735	1.0
9SDQ_Bc	GO:0003735	1.0
9SDQ_Bc	GO:0003735	1.0
9SDQ_Bc	GO:0003735	1.0
9SDQ_Bc	GO:0003735	1.0
9HMW_Oa	GO:0003735	1.0
9HMW_Oa	GO:0003735	1.0
9HMW_Oa	GO:0003735	1.0
9HMW_Oa	GO:0003735	1.0
9HMW_Oa	GO:0003735	1.0
9H3G_Oa	GO:0003735	1.0
9H3G_Oa	GO:0003735	1.0
9H3G_Oa	GO:0003735	1.0
9H3G_Oa	GO:0003735	1.0
9H3G_Oa	GO:0003735	1.0
9HES_Oa	GO:0003735	1.0
9HES_Oa	GO:0003735	1.0
9HES_Oa	GO:0003735	1.0
9HES_Oa	GO:0003735	1.0
9HES_Oa	GO:0003735	1.0
9H6I_Oa	GO:0003735	1.0
9H6I_Oa	GO:0003735	1.0
9H6I_Oa	GO:0003735	1.0
9H6I_Oa	GO:0003735	1.0
9H6I_Oa	GO:0003735	1.0
6I6M_B	GO:0008168	1.0
6I6M_B	GO:0008168	1.0
6I6M_B	GO:0008168	1.0
6I6M_B	GO:0046983	1.0
6I6M_B	GO:0008171	1.0
6I6M_A	GO:0008168	1.0
6I6M_A	GO:0008168	1.0
6I6M_A	GO:0008168	1.0
6I6M_A	GO:0046983	1.0
6I6M_A	GO:0008171	1.0
6I6N_B	GO:0008168	1.0
6I6N_B	GO:0008168	1.0
6I6N_B	GO:0008168	1.0
6I6N_B	GO:0046983	1.0
6I6N_B	GO:0008171	1.0
6I6N_A	GO:0008168	1.0
6I6N_A	GO:0008168	1.0
6I6N_A	GO:0008168	1.0
6I6N_A	GO:0046983	1.0
6I6N_A	GO:0008171	1.0
8GLV_AG	GO:0005515	1.0
8GLV_AG	GO:0005515	1.0
8GLV_AG	GO:0005515	1.0
8GLV_AG	GO:0005515	1.0
8GLV_AG	GO:0005515	1.0
8GLV_AG	GO:0005515	1.0
8GLV_AG	GO:0005515	1.0
8GLV_AG	GO:0045504	1.0
5ICE_A	GO:0008168	1.0
5ICE_A	GO:0008168	1.0
5ICE_A	GO:0046983	1.0
5ICE_A	GO:0008168	1.0
5ICE_A	GO:0008171	1.0
5ICG_A	GO:0008168	1.0
5ICG_A	GO:0008168	1.0
5ICG_A	GO:0046983	1.0
5ICG_A	GO:0008168	1.0
5ICG_A	GO:0008171	1.0
5ICC_A	GO:0008168	1.0
5ICC_A	GO:0008168	1.0
5ICC_A	GO:0046983	1.0
5ICC_A	GO:0008168	1.0
5ICC_A	GO:0008171	1.0
5ICF_A	GO:0008168	1.0
5ICF_A	GO:0008168	1.0
5ICF_A	GO:0046983	1.0
5ICF_A	GO:0008168	1.0
5ICF_A	GO:0008171	1.0
7WNQ_B	GO:0008308	1.0
7WNQ_A	GO:0008308	1.0
7WNQ_C	GO:0008308	1.0
8JD9_A	GO:0015386	1.0
8JD9_A	GO:0015297	1.0
8JDA_B	GO:0015386	1.0
8JDA_B	GO:0015297	1.0
8JD9_B	GO:0015386	1.0
8JD9_B	GO:0015297	1.0
8JDA_A	GO:0015386	1.0
8JDA_A	GO:0015297	1.0
3HBX_D	GO:0004351	1.0
3HBX_D	GO:0030170	1.0
3HBX_D	GO:0004351	1.0
3HBX_D	GO:0004351	1.0
3HBX_D	GO:0030170	1.0
3HBX_D	GO:0016830	1.0
3HBX_D	GO:0030170	1.0
3HBX_E	GO:0004351	1.0
3HBX_E	GO:0030170	1.0
3HBX_E	GO:0004351	1.0
3HBX_E	GO:0004351	1.0
3HBX_E	GO:0030170	1.0
3HBX_E	GO:0016830	1.0
3HBX_E	GO:0030170	1.0
3HBX_A	GO:0004351	1.0
3HBX_A	GO:0030170	1.0
3HBX_A	GO:0004351	1.0
3HBX_A	GO:0004351	1.0
3HBX_A	GO:0030170	1.0
3HBX_A	GO:0016830	1.0
3HBX_A	GO:0030170	1.0
3HBX_B	GO:0004351	1.0
3HBX_B	GO:0030170	1.0
3HBX_B	GO:0004351	1.0
3HBX_B	GO:0004351	1.0
3HBX_B	GO:0030170	1.0
3HBX_B	GO:0016830	1.0
3HBX_B	GO:0030170	1.0
3HBX_F	GO:0004351	1.0
3HBX_F	GO:0030170	1.0
3HBX_F	GO:0004351	1.0
3HBX_F	GO:0004351	1.0
3HBX_F	GO:0030170	1.0
3HBX_F	GO:0016830	1.0
3HBX_F	GO:0030170	1.0
3HBX_C	GO:0004351	1.0
3HBX_C	GO:0030170	1.0
3HBX_C	GO:0004351	1.0
3HBX_C	GO:0004351	1.0
3HBX_C	GO:0030170	1.0
3HBX_C	GO:0016830	1.0
3HBX_C	GO:0030170	1.0
9QT9_A	GO:0008270	1.0
9QT9_A	GO:0008270	1.0
9QT9_A	GO:0008270	1.0
9QT9_A	GO:0008270	1.0
9QT9_A	GO:0008270	1.0
9QT9_A	GO:0005515	1.0
9QT9_A	GO:0008270	1.0
9QT9_A	GO:0008270	1.0
9QT9_B	GO:0008270	1.0
9QT9_B	GO:0008270	1.0
9QT9_B	GO:0008270	1.0
9QT9_B	GO:0008270	1.0
9QT9_B	GO:0008270	1.0
9QT9_B	GO:0005515	1.0
9QT9_B	GO:0008270	1.0
9QT9_B	GO:0008270	1.0
6SBP_A	GO:0016702	1.0
6SBP_A	GO:0016702	1.0
6XYW_Bb	GO:0003723	1.0
6XYW_Bb	GO:0003735	1.0
9SCU_CA	GO:0003735	1.0
9SCU_CA	GO:0003735	1.0
9SCU_CA	GO:0003723	1.0
9SCU_CA	GO:0003735	1.0
9SCU_CA	GO:0003735	1.0
9SCU_CA	GO:0003723	1.0
9SCU_CA	GO:0003735	1.0
9SCU_CA	GO:0003735	1.0
9SCU_CA	GO:0003735	1.0
9SCU_CA	GO:0003723	1.0
9SCU_CA	GO:0003735	1.0
9SCU_CA	GO:0003735	1.0
9SCU_CA	GO:0003735	1.0
3S28_H	GO:0016157	1.0
3S28_H	GO:0016157	1.0
3S28_H	GO:0016157	1.0
3S28_H	GO:0016757	1.0
3S27_C	GO:0016157	1.0
3S27_C	GO:0016157	1.0
3S27_C	GO:0016157	1.0
3S27_C	GO:0016757	1.0
3S28_G	GO:0016157	1.0
3S28_G	GO:0016157	1.0
3S28_G	GO:0016157	1.0
3S28_G	GO:0016757	1.0
3S27_B	GO:0016157	1.0
3S27_B	GO:0016157	1.0
3S27_B	GO:0016157	1.0
3S27_B	GO:0016757	1.0
3S27_A	GO:0016157	1.0
3S27_A	GO:0016157	1.0
3S27_A	GO:0016157	1.0
3S27_A	GO:0016757	1.0
3S28_D	GO:0016157	1.0
3S28_D	GO:0016157	1.0
3S28_D	GO:0016157	1.0
3S28_D	GO:0016757	1.0
3S28_C	GO:0016157	1.0
3S28_C	GO:0016157	1.0
3S28_C	GO:0016157	1.0
3S28_C	GO:0016757	1.0
3S29_A	GO:0016157	1.0
3S29_A	GO:0016157	1.0
3S29_A	GO:0016157	1.0
3S29_A	GO:0016757	1.0
3S28_F	GO:0016157	1.0
3S28_F	GO:0016157	1.0
3S28_F	GO:0016157	1.0
3S28_F	GO:0016757	1.0
3S28_E	GO:0016157	1.0
3S28_E	GO:0016157	1.0
3S28_E	GO:0016157	1.0
3S28_E	GO:0016757	1.0
3S29_D	GO:0016157	1.0
3S29_D	GO:0016157	1.0
3S29_D	GO:0016157	1.0
3S29_D	GO:0016757	1.0
3S29_E	GO:0016157	1.0
3S29_E	GO:0016157	1.0
3S29_E	GO:0016157	1.0
3S29_E	GO:0016757	1.0
3S28_B	GO:0016157	1.0
3S28_B	GO:0016157	1.0
3S28_B	GO:0016157	1.0
3S28_B	GO:0016757	1.0
3S29_B	GO:0016157	1.0
3S29_B	GO:0016157	1.0
3S29_B	GO:0016157	1.0
3S29_B	GO:0016757	1.0
3S27_H	GO:0016157	1.0
3S27_H	GO:0016157	1.0
3S27_H	GO:0016157	1.0
3S27_H	GO:0016757	1.0
3S28_A	GO:0016157	1.0
3S28_A	GO:0016157	1.0
3S28_A	GO:0016157	1.0
3S28_A	GO:0016757	1.0
3S29_C	GO:0016157	1.0
3S29_C	GO:0016157	1.0
3S29_C	GO:0016157	1.0
3S29_C	GO:0016757	1.0
3S27_G	GO:0016157	1.0
3S27_G	GO:0016157	1.0
3S27_G	GO:0016157	1.0
3S27_G	GO:0016757	1.0
3S29_H	GO:0016157	1.0
3S29_H	GO:0016157	1.0
3S29_H	GO:0016157	1.0
3S29_H	GO:0016757	1.0
3S27_F	GO:0016157	1.0
3S27_F	GO:0016157	1.0
3S27_F	GO:0016157	1.0
3S27_F	GO:0016757	1.0
3S27_E	GO:0016157	1.0
3S27_E	GO:0016157	1.0
3S27_E	GO:0016157	1.0
3S27_E	GO:0016757	1.0
3S29_F	GO:0016157	1.0
3S29_F	GO:0016157	1.0
3S29_F	GO:0016157	1.0
3S29_F	GO:0016757	1.0
3S27_D	GO:0016157	1.0
3S27_D	GO:0016157	1.0
3S27_D	GO:0016157	1.0
3S27_D	GO:0016757	1.0
3S29_G	GO:0016157	1.0
3S29_G	GO:0016157	1.0
3S29_G	GO:0016157	1.0
3S29_G	GO:0016757	1.0
9SDP_BV	GO:0003735	1.0
9SDP_BV	GO:0003735	1.0
9SDP_BV	GO:0003735	1.0
9SDP_BV	GO:0003735	1.0
9H3G_AN	GO:0003735	1.0
9H3G_AN	GO:0003723	1.0
9H3G_AN	GO:0003735	1.0
9H3G_AN	GO:0003735	1.0
9SCU_w	GO:0003735	1.0
9SCU_w	GO:0003723	1.0
9SCU_w	GO:0003735	1.0
9SCU_w	GO:0003735	1.0
9HMW_AN	GO:0003735	1.0
9HMW_AN	GO:0003723	1.0
9HMW_AN	GO:0003735	1.0
9HMW_AN	GO:0003735	1.0
9HES_AN	GO:0003735	1.0
9HES_AN	GO:0003723	1.0
9HES_AN	GO:0003735	1.0
9HES_AN	GO:0003735	1.0
9H6I_AN	GO:0003735	1.0
9H6I_AN	GO:0003723	1.0
9H6I_AN	GO:0003735	1.0
9H6I_AN	GO:0003735	1.0
9EQ2_B	GO:0008094	1.0
9EQ2_B	GO:0005524	1.0
9EQ2_C	GO:0008094	1.0
9EQ2_C	GO:0005524	1.0
9EQ2_A	GO:0008094	1.0
9EQ2_A	GO:0005524	1.0
7YJK_F	GO:0030170	1.0
7YJK_F	GO:0004758	1.0
7YJK_F	GO:0016740	1.0
7YJK_B	GO:0030170	1.0
7YJK_B	GO:0004758	1.0
7YJK_B	GO:0016740	1.0
7YJN_B	GO:0030170	1.0
7YJN_B	GO:0004758	1.0
7YJN_B	GO:0016740	1.0
7YJM_B	GO:0030170	1.0
7YJM_B	GO:0004758	1.0
7YJM_B	GO:0016740	1.0
9SDP_cS	GO:0003735	1.0
9SDP_cS	GO:0003735	1.0
9SDP_cS	GO:0003735	1.0
9SDP_cS	GO:0003735	1.0
9SDP_cS	GO:0003735	1.0
2Q45_A	GO:0016491	1.0
1XQ1_A	GO:0016491	1.0
8GLV_Kt	GO:0005515	1.0
8GLV_Kt	GO:0005515	1.0
8GLV_Kt	GO:0005515	1.0
8GLV_Kt	GO:0045504	1.0
8GLV_Kt	GO:0005515	1.0
8GLV_Kt	GO:0005515	1.0
8GLV_Kt	GO:0005515	1.0
8GLV_Kt	GO:0005515	1.0
8GLV_Aa	GO:0005515	1.0
8GLV_Aa	GO:0005515	1.0
8GLV_Aa	GO:0005515	1.0
8GLV_Aa	GO:0045504	1.0
8GLV_Aa	GO:0005515	1.0
8GLV_Aa	GO:0005515	1.0
8GLV_Aa	GO:0005515	1.0
8GLV_Aa	GO:0005515	1.0
8GLV_Lp	GO:0005515	1.0
8GLV_Lp	GO:0005515	1.0
8GLV_Lp	GO:0005515	1.0
8GLV_Lp	GO:0045504	1.0
8GLV_Lp	GO:0005515	1.0
8GLV_Lp	GO:0005515	1.0
8GLV_Lp	GO:0005515	1.0
8GLV_Lp	GO:0005515	1.0
8GLV_Ab	GO:0005515	1.0
8GLV_Ab	GO:0005515	1.0
8GLV_Ab	GO:0005515	1.0
8GLV_Ab	GO:0045504	1.0
8GLV_Ab	GO:0005515	1.0
8GLV_Ab	GO:0005515	1.0
8GLV_Ab	GO:0005515	1.0
8GLV_Ab	GO:0005515	1.0
8GLV_Fo	GO:0005515	1.0
8GLV_Fo	GO:0005515	1.0
8GLV_Fo	GO:0005515	1.0
8GLV_Fo	GO:0045504	1.0
8GLV_Fo	GO:0005515	1.0
8GLV_Fo	GO:0005515	1.0
8GLV_Fo	GO:0005515	1.0
8GLV_Fo	GO:0005515	1.0
8GLV_Em	GO:0005515	1.0
8GLV_Em	GO:0005515	1.0
8GLV_Em	GO:0005515	1.0
8GLV_Em	GO:0005515	1.0
1E20_A	GO:0003824	1.0
1E20_A	GO:0004633	1.0
1E20_A	GO:0010181	1.0
1E20_A	GO:0003824	1.0
1E20_A	GO:0003824	1.0
5ZE4_A	GO:0004160	1.0
5ZE4_A	GO:0004160	1.0
5ZE4_A	GO:0003824	1.0
5ZE4_A	GO:0003824	1.0
5ZE4_A	GO:0004160	1.0
9H3G_AU	GO:0003735	1.0
9H3G_AU	GO:0003735	1.0
9H3G_AU	GO:0003735	1.0
9H3G_AU	GO:0003735	1.0
9H3G_AU	GO:0003735	1.0
9H3G_AU	GO:0003735	1.0
9H6I_AU	GO:0003735	1.0
9H6I_AU	GO:0003735	1.0
9H6I_AU	GO:0003735	1.0
9H6I_AU	GO:0003735	1.0
9H6I_AU	GO:0003735	1.0
9H6I_AU	GO:0003735	1.0
9HES_AU	GO:0003735	1.0
9HES_AU	GO:0003735	1.0
9HES_AU	GO:0003735	1.0
9HES_AU	GO:0003735	1.0
9HES_AU	GO:0003735	1.0
9HES_AU	GO:0003735	1.0
9HMW_AU	GO:0003735	1.0
9HMW_AU	GO:0003735	1.0
9HMW_AU	GO:0003735	1.0
9HMW_AU	GO:0003735	1.0
9HMW_AU	GO:0003735	1.0
9HMW_AU	GO:0003735	1.0
9HMW_Ua	GO:0003735	1.0
9HMW_Ua	GO:0003735	1.0
9HMW_Ua	GO:0003735	1.0
9HMW_Ua	GO:0003735	1.0
9HMW_Ua	GO:0003735	1.0
9H3G_Ua	GO:0003735	1.0
9H3G_Ua	GO:0003735	1.0
9H3G_Ua	GO:0003735	1.0
9H3G_Ua	GO:0003735	1.0
9H3G_Ua	GO:0003735	1.0
9HES_Ua	GO:0003735	1.0
9HES_Ua	GO:0003735	1.0
9HES_Ua	GO:0003735	1.0
9HES_Ua	GO:0003735	1.0
9HES_Ua	GO:0003735	1.0
9H6I_Ua	GO:0003735	1.0
9H6I_Ua	GO:0003735	1.0
9H6I_Ua	GO:0003735	1.0
9H6I_Ua	GO:0003735	1.0
9H6I_Ua	GO:0003735	1.0
8J1E_B	GO:0008308	1.0
8J1E_C	GO:0008308	1.0
8J1E_A	GO:0008308	1.0
7OBE_B	GO:0005515	1.0
7OBE_B	GO:0016787	1.0
7OBE_B	GO:0016787	1.0
7OBE_B	GO:0016787	1.0
7OBE_B	GO:0016787	1.0
7OBE_B	GO:0016787	1.0
7OBE_B	GO:0016787	1.0
7OBE_B	GO:0016787	1.0
7OBE_B	GO:0005515	1.0
7OBE_B	GO:0005515	1.0
7OBE_B	GO:0016787	1.0
7OBE_B	GO:0005515	1.0
7OBE_B	GO:0005515	1.0
7OBE_B	GO:0005515	1.0
7OBE_B	GO:0016787	1.0
7OBE_B	GO:0005515	1.0
7OBE_B	GO:0005515	1.0
7OBE_A	GO:0005515	1.0
7OBE_A	GO:0016787	1.0
7OBE_A	GO:0016787	1.0
7OBE_A	GO:0016787	1.0
7OBE_A	GO:0016787	1.0
7OBE_A	GO:0016787	1.0
7OBE_A	GO:0016787	1.0
7OBE_A	GO:0016787	1.0
7OBE_A	GO:0005515	1.0
7OBE_A	GO:0005515	1.0
7OBE_A	GO:0016787	1.0
7OBE_A	GO:0005515	1.0
7OBE_A	GO:0005515	1.0
7OBE_A	GO:0005515	1.0
7OBE_A	GO:0016787	1.0
7OBE_A	GO:0005515	1.0
7OBE_A	GO:0005515	1.0
7CHI_A	GO:0016702	1.0
7CHI_A	GO:0016702	1.0
6W8R_A	GO:0004197	1.0
6W8R_A	GO:0004197	1.0
6W8R_B	GO:0004197	1.0
6W8R_B	GO:0004197	1.0
2Q49_D	GO:0016620	1.0
2Q49_D	GO:0051287	1.0
2Q49_D	GO:0016620	1.0
2Q49_D	GO:0051287	1.0
2Q49_D	GO:0070401	1.0
2Q49_D	GO:0070401	1.0
1XYG_A	GO:0016620	1.0
1XYG_A	GO:0051287	1.0
1XYG_A	GO:0016620	1.0
1XYG_A	GO:0051287	1.0
1XYG_A	GO:0070401	1.0
1XYG_A	GO:0070401	1.0
2Q49_C	GO:0016620	1.0
2Q49_C	GO:0051287	1.0
2Q49_C	GO:0016620	1.0
2Q49_C	GO:0051287	1.0
2Q49_C	GO:0070401	1.0
2Q49_C	GO:0070401	1.0
1XYG_B	GO:0016620	1.0
1XYG_B	GO:0051287	1.0
1XYG_B	GO:0016620	1.0
1XYG_B	GO:0051287	1.0
1XYG_B	GO:0070401	1.0
1XYG_B	GO:0070401	1.0
2Q49_B	GO:0016620	1.0
2Q49_B	GO:0051287	1.0
2Q49_B	GO:0016620	1.0
2Q49_B	GO:0051287	1.0
2Q49_B	GO:0070401	1.0
2Q49_B	GO:0070401	1.0
1XYG_C	GO:0016620	1.0
1XYG_C	GO:0051287	1.0
1XYG_C	GO:0016620	1.0
1XYG_C	GO:0051287	1.0
1XYG_C	GO:0070401	1.0
1XYG_C	GO:0070401	1.0
2Q49_A	GO:0016620	1.0
2Q49_A	GO:0051287	1.0
2Q49_A	GO:0016620	1.0
2Q49_A	GO:0051287	1.0
2Q49_A	GO:0070401	1.0
2Q49_A	GO:0070401	1.0
1XYG_D	GO:0016620	1.0
1XYG_D	GO:0051287	1.0
1XYG_D	GO:0016620	1.0
1XYG_D	GO:0051287	1.0
1XYG_D	GO:0070401	1.0
1XYG_D	GO:0070401	1.0
7CY8_A	GO:0015144	1.0
7CY8_A	GO:0015144	1.0
7CY8_A	GO:0015144	1.0
7CY8_A	GO:0015144	1.0
7CY8_A	GO:0015144	1.0
7CY8_A	GO:0015144	1.0
7CY8_A	GO:0015144	1.0
7CY8_A	GO:0015144	1.0
7CY8_A	GO:1901982	1.0
7CY6_A	GO:0015144	1.0
7CY6_A	GO:0015144	1.0
7CY6_A	GO:0015144	1.0
7CY6_A	GO:0015144	1.0
7CY6_A	GO:0015144	1.0
7CY6_A	GO:0015144	1.0
7CY6_A	GO:0015144	1.0
7CY6_A	GO:0015144	1.0
7CY6_A	GO:1901982	1.0
7CY5_A	GO:0015144	1.0
7CY5_A	GO:0015144	1.0
7CY5_A	GO:0015144	1.0
7CY5_A	GO:0015144	1.0
7CY5_A	GO:0015144	1.0
7CY5_A	GO:0015144	1.0
7CY5_A	GO:0015144	1.0
7CY5_A	GO:0015144	1.0
7CY5_A	GO:1901982	1.0
7CY4_A	GO:0015144	1.0
7CY4_A	GO:0015144	1.0
7CY4_A	GO:0015144	1.0
7CY4_A	GO:0015144	1.0
7CY4_A	GO:0015144	1.0
7CY4_A	GO:0015144	1.0
7CY4_A	GO:0015144	1.0
7CY4_A	GO:0015144	1.0
7CY4_A	GO:1901982	1.0
7CY7_A	GO:0015144	1.0
7CY7_A	GO:0015144	1.0
7CY7_A	GO:0015144	1.0
7CY7_A	GO:0015144	1.0
7CY7_A	GO:0015144	1.0
7CY7_A	GO:0015144	1.0
7CY7_A	GO:0015144	1.0
7CY7_A	GO:0015144	1.0
7CY7_A	GO:1901982	1.0
8GLV_La	GO:0045504	1.0
7JU4_w	GO:0045504	1.0
8GLV_Ko	GO:0045504	1.0
8GLV_JF	GO:0045504	1.0
8GLV_Lb	GO:0045504	1.0
8GLV_JE	GO:0045504	1.0
8GLV_Kn	GO:0045504	1.0
7JU4_v	GO:0045504	1.0
1M9L_A	GO:0005515	1.0
1M9L_A	GO:0005515	1.0
1M9L_A	GO:0005515	1.0
9H3G_AF	GO:0003735	1.0
9H3G_AF	GO:0003723	1.0
9H3G_AF	GO:0003735	1.0
9H3G_AF	GO:0003735	1.0
9H3G_AF	GO:0003735	1.0
9HMW_AF	GO:0003735	1.0
9HMW_AF	GO:0003723	1.0
9HMW_AF	GO:0003735	1.0
9HMW_AF	GO:0003735	1.0
9HMW_AF	GO:0003735	1.0
9SDQ_BQ	GO:0003735	1.0
9SDQ_BQ	GO:0003723	1.0
9SDQ_BQ	GO:0003735	1.0
9SDQ_BQ	GO:0003735	1.0
9SDQ_BQ	GO:0003735	1.0
9HES_AF	GO:0003735	1.0
9HES_AF	GO:0003723	1.0
9HES_AF	GO:0003735	1.0
9HES_AF	GO:0003735	1.0
9HES_AF	GO:0003735	1.0
9H6I_AF	GO:0003735	1.0
9H6I_AF	GO:0003723	1.0
9H6I_AF	GO:0003735	1.0
9H6I_AF	GO:0003735	1.0
9H6I_AF	GO:0003735	1.0
9SCU_Ca	GO:0003735	1.0
9SCU_Ca	GO:0003735	1.0
9SCU_Ca	GO:0003735	1.0
9H6I_Ha	GO:0003735	1.0
9H6I_Ha	GO:0003735	1.0
9H6I_Ha	GO:0003735	1.0
9HMW_Ha	GO:0003735	1.0
9HMW_Ha	GO:0003735	1.0
9HMW_Ha	GO:0003735	1.0
9HES_Ha	GO:0003735	1.0
9HES_Ha	GO:0003735	1.0
9HES_Ha	GO:0003735	1.0
9H3G_Ha	GO:0003735	1.0
9H3G_Ha	GO:0003735	1.0
9H3G_Ha	GO:0003735	1.0
4M57_A	GO:0005515	1.0
4M57_A	GO:0005515	1.0
4M57_A	GO:0005515	1.0
4M57_A	GO:0005515	1.0
4M57_A	GO:0005515	1.0
4M57_A	GO:0003729	1.0
4M57_A	GO:0005515	1.0
4M57_A	GO:0005515	1.0
9SCU_Cd	GO:0003735	1.0
9SCU_Cd	GO:0003735	1.0
9SCU_Cd	GO:0003735	1.0
9SCU_Cd	GO:0003735	1.0
9SCU_Cd	GO:0003735	1.0
9SCU_Cd	GO:0003735	1.0
9JSQ_A	GO:0003824	1.0
9JSQ_A	GO:0003824	1.0
9JSQ_A	GO:0004160	1.0
9JSQ_A	GO:0004160	1.0
9JSQ_A	GO:0004160	1.0
9SDP_BH	GO:0003735	1.0
9SDP_BH	GO:0003735	1.0
8RX8_A	GO:0005509	1.0
8RX8_A	GO:0005509	1.0
8RX8_A	GO:0005509	1.0
8RX8_A	GO:0005509	1.0
8RX8_A	GO:0005509	1.0
8RX8_A	GO:0005509	1.0
8RX8_A	GO:0005509	1.0
8RX8_A	GO:0005509	1.0
8RX8_A	GO:0005509	1.0
8RX8_A	GO:0005509	1.0
8RX8_A	GO:0005509	1.0
9SDQ_BT	GO:0003735	1.0
9SDQ_BT	GO:0003735	1.0
9SDQ_BT	GO:0003723	1.0
9SDQ_BT	GO:0003735	1.0
9SDQ_BT	GO:0003735	1.0
9SDQ_BT	GO:0003735	1.0
7KZO_C	GO:0005524	1.0
8GLV_AD	GO:0005524	1.0
8GLV_Fa	GO:0005524	1.0
8GLV_Ks	GO:0005524	1.0
7KZM_C	GO:0005524	1.0
8GLV_Lo	GO:0005524	1.0
7KZN_C	GO:0005524	1.0
8GLV_AX	GO:0005524	1.0
7X0C_A	GO:0008970	1.0
7X0C_B	GO:0008970	1.0
9HMW_BT	GO:0003735	1.0
9HMW_BT	GO:0003735	1.0
9HMW_BT	GO:0003735	1.0
9H3G_BT	GO:0003735	1.0
9H3G_BT	GO:0003735	1.0
9H3G_BT	GO:0003735	1.0
9H6I_BT	GO:0003735	1.0
9H6I_BT	GO:0003735	1.0
9H6I_BT	GO:0003735	1.0
9SCU_CC	GO:0003735	1.0
9SCU_CC	GO:0003735	1.0
9SCU_CC	GO:0003735	1.0
9HES_BT	GO:0003735	1.0
9HES_BT	GO:0003735	1.0
9HES_BT	GO:0003735	1.0
9H3G_Ma	GO:0003735	1.0
9H3G_Ma	GO:0003729	1.0
9H3G_Ma	GO:0003735	1.0
9H3G_Ma	GO:0003735	1.0
9H6I_Ma	GO:0003735	1.0
9H6I_Ma	GO:0003729	1.0
9H6I_Ma	GO:0003735	1.0
9H6I_Ma	GO:0003735	1.0
9HES_Ma	GO:0003735	1.0
9HES_Ma	GO:0003729	1.0
9HES_Ma	GO:0003735	1.0
9HES_Ma	GO:0003735	1.0
9HMW_Ma	GO:0003735	1.0
9HMW_Ma	GO:0003729	1.0
9HMW_Ma	GO:0003735	1.0
9HMW_Ma	GO:0003735	1.0
2WWB_K	GO:0003735	1.0
2WWB_K	GO:0003735	1.0
2WWB_K	GO:0019843	1.0
2WWB_K	GO:0003735	1.0
2WWB_K	GO:0003735	1.0
9HMW_BP	GO:0003735	1.0
9HMW_BP	GO:0003735	1.0
9HMW_BP	GO:0003735	1.0
9HMW_BP	GO:0003735	1.0
9HMW_BP	GO:0003735	1.0
9HMW_BP	GO:0003735	1.0
9HMW_BP	GO:0003729	1.0
9HMW_BP	GO:0003735	1.0
9HMW_BP	GO:0003735	1.0
9SCU_Ch	GO:0003735	1.0
9SCU_Ch	GO:0003735	1.0
9SCU_Ch	GO:0003735	1.0
9SCU_Ch	GO:0003735	1.0
9SCU_Ch	GO:0003735	1.0
9SCU_Ch	GO:0003735	1.0
9SCU_Ch	GO:0003729	1.0
9SCU_Ch	GO:0003735	1.0
9SCU_Ch	GO:0003735	1.0
9H3G_BP	GO:0003735	1.0
9H3G_BP	GO:0003735	1.0
9H3G_BP	GO:0003735	1.0
9H3G_BP	GO:0003735	1.0
9H3G_BP	GO:0003735	1.0
9H3G_BP	GO:0003735	1.0
9H3G_BP	GO:0003729	1.0
9H3G_BP	GO:0003735	1.0
9H3G_BP	GO:0003735	1.0
9H6I_BP	GO:0003735	1.0
9H6I_BP	GO:0003735	1.0
9H6I_BP	GO:0003735	1.0
9H6I_BP	GO:0003735	1.0
9H6I_BP	GO:0003735	1.0
9H6I_BP	GO:0003735	1.0
9H6I_BP	GO:0003729	1.0
9H6I_BP	GO:0003735	1.0
9H6I_BP	GO:0003735	1.0
9HES_BP	GO:0003735	1.0
9HES_BP	GO:0003735	1.0
9HES_BP	GO:0003735	1.0
9HES_BP	GO:0003735	1.0
9HES_BP	GO:0003735	1.0
9HES_BP	GO:0003735	1.0
9HES_BP	GO:0003729	1.0
9HES_BP	GO:0003735	1.0
9HES_BP	GO:0003735	1.0
9SDP_BZ	GO:0003735	1.0
9SDP_BZ	GO:0003729	1.0
9SDP_BZ	GO:0003735	1.0
9SDP_BZ	GO:0003735	1.0
2RKN_A	GO:0005504	1.0
9SDP_BC	GO:0003735	1.0
9SDP_BC	GO:0003723	1.0
9SDP_BC	GO:0003735	1.0
9SDP_BC	GO:0003723	1.0
9SDP_BC	GO:0003735	1.0
9SDP_BC	GO:0003735	1.0
9SDP_BC	GO:0003735	1.0
9SDP_BC	GO:0003723	1.0
9SDP_BC	GO:0003735	1.0
6E1M_A	GO:0005509	1.0
6E1M_A	GO:0005509	1.0
6E1M_A	GO:0005509	1.0
6E1M_A	GO:0005509	1.0
6E1M_A	GO:0005509	1.0
6E1M_A	GO:0005216	1.0
6E1M_A	GO:0005216	1.0
6E1P_A	GO:0005509	1.0
6E1P_A	GO:0005509	1.0
6E1P_A	GO:0005509	1.0
6E1P_A	GO:0005509	1.0
6E1P_A	GO:0005509	1.0
6E1P_A	GO:0005216	1.0
6E1P_A	GO:0005216	1.0
6E1P_B	GO:0005509	1.0
6E1P_B	GO:0005509	1.0
6E1P_B	GO:0005509	1.0
6E1P_B	GO:0005509	1.0
6E1P_B	GO:0005509	1.0
6E1P_B	GO:0005216	1.0
6E1P_B	GO:0005216	1.0
6E1N_B	GO:0005509	1.0
6E1N_B	GO:0005509	1.0
6E1N_B	GO:0005509	1.0
6E1N_B	GO:0005509	1.0
6E1N_B	GO:0005509	1.0
6E1N_B	GO:0005216	1.0
6E1N_B	GO:0005216	1.0
6E1N_A	GO:0005509	1.0
6E1N_A	GO:0005509	1.0
6E1N_A	GO:0005509	1.0
6E1N_A	GO:0005509	1.0
6E1N_A	GO:0005509	1.0
6E1N_A	GO:0005216	1.0
6E1N_A	GO:0005216	1.0
6E1K_B	GO:0005509	1.0
6E1K_B	GO:0005509	1.0
6E1K_B	GO:0005509	1.0
6E1K_B	GO:0005509	1.0
6E1K_B	GO:0005509	1.0
6E1K_B	GO:0005216	1.0
6E1K_B	GO:0005216	1.0
6E1K_A	GO:0005509	1.0
6E1K_A	GO:0005509	1.0
6E1K_A	GO:0005509	1.0
6E1K_A	GO:0005509	1.0
6E1K_A	GO:0005509	1.0
6E1K_A	GO:0005216	1.0
6E1K_A	GO:0005216	1.0
6E1M_B	GO:0005509	1.0
6E1M_B	GO:0005509	1.0
6E1M_B	GO:0005509	1.0
6E1M_B	GO:0005509	1.0
6E1M_B	GO:0005509	1.0
6E1M_B	GO:0005216	1.0
6E1M_B	GO:0005216	1.0
5TOS_A	GO:0005524	1.0
5TOS_A	GO:0005524	1.0
5TOS_A	GO:0005524	1.0
5TOS_A	GO:0004672	1.0
5TOS_A	GO:0004672	1.0
5TOS_B	GO:0005524	1.0
5TOS_B	GO:0005524	1.0
5TOS_B	GO:0005524	1.0
5TOS_B	GO:0004672	1.0
5TOS_B	GO:0004672	1.0
2QQV_A	GO:0004553	1.0
2QQV_A	GO:0004553	1.0
9LED_A	GO:0004332	1.0
9LED_A	GO:0004332	1.0
9LED_B	GO:0004332	1.0
9LED_B	GO:0004332	1.0
9KHF_B	GO:0005249	1.0
9KHF_B	GO:0005249	1.0
9KHF_B	GO:0005249	1.0
9KHF_B	GO:0005249	1.0
9KHF_B	GO:0005249	1.0
9KHF_B	GO:0005515	1.0
9KHF_B	GO:0005515	1.0
9KHF_B	GO:0005515	1.0
9KHF_B	GO:0005515	1.0
9KHF_B	GO:0005515	1.0
9KHF_B	GO:0005249	1.0
9KHF_B	GO:0005515	1.0
9KHF_B	GO:0005515	1.0
9KHF_B	GO:0005515	1.0
9KHF_B	GO:0005515	1.0
9KHF_B	GO:0005515	1.0
9KHF_B	GO:0005216	1.0
9KHF_A	GO:0005249	1.0
9KHF_A	GO:0005249	1.0
9KHF_A	GO:0005249	1.0
9KHF_A	GO:0005249	1.0
9KHF_A	GO:0005249	1.0
9KHF_A	GO:0005515	1.0
9KHF_A	GO:0005515	1.0
9KHF_A	GO:0005515	1.0
9KHF_A	GO:0005515	1.0
9KHF_A	GO:0005515	1.0
9KHF_A	GO:0005249	1.0
9KHF_A	GO:0005515	1.0
9KHF_A	GO:0005515	1.0
9KHF_A	GO:0005515	1.0
9KHF_A	GO:0005515	1.0
9KHF_A	GO:0005515	1.0
9KHF_A	GO:0005216	1.0
9KHF_D	GO:0005249	1.0
9KHF_D	GO:0005249	1.0
9KHF_D	GO:0005249	1.0
9KHF_D	GO:0005249	1.0
9KHF_D	GO:0005249	1.0
9KHF_D	GO:0005515	1.0
9KHF_D	GO:0005515	1.0
9KHF_D	GO:0005515	1.0
9KHF_D	GO:0005515	1.0
9KHF_D	GO:0005515	1.0
9KHF_D	GO:0005249	1.0
9KHF_D	GO:0005515	1.0
9KHF_D	GO:0005515	1.0
9KHF_D	GO:0005515	1.0
9KHF_D	GO:0005515	1.0
9KHF_D	GO:0005515	1.0
9KHF_D	GO:0005216	1.0
9KHF_C	GO:0005249	1.0
9KHF_C	GO:0005249	1.0
9KHF_C	GO:0005249	1.0
9KHF_C	GO:0005249	1.0
9KHF_C	GO:0005249	1.0
9KHF_C	GO:0005515	1.0
9KHF_C	GO:0005515	1.0
9KHF_C	GO:0005515	1.0
9KHF_C	GO:0005515	1.0
9KHF_C	GO:0005515	1.0
9KHF_C	GO:0005249	1.0
9KHF_C	GO:0005515	1.0
9KHF_C	GO:0005515	1.0
9KHF_C	GO:0005515	1.0
9KHF_C	GO:0005515	1.0
9KHF_C	GO:0005515	1.0
9KHF_C	GO:0005216	1.0
9SCU_Cf	GO:0003735	1.0
9SCU_Cf	GO:0003735	1.0
9SCU_Cf	GO:0003735	1.0
9SCU_Cf	GO:0003735	1.0
6HWR_D	GO:0003993	1.0
6HWR_D	GO:0046872	1.0
6HWR_D	GO:0016787	1.0
6HWR_D	GO:0003993	1.0
6HWR_D	GO:0046872	1.0
6HWR_D	GO:0003993	1.0
9VSK_B	GO:0008171	1.0
9VSK_B	GO:0008171	1.0
9VSK_B	GO:0008757	1.0
9VSK_C	GO:0008171	1.0
9VSK_C	GO:0008171	1.0
9VSK_C	GO:0008757	1.0
9VSK_H	GO:0008171	1.0
9VSK_H	GO:0008171	1.0
9VSK_H	GO:0008757	1.0
9VSK_A	GO:0008171	1.0
9VSK_A	GO:0008171	1.0
9VSK_A	GO:0008757	1.0
9VSK_F	GO:0008171	1.0
9VSK_F	GO:0008171	1.0
9VSK_F	GO:0008757	1.0
9VSK_G	GO:0008171	1.0
9VSK_G	GO:0008171	1.0
9VSK_G	GO:0008757	1.0
9VSK_D	GO:0008171	1.0
9VSK_D	GO:0008171	1.0
9VSK_D	GO:0008757	1.0
9VSK_E	GO:0008171	1.0
9VSK_E	GO:0008171	1.0
9VSK_E	GO:0008757	1.0
9SCU_CT	GO:0003735	1.0
9SCU_CT	GO:0003735	1.0
9SCU_CT	GO:0003735	1.0
9SCU_CT	GO:0003735	1.0
2QQU_A	GO:0004553	1.0
2QQU_A	GO:0004553	1.0
4XUW_B	GO:0008289	1.0
4XUW_B	GO:0008289	1.0
4XUW_B	GO:0008289	1.0
4XUW_B	GO:0008289	1.0
4XUW_B	GO:0008289	1.0
4XUW_B	GO:0008289	1.0
4XUW_B	GO:0008289	1.0
4XUW_A	GO:0008289	1.0
4XUW_A	GO:0008289	1.0
4XUW_A	GO:0008289	1.0
4XUW_A	GO:0008289	1.0
4XUW_A	GO:0008289	1.0
4XUW_A	GO:0008289	1.0
4XUW_A	GO:0008289	1.0
9SDP_BB	GO:0003735	1.0
9SDP_BB	GO:0003735	1.0
9SDP_BB	GO:0003735	1.0
9SDP_BB	GO:0003735	1.0
8IMU_A	GO:0003824	1.0
8IMU_A	GO:0004160	1.0
8IMU_A	GO:0004160	1.0
8IMU_A	GO:0003824	1.0
8IMU_A	GO:0004160	1.0
8IMU_B	GO:0003824	1.0
8IMU_B	GO:0004160	1.0
8IMU_B	GO:0004160	1.0
8IMU_B	GO:0003824	1.0
8IMU_B	GO:0004160	1.0
6XYW_Ak	GO:0003735	1.0
6XYW_Ak	GO:0003735	1.0
6XYW_Ak	GO:0003735	1.0
6XYW_Ak	GO:0003735	1.0
6XYW_Ak	GO:0003735	1.0
6XYW_Ak	GO:0003735	1.0
6XYW_Ak	GO:0003735	1.0
6XYW_Ak	GO:0003735	1.0
8WUI_B	GO:0005515	1.0
8WUI_B	GO:0005515	1.0
8WUI_B	GO:0005515	1.0
8WUI_B	GO:0005515	1.0
8WUI_B	GO:0005515	1.0
8WUI_B	GO:0005515	1.0
8WUI_B	GO:0005515	1.0
8WUI_B	GO:0005249	1.0
8WUI_B	GO:0005515	1.0
8WUI_B	GO:0005515	1.0
8WUI_B	GO:0005515	1.0
8WUI_B	GO:0005216	1.0
8WUI_B	GO:0005249	1.0
8WUI_B	GO:0005249	1.0
8WUI_B	GO:0005249	1.0
8WUI_B	GO:0005249	1.0
8WUI_B	GO:0005515	1.0
8WUI_B	GO:0005515	1.0
8WUI_C	GO:0005515	1.0
8WUI_C	GO:0005515	1.0
8WUI_C	GO:0005515	1.0
8WUI_C	GO:0005515	1.0
8WUI_C	GO:0005515	1.0
8WUI_C	GO:0005515	1.0
8WUI_C	GO:0005515	1.0
8WUI_C	GO:0005249	1.0
8WUI_C	GO:0005515	1.0
8WUI_C	GO:0005515	1.0
8WUI_C	GO:0005515	1.0
8WUI_C	GO:0005216	1.0
8WUI_C	GO:0005249	1.0
8WUI_C	GO:0005249	1.0
8WUI_C	GO:0005249	1.0
8WUI_C	GO:0005249	1.0
8WUI_C	GO:0005515	1.0
8WUI_C	GO:0005515	1.0
8WUI_D	GO:0005515	1.0
8WUI_D	GO:0005515	1.0
8WUI_D	GO:0005515	1.0
8WUI_D	GO:0005515	1.0
8WUI_D	GO:0005515	1.0
8WUI_D	GO:0005515	1.0
8WUI_D	GO:0005515	1.0
8WUI_D	GO:0005249	1.0
8WUI_D	GO:0005515	1.0
8WUI_D	GO:0005515	1.0
8WUI_D	GO:0005515	1.0
8WUI_D	GO:0005216	1.0
8WUI_D	GO:0005249	1.0
8WUI_D	GO:0005249	1.0
8WUI_D	GO:0005249	1.0
8WUI_D	GO:0005249	1.0
8WUI_D	GO:0005515	1.0
8WUI_D	GO:0005515	1.0
8WUI_A	GO:0005515	1.0
8WUI_A	GO:0005515	1.0
8WUI_A	GO:0005515	1.0
8WUI_A	GO:0005515	1.0
8WUI_A	GO:0005515	1.0
8WUI_A	GO:0005515	1.0
8WUI_A	GO:0005515	1.0
8WUI_A	GO:0005249	1.0
8WUI_A	GO:0005515	1.0
8WUI_A	GO:0005515	1.0
8WUI_A	GO:0005515	1.0
8WUI_A	GO:0005216	1.0
8WUI_A	GO:0005249	1.0
8WUI_A	GO:0005249	1.0
8WUI_A	GO:0005249	1.0
8WUI_A	GO:0005249	1.0
8WUI_A	GO:0005515	1.0
8WUI_A	GO:0005515	1.0
2AC1_A	GO:0004553	1.0
2AC1_A	GO:0004553	1.0
5WX9_A	GO:0003700	1.0
5WX9_A	GO:0003700	1.0
5WX9_A	GO:0003700	1.0
5WX9_A	GO:0003700	1.0
5WX9_A	GO:0003700	1.0
5WX9_A	GO:0003677	1.0
5WX9_A	GO:0003700	1.0
5WX9_A	GO:0003700	1.0
5WX9_A	GO:0003700	1.0
7TDD_A	GO:0005509	1.0
7TDD_A	GO:0005509	1.0
7TDD_A	GO:0005509	1.0
7TDD_A	GO:0005216	1.0
7TDD_A	GO:0005216	1.0
7TDD_A	GO:0005509	1.0
7TDD_A	GO:0005509	1.0
7TDD_B	GO:0005509	1.0
7TDD_B	GO:0005509	1.0
7TDD_B	GO:0005509	1.0
7TDD_B	GO:0005216	1.0
7TDD_B	GO:0005216	1.0
7TDD_B	GO:0005509	1.0
7TDD_B	GO:0005509	1.0
1SIY_A	GO:0008289	1.0
1SIY_A	GO:0008289	1.0
1SIY_A	GO:0008289	1.0
1SIY_A	GO:0008289	1.0
1SIY_A	GO:0008289	1.0
1SIY_A	GO:0008289	1.0
1SIY_A	GO:0008289	1.0
8TDL_F	GO:0008381	1.0
8TDL_E	GO:0008381	1.0
8TDL_G	GO:0008381	1.0
8TDJ_G	GO:0008381	1.0
8TDJ_E	GO:0008381	1.0
8TDJ_F	GO:0008381	1.0
8TDJ_C	GO:0008381	1.0
8TDJ_D	GO:0008381	1.0
8TDL_C	GO:0008381	1.0
8TDJ_A	GO:0008381	1.0
8TDJ_B	GO:0008381	1.0
8TDL_A	GO:0008381	1.0
8TDL_D	GO:0008381	1.0
8TDL_B	GO:0008381	1.0
9J5I_A	GO:0005515	1.0
9J5I_A	GO:0005515	1.0
9J5I_A	GO:0005515	1.0
9J5I_A	GO:0019888	1.0
9J5I_D	GO:0005515	1.0
9J5I_D	GO:0005515	1.0
9J5I_D	GO:0005515	1.0
9J5I_D	GO:0019888	1.0
9J5K_D	GO:0005515	1.0
9J5K_D	GO:0005515	1.0
9J5K_D	GO:0005515	1.0
9J5K_D	GO:0019888	1.0
9J5R_A	GO:0005515	1.0
9J5R_A	GO:0005515	1.0
9J5R_A	GO:0005515	1.0
9J5R_A	GO:0019888	1.0
9J5N_A	GO:0005515	1.0
9J5N_A	GO:0005515	1.0
9J5N_A	GO:0005515	1.0
9J5N_A	GO:0019888	1.0
9J5K_A	GO:0005515	1.0
9J5K_A	GO:0005515	1.0
9J5K_A	GO:0005515	1.0
9J5K_A	GO:0019888	1.0
6FL4_A	GO:0016787	1.0
6FL4_B	GO:0016787	1.0
7Y3E_A	GO:0015386	1.0
7Y3E_A	GO:0015297	1.0
7Y3E_B	GO:0015386	1.0
7Y3E_B	GO:0015297	1.0
8HYA_B	GO:0015386	1.0
8HYA_B	GO:0015297	1.0
8HYA_A	GO:0015386	1.0
8HYA_A	GO:0015297	1.0
7KZM_D	GO:0005515	1.0
7KZM_D	GO:0005515	1.0
7KZM_D	GO:0005515	1.0
7KZM_D	GO:0045504	1.0
7KZM_D	GO:0005515	1.0
7KZM_D	GO:0005515	1.0
7KZM_D	GO:0005515	1.0
7KZM_D	GO:0005515	1.0
7KZN_D	GO:0005515	1.0
7KZN_D	GO:0005515	1.0
7KZN_D	GO:0005515	1.0
7KZN_D	GO:0045504	1.0
7KZN_D	GO:0005515	1.0
7KZN_D	GO:0005515	1.0
7KZN_D	GO:0005515	1.0
7KZN_D	GO:0005515	1.0
9VK1_A	GO:0004144	1.0
9VK1_A	GO:0016747	1.0
9VK1_A	GO:0004144	1.0
9VK1_A	GO:0016747	1.0
9VK0_B	GO:0004144	1.0
9VK0_B	GO:0016747	1.0
9VK0_B	GO:0004144	1.0
9VK0_B	GO:0016747	1.0
9VK1_B	GO:0004144	1.0
9VK1_B	GO:0016747	1.0
9VK1_B	GO:0004144	1.0
9VK1_B	GO:0016747	1.0
9VK0_A	GO:0004144	1.0
9VK0_A	GO:0016747	1.0
9VK0_A	GO:0004144	1.0
9VK0_A	GO:0016747	1.0
8JWE_D	GO:0008381	1.0
8JWE_C	GO:0008381	1.0
8JWE_B	GO:0008381	1.0
8JWE_A	GO:0008381	1.0
8JWE_G	GO:0008381	1.0
8JWE_F	GO:0008381	1.0
8JWE_E	GO:0008381	1.0
9HMW_AT	GO:0003723	1.0
9H6I_AT	GO:0003723	1.0
9HES_AT	GO:0003723	1.0
9H3G_AT	GO:0003723	1.0
9HMW_BM	GO:0003735	1.0
9HMW_BM	GO:0003735	1.0
9HMW_BM	GO:0003735	1.0
9HMW_BM	GO:0003735	1.0
9HMW_BM	GO:0003735	1.0
9HMW_BM	GO:0003735	1.0
9HMW_BM	GO:0003735	1.0
9HMW_BM	GO:0003735	1.0
9H6I_BM	GO:0003735	1.0
9H6I_BM	GO:0003735	1.0
9H6I_BM	GO:0003735	1.0
9H6I_BM	GO:0003735	1.0
9H6I_BM	GO:0003735	1.0
9H6I_BM	GO:0003735	1.0
9H6I_BM	GO:0003735	1.0
9H6I_BM	GO:0003735	1.0
9SCU_CP	GO:0003735	1.0
9SCU_CP	GO:0003735	1.0
9SCU_CP	GO:0003735	1.0
9SCU_CP	GO:0003735	1.0
9SCU_CP	GO:0003735	1.0
9SCU_CP	GO:0003735	1.0
9SCU_CP	GO:0003735	1.0
9SCU_CP	GO:0003735	1.0
9HES_BM	GO:0003735	1.0
9HES_BM	GO:0003735	1.0
9HES_BM	GO:0003735	1.0
9HES_BM	GO:0003735	1.0
9HES_BM	GO:0003735	1.0
9HES_BM	GO:0003735	1.0
9HES_BM	GO:0003735	1.0
9HES_BM	GO:0003735	1.0
9H3G_BM	GO:0003735	1.0
9H3G_BM	GO:0003735	1.0
9H3G_BM	GO:0003735	1.0
9H3G_BM	GO:0003735	1.0
9H3G_BM	GO:0003735	1.0
9H3G_BM	GO:0003735	1.0
9H3G_BM	GO:0003735	1.0
9H3G_BM	GO:0003735	1.0
9HMW_AX	GO:0003735	1.0
9HMW_AX	GO:0003735	1.0
9HMW_AX	GO:0003735	1.0
9SCU_Ci	GO:0003735	1.0
9SCU_Ci	GO:0003735	1.0
9SCU_Ci	GO:0003735	1.0
9H6I_AX	GO:0003735	1.0
9H6I_AX	GO:0003735	1.0
9H6I_AX	GO:0003735	1.0
9HES_AX	GO:0003735	1.0
9HES_AX	GO:0003735	1.0
9HES_AX	GO:0003735	1.0
9H3G_AX	GO:0003735	1.0
9H3G_AX	GO:0003735	1.0
9H3G_AX	GO:0003735	1.0
6J5T_A	GO:0005524	1.0
6J5T_A	GO:0004672	1.0
6J5T_A	GO:0005524	1.0
6J5T_A	GO:0004672	1.0
6J5T_I	GO:0005524	1.0
6J5T_I	GO:0004672	1.0
6J5T_I	GO:0005524	1.0
6J5T_I	GO:0004672	1.0
6J5U_C	GO:0005524	1.0
6J5U_C	GO:0004672	1.0
6J5U_C	GO:0005524	1.0
6J5U_C	GO:0004672	1.0
6J5T_J	GO:0005524	1.0
6J5T_J	GO:0004672	1.0
6J5T_J	GO:0005524	1.0
6J5T_J	GO:0004672	1.0
6J5V_C	GO:0005524	1.0
6J5V_C	GO:0004672	1.0
6J5V_C	GO:0005524	1.0
6J5V_C	GO:0004672	1.0
6J6I_A	GO:0005524	1.0
6J6I_A	GO:0004672	1.0
6J6I_A	GO:0005524	1.0
6J6I_A	GO:0004672	1.0
6J5T_D	GO:0005524	1.0
6J5T_D	GO:0004672	1.0
6J5T_D	GO:0005524	1.0
6J5T_D	GO:0004672	1.0
6J5T_M	GO:0005524	1.0
6J5T_M	GO:0004672	1.0
6J5T_M	GO:0005524	1.0
6J5T_M	GO:0004672	1.0
6XYW_Bo	GO:0003735	1.0
6XYW_Bo	GO:0003735	1.0
6XYW_Bo	GO:0003735	1.0
6XYW_Bo	GO:0003735	1.0
6XYW_Bo	GO:0003735	1.0
9HMW_BL	GO:0003723	1.0
9HMW_BL	GO:0003735	1.0
9HMW_BL	GO:0003735	1.0
9HMW_BL	GO:0003735	1.0
9HMW_BL	GO:0003735	1.0
9HMW_BL	GO:0003735	1.0
9H3G_BL	GO:0003723	1.0
9H3G_BL	GO:0003735	1.0
9H3G_BL	GO:0003735	1.0
9H3G_BL	GO:0003735	1.0
9H3G_BL	GO:0003735	1.0
9H3G_BL	GO:0003735	1.0
9H6I_BL	GO:0003723	1.0
9H6I_BL	GO:0003735	1.0
9H6I_BL	GO:0003735	1.0
9H6I_BL	GO:0003735	1.0
9H6I_BL	GO:0003735	1.0
9H6I_BL	GO:0003735	1.0
9HES_BL	GO:0003723	1.0
9HES_BL	GO:0003735	1.0
9HES_BL	GO:0003735	1.0
9HES_BL	GO:0003735	1.0
9HES_BL	GO:0003735	1.0
9HES_BL	GO:0003735	1.0
6XYW_AO	GO:0005515	1.0
6XYW_AO	GO:0005515	1.0
6XYW_AO	GO:0005515	1.0
6XYW_AO	GO:0005515	1.0
5L25_A	GO:0022857	1.0
2CJJ_A	GO:0003700	1.0
2PYW_B	GO:0046522	1.0
2PYW_B	GO:0046522	1.0
2PYW_A	GO:0046522	1.0
2PYW_A	GO:0046522	1.0
9L8R_A	GO:0004160	1.0
9L8R_A	GO:0004160	1.0
9L8R_A	GO:0004160	1.0
9L8R_A	GO:0003824	1.0
9L8R_A	GO:0003824	1.0
1LK9_A	GO:0016846	1.0
1LK9_A	GO:0016846	1.0
1LK9_A	GO:0008483	1.0
1LK9_A	GO:0016846	1.0
1LK9_B	GO:0016846	1.0
1LK9_B	GO:0016846	1.0
1LK9_B	GO:0008483	1.0
1LK9_B	GO:0016846	1.0
9H3G_Xa	GO:0003735	1.0
9H3G_Xa	GO:0003735	1.0
9H3G_Xa	GO:0003735	1.0
9H3G_Xa	GO:0003735	1.0
9H3G_Xa	GO:0003735	1.0
9H3G_Xa	GO:0003735	1.0
9H3G_Xa	GO:0003735	1.0
9SDP_BL	GO:0003735	1.0
9SDP_BL	GO:0003735	1.0
9SDP_BL	GO:0003735	1.0
9SDP_BL	GO:0003735	1.0
9SDP_BL	GO:0003735	1.0
9SDP_BL	GO:0003735	1.0
9SDP_BL	GO:0003735	1.0
9HMW_Xa	GO:0003735	1.0
9HMW_Xa	GO:0003735	1.0
9HMW_Xa	GO:0003735	1.0
9HMW_Xa	GO:0003735	1.0
9HMW_Xa	GO:0003735	1.0
9HMW_Xa	GO:0003735	1.0
9HMW_Xa	GO:0003735	1.0
9HES_Xa	GO:0003735	1.0
9HES_Xa	GO:0003735	1.0
9HES_Xa	GO:0003735	1.0
9HES_Xa	GO:0003735	1.0
9HES_Xa	GO:0003735	1.0
9HES_Xa	GO:0003735	1.0
9HES_Xa	GO:0003735	1.0
9H6I_Xa	GO:0003735	1.0
9H6I_Xa	GO:0003735	1.0
9H6I_Xa	GO:0003735	1.0
9H6I_Xa	GO:0003735	1.0
9H6I_Xa	GO:0003735	1.0
9H6I_Xa	GO:0003735	1.0
9H6I_Xa	GO:0003735	1.0
9SCU_CM	GO:0003723	1.0
9SCU_CM	GO:0003723	1.0
9SCU_CM	GO:0003735	1.0
9SCU_CM	GO:0003735	1.0
9SCU_CM	GO:0003735	1.0
9H3G_Fa	GO:0003735	1.0
9H3G_Fa	GO:0003735	1.0
9H3G_Fa	GO:0003735	1.0
9H3G_Fa	GO:0003735	1.0
9H3G_Fa	GO:0003735	1.0
9H3G_Fa	GO:0003735	1.0
9HMW_Fa	GO:0003735	1.0
9HMW_Fa	GO:0003735	1.0
9HMW_Fa	GO:0003735	1.0
9HMW_Fa	GO:0003735	1.0
9HMW_Fa	GO:0003735	1.0
9HMW_Fa	GO:0003735	1.0
9SCU_Cg	GO:0003735	1.0
9SCU_Cg	GO:0003735	1.0
9SCU_Cg	GO:0003735	1.0
9SCU_Cg	GO:0003735	1.0
9SCU_Cg	GO:0003735	1.0
9SCU_Cg	GO:0003735	1.0
9HES_Fa	GO:0003735	1.0
9HES_Fa	GO:0003735	1.0
9HES_Fa	GO:0003735	1.0
9HES_Fa	GO:0003735	1.0
9HES_Fa	GO:0003735	1.0
9HES_Fa	GO:0003735	1.0
9H6I_Fa	GO:0003735	1.0
9H6I_Fa	GO:0003735	1.0
9H6I_Fa	GO:0003735	1.0
9H6I_Fa	GO:0003735	1.0
9H6I_Fa	GO:0003735	1.0
9H6I_Fa	GO:0003735	1.0
1ZAK_A	GO:0004017	1.0
1ZAK_A	GO:0005524	1.0
1ZAK_A	GO:0016776	1.0
1ZAK_A	GO:0005524	1.0
1ZAK_A	GO:0019205	1.0
1ZAK_A	GO:0005524	1.0
1ZAK_A	GO:0019205	1.0
1ZAK_A	GO:0005524	1.0
1ZAK_A	GO:0019205	1.0
1ZAK_A	GO:0005524	1.0
1ZAK_A	GO:0019205	1.0
1ZAK_A	GO:0005524	1.0
1ZAK_A	GO:0019205	1.0
1ZAK_A	GO:0005524	1.0
1ZAK_A	GO:0019205	1.0
1ZAK_A	GO:0005524	1.0
1ZAK_A	GO:0019205	1.0
1ZAK_B	GO:0004017	1.0
1ZAK_B	GO:0005524	1.0
1ZAK_B	GO:0016776	1.0
1ZAK_B	GO:0005524	1.0
1ZAK_B	GO:0019205	1.0
1ZAK_B	GO:0005524	1.0
1ZAK_B	GO:0019205	1.0
1ZAK_B	GO:0005524	1.0
1ZAK_B	GO:0019205	1.0
1ZAK_B	GO:0005524	1.0
1ZAK_B	GO:0019205	1.0
1ZAK_B	GO:0005524	1.0
1ZAK_B	GO:0019205	1.0
1ZAK_B	GO:0005524	1.0
1ZAK_B	GO:0019205	1.0
1ZAK_B	GO:0005524	1.0
1ZAK_B	GO:0019205	1.0
6XYW_Aa	GO:0003723	1.0
6XYW_Aa	GO:0003735	1.0
6XYW_Aa	GO:0003735	1.0
6XYW_Aa	GO:0003735	1.0
6XYW_Aa	GO:0003735	1.0
5CQ1_B	GO:0004134	1.0
5CQ1_B	GO:0004134	1.0
5CQ1_B	GO:0004134	1.0
5CSU_B	GO:0004134	1.0
5CSU_B	GO:0004134	1.0
5CSU_B	GO:0004134	1.0
5CPQ_B	GO:0004134	1.0
5CPQ_B	GO:0004134	1.0
5CPQ_B	GO:0004134	1.0
5CQ1_A	GO:0004134	1.0
5CQ1_A	GO:0004134	1.0
5CQ1_A	GO:0004134	1.0
5CSU_A	GO:0004134	1.0
5CSU_A	GO:0004134	1.0
5CSU_A	GO:0004134	1.0
5CPQ_A	GO:0004134	1.0
5CPQ_A	GO:0004134	1.0
5CPQ_A	GO:0004134	1.0
5CPS_B	GO:0004134	1.0
5CPS_B	GO:0004134	1.0
5CPS_B	GO:0004134	1.0
5CSY_A	GO:0004134	1.0
5CSY_A	GO:0004134	1.0
5CSY_A	GO:0004134	1.0
5CPT_A	GO:0004134	1.0
5CPT_A	GO:0004134	1.0
5CPT_A	GO:0004134	1.0
5CSY_B	GO:0004134	1.0
5CSY_B	GO:0004134	1.0
5CSY_B	GO:0004134	1.0
5CPS_A	GO:0004134	1.0
5CPS_A	GO:0004134	1.0
5CPS_A	GO:0004134	1.0
5CPT_B	GO:0004134	1.0
5CPT_B	GO:0004134	1.0
5CPT_B	GO:0004134	1.0
8R4K_B	GO:0030170	1.0
8R4K_B	GO:0004645	1.0
8R4K_B	GO:0030170	1.0
8R4K_C	GO:0030170	1.0
8R4K_C	GO:0004645	1.0
8R4K_C	GO:0030170	1.0
8R49_A	GO:0030170	1.0
8R49_A	GO:0004645	1.0
8R49_A	GO:0030170	1.0
8R4K_A	GO:0030170	1.0
8R4K_A	GO:0004645	1.0
8R4K_A	GO:0030170	1.0
8R4G_C	GO:0030170	1.0
8R4G_C	GO:0004645	1.0
8R4G_C	GO:0030170	1.0
8R4G_B	GO:0030170	1.0
8R4G_B	GO:0004645	1.0
8R4G_B	GO:0030170	1.0
8R4G_A	GO:0030170	1.0
8R4G_A	GO:0004645	1.0
8R4G_A	GO:0030170	1.0
8R48_A	GO:0030170	1.0
8R48_A	GO:0004645	1.0
8R48_A	GO:0030170	1.0
8R49_B	GO:0030170	1.0
8R49_B	GO:0004645	1.0
8R49_B	GO:0030170	1.0
8R4J_A	GO:0030170	1.0
8R4J_A	GO:0004645	1.0
8R4J_A	GO:0030170	1.0
8R49_C	GO:0030170	1.0
8R49_C	GO:0004645	1.0
8R49_C	GO:0030170	1.0
8R4J_B	GO:0030170	1.0
8R4J_B	GO:0004645	1.0
8R4J_B	GO:0030170	1.0
8R4J_C	GO:0030170	1.0
8R4J_C	GO:0004645	1.0
8R4J_C	GO:0030170	1.0
5EE9_B	GO:0005524	1.0
5EE9_B	GO:0005525	1.0
5EE9_B	GO:0016887	1.0
5EE9_B	GO:0005525	1.0
5EE9_B	GO:0005525	1.0
5EE9_B	GO:0005525	1.0
5EE9_B	GO:0005525	1.0
5EE9_B	GO:0005525	1.0
5EE9_B	GO:0005525	1.0
5EE9_B	GO:0005524	1.0
5EE9_B	GO:0005525	1.0
5EE9_B	GO:0016887	1.0
5EE9_B	GO:0016887	1.0
5EE9_B	GO:0005524	1.0
5EE9_B	GO:0005525	1.0
5EE9_B	GO:0016887	1.0
5EE3_A	GO:0005524	1.0
5EE3_A	GO:0005525	1.0
5EE3_A	GO:0016887	1.0
5EE3_A	GO:0005525	1.0
5EE3_A	GO:0005525	1.0
5EE3_A	GO:0005525	1.0
5EE3_A	GO:0005525	1.0
5EE3_A	GO:0005525	1.0
5EE3_A	GO:0005525	1.0
5EE3_A	GO:0005524	1.0
5EE3_A	GO:0005525	1.0
5EE3_A	GO:0016887	1.0
5EE3_A	GO:0016887	1.0
5EE3_A	GO:0005524	1.0
5EE3_A	GO:0005525	1.0
5EE3_A	GO:0016887	1.0
5EE9_A	GO:0005524	1.0
5EE9_A	GO:0005525	1.0
5EE9_A	GO:0016887	1.0
5EE9_A	GO:0005525	1.0
5EE9_A	GO:0005525	1.0
5EE9_A	GO:0005525	1.0
5EE9_A	GO:0005525	1.0
5EE9_A	GO:0005525	1.0
5EE9_A	GO:0005525	1.0
5EE9_A	GO:0005524	1.0
5EE9_A	GO:0005525	1.0
5EE9_A	GO:0016887	1.0
5EE9_A	GO:0016887	1.0
5EE9_A	GO:0005524	1.0
5EE9_A	GO:0005525	1.0
5EE9_A	GO:0016887	1.0
5EE3_B	GO:0005524	1.0
5EE3_B	GO:0005525	1.0
5EE3_B	GO:0016887	1.0
5EE3_B	GO:0005525	1.0
5EE3_B	GO:0005525	1.0
5EE3_B	GO:0005525	1.0
5EE3_B	GO:0005525	1.0
5EE3_B	GO:0005525	1.0
5EE3_B	GO:0005525	1.0
5EE3_B	GO:0005524	1.0
5EE3_B	GO:0005525	1.0
5EE3_B	GO:0016887	1.0
5EE3_B	GO:0016887	1.0
5EE3_B	GO:0005524	1.0
5EE3_B	GO:0005525	1.0
5EE3_B	GO:0016887	1.0
5EE0_A	GO:0005524	1.0
5EE0_A	GO:0005525	1.0
5EE0_A	GO:0016887	1.0
5EE0_A	GO:0005525	1.0
5EE0_A	GO:0005525	1.0
5EE0_A	GO:0005525	1.0
5EE0_A	GO:0005525	1.0
5EE0_A	GO:0005525	1.0
5EE0_A	GO:0005525	1.0
5EE0_A	GO:0005524	1.0
5EE0_A	GO:0005525	1.0
5EE0_A	GO:0016887	1.0
5EE0_A	GO:0016887	1.0
5EE0_A	GO:0005524	1.0
5EE0_A	GO:0005525	1.0
5EE0_A	GO:0016887	1.0
5EE1_A	GO:0005524	1.0
5EE1_A	GO:0005525	1.0
5EE1_A	GO:0016887	1.0
5EE1_A	GO:0005525	1.0
5EE1_A	GO:0005525	1.0
5EE1_A	GO:0005525	1.0
5EE1_A	GO:0005525	1.0
5EE1_A	GO:0005525	1.0
5EE1_A	GO:0005525	1.0
5EE1_A	GO:0005524	1.0
5EE1_A	GO:0005525	1.0
5EE1_A	GO:0016887	1.0
5EE1_A	GO:0016887	1.0
5EE1_A	GO:0005524	1.0
5EE1_A	GO:0005525	1.0
5EE1_A	GO:0016887	1.0
9HMW_BI	GO:0003735	1.0
9HMW_BI	GO:0003735	1.0
9HMW_BI	GO:0003735	1.0
9HMW_BI	GO:0003735	1.0
9HMW_BI	GO:0003735	1.0
9HMW_BI	GO:0003735	1.0
9HMW_BI	GO:0003735	1.0
9H6I_BI	GO:0003735	1.0
9H6I_BI	GO:0003735	1.0
9H6I_BI	GO:0003735	1.0
9H6I_BI	GO:0003735	1.0
9H6I_BI	GO:0003735	1.0
9H6I_BI	GO:0003735	1.0
9H6I_BI	GO:0003735	1.0
9HES_BI	GO:0003735	1.0
9HES_BI	GO:0003735	1.0
9HES_BI	GO:0003735	1.0
9HES_BI	GO:0003735	1.0
9HES_BI	GO:0003735	1.0
9HES_BI	GO:0003735	1.0
9HES_BI	GO:0003735	1.0
9H3G_BI	GO:0003735	1.0
9H3G_BI	GO:0003735	1.0
9H3G_BI	GO:0003735	1.0
9H3G_BI	GO:0003735	1.0
9H3G_BI	GO:0003735	1.0
9H3G_BI	GO:0003735	1.0
9H3G_BI	GO:0003735	1.0
9SCU_CV	GO:0003735	1.0
9SCU_CV	GO:0003735	1.0
9SCU_CV	GO:0003735	1.0
9SCU_CV	GO:0003735	1.0
9SCU_CV	GO:0003735	1.0
9SCU_CV	GO:0003735	1.0
9SCU_CV	GO:0003735	1.0
9SDQ_BP	GO:0003735	1.0
9SDQ_BP	GO:0003735	1.0
9SDQ_BP	GO:0003735	1.0
9SDQ_BP	GO:0003735	1.0
9SDQ_BP	GO:0003735	1.0
9SDQ_BP	GO:0003735	1.0
9SDQ_BP	GO:0003735	1.0
9SDQ_BP	GO:0003723	1.0
9SDQ_BP	GO:0003735	1.0
9SDQ_BP	GO:0003735	1.0
9SDQ_BP	GO:0003735	1.0
9SDQ_BP	GO:0003735	1.0
9SDQ_BU	GO:0003735	1.0
9SDQ_BU	GO:0003735	1.0
9SDQ_BU	GO:0003735	1.0
9SDQ_BU	GO:0003723	1.0
9SDQ_BU	GO:0003735	1.0
9SDQ_BU	GO:0003735	1.0
9SDQ_BU	GO:0003735	1.0
9SDQ_BU	GO:0003735	1.0
8WU6_A	GO:0016765	1.0
8WU6_A	GO:0016765	1.0
8WU6_A	GO:0016765	1.0
8WU6_A	GO:0016765	1.0
8WU6_A	GO:0016765	1.0
8WU6_A	GO:0016765	1.0
8WU6_A	GO:0016765	1.0
8WU6_A	GO:0016765	1.0
8WU6_B	GO:0016765	1.0
8WU6_B	GO:0016765	1.0
8WU6_B	GO:0016765	1.0
8WU6_B	GO:0016765	1.0
8WU6_B	GO:0016765	1.0
8WU6_B	GO:0016765	1.0
8WU6_B	GO:0016765	1.0
8WU6_B	GO:0016765	1.0
6L4P_A	GO:0005515	1.0
6L4P_A	GO:0005515	1.0
6L4P_A	GO:0005515	1.0
7SQC_C4	GO:0004017	1.0
7SQC_C2	GO:0004017	1.0
7SQC_C3	GO:0004017	1.0
7N6G_6B	GO:0004017	1.0
7SQC_C0	GO:0004017	1.0
7N6G_6A	GO:0004017	1.0
7SQC_C1	GO:0004017	1.0
5DIZ_B	GO:0004526	1.0
5DIZ_B	GO:0005515	1.0
5DIZ_A	GO:0004526	1.0
5DIZ_A	GO:0005515	1.0
9SCU_CE	GO:0003735	1.0
9SCU_CE	GO:0003723	1.0
9SCU_CE	GO:0003735	1.0
9SCU_CE	GO:0003735	1.0
9SCU_CE	GO:0003735	1.0
7YJO_B	GO:0016740	1.0
7YJO_B	GO:0030170	1.0
7YJO_B	GO:0004758	1.0
3IWR_B	GO:0008061	1.0
3IWR_B	GO:0008061	1.0
3IWR_B	GO:0008061	1.0
3IWR_B	GO:0008061	1.0
3IWR_B	GO:0004568	1.0
3IWR_B	GO:0008061	1.0
3IWR_B	GO:0008061	1.0
3IWR_B	GO:0004568	1.0
3IWR_B	GO:0004568	1.0
3IWR_B	GO:0004568	1.0
3IWR_B	GO:0008061	1.0
3IWR_B	GO:0008061	1.0
3IWR_B	GO:0004568	1.0
3IWR_B	GO:0008061	1.0
2DKV_A	GO:0008061	1.0
2DKV_A	GO:0008061	1.0
2DKV_A	GO:0008061	1.0
2DKV_A	GO:0008061	1.0
2DKV_A	GO:0004568	1.0
2DKV_A	GO:0008061	1.0
2DKV_A	GO:0008061	1.0
2DKV_A	GO:0004568	1.0
2DKV_A	GO:0004568	1.0
2DKV_A	GO:0004568	1.0
2DKV_A	GO:0008061	1.0
2DKV_A	GO:0008061	1.0
2DKV_A	GO:0004568	1.0
2DKV_A	GO:0008061	1.0
3IWR_A	GO:0008061	1.0
3IWR_A	GO:0008061	1.0
3IWR_A	GO:0008061	1.0
3IWR_A	GO:0008061	1.0
3IWR_A	GO:0004568	1.0
3IWR_A	GO:0008061	1.0
3IWR_A	GO:0008061	1.0
3IWR_A	GO:0004568	1.0
3IWR_A	GO:0004568	1.0
3IWR_A	GO:0004568	1.0
3IWR_A	GO:0008061	1.0
3IWR_A	GO:0008061	1.0
3IWR_A	GO:0004568	1.0
3IWR_A	GO:0008061	1.0
6XYW_Bl	GO:0003723	1.0
6XYW_Bl	GO:0003735	1.0
6XYW_Bl	GO:0003723	1.0
6XYW_Bl	GO:0003735	1.0
6XYW_Bl	GO:0003723	1.0
6XYW_Bl	GO:0003735	1.0
6XYW_Bl	GO:0003676	1.0
6U42_6U	GO:0005509	1.0
6U42_6U	GO:0005509	1.0
8GLV_6Z	GO:0005509	1.0
8GLV_6Z	GO:0005509	1.0
8GLV_Hf	GO:0005509	1.0
8GLV_Hf	GO:0005509	1.0
6U42_6T	GO:0005509	1.0
6U42_6T	GO:0005509	1.0
8GLV_Hg	GO:0005509	1.0
8GLV_Hg	GO:0005509	1.0
8GLV_Hd	GO:0005509	1.0
8GLV_Hd	GO:0005509	1.0
8GLV_He	GO:0005509	1.0
8GLV_He	GO:0005509	1.0
6U42_7A	GO:0005509	1.0
6U42_7A	GO:0005509	1.0
8GLV_PD	GO:0005509	1.0
8GLV_PD	GO:0005509	1.0
8GLV_PE	GO:0005509	1.0
8GLV_PE	GO:0005509	1.0
8GLV_PF	GO:0005509	1.0
8GLV_PF	GO:0005509	1.0
8GLV_6T	GO:0005509	1.0
8GLV_6T	GO:0005509	1.0
6U42_6Z	GO:0005509	1.0
6U42_6Z	GO:0005509	1.0
8GLV_6U	GO:0005509	1.0
8GLV_6U	GO:0005509	1.0
6U42_6Y	GO:0005509	1.0
6U42_6Y	GO:0005509	1.0
8GLV_6V	GO:0005509	1.0
8GLV_6V	GO:0005509	1.0
8GLV_Hb	GO:0005509	1.0
8GLV_Hb	GO:0005509	1.0
6U42_6X	GO:0005509	1.0
6U42_6X	GO:0005509	1.0
8GLV_6W	GO:0005509	1.0
8GLV_6W	GO:0005509	1.0
8GLV_Hc	GO:0005509	1.0
8GLV_Hc	GO:0005509	1.0
6U42_6W	GO:0005509	1.0
6U42_6W	GO:0005509	1.0
8GLV_6X	GO:0005509	1.0
8GLV_6X	GO:0005509	1.0
6U42_6V	GO:0005509	1.0
6U42_6V	GO:0005509	1.0
8GLV_6Y	GO:0005509	1.0
8GLV_6Y	GO:0005509	1.0
9H3G_BJ	GO:0003735	1.0
9H3G_BJ	GO:0003735	1.0
9H3G_BJ	GO:0003735	1.0
9H3G_BJ	GO:0003735	1.0
9H3G_BJ	GO:0003735	1.0
9H3G_BJ	GO:0003735	1.0
9H3G_BJ	GO:0003735	1.0
9H6I_BJ	GO:0003735	1.0
9H6I_BJ	GO:0003735	1.0
9H6I_BJ	GO:0003735	1.0
9H6I_BJ	GO:0003735	1.0
9H6I_BJ	GO:0003735	1.0
9H6I_BJ	GO:0003735	1.0
9H6I_BJ	GO:0003735	1.0
9SCU_CI	GO:0003735	1.0
9SCU_CI	GO:0003735	1.0
9SCU_CI	GO:0003735	1.0
9SCU_CI	GO:0003735	1.0
9SCU_CI	GO:0003735	1.0
9SCU_CI	GO:0003735	1.0
9SCU_CI	GO:0003735	1.0
9HES_BJ	GO:0003735	1.0
9HES_BJ	GO:0003735	1.0
9HES_BJ	GO:0003735	1.0
9HES_BJ	GO:0003735	1.0
9HES_BJ	GO:0003735	1.0
9HES_BJ	GO:0003735	1.0
9HES_BJ	GO:0003735	1.0
9HMW_BJ	GO:0003735	1.0
9HMW_BJ	GO:0003735	1.0
9HMW_BJ	GO:0003735	1.0
9HMW_BJ	GO:0003735	1.0
9HMW_BJ	GO:0003735	1.0
9HMW_BJ	GO:0003735	1.0
9HMW_BJ	GO:0003735	1.0
5VJV_A	GO:0016787	1.0
5VJW_A	GO:0016787	1.0
9H3G_Ra	GO:0003735	1.0
9H3G_Ra	GO:0003735	1.0
9HMW_Ra	GO:0003735	1.0
9HMW_Ra	GO:0003735	1.0
9HES_Ra	GO:0003735	1.0
9HES_Ra	GO:0003735	1.0
9H6I_Ra	GO:0003735	1.0
9H6I_Ra	GO:0003735	1.0
5DQQ_A	GO:0005509	1.0
5DQQ_A	GO:0005509	1.0
5DQQ_A	GO:0005509	1.0
5DQQ_A	GO:0005509	1.0
5DQQ_A	GO:0005509	1.0
5DQQ_A	GO:0005216	1.0
5DQQ_A	GO:0005216	1.0
8WOV_A	GO:0003978	1.0
8WOV_A	GO:0003978	1.0
8WOV_A	GO:0003978	1.0
8WOV_B	GO:0003978	1.0
8WOV_B	GO:0003978	1.0
8WOV_B	GO:0003978	1.0
5E1J_A	GO:0005509	1.0
5E1J_A	GO:0005509	1.0
5E1J_A	GO:0005216	1.0
5E1J_A	GO:0005216	1.0
5E1J_A	GO:0005509	1.0
5E1J_A	GO:0005509	1.0
5E1J_A	GO:0005509	1.0
9HES_BS	GO:0003735	1.0
9HES_BS	GO:0003723	1.0
9HES_BS	GO:0003735	1.0
9HES_BS	GO:0003735	1.0
9H3G_BS	GO:0003735	1.0
9H3G_BS	GO:0003723	1.0
9H3G_BS	GO:0003735	1.0
9H3G_BS	GO:0003735	1.0
9HMW_BS	GO:0003735	1.0
9HMW_BS	GO:0003723	1.0
9HMW_BS	GO:0003735	1.0
9HMW_BS	GO:0003735	1.0
9H6I_BS	GO:0003735	1.0
9H6I_BS	GO:0003723	1.0
9H6I_BS	GO:0003735	1.0
9H6I_BS	GO:0003735	1.0
9SCU_CB	GO:0003735	1.0
9SCU_CB	GO:0003723	1.0
9SCU_CB	GO:0003735	1.0
9SCU_CB	GO:0003735	1.0
3OB4_A	GO:1901982	1.0
3OB4_A	GO:0015144	1.0
3OB4_A	GO:0015144	1.0
3OB4_A	GO:0015144	1.0
3OB4_A	GO:0015144	1.0
3OB4_A	GO:0015144	1.0
3OB4_A	GO:0015144	1.0
3OB4_A	GO:0015144	1.0
3OB4_A	GO:0015144	1.0
9SDP_BY	GO:0003735	1.0
9SDP_BY	GO:0003735	1.0
9SDP_BY	GO:0003735	1.0
9SDP_BY	GO:0003735	1.0
2QFP_B	GO:0003993	1.0
2QFP_B	GO:0046872	1.0
2QFP_B	GO:0003993	1.0
2QFP_B	GO:0016787	1.0
2QFP_B	GO:0003993	1.0
2QFP_B	GO:0046872	1.0
2QFP_C	GO:0003993	1.0
2QFP_C	GO:0046872	1.0
2QFP_C	GO:0003993	1.0
2QFP_C	GO:0016787	1.0
2QFP_C	GO:0003993	1.0
2QFP_C	GO:0046872	1.0
2QFR_B	GO:0003993	1.0
2QFR_B	GO:0046872	1.0
2QFR_B	GO:0003993	1.0
2QFR_B	GO:0016787	1.0
2QFR_B	GO:0003993	1.0
2QFR_B	GO:0046872	1.0
2QFP_D	GO:0003993	1.0
2QFP_D	GO:0046872	1.0
2QFP_D	GO:0003993	1.0
2QFP_D	GO:0016787	1.0
2QFP_D	GO:0003993	1.0
2QFP_D	GO:0046872	1.0
2QFR_A	GO:0003993	1.0
2QFR_A	GO:0046872	1.0
2QFR_A	GO:0003993	1.0
2QFR_A	GO:0016787	1.0
2QFR_A	GO:0003993	1.0
2QFR_A	GO:0046872	1.0
2QFP_A	GO:0003993	1.0
2QFP_A	GO:0046872	1.0
2QFP_A	GO:0003993	1.0
2QFP_A	GO:0016787	1.0
2QFP_A	GO:0003993	1.0
2QFP_A	GO:0046872	1.0
3DSJ_A	GO:0004497	1.0
3DSJ_A	GO:0005506	1.0
3DSJ_A	GO:0016705	1.0
3DSJ_A	GO:0020037	1.0
3DSJ_A	GO:0004497	1.0
3DSJ_A	GO:0016491	1.0
3DSJ_A	GO:0004497	1.0
3DSJ_A	GO:0005506	1.0
3DSJ_A	GO:0016705	1.0
3DSJ_A	GO:0020037	1.0
3DSJ_A	GO:0004497	1.0
3DSJ_A	GO:0005506	1.0
3DSJ_A	GO:0016705	1.0
3DSJ_A	GO:0020037	1.0
3DSK_A	GO:0004497	1.0
3DSK_A	GO:0005506	1.0
3DSK_A	GO:0016705	1.0
3DSK_A	GO:0020037	1.0
3DSK_A	GO:0004497	1.0
3DSK_A	GO:0016491	1.0
3DSK_A	GO:0004497	1.0
3DSK_A	GO:0005506	1.0
3DSK_A	GO:0016705	1.0
3DSK_A	GO:0020037	1.0
3DSK_A	GO:0004497	1.0
3DSK_A	GO:0005506	1.0
3DSK_A	GO:0016705	1.0
3DSK_A	GO:0020037	1.0
3DSJ_B	GO:0004497	1.0
3DSJ_B	GO:0005506	1.0
3DSJ_B	GO:0016705	1.0
3DSJ_B	GO:0020037	1.0
3DSJ_B	GO:0004497	1.0
3DSJ_B	GO:0016491	1.0
3DSJ_B	GO:0004497	1.0
3DSJ_B	GO:0005506	1.0
3DSJ_B	GO:0016705	1.0
3DSJ_B	GO:0020037	1.0
3DSJ_B	GO:0004497	1.0
3DSJ_B	GO:0005506	1.0
3DSJ_B	GO:0016705	1.0
3DSJ_B	GO:0020037	1.0
2RCM_B	GO:0004497	1.0
2RCM_B	GO:0005506	1.0
2RCM_B	GO:0016705	1.0
2RCM_B	GO:0020037	1.0
2RCM_B	GO:0004497	1.0
2RCM_B	GO:0016491	1.0
2RCM_B	GO:0004497	1.0
2RCM_B	GO:0005506	1.0
2RCM_B	GO:0016705	1.0
2RCM_B	GO:0020037	1.0
2RCM_B	GO:0004497	1.0
2RCM_B	GO:0005506	1.0
2RCM_B	GO:0016705	1.0
2RCM_B	GO:0020037	1.0
2RCM_A	GO:0004497	1.0
2RCM_A	GO:0005506	1.0
2RCM_A	GO:0016705	1.0
2RCM_A	GO:0020037	1.0
2RCM_A	GO:0004497	1.0
2RCM_A	GO:0016491	1.0
2RCM_A	GO:0004497	1.0
2RCM_A	GO:0005506	1.0
2RCM_A	GO:0016705	1.0
2RCM_A	GO:0020037	1.0
2RCM_A	GO:0004497	1.0
2RCM_A	GO:0005506	1.0
2RCM_A	GO:0016705	1.0
2RCM_A	GO:0020037	1.0
3DSK_B	GO:0004497	1.0
3DSK_B	GO:0005506	1.0
3DSK_B	GO:0016705	1.0
3DSK_B	GO:0020037	1.0
3DSK_B	GO:0004497	1.0
3DSK_B	GO:0016491	1.0
3DSK_B	GO:0004497	1.0
3DSK_B	GO:0005506	1.0
3DSK_B	GO:0016705	1.0
3DSK_B	GO:0020037	1.0
3DSK_B	GO:0004497	1.0
3DSK_B	GO:0005506	1.0
3DSK_B	GO:0016705	1.0
3DSK_B	GO:0020037	1.0
6N5V_A	GO:0016787	1.0
7T5I_A	GO:0016787	1.0
7T5J_A	GO:0016787	1.0
7T5J_B	GO:0016787	1.0
6N5V_B	GO:0016787	1.0
7T5I_B	GO:0016787	1.0
9SCU_CF	GO:0003723	1.0
9SCU_CF	GO:0003735	1.0
9SCU_CF	GO:0003723	1.0
9HES_AZ	GO:0003735	1.0
9HES_AZ	GO:0003735	1.0
9HES_AZ	GO:0003735	1.0
9H3G_AZ	GO:0003735	1.0
9H3G_AZ	GO:0003735	1.0
9H3G_AZ	GO:0003735	1.0
9HMW_AZ	GO:0003735	1.0
9HMW_AZ	GO:0003735	1.0
9HMW_AZ	GO:0003735	1.0
9SCU_Ck	GO:0003735	1.0
9SCU_Ck	GO:0003735	1.0
9SCU_Ck	GO:0003735	1.0
9H6I_AZ	GO:0003735	1.0
9H6I_AZ	GO:0003735	1.0
9H6I_AZ	GO:0003735	1.0
9HMW_BE	GO:0003735	1.0
9HMW_BE	GO:0003735	1.0
9HMW_BE	GO:0003735	1.0
9HMW_BE	GO:0003735	1.0
9H6I_BE	GO:0003735	1.0
9H6I_BE	GO:0003735	1.0
9H6I_BE	GO:0003735	1.0
9H6I_BE	GO:0003735	1.0
9HES_BE	GO:0003735	1.0
9HES_BE	GO:0003735	1.0
9HES_BE	GO:0003735	1.0
9HES_BE	GO:0003735	1.0
9H3G_BE	GO:0003735	1.0
9H3G_BE	GO:0003735	1.0
9H3G_BE	GO:0003735	1.0
9H3G_BE	GO:0003735	1.0
8IKZ_A	GO:0004160	1.0
8IKZ_A	GO:0004160	1.0
8IKZ_A	GO:0003824	1.0
8IKZ_A	GO:0003824	1.0
8IKZ_A	GO:0004160	1.0
7JU4_0	GO:0008017	1.0
7JU4_4	GO:0008017	1.0
8GLV_EO	GO:0008017	1.0
8GLV_EN	GO:0008017	1.0
9H3G_AY	GO:0003735	1.0
9H3G_AY	GO:0003723	1.0
9H3G_AY	GO:0003735	1.0
9H3G_AY	GO:0003735	1.0
9H6I_AY	GO:0003735	1.0
9H6I_AY	GO:0003723	1.0
9H6I_AY	GO:0003735	1.0
9H6I_AY	GO:0003735	1.0
9HES_AY	GO:0003735	1.0
9HES_AY	GO:0003723	1.0
9HES_AY	GO:0003735	1.0
9HES_AY	GO:0003735	1.0
9HMW_AY	GO:0003735	1.0
9HMW_AY	GO:0003723	1.0
9HMW_AY	GO:0003735	1.0
9HMW_AY	GO:0003735	1.0
9SCU_Cj	GO:0003735	1.0
9SCU_Cj	GO:0003723	1.0
9SCU_Cj	GO:0003735	1.0
9SCU_Cj	GO:0003735	1.0
2Q4A_B	GO:0016491	1.0
2Q4A_A	GO:0016491	1.0
1Y0Z_A	GO:0016491	1.0
1Y0Z_B	GO:0016491	1.0
4M59_B	GO:0005515	1.0
4M59_B	GO:0005515	1.0
4M59_B	GO:0003729	1.0
4M59_B	GO:0005515	1.0
4M59_B	GO:0005515	1.0
4M59_B	GO:0005515	1.0
4M59_B	GO:0005515	1.0
4M59_B	GO:0005515	1.0
4M59_A	GO:0005515	1.0
4M59_A	GO:0005515	1.0
4M59_A	GO:0003729	1.0
4M59_A	GO:0005515	1.0
4M59_A	GO:0005515	1.0
4M59_A	GO:0005515	1.0
4M59_A	GO:0005515	1.0
4M59_A	GO:0005515	1.0
9VS6_B	GO:0008171	1.0
9VS6_B	GO:0008168	1.0
9VS6_B	GO:0008168	1.0
9VS6_B	GO:0008168	1.0
9VS6_B	GO:0046983	1.0
9VS6_A	GO:0008171	1.0
9VS6_A	GO:0008168	1.0
9VS6_A	GO:0008168	1.0
9VS6_A	GO:0008168	1.0
9VS6_A	GO:0046983	1.0
9JPI_A	GO:0004160	1.0
9JPI_A	GO:0003824	1.0
9JPI_A	GO:0003824	1.0
9JPI_A	GO:0004160	1.0
9JPI_A	GO:0004160	1.0
7TBG_B	GO:0005509	1.0
7TBG_B	GO:0005509	1.0
7TBG_B	GO:0005509	1.0
7TBG_B	GO:0005509	1.0
7TBG_B	GO:0005509	1.0
7TBG_B	GO:0005216	1.0
7TBG_B	GO:0005216	1.0
7TBG_A	GO:0005509	1.0
7TBG_A	GO:0005509	1.0
7TBG_A	GO:0005509	1.0
7TBG_A	GO:0005509	1.0
7TBG_A	GO:0005509	1.0
7TBG_A	GO:0005216	1.0
7TBG_A	GO:0005216	1.0
8BRN_D	GO:0016787	1.0
8BRN_D	GO:0003993	1.0
8BRN_D	GO:0046872	1.0
8BRN_D	GO:0003993	1.0
8BRN_D	GO:0046872	1.0
8BRN_D	GO:0003993	1.0
8BRN_C	GO:0016787	1.0
8BRN_C	GO:0003993	1.0
8BRN_C	GO:0046872	1.0
8BRN_C	GO:0003993	1.0
8BRN_C	GO:0046872	1.0
8BRN_C	GO:0003993	1.0
8BRN_B	GO:0016787	1.0
8BRN_B	GO:0003993	1.0
8BRN_B	GO:0046872	1.0
8BRN_B	GO:0003993	1.0
8BRN_B	GO:0046872	1.0
8BRN_B	GO:0003993	1.0
8BRN_A	GO:0016787	1.0
8BRN_A	GO:0003993	1.0
8BRN_A	GO:0046872	1.0
8BRN_A	GO:0003993	1.0
8BRN_A	GO:0046872	1.0
8BRN_A	GO:0003993	1.0
2FLH_D	GO:0004864	1.0
2FLH_D	GO:0010427	1.0
2FLH_D	GO:0038023	1.0
2FLH_D	GO:0004864	1.0
2FLH_D	GO:0010427	1.0
2FLH_D	GO:0038023	1.0
2FLH_D	GO:0004864	1.0
2FLH_D	GO:0010427	1.0
2FLH_D	GO:0038023	1.0
2FLH_D	GO:0004864	1.0
2FLH_D	GO:0010427	1.0
2FLH_D	GO:0038023	1.0
2FLH_D	GO:0004864	1.0
2FLH_D	GO:0010427	1.0
2FLH_D	GO:0038023	1.0
2FLH_D	GO:0004864	1.0
2FLH_D	GO:0010427	1.0
2FLH_D	GO:0038023	1.0
3C0V_B	GO:0004864	1.0
3C0V_B	GO:0010427	1.0
3C0V_B	GO:0038023	1.0
3C0V_B	GO:0004864	1.0
3C0V_B	GO:0010427	1.0
3C0V_B	GO:0038023	1.0
3C0V_B	GO:0004864	1.0
3C0V_B	GO:0010427	1.0
3C0V_B	GO:0038023	1.0
3C0V_B	GO:0004864	1.0
3C0V_B	GO:0010427	1.0
3C0V_B	GO:0038023	1.0
3C0V_B	GO:0004864	1.0
3C0V_B	GO:0010427	1.0
3C0V_B	GO:0038023	1.0
3C0V_B	GO:0004864	1.0
3C0V_B	GO:0010427	1.0
3C0V_B	GO:0038023	1.0
2FLH_C	GO:0004864	1.0
2FLH_C	GO:0010427	1.0
2FLH_C	GO:0038023	1.0
2FLH_C	GO:0004864	1.0
2FLH_C	GO:0010427	1.0
2FLH_C	GO:0038023	1.0
2FLH_C	GO:0004864	1.0
2FLH_C	GO:0010427	1.0
2FLH_C	GO:0038023	1.0
2FLH_C	GO:0004864	1.0
2FLH_C	GO:0010427	1.0
2FLH_C	GO:0038023	1.0
2FLH_C	GO:0004864	1.0
2FLH_C	GO:0010427	1.0
2FLH_C	GO:0038023	1.0
2FLH_C	GO:0004864	1.0
2FLH_C	GO:0010427	1.0
2FLH_C	GO:0038023	1.0
3C0V_A	GO:0004864	1.0
3C0V_A	GO:0010427	1.0
3C0V_A	GO:0038023	1.0
3C0V_A	GO:0004864	1.0
3C0V_A	GO:0010427	1.0
3C0V_A	GO:0038023	1.0
3C0V_A	GO:0004864	1.0
3C0V_A	GO:0010427	1.0
3C0V_A	GO:0038023	1.0
3C0V_A	GO:0004864	1.0
3C0V_A	GO:0010427	1.0
3C0V_A	GO:0038023	1.0
3C0V_A	GO:0004864	1.0
3C0V_A	GO:0010427	1.0
3C0V_A	GO:0038023	1.0
3C0V_A	GO:0004864	1.0
3C0V_A	GO:0010427	1.0
3C0V_A	GO:0038023	1.0
2FLH_B	GO:0004864	1.0
2FLH_B	GO:0010427	1.0
2FLH_B	GO:0038023	1.0
2FLH_B	GO:0004864	1.0
2FLH_B	GO:0010427	1.0
2FLH_B	GO:0038023	1.0
2FLH_B	GO:0004864	1.0
2FLH_B	GO:0010427	1.0
2FLH_B	GO:0038023	1.0
2FLH_B	GO:0004864	1.0
2FLH_B	GO:0010427	1.0
2FLH_B	GO:0038023	1.0
2FLH_B	GO:0004864	1.0
2FLH_B	GO:0010427	1.0
2FLH_B	GO:0038023	1.0
2FLH_B	GO:0004864	1.0
2FLH_B	GO:0010427	1.0
2FLH_B	GO:0038023	1.0
2FLH_A	GO:0004864	1.0
2FLH_A	GO:0010427	1.0
2FLH_A	GO:0038023	1.0
2FLH_A	GO:0004864	1.0
2FLH_A	GO:0010427	1.0
2FLH_A	GO:0038023	1.0
2FLH_A	GO:0004864	1.0
2FLH_A	GO:0010427	1.0
2FLH_A	GO:0038023	1.0
2FLH_A	GO:0004864	1.0
2FLH_A	GO:0010427	1.0
2FLH_A	GO:0038023	1.0
2FLH_A	GO:0004864	1.0
2FLH_A	GO:0010427	1.0
2FLH_A	GO:0038023	1.0
2FLH_A	GO:0004864	1.0
2FLH_A	GO:0010427	1.0
2FLH_A	GO:0038023	1.0
4PSB_A	GO:0004864	1.0
4PSB_A	GO:0010427	1.0
4PSB_A	GO:0038023	1.0
4PSB_A	GO:0004864	1.0
4PSB_A	GO:0010427	1.0
4PSB_A	GO:0038023	1.0
4PSB_A	GO:0004864	1.0
4PSB_A	GO:0010427	1.0
4PSB_A	GO:0038023	1.0
4PSB_A	GO:0004864	1.0
4PSB_A	GO:0010427	1.0
4PSB_A	GO:0038023	1.0
4PSB_A	GO:0004864	1.0
4PSB_A	GO:0010427	1.0
4PSB_A	GO:0038023	1.0
4PSB_A	GO:0004864	1.0
4PSB_A	GO:0010427	1.0
4PSB_A	GO:0038023	1.0
3C0V_D	GO:0004864	1.0
3C0V_D	GO:0010427	1.0
3C0V_D	GO:0038023	1.0
3C0V_D	GO:0004864	1.0
3C0V_D	GO:0010427	1.0
3C0V_D	GO:0038023	1.0
3C0V_D	GO:0004864	1.0
3C0V_D	GO:0010427	1.0
3C0V_D	GO:0038023	1.0
3C0V_D	GO:0004864	1.0
3C0V_D	GO:0010427	1.0
3C0V_D	GO:0038023	1.0
3C0V_D	GO:0004864	1.0
3C0V_D	GO:0010427	1.0
3C0V_D	GO:0038023	1.0
3C0V_D	GO:0004864	1.0
3C0V_D	GO:0010427	1.0
3C0V_D	GO:0038023	1.0
3C0V_C	GO:0004864	1.0
3C0V_C	GO:0010427	1.0
3C0V_C	GO:0038023	1.0
3C0V_C	GO:0004864	1.0
3C0V_C	GO:0010427	1.0
3C0V_C	GO:0038023	1.0
3C0V_C	GO:0004864	1.0
3C0V_C	GO:0010427	1.0
3C0V_C	GO:0038023	1.0
3C0V_C	GO:0004864	1.0
3C0V_C	GO:0010427	1.0
3C0V_C	GO:0038023	1.0
3C0V_C	GO:0004864	1.0
3C0V_C	GO:0010427	1.0
3C0V_C	GO:0038023	1.0
3C0V_C	GO:0004864	1.0
3C0V_C	GO:0010427	1.0
3C0V_C	GO:0038023	1.0
8TDK_B	GO:0008381	1.0
8TDK_C	GO:0008381	1.0
8TDK_D	GO:0008381	1.0
8TDK_E	GO:0008381	1.0
8TDK_F	GO:0008381	1.0
8TDK_G	GO:0008381	1.0
8TDK_A	GO:0008381	1.0
9VJM_A	GO:0016747	1.0
9VJM_A	GO:0004144	1.0
9VJM_A	GO:0016747	1.0
9VJM_A	GO:0004144	1.0
9VJM_B	GO:0016747	1.0
9VJM_B	GO:0004144	1.0
9VJM_B	GO:0016747	1.0
9VJM_B	GO:0004144	1.0
9HMW_AP	GO:0003735	1.0
9HMW_AP	GO:0003735	1.0
9HMW_AP	GO:0003735	1.0
9HES_AP	GO:0003735	1.0
9HES_AP	GO:0003735	1.0
9HES_AP	GO:0003735	1.0
9H6I_AP	GO:0003735	1.0
9H6I_AP	GO:0003735	1.0
9H6I_AP	GO:0003735	1.0
9H3G_AP	GO:0003735	1.0
9H3G_AP	GO:0003735	1.0
9H3G_AP	GO:0003735	1.0
9SCU_CZ	GO:0003735	1.0
9SCU_CZ	GO:0003735	1.0
9SCU_CZ	GO:0003735	1.0
7VN6_D	GO:0015144	1.0
7VN6_D	GO:0015144	1.0
7VN6_D	GO:0015144	1.0
7VN6_D	GO:0015144	1.0
7VN6_D	GO:0015144	1.0
7VN6_D	GO:0015144	1.0
7VN6_D	GO:0015144	1.0
7VN6_D	GO:0015144	1.0
7VN6_D	GO:1901982	1.0
7VN6_B	GO:0015144	1.0
7VN6_B	GO:0015144	1.0
7VN6_B	GO:0015144	1.0
7VN6_B	GO:0015144	1.0
7VN6_B	GO:0015144	1.0
7VN6_B	GO:0015144	1.0
7VN6_B	GO:0015144	1.0
7VN6_B	GO:0015144	1.0
7VN6_B	GO:1901982	1.0
7VN6_C	GO:0015144	1.0
7VN6_C	GO:0015144	1.0
7VN6_C	GO:0015144	1.0
7VN6_C	GO:0015144	1.0
7VN6_C	GO:0015144	1.0
7VN6_C	GO:0015144	1.0
7VN6_C	GO:0015144	1.0
7VN6_C	GO:0015144	1.0
7VN6_C	GO:1901982	1.0
7VN4_C	GO:0015144	1.0
7VN4_C	GO:0015144	1.0
7VN4_C	GO:0015144	1.0
7VN4_C	GO:0015144	1.0
7VN4_C	GO:0015144	1.0
7VN4_C	GO:0015144	1.0
7VN4_C	GO:0015144	1.0
7VN4_C	GO:0015144	1.0
7VN4_C	GO:1901982	1.0
7VN4_B	GO:0015144	1.0
7VN4_B	GO:0015144	1.0
7VN4_B	GO:0015144	1.0
7VN4_B	GO:0015144	1.0
7VN4_B	GO:0015144	1.0
7VN4_B	GO:0015144	1.0
7VN4_B	GO:0015144	1.0
7VN4_B	GO:0015144	1.0
7VN4_B	GO:1901982	1.0
7VN8_D	GO:0015144	1.0
7VN8_D	GO:0015144	1.0
7VN8_D	GO:0015144	1.0
7VN8_D	GO:0015144	1.0
7VN8_D	GO:0015144	1.0
7VN8_D	GO:0015144	1.0
7VN8_D	GO:0015144	1.0
7VN8_D	GO:0015144	1.0
7VN8_D	GO:1901982	1.0
7VN4_A	GO:0015144	1.0
7VN4_A	GO:0015144	1.0
7VN4_A	GO:0015144	1.0
7VN4_A	GO:0015144	1.0
7VN4_A	GO:0015144	1.0
7VN4_A	GO:0015144	1.0
7VN4_A	GO:0015144	1.0
7VN4_A	GO:0015144	1.0
7VN4_A	GO:1901982	1.0
7VN5_D	GO:0015144	1.0
7VN5_D	GO:0015144	1.0
7VN5_D	GO:0015144	1.0
7VN5_D	GO:0015144	1.0
7VN5_D	GO:0015144	1.0
7VN5_D	GO:0015144	1.0
7VN5_D	GO:0015144	1.0
7VN5_D	GO:0015144	1.0
7VN5_D	GO:1901982	1.0
7VN8_B	GO:0015144	1.0
7VN8_B	GO:0015144	1.0
7VN8_B	GO:0015144	1.0
7VN8_B	GO:0015144	1.0
7VN8_B	GO:0015144	1.0
7VN8_B	GO:0015144	1.0
7VN8_B	GO:0015144	1.0
7VN8_B	GO:0015144	1.0
7VN8_B	GO:1901982	1.0
7VN5_C	GO:0015144	1.0
7VN5_C	GO:0015144	1.0
7VN5_C	GO:0015144	1.0
7VN5_C	GO:0015144	1.0
7VN5_C	GO:0015144	1.0
7VN5_C	GO:0015144	1.0
7VN5_C	GO:0015144	1.0
7VN5_C	GO:0015144	1.0
7VN5_C	GO:1901982	1.0
7VN8_C	GO:0015144	1.0
7VN8_C	GO:0015144	1.0
7VN8_C	GO:0015144	1.0
7VN8_C	GO:0015144	1.0
7VN8_C	GO:0015144	1.0
7VN8_C	GO:0015144	1.0
7VN8_C	GO:0015144	1.0
7VN8_C	GO:0015144	1.0
7VN8_C	GO:1901982	1.0
7VN8_A	GO:0015144	1.0
7VN8_A	GO:0015144	1.0
7VN8_A	GO:0015144	1.0
7VN8_A	GO:0015144	1.0
7VN8_A	GO:0015144	1.0
7VN8_A	GO:0015144	1.0
7VN8_A	GO:0015144	1.0
7VN8_A	GO:0015144	1.0
7VN8_A	GO:1901982	1.0
7VN2_C	GO:0015144	1.0
7VN2_C	GO:0015144	1.0
7VN2_C	GO:0015144	1.0
7VN2_C	GO:0015144	1.0
7VN2_C	GO:0015144	1.0
7VN2_C	GO:0015144	1.0
7VN2_C	GO:0015144	1.0
7VN2_C	GO:0015144	1.0
7VN2_C	GO:1901982	1.0
7VN5_B	GO:0015144	1.0
7VN5_B	GO:0015144	1.0
7VN5_B	GO:0015144	1.0
7VN5_B	GO:0015144	1.0
7VN5_B	GO:0015144	1.0
7VN5_B	GO:0015144	1.0
7VN5_B	GO:0015144	1.0
7VN5_B	GO:0015144	1.0
7VN5_B	GO:1901982	1.0
7VN5_A	GO:0015144	1.0
7VN5_A	GO:0015144	1.0
7VN5_A	GO:0015144	1.0
7VN5_A	GO:0015144	1.0
7VN5_A	GO:0015144	1.0
7VN5_A	GO:0015144	1.0
7VN5_A	GO:0015144	1.0
7VN5_A	GO:0015144	1.0
7VN5_A	GO:1901982	1.0
7VN2_A	GO:0015144	1.0
7VN2_A	GO:0015144	1.0
7VN2_A	GO:0015144	1.0
7VN2_A	GO:0015144	1.0
7VN2_A	GO:0015144	1.0
7VN2_A	GO:0015144	1.0
7VN2_A	GO:0015144	1.0
7VN2_A	GO:0015144	1.0
7VN2_A	GO:1901982	1.0
7VN4_D	GO:0015144	1.0
7VN4_D	GO:0015144	1.0
7VN4_D	GO:0015144	1.0
7VN4_D	GO:0015144	1.0
7VN4_D	GO:0015144	1.0
7VN4_D	GO:0015144	1.0
7VN4_D	GO:0015144	1.0
7VN4_D	GO:0015144	1.0
7VN4_D	GO:1901982	1.0
7VN7_A	GO:0015144	1.0
7VN7_A	GO:0015144	1.0
7VN7_A	GO:0015144	1.0
7VN7_A	GO:0015144	1.0
7VN7_A	GO:0015144	1.0
7VN7_A	GO:0015144	1.0
7VN7_A	GO:0015144	1.0
7VN7_A	GO:0015144	1.0
7VN7_A	GO:1901982	1.0
7VN7_B	GO:0015144	1.0
7VN7_B	GO:0015144	1.0
7VN7_B	GO:0015144	1.0
7VN7_B	GO:0015144	1.0
7VN7_B	GO:0015144	1.0
7VN7_B	GO:0015144	1.0
7VN7_B	GO:0015144	1.0
7VN7_B	GO:0015144	1.0
7VN7_B	GO:1901982	1.0
7VN7_C	GO:0015144	1.0
7VN7_C	GO:0015144	1.0
7VN7_C	GO:0015144	1.0
7VN7_C	GO:0015144	1.0
7VN7_C	GO:0015144	1.0
7VN7_C	GO:0015144	1.0
7VN7_C	GO:0015144	1.0
7VN7_C	GO:0015144	1.0
7VN7_C	GO:1901982	1.0
7VN7_D	GO:0015144	1.0
7VN7_D	GO:0015144	1.0
7VN7_D	GO:0015144	1.0
7VN7_D	GO:0015144	1.0
7VN7_D	GO:0015144	1.0
7VN7_D	GO:0015144	1.0
7VN7_D	GO:0015144	1.0
7VN7_D	GO:0015144	1.0
7VN7_D	GO:1901982	1.0
7VN3_B	GO:0015144	1.0
7VN3_B	GO:0015144	1.0
7VN3_B	GO:0015144	1.0
7VN3_B	GO:0015144	1.0
7VN3_B	GO:0015144	1.0
7VN3_B	GO:0015144	1.0
7VN3_B	GO:0015144	1.0
7VN3_B	GO:0015144	1.0
7VN3_B	GO:1901982	1.0
7VN3_A	GO:0015144	1.0
7VN3_A	GO:0015144	1.0
7VN3_A	GO:0015144	1.0
7VN3_A	GO:0015144	1.0
7VN3_A	GO:0015144	1.0
7VN3_A	GO:0015144	1.0
7VN3_A	GO:0015144	1.0
7VN3_A	GO:0015144	1.0
7VN3_A	GO:1901982	1.0
7VN6_A	GO:0015144	1.0
7VN6_A	GO:0015144	1.0
7VN6_A	GO:0015144	1.0
7VN6_A	GO:0015144	1.0
7VN6_A	GO:0015144	1.0
7VN6_A	GO:0015144	1.0
7VN6_A	GO:0015144	1.0
7VN6_A	GO:0015144	1.0
7VN6_A	GO:1901982	1.0
7VN3_D	GO:0015144	1.0
7VN3_D	GO:0015144	1.0
7VN3_D	GO:0015144	1.0
7VN3_D	GO:0015144	1.0
7VN3_D	GO:0015144	1.0
7VN3_D	GO:0015144	1.0
7VN3_D	GO:0015144	1.0
7VN3_D	GO:0015144	1.0
7VN3_D	GO:1901982	1.0
7VN3_C	GO:0015144	1.0
7VN3_C	GO:0015144	1.0
7VN3_C	GO:0015144	1.0
7VN3_C	GO:0015144	1.0
7VN3_C	GO:0015144	1.0
7VN3_C	GO:0015144	1.0
7VN3_C	GO:0015144	1.0
7VN3_C	GO:0015144	1.0
7VN3_C	GO:1901982	1.0
1SQL_N	GO:0004150	1.0
1SQL_N	GO:0004150	1.0
1SQL_N	GO:0004150	1.0
1SQL_N	GO:0004150	1.0
1SQL_N	GO:0004150	1.0
1SQL_N	GO:0004150	1.0
1SQL_N	GO:0004150	1.0
1SQL_O	GO:0004150	1.0
1SQL_O	GO:0004150	1.0
1SQL_O	GO:0004150	1.0
1SQL_O	GO:0004150	1.0
1SQL_O	GO:0004150	1.0
1SQL_O	GO:0004150	1.0
1SQL_O	GO:0004150	1.0
1SQL_L	GO:0004150	1.0
1SQL_L	GO:0004150	1.0
1SQL_L	GO:0004150	1.0
1SQL_L	GO:0004150	1.0
1SQL_L	GO:0004150	1.0
1SQL_L	GO:0004150	1.0
1SQL_L	GO:0004150	1.0
1SQL_M	GO:0004150	1.0
1SQL_M	GO:0004150	1.0
1SQL_M	GO:0004150	1.0
1SQL_M	GO:0004150	1.0
1SQL_M	GO:0004150	1.0
1SQL_M	GO:0004150	1.0
1SQL_M	GO:0004150	1.0
1SQL_B	GO:0004150	1.0
1SQL_B	GO:0004150	1.0
1SQL_B	GO:0004150	1.0
1SQL_B	GO:0004150	1.0
1SQL_B	GO:0004150	1.0
1SQL_B	GO:0004150	1.0
1SQL_B	GO:0004150	1.0
1SQL_C	GO:0004150	1.0
1SQL_C	GO:0004150	1.0
1SQL_C	GO:0004150	1.0
1SQL_C	GO:0004150	1.0
1SQL_C	GO:0004150	1.0
1SQL_C	GO:0004150	1.0
1SQL_C	GO:0004150	1.0
1SQL_P	GO:0004150	1.0
1SQL_P	GO:0004150	1.0
1SQL_P	GO:0004150	1.0
1SQL_P	GO:0004150	1.0
1SQL_P	GO:0004150	1.0
1SQL_P	GO:0004150	1.0
1SQL_P	GO:0004150	1.0
1SQL_A	GO:0004150	1.0
1SQL_A	GO:0004150	1.0
1SQL_A	GO:0004150	1.0
1SQL_A	GO:0004150	1.0
1SQL_A	GO:0004150	1.0
1SQL_A	GO:0004150	1.0
1SQL_A	GO:0004150	1.0
1SQL_F	GO:0004150	1.0
1SQL_F	GO:0004150	1.0
1SQL_F	GO:0004150	1.0
1SQL_F	GO:0004150	1.0
1SQL_F	GO:0004150	1.0
1SQL_F	GO:0004150	1.0
1SQL_F	GO:0004150	1.0
1SQL_G	GO:0004150	1.0
1SQL_G	GO:0004150	1.0
1SQL_G	GO:0004150	1.0
1SQL_G	GO:0004150	1.0
1SQL_G	GO:0004150	1.0
1SQL_G	GO:0004150	1.0
1SQL_G	GO:0004150	1.0
1SQL_D	GO:0004150	1.0
1SQL_D	GO:0004150	1.0
1SQL_D	GO:0004150	1.0
1SQL_D	GO:0004150	1.0
1SQL_D	GO:0004150	1.0
1SQL_D	GO:0004150	1.0
1SQL_D	GO:0004150	1.0
1SQL_E	GO:0004150	1.0
1SQL_E	GO:0004150	1.0
1SQL_E	GO:0004150	1.0
1SQL_E	GO:0004150	1.0
1SQL_E	GO:0004150	1.0
1SQL_E	GO:0004150	1.0
1SQL_E	GO:0004150	1.0
1SQL_J	GO:0004150	1.0
1SQL_J	GO:0004150	1.0
1SQL_J	GO:0004150	1.0
1SQL_J	GO:0004150	1.0
1SQL_J	GO:0004150	1.0
1SQL_J	GO:0004150	1.0
1SQL_J	GO:0004150	1.0
1SQL_K	GO:0004150	1.0
1SQL_K	GO:0004150	1.0
1SQL_K	GO:0004150	1.0
1SQL_K	GO:0004150	1.0
1SQL_K	GO:0004150	1.0
1SQL_K	GO:0004150	1.0
1SQL_K	GO:0004150	1.0
1SQL_H	GO:0004150	1.0
1SQL_H	GO:0004150	1.0
1SQL_H	GO:0004150	1.0
1SQL_H	GO:0004150	1.0
1SQL_H	GO:0004150	1.0
1SQL_H	GO:0004150	1.0
1SQL_H	GO:0004150	1.0
1SQL_I	GO:0004150	1.0
1SQL_I	GO:0004150	1.0
1SQL_I	GO:0004150	1.0
1SQL_I	GO:0004150	1.0
1SQL_I	GO:0004150	1.0
1SQL_I	GO:0004150	1.0
1SQL_I	GO:0004150	1.0
9H3G_BF	GO:0003735	1.0
9H3G_BF	GO:0003723	1.0
9H3G_BF	GO:0003735	1.0
9H3G_BF	GO:0003735	1.0
9H3G_BF	GO:0003735	1.0
9H6I_BF	GO:0003735	1.0
9H6I_BF	GO:0003723	1.0
9H6I_BF	GO:0003735	1.0
9H6I_BF	GO:0003735	1.0
9H6I_BF	GO:0003735	1.0
9HES_BF	GO:0003735	1.0
9HES_BF	GO:0003723	1.0
9HES_BF	GO:0003735	1.0
9HES_BF	GO:0003735	1.0
9HES_BF	GO:0003735	1.0
9HMW_BF	GO:0003735	1.0
9HMW_BF	GO:0003723	1.0
9HMW_BF	GO:0003735	1.0
9HMW_BF	GO:0003735	1.0
9HMW_BF	GO:0003735	1.0
9H3G_AM	GO:0003735	1.0
9H3G_AM	GO:0003735	1.0
9H3G_AM	GO:0003735	1.0
9H3G_AM	GO:0003735	1.0
9H6I_AM	GO:0003735	1.0
9H6I_AM	GO:0003735	1.0
9H6I_AM	GO:0003735	1.0
9H6I_AM	GO:0003735	1.0
9HES_AM	GO:0003735	1.0
9HES_AM	GO:0003735	1.0
9HES_AM	GO:0003735	1.0
9HES_AM	GO:0003735	1.0
9HMW_AM	GO:0003735	1.0
9HMW_AM	GO:0003735	1.0
9HMW_AM	GO:0003735	1.0
9HMW_AM	GO:0003735	1.0
5A2H_A	GO:0005509	1.0
5A2H_A	GO:0005509	1.0
5A2H_A	GO:0005509	1.0
5A2H_A	GO:0005509	1.0
5A2H_A	GO:0005509	1.0
5A2H_A	GO:0005509	1.0
5A2H_A	GO:0005509	1.0
5A2H_A	GO:0005509	1.0
5A2H_A	GO:0005509	1.0
5A2H_A	GO:0005509	1.0
5A2H_A	GO:0005509	1.0
5A2H_A	GO:0005509	1.0
4AQR_B	GO:0005509	1.0
4AQR_B	GO:0005509	1.0
4AQR_B	GO:0005509	1.0
4AQR_B	GO:0005509	1.0
4AQR_B	GO:0005509	1.0
4AQR_B	GO:0005509	1.0
4AQR_B	GO:0005509	1.0
4AQR_B	GO:0005509	1.0
4AQR_B	GO:0005509	1.0
4AQR_B	GO:0005509	1.0
4AQR_B	GO:0005509	1.0
4AQR_B	GO:0005509	1.0
4AQR_A	GO:0005509	1.0
4AQR_A	GO:0005509	1.0
4AQR_A	GO:0005509	1.0
4AQR_A	GO:0005509	1.0
4AQR_A	GO:0005509	1.0
4AQR_A	GO:0005509	1.0
4AQR_A	GO:0005509	1.0
4AQR_A	GO:0005509	1.0
4AQR_A	GO:0005509	1.0
4AQR_A	GO:0005509	1.0
4AQR_A	GO:0005509	1.0
4AQR_A	GO:0005509	1.0
3AQ4_A	GO:0005525	1.0
3AQ4_A	GO:0005525	1.0
3AQ4_A	GO:0003924	1.0
3AQ4_A	GO:0005525	1.0
3AQ4_A	GO:0003924	1.0
3AQ4_A	GO:0005525	1.0
3AQ4_A	GO:0003924	1.0
3AQ4_A	GO:0005525	1.0
3AQ4_A	GO:0003924	1.0
3AQ4_A	GO:0005525	1.0
3AQ4_A	GO:0003924	1.0
3AQ4_A	GO:0003924	1.0
3AQ4_A	GO:0005525	1.0
3AQ4_A	GO:0003924	1.0
3AQ4_A	GO:0005525	1.0
3AQ4_B	GO:0005525	1.0
3AQ4_B	GO:0005525	1.0
3AQ4_B	GO:0003924	1.0
3AQ4_B	GO:0005525	1.0
3AQ4_B	GO:0003924	1.0
3AQ4_B	GO:0005525	1.0
3AQ4_B	GO:0003924	1.0
3AQ4_B	GO:0005525	1.0
3AQ4_B	GO:0003924	1.0
3AQ4_B	GO:0005525	1.0
3AQ4_B	GO:0003924	1.0
3AQ4_B	GO:0003924	1.0
3AQ4_B	GO:0005525	1.0
3AQ4_B	GO:0003924	1.0
3AQ4_B	GO:0005525	1.0
1DS9_A	GO:0005515	1.0
1DS9_A	GO:0005515	1.0
1DS9_A	GO:0005515	1.0
8GLV_AA	GO:0005515	1.0
8GLV_AA	GO:0005515	1.0
8GLV_AA	GO:0005515	1.0
8GLV_Ll	GO:0005515	1.0
8GLV_Ll	GO:0005515	1.0
8GLV_Ll	GO:0005515	1.0
8GLV_Gg	GO:0005515	1.0
8GLV_Gg	GO:0005515	1.0
8GLV_Gg	GO:0005515	1.0
8GLV_Cb	GO:0005515	1.0
8GLV_Cb	GO:0005515	1.0
8GLV_Cb	GO:0005515	1.0
3KPF_A	GO:0016491	1.0
3KPF_A	GO:0016491	1.0
3KPF_A	GO:0016491	1.0
3KPF_A	GO:0016491	1.0
3KPF_A	GO:0016491	1.0
3L1R_A	GO:0016491	1.0
3L1R_A	GO:0016491	1.0
3L1R_A	GO:0016491	1.0
3L1R_A	GO:0016491	1.0
3L1R_A	GO:0016491	1.0
3KPF_B	GO:0016491	1.0
3KPF_B	GO:0016491	1.0
3KPF_B	GO:0016491	1.0
3KPF_B	GO:0016491	1.0
3KPF_B	GO:0016491	1.0
3L1R_B	GO:0016491	1.0
3L1R_B	GO:0016491	1.0
3L1R_B	GO:0016491	1.0
3L1R_B	GO:0016491	1.0
3L1R_B	GO:0016491	1.0
3KU9_A	GO:0016491	1.0
3KU9_A	GO:0016491	1.0
3KU9_A	GO:0016491	1.0
3KU9_A	GO:0016491	1.0
3KU9_A	GO:0016491	1.0
3KU9_B	GO:0016491	1.0
3KU9_B	GO:0016491	1.0
3KU9_B	GO:0016491	1.0
3KU9_B	GO:0016491	1.0
3KU9_B	GO:0016491	1.0
9LA1_B	GO:0005515	1.0
9LA1_B	GO:0005515	1.0
9LA1_B	GO:0005515	1.0
9LA1_B	GO:0005515	1.0
9LA1_B	GO:0005515	1.0
9LA1_B	GO:0005216	1.0
9LA1_B	GO:0005515	1.0
9LA1_B	GO:0005515	1.0
9LA1_B	GO:0005515	1.0
9LA1_B	GO:0005249	1.0
9LA1_B	GO:0005249	1.0
9LA1_B	GO:0005249	1.0
9LA1_B	GO:0005249	1.0
9LA1_B	GO:0005249	1.0
9LA1_B	GO:0005249	1.0
9LA1_B	GO:0005515	1.0
9LA1_B	GO:0005515	1.0
9LA1_C	GO:0005515	1.0
9LA1_C	GO:0005515	1.0
9LA1_C	GO:0005515	1.0
9LA1_C	GO:0005515	1.0
9LA1_C	GO:0005515	1.0
9LA1_C	GO:0005216	1.0
9LA1_C	GO:0005515	1.0
9LA1_C	GO:0005515	1.0
9LA1_C	GO:0005515	1.0
9LA1_C	GO:0005249	1.0
9LA1_C	GO:0005249	1.0
9LA1_C	GO:0005249	1.0
9LA1_C	GO:0005249	1.0
9LA1_C	GO:0005249	1.0
9LA1_C	GO:0005249	1.0
9LA1_C	GO:0005515	1.0
9LA1_C	GO:0005515	1.0
9L9U_A	GO:0005515	1.0
9L9U_A	GO:0005515	1.0
9L9U_A	GO:0005515	1.0
9L9U_A	GO:0005515	1.0
9L9U_A	GO:0005515	1.0
9L9U_A	GO:0005216	1.0
9L9U_A	GO:0005515	1.0
9L9U_A	GO:0005515	1.0
9L9U_A	GO:0005515	1.0
9L9U_A	GO:0005249	1.0
9L9U_A	GO:0005249	1.0
9L9U_A	GO:0005249	1.0
9L9U_A	GO:0005249	1.0
9L9U_A	GO:0005249	1.0
9L9U_A	GO:0005249	1.0
9L9U_A	GO:0005515	1.0
9L9U_A	GO:0005515	1.0
9LA1_D	GO:0005515	1.0
9LA1_D	GO:0005515	1.0
9LA1_D	GO:0005515	1.0
9LA1_D	GO:0005515	1.0
9LA1_D	GO:0005515	1.0
9LA1_D	GO:0005216	1.0
9LA1_D	GO:0005515	1.0
9LA1_D	GO:0005515	1.0
9LA1_D	GO:0005515	1.0
9LA1_D	GO:0005249	1.0
9LA1_D	GO:0005249	1.0
9LA1_D	GO:0005249	1.0
9LA1_D	GO:0005249	1.0
9LA1_D	GO:0005249	1.0
9LA1_D	GO:0005249	1.0
9LA1_D	GO:0005515	1.0
9LA1_D	GO:0005515	1.0
9LA1_A	GO:0005515	1.0
9LA1_A	GO:0005515	1.0
9LA1_A	GO:0005515	1.0
9LA1_A	GO:0005515	1.0
9LA1_A	GO:0005515	1.0
9LA1_A	GO:0005216	1.0
9LA1_A	GO:0005515	1.0
9LA1_A	GO:0005515	1.0
9LA1_A	GO:0005515	1.0
9LA1_A	GO:0005249	1.0
9LA1_A	GO:0005249	1.0
9LA1_A	GO:0005249	1.0
9LA1_A	GO:0005249	1.0
9LA1_A	GO:0005249	1.0
9LA1_A	GO:0005249	1.0
9LA1_A	GO:0005515	1.0
9LA1_A	GO:0005515	1.0
9LA3_D	GO:0005515	1.0
9LA3_D	GO:0005515	1.0
9LA3_D	GO:0005515	1.0
9LA3_D	GO:0005515	1.0
9LA3_D	GO:0005515	1.0
9LA3_D	GO:0005216	1.0
9LA3_D	GO:0005515	1.0
9LA3_D	GO:0005515	1.0
9LA3_D	GO:0005515	1.0
9LA3_D	GO:0005249	1.0
9LA3_D	GO:0005249	1.0
9LA3_D	GO:0005249	1.0
9LA3_D	GO:0005249	1.0
9LA3_D	GO:0005249	1.0
9LA3_D	GO:0005249	1.0
9LA3_D	GO:0005515	1.0
9LA3_D	GO:0005515	1.0
9LA3_C	GO:0005515	1.0
9LA3_C	GO:0005515	1.0
9LA3_C	GO:0005515	1.0
9LA3_C	GO:0005515	1.0
9LA3_C	GO:0005515	1.0
9LA3_C	GO:0005216	1.0
9LA3_C	GO:0005515	1.0
9LA3_C	GO:0005515	1.0
9LA3_C	GO:0005515	1.0
9LA3_C	GO:0005249	1.0
9LA3_C	GO:0005249	1.0
9LA3_C	GO:0005249	1.0
9LA3_C	GO:0005249	1.0
9LA3_C	GO:0005249	1.0
9LA3_C	GO:0005249	1.0
9LA3_C	GO:0005515	1.0
9LA3_C	GO:0005515	1.0
9LA3_B	GO:0005515	1.0
9LA3_B	GO:0005515	1.0
9LA3_B	GO:0005515	1.0
9LA3_B	GO:0005515	1.0
9LA3_B	GO:0005515	1.0
9LA3_B	GO:0005216	1.0
9LA3_B	GO:0005515	1.0
9LA3_B	GO:0005515	1.0
9LA3_B	GO:0005515	1.0
9LA3_B	GO:0005249	1.0
9LA3_B	GO:0005249	1.0
9LA3_B	GO:0005249	1.0
9LA3_B	GO:0005249	1.0
9LA3_B	GO:0005249	1.0
9LA3_B	GO:0005249	1.0
9LA3_B	GO:0005515	1.0
9LA3_B	GO:0005515	1.0
9LA0_C	GO:0005515	1.0
9LA0_C	GO:0005515	1.0
9LA0_C	GO:0005515	1.0
9LA0_C	GO:0005515	1.0
9LA0_C	GO:0005515	1.0
9LA0_C	GO:0005216	1.0
9LA0_C	GO:0005515	1.0
9LA0_C	GO:0005515	1.0
9LA0_C	GO:0005515	1.0
9LA0_C	GO:0005249	1.0
9LA0_C	GO:0005249	1.0
9LA0_C	GO:0005249	1.0
9LA0_C	GO:0005249	1.0
9LA0_C	GO:0005249	1.0
9LA0_C	GO:0005249	1.0
9LA0_C	GO:0005515	1.0
9LA0_C	GO:0005515	1.0
9LA3_A	GO:0005515	1.0
9LA3_A	GO:0005515	1.0
9LA3_A	GO:0005515	1.0
9LA3_A	GO:0005515	1.0
9LA3_A	GO:0005515	1.0
9LA3_A	GO:0005216	1.0
9LA3_A	GO:0005515	1.0
9LA3_A	GO:0005515	1.0
9LA3_A	GO:0005515	1.0
9LA3_A	GO:0005249	1.0
9LA3_A	GO:0005249	1.0
9LA3_A	GO:0005249	1.0
9LA3_A	GO:0005249	1.0
9LA3_A	GO:0005249	1.0
9LA3_A	GO:0005249	1.0
9LA3_A	GO:0005515	1.0
9LA3_A	GO:0005515	1.0
9LA7_D	GO:0005515	1.0
9LA7_D	GO:0005515	1.0
9LA7_D	GO:0005515	1.0
9LA7_D	GO:0005515	1.0
9LA7_D	GO:0005515	1.0
9LA7_D	GO:0005216	1.0
9LA7_D	GO:0005515	1.0
9LA7_D	GO:0005515	1.0
9LA7_D	GO:0005515	1.0
9LA7_D	GO:0005249	1.0
9LA7_D	GO:0005249	1.0
9LA7_D	GO:0005249	1.0
9LA7_D	GO:0005249	1.0
9LA7_D	GO:0005249	1.0
9LA7_D	GO:0005249	1.0
9LA7_D	GO:0005515	1.0
9LA7_D	GO:0005515	1.0
9LA0_D	GO:0005515	1.0
9LA0_D	GO:0005515	1.0
9LA0_D	GO:0005515	1.0
9LA0_D	GO:0005515	1.0
9LA0_D	GO:0005515	1.0
9LA0_D	GO:0005216	1.0
9LA0_D	GO:0005515	1.0
9LA0_D	GO:0005515	1.0
9LA0_D	GO:0005515	1.0
9LA0_D	GO:0005249	1.0
9LA0_D	GO:0005249	1.0
9LA0_D	GO:0005249	1.0
9LA0_D	GO:0005249	1.0
9LA0_D	GO:0005249	1.0
9LA0_D	GO:0005249	1.0
9LA0_D	GO:0005515	1.0
9LA0_D	GO:0005515	1.0
9LA2_C	GO:0005515	1.0
9LA2_C	GO:0005515	1.0
9LA2_C	GO:0005515	1.0
9LA2_C	GO:0005515	1.0
9LA2_C	GO:0005515	1.0
9LA2_C	GO:0005216	1.0
9LA2_C	GO:0005515	1.0
9LA2_C	GO:0005515	1.0
9LA2_C	GO:0005515	1.0
9LA2_C	GO:0005249	1.0
9LA2_C	GO:0005249	1.0
9LA2_C	GO:0005249	1.0
9LA2_C	GO:0005249	1.0
9LA2_C	GO:0005249	1.0
9LA2_C	GO:0005249	1.0
9LA2_C	GO:0005515	1.0
9LA2_C	GO:0005515	1.0
9L9U_C	GO:0005515	1.0
9L9U_C	GO:0005515	1.0
9L9U_C	GO:0005515	1.0
9L9U_C	GO:0005515	1.0
9L9U_C	GO:0005515	1.0
9L9U_C	GO:0005216	1.0
9L9U_C	GO:0005515	1.0
9L9U_C	GO:0005515	1.0
9L9U_C	GO:0005515	1.0
9L9U_C	GO:0005249	1.0
9L9U_C	GO:0005249	1.0
9L9U_C	GO:0005249	1.0
9L9U_C	GO:0005249	1.0
9L9U_C	GO:0005249	1.0
9L9U_C	GO:0005249	1.0
9L9U_C	GO:0005515	1.0
9L9U_C	GO:0005515	1.0
9LA0_A	GO:0005515	1.0
9LA0_A	GO:0005515	1.0
9LA0_A	GO:0005515	1.0
9LA0_A	GO:0005515	1.0
9LA0_A	GO:0005515	1.0
9LA0_A	GO:0005216	1.0
9LA0_A	GO:0005515	1.0
9LA0_A	GO:0005515	1.0
9LA0_A	GO:0005515	1.0
9LA0_A	GO:0005249	1.0
9LA0_A	GO:0005249	1.0
9LA0_A	GO:0005249	1.0
9LA0_A	GO:0005249	1.0
9LA0_A	GO:0005249	1.0
9LA0_A	GO:0005249	1.0
9LA0_A	GO:0005515	1.0
9LA0_A	GO:0005515	1.0
9LA7_B	GO:0005515	1.0
9LA7_B	GO:0005515	1.0
9LA7_B	GO:0005515	1.0
9LA7_B	GO:0005515	1.0
9LA7_B	GO:0005515	1.0
9LA7_B	GO:0005216	1.0
9LA7_B	GO:0005515	1.0
9LA7_B	GO:0005515	1.0
9LA7_B	GO:0005515	1.0
9LA7_B	GO:0005249	1.0
9LA7_B	GO:0005249	1.0
9LA7_B	GO:0005249	1.0
9LA7_B	GO:0005249	1.0
9LA7_B	GO:0005249	1.0
9LA7_B	GO:0005249	1.0
9LA7_B	GO:0005515	1.0
9LA7_B	GO:0005515	1.0
9LA2_D	GO:0005515	1.0
9LA2_D	GO:0005515	1.0
9LA2_D	GO:0005515	1.0
9LA2_D	GO:0005515	1.0
9LA2_D	GO:0005515	1.0
9LA2_D	GO:0005216	1.0
9LA2_D	GO:0005515	1.0
9LA2_D	GO:0005515	1.0
9LA2_D	GO:0005515	1.0
9LA2_D	GO:0005249	1.0
9LA2_D	GO:0005249	1.0
9LA2_D	GO:0005249	1.0
9LA2_D	GO:0005249	1.0
9LA2_D	GO:0005249	1.0
9LA2_D	GO:0005249	1.0
9LA2_D	GO:0005515	1.0
9LA2_D	GO:0005515	1.0
9L9U_B	GO:0005515	1.0
9L9U_B	GO:0005515	1.0
9L9U_B	GO:0005515	1.0
9L9U_B	GO:0005515	1.0
9L9U_B	GO:0005515	1.0
9L9U_B	GO:0005216	1.0
9L9U_B	GO:0005515	1.0
9L9U_B	GO:0005515	1.0
9L9U_B	GO:0005515	1.0
9L9U_B	GO:0005249	1.0
9L9U_B	GO:0005249	1.0
9L9U_B	GO:0005249	1.0
9L9U_B	GO:0005249	1.0
9L9U_B	GO:0005249	1.0
9L9U_B	GO:0005249	1.0
9L9U_B	GO:0005515	1.0
9L9U_B	GO:0005515	1.0
9LA0_B	GO:0005515	1.0
9LA0_B	GO:0005515	1.0
9LA0_B	GO:0005515	1.0
9LA0_B	GO:0005515	1.0
9LA0_B	GO:0005515	1.0
9LA0_B	GO:0005216	1.0
9LA0_B	GO:0005515	1.0
9LA0_B	GO:0005515	1.0
9LA0_B	GO:0005515	1.0
9LA0_B	GO:0005249	1.0
9LA0_B	GO:0005249	1.0
9LA0_B	GO:0005249	1.0
9LA0_B	GO:0005249	1.0
9LA0_B	GO:0005249	1.0
9LA0_B	GO:0005249	1.0
9LA0_B	GO:0005515	1.0
9LA0_B	GO:0005515	1.0
9LA7_C	GO:0005515	1.0
9LA7_C	GO:0005515	1.0
9LA7_C	GO:0005515	1.0
9LA7_C	GO:0005515	1.0
9LA7_C	GO:0005515	1.0
9LA7_C	GO:0005216	1.0
9LA7_C	GO:0005515	1.0
9LA7_C	GO:0005515	1.0
9LA7_C	GO:0005515	1.0
9LA7_C	GO:0005249	1.0
9LA7_C	GO:0005249	1.0
9LA7_C	GO:0005249	1.0
9LA7_C	GO:0005249	1.0
9LA7_C	GO:0005249	1.0
9LA7_C	GO:0005249	1.0
9LA7_C	GO:0005515	1.0
9LA7_C	GO:0005515	1.0
9LA2_A	GO:0005515	1.0
9LA2_A	GO:0005515	1.0
9LA2_A	GO:0005515	1.0
9LA2_A	GO:0005515	1.0
9LA2_A	GO:0005515	1.0
9LA2_A	GO:0005216	1.0
9LA2_A	GO:0005515	1.0
9LA2_A	GO:0005515	1.0
9LA2_A	GO:0005515	1.0
9LA2_A	GO:0005249	1.0
9LA2_A	GO:0005249	1.0
9LA2_A	GO:0005249	1.0
9LA2_A	GO:0005249	1.0
9LA2_A	GO:0005249	1.0
9LA2_A	GO:0005249	1.0
9LA2_A	GO:0005515	1.0
9LA2_A	GO:0005515	1.0
9LA2_B	GO:0005515	1.0
9LA2_B	GO:0005515	1.0
9LA2_B	GO:0005515	1.0
9LA2_B	GO:0005515	1.0
9LA2_B	GO:0005515	1.0
9LA2_B	GO:0005216	1.0
9LA2_B	GO:0005515	1.0
9LA2_B	GO:0005515	1.0
9LA2_B	GO:0005515	1.0
9LA2_B	GO:0005249	1.0
9LA2_B	GO:0005249	1.0
9LA2_B	GO:0005249	1.0
9LA2_B	GO:0005249	1.0
9LA2_B	GO:0005249	1.0
9LA2_B	GO:0005249	1.0
9LA2_B	GO:0005515	1.0
9LA2_B	GO:0005515	1.0
9L9U_D	GO:0005515	1.0
9L9U_D	GO:0005515	1.0
9L9U_D	GO:0005515	1.0
9L9U_D	GO:0005515	1.0
9L9U_D	GO:0005515	1.0
9L9U_D	GO:0005216	1.0
9L9U_D	GO:0005515	1.0
9L9U_D	GO:0005515	1.0
9L9U_D	GO:0005515	1.0
9L9U_D	GO:0005249	1.0
9L9U_D	GO:0005249	1.0
9L9U_D	GO:0005249	1.0
9L9U_D	GO:0005249	1.0
9L9U_D	GO:0005249	1.0
9L9U_D	GO:0005249	1.0
9L9U_D	GO:0005515	1.0
9L9U_D	GO:0005515	1.0
9LA7_A	GO:0005515	1.0
9LA7_A	GO:0005515	1.0
9LA7_A	GO:0005515	1.0
9LA7_A	GO:0005515	1.0
9LA7_A	GO:0005515	1.0
9LA7_A	GO:0005216	1.0
9LA7_A	GO:0005515	1.0
9LA7_A	GO:0005515	1.0
9LA7_A	GO:0005515	1.0
9LA7_A	GO:0005249	1.0
9LA7_A	GO:0005249	1.0
9LA7_A	GO:0005249	1.0
9LA7_A	GO:0005249	1.0
9LA7_A	GO:0005249	1.0
9LA7_A	GO:0005249	1.0
9LA7_A	GO:0005515	1.0
9LA7_A	GO:0005515	1.0
7Y9I_A	GO:0005525	1.0
7Y9I_A	GO:0005524	1.0
7Y9I_A	GO:0005525	1.0
7Y9I_A	GO:0016887	1.0
7Y9I_A	GO:0005525	1.0
7Y9I_A	GO:0005525	1.0
7Y9I_A	GO:0005525	1.0
7Y9I_A	GO:0005525	1.0
7Y9I_A	GO:0005525	1.0
7Y9I_A	GO:0005524	1.0
7Y9I_A	GO:0005525	1.0
7Y9I_A	GO:0016887	1.0
7Y9I_A	GO:0016887	1.0
7Y9I_A	GO:0005524	1.0
7Y9I_A	GO:0005525	1.0
7Y9I_A	GO:0016887	1.0
6I6L_A	GO:0008168	1.0
6I6L_A	GO:0008168	1.0
6I6L_A	GO:0008171	1.0
6I6L_A	GO:0046983	1.0
6I6L_A	GO:0008168	1.0
6I6K_B	GO:0008168	1.0
6I6K_B	GO:0008168	1.0
6I6K_B	GO:0008171	1.0
6I6K_B	GO:0046983	1.0
6I6K_B	GO:0008168	1.0
6I6K_A	GO:0008168	1.0
6I6K_A	GO:0008168	1.0
6I6K_A	GO:0008171	1.0
6I6K_A	GO:0046983	1.0
6I6K_A	GO:0008168	1.0
6I6L_B	GO:0008168	1.0
6I6L_B	GO:0008168	1.0
6I6L_B	GO:0008171	1.0
6I6L_B	GO:0046983	1.0
6I6L_B	GO:0008168	1.0
3DSI_B	GO:0004497	1.0
3DSI_B	GO:0005506	1.0
3DSI_B	GO:0016705	1.0
3DSI_B	GO:0020037	1.0
3DSI_B	GO:0004497	1.0
3DSI_B	GO:0005506	1.0
3DSI_B	GO:0016705	1.0
3DSI_B	GO:0020037	1.0
3DSI_B	GO:0004497	1.0
3DSI_B	GO:0005506	1.0
3DSI_B	GO:0016705	1.0
3DSI_B	GO:0020037	1.0
3DSI_B	GO:0004497	1.0
3DSI_B	GO:0016491	1.0
2RCH_A	GO:0004497	1.0
2RCH_A	GO:0005506	1.0
2RCH_A	GO:0016705	1.0
2RCH_A	GO:0020037	1.0
2RCH_A	GO:0004497	1.0
2RCH_A	GO:0005506	1.0
2RCH_A	GO:0016705	1.0
2RCH_A	GO:0020037	1.0
2RCH_A	GO:0004497	1.0
2RCH_A	GO:0005506	1.0
2RCH_A	GO:0016705	1.0
2RCH_A	GO:0020037	1.0
2RCH_A	GO:0004497	1.0
2RCH_A	GO:0016491	1.0
3CLI_A	GO:0004497	1.0
3CLI_A	GO:0005506	1.0
3CLI_A	GO:0016705	1.0
3CLI_A	GO:0020037	1.0
3CLI_A	GO:0004497	1.0
3CLI_A	GO:0005506	1.0
3CLI_A	GO:0016705	1.0
3CLI_A	GO:0020037	1.0
3CLI_A	GO:0004497	1.0
3CLI_A	GO:0005506	1.0
3CLI_A	GO:0016705	1.0
3CLI_A	GO:0020037	1.0
3CLI_A	GO:0004497	1.0
3CLI_A	GO:0016491	1.0
3DSI_A	GO:0004497	1.0
3DSI_A	GO:0005506	1.0
3DSI_A	GO:0016705	1.0
3DSI_A	GO:0020037	1.0
3DSI_A	GO:0004497	1.0
3DSI_A	GO:0005506	1.0
3DSI_A	GO:0016705	1.0
3DSI_A	GO:0020037	1.0
3DSI_A	GO:0004497	1.0
3DSI_A	GO:0005506	1.0
3DSI_A	GO:0016705	1.0
3DSI_A	GO:0020037	1.0
3DSI_A	GO:0004497	1.0
3DSI_A	GO:0016491	1.0
2RCL_B	GO:0004497	1.0
2RCL_B	GO:0005506	1.0
2RCL_B	GO:0016705	1.0
2RCL_B	GO:0020037	1.0
2RCL_B	GO:0004497	1.0
2RCL_B	GO:0005506	1.0
2RCL_B	GO:0016705	1.0
2RCL_B	GO:0020037	1.0
2RCL_B	GO:0004497	1.0
2RCL_B	GO:0005506	1.0
2RCL_B	GO:0016705	1.0
2RCL_B	GO:0020037	1.0
2RCL_B	GO:0004497	1.0
2RCL_B	GO:0016491	1.0
2RCL_A	GO:0004497	1.0
2RCL_A	GO:0005506	1.0
2RCL_A	GO:0016705	1.0
2RCL_A	GO:0020037	1.0
2RCL_A	GO:0004497	1.0
2RCL_A	GO:0005506	1.0
2RCL_A	GO:0016705	1.0
2RCL_A	GO:0020037	1.0
2RCL_A	GO:0004497	1.0
2RCL_A	GO:0005506	1.0
2RCL_A	GO:0016705	1.0
2RCL_A	GO:0020037	1.0
2RCL_A	GO:0004497	1.0
2RCL_A	GO:0016491	1.0
2RCH_B	GO:0004497	1.0
2RCH_B	GO:0005506	1.0
2RCH_B	GO:0016705	1.0
2RCH_B	GO:0020037	1.0
2RCH_B	GO:0004497	1.0
2RCH_B	GO:0005506	1.0
2RCH_B	GO:0016705	1.0
2RCH_B	GO:0020037	1.0
2RCH_B	GO:0004497	1.0
2RCH_B	GO:0005506	1.0
2RCH_B	GO:0016705	1.0
2RCH_B	GO:0020037	1.0
2RCH_B	GO:0004497	1.0
2RCH_B	GO:0016491	1.0
3CLI_B	GO:0004497	1.0
3CLI_B	GO:0005506	1.0
3CLI_B	GO:0016705	1.0
3CLI_B	GO:0020037	1.0
3CLI_B	GO:0004497	1.0
3CLI_B	GO:0005506	1.0
3CLI_B	GO:0016705	1.0
3CLI_B	GO:0020037	1.0
3CLI_B	GO:0004497	1.0
3CLI_B	GO:0005506	1.0
3CLI_B	GO:0016705	1.0
3CLI_B	GO:0020037	1.0
3CLI_B	GO:0004497	1.0
3CLI_B	GO:0016491	1.0
7CHJ_A	GO:0016702	1.0
7CHJ_A	GO:0016702	1.0
7CHJ_B	GO:0016702	1.0
7CHJ_B	GO:0016702	1.0
6XYW_Ar	GO:0003723	1.0
6XYW_Ar	GO:0003735	1.0
6XYW_Ar	GO:0003723	1.0
6XYW_Ar	GO:0003735	1.0
6XYW_Ar	GO:0003735	1.0
6XYW_Ar	GO:0003723	1.0
6XYW_Ar	GO:0003735	1.0
9SCU_CN	GO:0003735	1.0
9SCU_CN	GO:0003723	1.0
9SCU_CN	GO:0003735	1.0
9SCU_CN	GO:0003735	1.0
9SCU_CN	GO:0003735	1.0
9SCU_CN	GO:0003735	1.0
9SCU_CN	GO:0003735	1.0
9SCU_CN	GO:0003735	1.0
9GYT_g	GO:0005515	1.0
9GYT_g	GO:0005515	1.0
1H81_B	GO:0016491	1.0
1H81_B	GO:0016491	1.0
1H81_B	GO:0016491	1.0
1H81_B	GO:0016491	1.0
1H81_B	GO:0016491	1.0
1H81_A	GO:0016491	1.0
1H81_A	GO:0016491	1.0
1H81_A	GO:0016491	1.0
1H81_A	GO:0016491	1.0
1H81_A	GO:0016491	1.0
1H84_A	GO:0016491	1.0
1H84_A	GO:0016491	1.0
1H84_A	GO:0016491	1.0
1H84_A	GO:0016491	1.0
1H84_A	GO:0016491	1.0
1H81_C	GO:0016491	1.0
1H81_C	GO:0016491	1.0
1H81_C	GO:0016491	1.0
1H81_C	GO:0016491	1.0
1H81_C	GO:0016491	1.0
1H82_C	GO:0016491	1.0
1H82_C	GO:0016491	1.0
1H82_C	GO:0016491	1.0
1H82_C	GO:0016491	1.0
1H82_C	GO:0016491	1.0
1H82_B	GO:0016491	1.0
1H82_B	GO:0016491	1.0
1H82_B	GO:0016491	1.0
1H82_B	GO:0016491	1.0
1H82_B	GO:0016491	1.0
1B37_A	GO:0016491	1.0
1B37_A	GO:0016491	1.0
1B37_A	GO:0016491	1.0
1B37_A	GO:0016491	1.0
1B37_A	GO:0016491	1.0
1H82_A	GO:0016491	1.0
1H82_A	GO:0016491	1.0
1H82_A	GO:0016491	1.0
1H82_A	GO:0016491	1.0
1H82_A	GO:0016491	1.0
1B37_B	GO:0016491	1.0
1B37_B	GO:0016491	1.0
1B37_B	GO:0016491	1.0
1B37_B	GO:0016491	1.0
1B37_B	GO:0016491	1.0
1H84_B	GO:0016491	1.0
1H84_B	GO:0016491	1.0
1H84_B	GO:0016491	1.0
1H84_B	GO:0016491	1.0
1H84_B	GO:0016491	1.0
1B37_C	GO:0016491	1.0
1B37_C	GO:0016491	1.0
1B37_C	GO:0016491	1.0
1B37_C	GO:0016491	1.0
1B37_C	GO:0016491	1.0
1H84_C	GO:0016491	1.0
1H84_C	GO:0016491	1.0
1H84_C	GO:0016491	1.0
1H84_C	GO:0016491	1.0
1H84_C	GO:0016491	1.0
1H86_B	GO:0016491	1.0
1H86_B	GO:0016491	1.0
1H86_B	GO:0016491	1.0
1H86_B	GO:0016491	1.0
1H86_B	GO:0016491	1.0
1B5Q_A	GO:0016491	1.0
1B5Q_A	GO:0016491	1.0
1B5Q_A	GO:0016491	1.0
1B5Q_A	GO:0016491	1.0
1B5Q_A	GO:0016491	1.0
1H83_C	GO:0016491	1.0
1H83_C	GO:0016491	1.0
1H83_C	GO:0016491	1.0
1H83_C	GO:0016491	1.0
1H83_C	GO:0016491	1.0
1H86_C	GO:0016491	1.0
1H86_C	GO:0016491	1.0
1H86_C	GO:0016491	1.0
1H86_C	GO:0016491	1.0
1H86_C	GO:0016491	1.0
1B5Q_C	GO:0016491	1.0
1B5Q_C	GO:0016491	1.0
1B5Q_C	GO:0016491	1.0
1B5Q_C	GO:0016491	1.0
1B5Q_C	GO:0016491	1.0
1H86_A	GO:0016491	1.0
1H86_A	GO:0016491	1.0
1H86_A	GO:0016491	1.0
1H86_A	GO:0016491	1.0
1H86_A	GO:0016491	1.0
1B5Q_B	GO:0016491	1.0
1B5Q_B	GO:0016491	1.0
1B5Q_B	GO:0016491	1.0
1B5Q_B	GO:0016491	1.0
1B5Q_B	GO:0016491	1.0
1H83_B	GO:0016491	1.0
1H83_B	GO:0016491	1.0
1H83_B	GO:0016491	1.0
1H83_B	GO:0016491	1.0
1H83_B	GO:0016491	1.0
1H83_A	GO:0016491	1.0
1H83_A	GO:0016491	1.0
1H83_A	GO:0016491	1.0
1H83_A	GO:0016491	1.0
1H83_A	GO:0016491	1.0
6XYW_Bg	GO:0003735	1.0
6XYW_Bg	GO:0003735	1.0
6XYW_Bg	GO:0003735	1.0
9H3G_AI	GO:0003723	1.0
9H3G_AI	GO:0003735	1.0
9H6I_AI	GO:0003723	1.0
9H6I_AI	GO:0003735	1.0
9HES_AI	GO:0003723	1.0
9HES_AI	GO:0003735	1.0
9HMW_AI	GO:0003723	1.0
9HMW_AI	GO:0003735	1.0
6I5Q_C	GO:0008168	1.0
6I5Q_C	GO:0008168	1.0
6I5Q_C	GO:0008168	1.0
6I5Q_C	GO:0008171	1.0
6I5Q_C	GO:0046983	1.0
6I5Q_B	GO:0008168	1.0
6I5Q_B	GO:0008168	1.0
6I5Q_B	GO:0008168	1.0
6I5Q_B	GO:0008171	1.0
6I5Q_B	GO:0046983	1.0
6I5Q_D	GO:0008168	1.0
6I5Q_D	GO:0008168	1.0
6I5Q_D	GO:0008168	1.0
6I5Q_D	GO:0008171	1.0
6I5Q_D	GO:0046983	1.0
6I5Z_A	GO:0008168	1.0
6I5Z_A	GO:0008168	1.0
6I5Z_A	GO:0008168	1.0
6I5Z_A	GO:0008171	1.0
6I5Z_A	GO:0046983	1.0
6I5Z_B	GO:0008168	1.0
6I5Z_B	GO:0008168	1.0
6I5Z_B	GO:0008168	1.0
6I5Z_B	GO:0008171	1.0
6I5Z_B	GO:0046983	1.0
6I5Q_A	GO:0008168	1.0
6I5Q_A	GO:0008168	1.0
6I5Q_A	GO:0008168	1.0
6I5Q_A	GO:0008171	1.0
6I5Q_A	GO:0046983	1.0
6I5Z_C	GO:0008168	1.0
6I5Z_C	GO:0008168	1.0
6I5Z_C	GO:0008168	1.0
6I5Z_C	GO:0008171	1.0
6I5Z_C	GO:0046983	1.0
6I5Z_D	GO:0008168	1.0
6I5Z_D	GO:0008168	1.0
6I5Z_D	GO:0008168	1.0
6I5Z_D	GO:0008171	1.0
6I5Z_D	GO:0046983	1.0
7YJK_A	GO:0004758	1.0
7YJK_A	GO:0030170	1.0
7YJK_E	GO:0004758	1.0
7YJK_E	GO:0030170	1.0
8A53_C	GO:0004197	1.0
8A53_C	GO:0004197	1.0
8A53_B	GO:0004197	1.0
8A53_B	GO:0004197	1.0
8A53_A	GO:0004197	1.0
8A53_A	GO:0004197	1.0
8A53_D	GO:0004197	1.0
8A53_D	GO:0004197	1.0
6DBZ_B	GO:0016787	1.0
6DBY_A	GO:0016787	1.0
6DBZ_A	GO:0016787	1.0
6DBY_B	GO:0016787	1.0
9KBY_A	GO:0003723	1.0
9KBY_A	GO:0005515	1.0
9KBY_A	GO:0016891	1.0
9KBY_A	GO:0016891	1.0
9KBY_A	GO:0003723	1.0
9KBY_A	GO:0005515	1.0
9KBY_A	GO:0003676	1.0
9KBY_A	GO:0005524	1.0
9KBY_A	GO:0003723	1.0
9KBZ_A	GO:0003723	1.0
9KBZ_A	GO:0005515	1.0
9KBZ_A	GO:0016891	1.0
9KBZ_A	GO:0016891	1.0
9KBZ_A	GO:0003723	1.0
9KBZ_A	GO:0005515	1.0
9KBZ_A	GO:0003676	1.0
9KBZ_A	GO:0005524	1.0
9KBZ_A	GO:0003723	1.0
9HMW_BQ	GO:0003735	1.0
9HMW_BQ	GO:0003735	1.0
9HMW_BQ	GO:0003735	1.0
9HMW_BQ	GO:0003723	1.0
9HMW_BQ	GO:0003735	1.0
9HMW_BQ	GO:0003735	1.0
9HMW_BQ	GO:0003723	1.0
9HMW_BQ	GO:0003735	1.0
9HMW_BQ	GO:0003735	1.0
9HMW_BQ	GO:0003735	1.0
9HMW_BQ	GO:0003735	1.0
9HMW_BQ	GO:0003723	1.0
9HMW_BQ	GO:0003735	1.0
9H6I_BQ	GO:0003735	1.0
9H6I_BQ	GO:0003735	1.0
9H6I_BQ	GO:0003735	1.0
9H6I_BQ	GO:0003723	1.0
9H6I_BQ	GO:0003735	1.0
9H6I_BQ	GO:0003735	1.0
9H6I_BQ	GO:0003723	1.0
9H6I_BQ	GO:0003735	1.0
9H6I_BQ	GO:0003735	1.0
9H6I_BQ	GO:0003735	1.0
9H6I_BQ	GO:0003735	1.0
9H6I_BQ	GO:0003723	1.0
9H6I_BQ	GO:0003735	1.0
9HES_BQ	GO:0003735	1.0
9HES_BQ	GO:0003735	1.0
9HES_BQ	GO:0003735	1.0
9HES_BQ	GO:0003723	1.0
9HES_BQ	GO:0003735	1.0
9HES_BQ	GO:0003735	1.0
9HES_BQ	GO:0003723	1.0
9HES_BQ	GO:0003735	1.0
9HES_BQ	GO:0003735	1.0
9HES_BQ	GO:0003735	1.0
9HES_BQ	GO:0003735	1.0
9HES_BQ	GO:0003723	1.0
9HES_BQ	GO:0003735	1.0
9H3G_BQ	GO:0003735	1.0
9H3G_BQ	GO:0003735	1.0
9H3G_BQ	GO:0003735	1.0
9H3G_BQ	GO:0003723	1.0
9H3G_BQ	GO:0003735	1.0
9H3G_BQ	GO:0003735	1.0
9H3G_BQ	GO:0003723	1.0
9H3G_BQ	GO:0003735	1.0
9H3G_BQ	GO:0003735	1.0
9H3G_BQ	GO:0003735	1.0
9H3G_BQ	GO:0003735	1.0
9H3G_BQ	GO:0003723	1.0
9H3G_BQ	GO:0003735	1.0
6U42_5P	GO:0004550	1.0
6U42_5P	GO:0005524	1.0
6U42_5P	GO:0004550	1.0
6U42_5P	GO:0004550	1.0
6U42_5P	GO:0004550	1.0
8GLV_Gy	GO:0004550	1.0
8GLV_Gy	GO:0005524	1.0
8GLV_Gy	GO:0004550	1.0
8GLV_Gy	GO:0004550	1.0
8GLV_Gy	GO:0004550	1.0
6U42_5O	GO:0004550	1.0
6U42_5O	GO:0005524	1.0
6U42_5O	GO:0004550	1.0
6U42_5O	GO:0004550	1.0
6U42_5O	GO:0004550	1.0
8GLV_Gz	GO:0004550	1.0
8GLV_Gz	GO:0005524	1.0
8GLV_Gz	GO:0004550	1.0
8GLV_Gz	GO:0004550	1.0
8GLV_Gz	GO:0004550	1.0
8GLV_5P	GO:0004550	1.0
8GLV_5P	GO:0005524	1.0
8GLV_5P	GO:0004550	1.0
8GLV_5P	GO:0004550	1.0
8GLV_5P	GO:0004550	1.0
8GLV_OY	GO:0004550	1.0
8GLV_OY	GO:0005524	1.0
8GLV_OY	GO:0004550	1.0
8GLV_OY	GO:0004550	1.0
8GLV_OY	GO:0004550	1.0
8GLV_5O	GO:0004550	1.0
8GLV_5O	GO:0005524	1.0
8GLV_5O	GO:0004550	1.0
8GLV_5O	GO:0004550	1.0
8GLV_5O	GO:0004550	1.0
1FP1_D	GO:0008168	1.0
1FP1_D	GO:0008171	1.0
1FP1_D	GO:0008168	1.0
1FP1_D	GO:0008168	1.0
1FP1_D	GO:0046983	1.0
1FPQ_A	GO:0008168	1.0
1FPQ_A	GO:0008171	1.0
1FPQ_A	GO:0008168	1.0
1FPQ_A	GO:0008168	1.0
1FPQ_A	GO:0046983	1.0
7C1X_B	GO:0004730	1.0
7C1X_B	GO:0016798	1.0
7C1X_B	GO:0016301	1.0
7C1X_B	GO:0016301	1.0
7C1X_B	GO:0016301	1.0
7C1X_B	GO:0016301	1.0
7C1Y_B	GO:0004730	1.0
7C1Y_B	GO:0016798	1.0
7C1Y_B	GO:0016301	1.0
7C1Y_B	GO:0016301	1.0
7C1Y_B	GO:0016301	1.0
7C1Y_B	GO:0016301	1.0
7C1Y_A	GO:0004730	1.0
7C1Y_A	GO:0016798	1.0
7C1Y_A	GO:0016301	1.0
7C1Y_A	GO:0016301	1.0
7C1Y_A	GO:0016301	1.0
7C1Y_A	GO:0016301	1.0
7C1Z_B	GO:0004730	1.0
7C1Z_B	GO:0016798	1.0
7C1Z_B	GO:0016301	1.0
7C1Z_B	GO:0016301	1.0
7C1Z_B	GO:0016301	1.0
7C1Z_B	GO:0016301	1.0
7C1Z_A	GO:0004730	1.0
7C1Z_A	GO:0016798	1.0
7C1Z_A	GO:0016301	1.0
7C1Z_A	GO:0016301	1.0
7C1Z_A	GO:0016301	1.0
7C1Z_A	GO:0016301	1.0
7C1X_A	GO:0004730	1.0
7C1X_A	GO:0016798	1.0
7C1X_A	GO:0016301	1.0
7C1X_A	GO:0016301	1.0
7C1X_A	GO:0016301	1.0
7C1X_A	GO:0016301	1.0
9SDP_BA	GO:0003735	1.0
9SDP_BA	GO:0003735	1.0
9SDP_BA	GO:0003735	1.0
9SDP_BA	GO:0003735	1.0
9SDP_BA	GO:0003735	1.0
9SDP_BA	GO:0003735	1.0
9SDP_BA	GO:0003735	1.0
9SDP_BA	GO:0003735	1.0
9SDP_BA	GO:0003735	1.0
9SDP_BA	GO:0003735	1.0
9SDP_BA	GO:0003735	1.0
9SDP_BA	GO:0003735	1.0
9SDP_BA	GO:0003735	1.0
7KZN_E	GO:0005515	1.0
7KZN_E	GO:0005515	1.0
7KZN_E	GO:0005515	1.0
7KZN_E	GO:0005515	1.0
7KZN_E	GO:0005515	1.0
7KZN_E	GO:0005515	1.0
7KZN_E	GO:0005515	1.0
7KZN_E	GO:0005515	1.0
7KZN_E	GO:0045504	1.0
7KZM_E	GO:0005515	1.0
7KZM_E	GO:0005515	1.0
7KZM_E	GO:0005515	1.0
7KZM_E	GO:0005515	1.0
7KZM_E	GO:0005515	1.0
7KZM_E	GO:0005515	1.0
7KZM_E	GO:0005515	1.0
7KZM_E	GO:0005515	1.0
7KZM_E	GO:0045504	1.0
9HMW_AH	GO:0003723	1.0
9HMW_AH	GO:0003723	1.0
9HMW_AH	GO:0003735	1.0
9HMW_AH	GO:0003735	1.0
9HMW_AH	GO:0003735	1.0
9HES_AH	GO:0003723	1.0
9HES_AH	GO:0003723	1.0
9HES_AH	GO:0003735	1.0
9HES_AH	GO:0003735	1.0
9HES_AH	GO:0003735	1.0
9H6I_AH	GO:0003723	1.0
9H6I_AH	GO:0003723	1.0
9H6I_AH	GO:0003735	1.0
9H6I_AH	GO:0003735	1.0
9H6I_AH	GO:0003735	1.0
9H3G_AH	GO:0003723	1.0
9H3G_AH	GO:0003723	1.0
9H3G_AH	GO:0003735	1.0
9H3G_AH	GO:0003735	1.0
9H3G_AH	GO:0003735	1.0
5YXM_A	GO:0005515	1.0
5YXM_A	GO:0005515	1.0
5YXM_A	GO:0005515	1.0
1KYW_A	GO:0008168	1.0
1KYW_A	GO:0008168	1.0
1KYW_A	GO:0008171	1.0
1KYW_A	GO:0046983	1.0
1KYW_A	GO:0008168	1.0
1KYZ_C	GO:0008168	1.0
1KYZ_C	GO:0008168	1.0
1KYZ_C	GO:0008171	1.0
1KYZ_C	GO:0046983	1.0
1KYZ_C	GO:0008168	1.0
1KYW_F	GO:0008168	1.0
1KYW_F	GO:0008168	1.0
1KYW_F	GO:0008171	1.0
1KYW_F	GO:0046983	1.0
1KYW_F	GO:0008168	1.0
1KYW_C	GO:0008168	1.0
1KYW_C	GO:0008168	1.0
1KYW_C	GO:0008171	1.0
1KYW_C	GO:0046983	1.0
1KYW_C	GO:0008168	1.0
1KYZ_A	GO:0008168	1.0
1KYZ_A	GO:0008168	1.0
1KYZ_A	GO:0008171	1.0
1KYZ_A	GO:0046983	1.0
1KYZ_A	GO:0008168	1.0
1KYZ_E	GO:0008168	1.0
1KYZ_E	GO:0008168	1.0
1KYZ_E	GO:0008171	1.0
1KYZ_E	GO:0046983	1.0
1KYZ_E	GO:0008168	1.0
5I32_A	GO:0015267	1.0
5I32_A	GO:0015267	1.0
5I32_A	GO:0015267	1.0
5I32_A	GO:0015267	1.0
5I32_A	GO:0015267	1.0
5I32_A	GO:0015267	1.0
5I32_A	GO:0015250	1.0
5I32_A	GO:0015267	1.0
5I32_A	GO:0015267	1.0
5I32_A	GO:0015267	1.0
9H6I_Ta	GO:0003735	1.0
9H6I_Ta	GO:0003735	1.0
9H6I_Ta	GO:0003735	1.0
9H6I_Ta	GO:0003735	1.0
9H6I_Ta	GO:0003735	1.0
9HMW_Ta	GO:0003735	1.0
9HMW_Ta	GO:0003735	1.0
9HMW_Ta	GO:0003735	1.0
9HMW_Ta	GO:0003735	1.0
9HMW_Ta	GO:0003735	1.0
9HES_Ta	GO:0003735	1.0
9HES_Ta	GO:0003735	1.0
9HES_Ta	GO:0003735	1.0
9HES_Ta	GO:0003735	1.0
9HES_Ta	GO:0003735	1.0
9H3G_Ta	GO:0003735	1.0
9H3G_Ta	GO:0003735	1.0
9H3G_Ta	GO:0003735	1.0
9H3G_Ta	GO:0003735	1.0
9H3G_Ta	GO:0003735	1.0
9SDP_BG	GO:0003735	1.0
9SDP_BG	GO:0003735	1.0
9SDP_BG	GO:0003735	1.0
9SDP_BG	GO:0003735	1.0
9SDP_BG	GO:0003735	1.0
6XYW_Ac	GO:0003735	1.0
6XYW_Ac	GO:0003735	1.0
6XYW_Ac	GO:0003735	1.0
6XYW_Ac	GO:0003735	1.0
6XYW_Ac	GO:0003735	1.0
7N6G_6G	GO:0000287	1.0
7N6G_6G	GO:0000287	1.0
7N6G_6G	GO:0000287	1.0
7N6G_6G	GO:0000287	1.0
7N6G_6G	GO:0000287	1.0
7N6G_6G	GO:0000287	1.0
7N6G_6G	GO:0000287	1.0
7N6G_6G	GO:0000287	1.0
7N6G_6G	GO:0000287	1.0
7N6G_6G	GO:0000287	1.0
7N6G_6G	GO:0000287	1.0
7N6G_6G	GO:0000287	1.0
7SQC_Y4	GO:0000287	1.0
7SQC_Y4	GO:0000287	1.0
7SQC_Y4	GO:0000287	1.0
7SQC_Y4	GO:0000287	1.0
7SQC_Y4	GO:0000287	1.0
7SQC_Y4	GO:0000287	1.0
7SQC_Y4	GO:0000287	1.0
7SQC_Y4	GO:0000287	1.0
7SQC_Y4	GO:0000287	1.0
7SQC_Y4	GO:0000287	1.0
7SQC_Y4	GO:0000287	1.0
7SQC_Y4	GO:0000287	1.0
7N6G_6H	GO:0000287	1.0
7N6G_6H	GO:0000287	1.0
7N6G_6H	GO:0000287	1.0
7N6G_6H	GO:0000287	1.0
7N6G_6H	GO:0000287	1.0
7N6G_6H	GO:0000287	1.0
7N6G_6H	GO:0000287	1.0
7N6G_6H	GO:0000287	1.0
7N6G_6H	GO:0000287	1.0
7N6G_6H	GO:0000287	1.0
7N6G_6H	GO:0000287	1.0
7N6G_6H	GO:0000287	1.0
7SQC_Y5	GO:0000287	1.0
7SQC_Y5	GO:0000287	1.0
7SQC_Y5	GO:0000287	1.0
7SQC_Y5	GO:0000287	1.0
7SQC_Y5	GO:0000287	1.0
7SQC_Y5	GO:0000287	1.0
7SQC_Y5	GO:0000287	1.0
7SQC_Y5	GO:0000287	1.0
7SQC_Y5	GO:0000287	1.0
7SQC_Y5	GO:0000287	1.0
7SQC_Y5	GO:0000287	1.0
7SQC_Y5	GO:0000287	1.0
7SQC_Y2	GO:0000287	1.0
7SQC_Y2	GO:0000287	1.0
7SQC_Y2	GO:0000287	1.0
7SQC_Y2	GO:0000287	1.0
7SQC_Y2	GO:0000287	1.0
7SQC_Y2	GO:0000287	1.0
7SQC_Y2	GO:0000287	1.0
7SQC_Y2	GO:0000287	1.0
7SQC_Y2	GO:0000287	1.0
7SQC_Y2	GO:0000287	1.0
7SQC_Y2	GO:0000287	1.0
7SQC_Y2	GO:0000287	1.0
7SQC_Y3	GO:0000287	1.0
7SQC_Y3	GO:0000287	1.0
7SQC_Y3	GO:0000287	1.0
7SQC_Y3	GO:0000287	1.0
7SQC_Y3	GO:0000287	1.0
7SQC_Y3	GO:0000287	1.0
7SQC_Y3	GO:0000287	1.0
7SQC_Y3	GO:0000287	1.0
7SQC_Y3	GO:0000287	1.0
7SQC_Y3	GO:0000287	1.0
7SQC_Y3	GO:0000287	1.0
7SQC_Y3	GO:0000287	1.0
7SQC_Y0	GO:0000287	1.0
7SQC_Y0	GO:0000287	1.0
7SQC_Y0	GO:0000287	1.0
7SQC_Y0	GO:0000287	1.0
7SQC_Y0	GO:0000287	1.0
7SQC_Y0	GO:0000287	1.0
7SQC_Y0	GO:0000287	1.0
7SQC_Y0	GO:0000287	1.0
7SQC_Y0	GO:0000287	1.0
7SQC_Y0	GO:0000287	1.0
7SQC_Y0	GO:0000287	1.0
7SQC_Y0	GO:0000287	1.0
7SQC_Y1	GO:0000287	1.0
7SQC_Y1	GO:0000287	1.0
7SQC_Y1	GO:0000287	1.0
7SQC_Y1	GO:0000287	1.0
7SQC_Y1	GO:0000287	1.0
7SQC_Y1	GO:0000287	1.0
7SQC_Y1	GO:0000287	1.0
7SQC_Y1	GO:0000287	1.0
7SQC_Y1	GO:0000287	1.0
7SQC_Y1	GO:0000287	1.0
7SQC_Y1	GO:0000287	1.0
7SQC_Y1	GO:0000287	1.0
7N6G_6I	GO:0000287	1.0
7N6G_6I	GO:0000287	1.0
7N6G_6I	GO:0000287	1.0
7N6G_6I	GO:0000287	1.0
7N6G_6I	GO:0000287	1.0
7N6G_6I	GO:0000287	1.0
7N6G_6I	GO:0000287	1.0
7N6G_6I	GO:0000287	1.0
7N6G_6I	GO:0000287	1.0
7N6G_6I	GO:0000287	1.0
7N6G_6I	GO:0000287	1.0
7N6G_6I	GO:0000287	1.0
7SQC_Y6	GO:0000287	1.0
7SQC_Y6	GO:0000287	1.0
7SQC_Y6	GO:0000287	1.0
7SQC_Y6	GO:0000287	1.0
7SQC_Y6	GO:0000287	1.0
7SQC_Y6	GO:0000287	1.0
7SQC_Y6	GO:0000287	1.0
7SQC_Y6	GO:0000287	1.0
7SQC_Y6	GO:0000287	1.0
7SQC_Y6	GO:0000287	1.0
7SQC_Y6	GO:0000287	1.0
7SQC_Y6	GO:0000287	1.0
7N6G_6J	GO:0000287	1.0
7N6G_6J	GO:0000287	1.0
7N6G_6J	GO:0000287	1.0
7N6G_6J	GO:0000287	1.0
7N6G_6J	GO:0000287	1.0
7N6G_6J	GO:0000287	1.0
7N6G_6J	GO:0000287	1.0
7N6G_6J	GO:0000287	1.0
7N6G_6J	GO:0000287	1.0
7N6G_6J	GO:0000287	1.0
7N6G_6J	GO:0000287	1.0
7N6G_6J	GO:0000287	1.0
7SQC_Y7	GO:0000287	1.0
7SQC_Y7	GO:0000287	1.0
7SQC_Y7	GO:0000287	1.0
7SQC_Y7	GO:0000287	1.0
7SQC_Y7	GO:0000287	1.0
7SQC_Y7	GO:0000287	1.0
7SQC_Y7	GO:0000287	1.0
7SQC_Y7	GO:0000287	1.0
7SQC_Y7	GO:0000287	1.0
7SQC_Y7	GO:0000287	1.0
7SQC_Y7	GO:0000287	1.0
7SQC_Y7	GO:0000287	1.0
9GYT_l	GO:0005515	1.0
9GYT_l	GO:0005515	1.0
9GYT_l	GO:0003729	1.0
9GYT_l	GO:0005515	1.0
6XYW_BG	GO:0005515	1.0
6XYW_BG	GO:0005515	1.0
6XYW_BG	GO:0003729	1.0
6XYW_BG	GO:0005515	1.0
9SDP_Bb	GO:0003735	1.0
9SDP_Bb	GO:0003735	1.0
9SDP_Bb	GO:0003735	1.0
9SDP_Bb	GO:0003735	1.0
9H6I_Na	GO:0003735	1.0
9H6I_Na	GO:0003735	1.0
9H6I_Na	GO:0003735	1.0
9H6I_Na	GO:0003735	1.0
9HMW_Na	GO:0003735	1.0
9HMW_Na	GO:0003735	1.0
9HMW_Na	GO:0003735	1.0
9HMW_Na	GO:0003735	1.0
9HES_Na	GO:0003735	1.0
9HES_Na	GO:0003735	1.0
9HES_Na	GO:0003735	1.0
9HES_Na	GO:0003735	1.0
9H3G_Na	GO:0003735	1.0
9H3G_Na	GO:0003735	1.0
9H3G_Na	GO:0003735	1.0
9H3G_Na	GO:0003735	1.0
9H3G_AQ	GO:0003735	1.0
9H6I_AQ	GO:0003735	1.0
9HES_AQ	GO:0003735	1.0
9HMW_AQ	GO:0003735	1.0
9XAU_A	GO:0046912	1.0
9XAU_A	GO:0046912	1.0
9XAU_A	GO:0046912	1.0
9XAU_A	GO:0046912	1.0
9XAU_A	GO:0046912	1.0
9XAU_A	GO:0046912	1.0
9XAU_A	GO:0046912	1.0
9XAU_A	GO:0046912	1.0
9XAU_A	GO:0046912	1.0
9XAU_A	GO:0046912	1.0
9XAU_A	GO:0046912	1.0
9XAU_D	GO:0046912	1.0
9XAU_D	GO:0046912	1.0
9XAU_D	GO:0046912	1.0
9XAU_D	GO:0046912	1.0
9XAU_D	GO:0046912	1.0
9XAU_D	GO:0046912	1.0
9XAU_D	GO:0046912	1.0
9XAU_D	GO:0046912	1.0
9XAU_D	GO:0046912	1.0
9XAU_D	GO:0046912	1.0
9XAU_D	GO:0046912	1.0
9X0I_B	GO:0046912	1.0
9X0I_B	GO:0046912	1.0
9X0I_B	GO:0046912	1.0
9X0I_B	GO:0046912	1.0
9X0I_B	GO:0046912	1.0
9X0I_B	GO:0046912	1.0
9X0I_B	GO:0046912	1.0
9X0I_B	GO:0046912	1.0
9X0I_B	GO:0046912	1.0
9X0I_B	GO:0046912	1.0
9X0I_B	GO:0046912	1.0
9XAU_B	GO:0046912	1.0
9XAU_B	GO:0046912	1.0
9XAU_B	GO:0046912	1.0
9XAU_B	GO:0046912	1.0
9XAU_B	GO:0046912	1.0
9XAU_B	GO:0046912	1.0
9XAU_B	GO:0046912	1.0
9XAU_B	GO:0046912	1.0
9XAU_B	GO:0046912	1.0
9XAU_B	GO:0046912	1.0
9XAU_B	GO:0046912	1.0
9XDG_A	GO:0046912	1.0
9XDG_A	GO:0046912	1.0
9XDG_A	GO:0046912	1.0
9XDG_A	GO:0046912	1.0
9XDG_A	GO:0046912	1.0
9XDG_A	GO:0046912	1.0
9XDG_A	GO:0046912	1.0
9XDG_A	GO:0046912	1.0
9XDG_A	GO:0046912	1.0
9XDG_A	GO:0046912	1.0
9XDG_A	GO:0046912	1.0
9X0I_A	GO:0046912	1.0
9X0I_A	GO:0046912	1.0
9X0I_A	GO:0046912	1.0
9X0I_A	GO:0046912	1.0
9X0I_A	GO:0046912	1.0
9X0I_A	GO:0046912	1.0
9X0I_A	GO:0046912	1.0
9X0I_A	GO:0046912	1.0
9X0I_A	GO:0046912	1.0
9X0I_A	GO:0046912	1.0
9X0I_A	GO:0046912	1.0
9XAU_C	GO:0046912	1.0
9XAU_C	GO:0046912	1.0
9XAU_C	GO:0046912	1.0
9XAU_C	GO:0046912	1.0
9XAU_C	GO:0046912	1.0
9XAU_C	GO:0046912	1.0
9XAU_C	GO:0046912	1.0
9XAU_C	GO:0046912	1.0
9XAU_C	GO:0046912	1.0
9XAU_C	GO:0046912	1.0
9XAU_C	GO:0046912	1.0
9XDG_B	GO:0046912	1.0
9XDG_B	GO:0046912	1.0
9XDG_B	GO:0046912	1.0
9XDG_B	GO:0046912	1.0
9XDG_B	GO:0046912	1.0
9XDG_B	GO:0046912	1.0
9XDG_B	GO:0046912	1.0
9XDG_B	GO:0046912	1.0
9XDG_B	GO:0046912	1.0
9XDG_B	GO:0046912	1.0
9XDG_B	GO:0046912	1.0
9H3G_BB	GO:0003735	1.0
9H3G_BB	GO:0003735	1.0
9H3G_BB	GO:0003735	1.0
9H3G_BB	GO:0003735	1.0
9H3G_BB	GO:0003735	1.0
9H3G_BB	GO:0003735	1.0
9H6I_BB	GO:0003735	1.0
9H6I_BB	GO:0003735	1.0
9H6I_BB	GO:0003735	1.0
9H6I_BB	GO:0003735	1.0
9H6I_BB	GO:0003735	1.0
9H6I_BB	GO:0003735	1.0
9HES_BB	GO:0003735	1.0
9HES_BB	GO:0003735	1.0
9HES_BB	GO:0003735	1.0
9HES_BB	GO:0003735	1.0
9HES_BB	GO:0003735	1.0
9HES_BB	GO:0003735	1.0
9SDQ_BR	GO:0003735	1.0
9SDQ_BR	GO:0003735	1.0
9SDQ_BR	GO:0003735	1.0
9SDQ_BR	GO:0003735	1.0
9SDQ_BR	GO:0003735	1.0
9SDQ_BR	GO:0003735	1.0
9HMW_BB	GO:0003735	1.0
9HMW_BB	GO:0003735	1.0
9HMW_BB	GO:0003735	1.0
9HMW_BB	GO:0003735	1.0
9HMW_BB	GO:0003735	1.0
9HMW_BB	GO:0003735	1.0
9J0X_A	GO:0005216	1.0
9J0X_A	GO:0005249	1.0
9J0X_A	GO:0005515	1.0
9J0X_A	GO:0005249	1.0
9J0X_A	GO:0005249	1.0
9J0X_A	GO:0005249	1.0
9J0X_A	GO:0005249	1.0
9J0X_A	GO:0005249	1.0
9J0X_A	GO:0005515	1.0
9J0X_A	GO:0005515	1.0
9J0X_A	GO:0005515	1.0
9J0X_A	GO:0005515	1.0
9J0X_A	GO:0005515	1.0
9J0X_A	GO:0005515	1.0
9J0X_A	GO:0005515	1.0
9J0X_A	GO:0005515	1.0
9J0X_A	GO:0005515	1.0
8WFZ_A	GO:0005216	1.0
8WFZ_A	GO:0005249	1.0
8WFZ_A	GO:0005515	1.0
8WFZ_A	GO:0005249	1.0
8WFZ_A	GO:0005249	1.0
8WFZ_A	GO:0005249	1.0
8WFZ_A	GO:0005249	1.0
8WFZ_A	GO:0005249	1.0
8WFZ_A	GO:0005515	1.0
8WFZ_A	GO:0005515	1.0
8WFZ_A	GO:0005515	1.0
8WFZ_A	GO:0005515	1.0
8WFZ_A	GO:0005515	1.0
8WFZ_A	GO:0005515	1.0
8WFZ_A	GO:0005515	1.0
8WFZ_A	GO:0005515	1.0
8WFZ_A	GO:0005515	1.0
9J0X_B	GO:0005216	1.0
9J0X_B	GO:0005249	1.0
9J0X_B	GO:0005515	1.0
9J0X_B	GO:0005249	1.0
9J0X_B	GO:0005249	1.0
9J0X_B	GO:0005249	1.0
9J0X_B	GO:0005249	1.0
9J0X_B	GO:0005249	1.0
9J0X_B	GO:0005515	1.0
9J0X_B	GO:0005515	1.0
9J0X_B	GO:0005515	1.0
9J0X_B	GO:0005515	1.0
9J0X_B	GO:0005515	1.0
9J0X_B	GO:0005515	1.0
9J0X_B	GO:0005515	1.0
9J0X_B	GO:0005515	1.0
9J0X_B	GO:0005515	1.0
9J0X_C	GO:0005216	1.0
9J0X_C	GO:0005249	1.0
9J0X_C	GO:0005515	1.0
9J0X_C	GO:0005249	1.0
9J0X_C	GO:0005249	1.0
9J0X_C	GO:0005249	1.0
9J0X_C	GO:0005249	1.0
9J0X_C	GO:0005249	1.0
9J0X_C	GO:0005515	1.0
9J0X_C	GO:0005515	1.0
9J0X_C	GO:0005515	1.0
9J0X_C	GO:0005515	1.0
9J0X_C	GO:0005515	1.0
9J0X_C	GO:0005515	1.0
9J0X_C	GO:0005515	1.0
9J0X_C	GO:0005515	1.0
9J0X_C	GO:0005515	1.0
9J0X_D	GO:0005216	1.0
9J0X_D	GO:0005249	1.0
9J0X_D	GO:0005515	1.0
9J0X_D	GO:0005249	1.0
9J0X_D	GO:0005249	1.0
9J0X_D	GO:0005249	1.0
9J0X_D	GO:0005249	1.0
9J0X_D	GO:0005249	1.0
9J0X_D	GO:0005515	1.0
9J0X_D	GO:0005515	1.0
9J0X_D	GO:0005515	1.0
9J0X_D	GO:0005515	1.0
9J0X_D	GO:0005515	1.0
9J0X_D	GO:0005515	1.0
9J0X_D	GO:0005515	1.0
9J0X_D	GO:0005515	1.0
9J0X_D	GO:0005515	1.0
8WFZ_D	GO:0005216	1.0
8WFZ_D	GO:0005249	1.0
8WFZ_D	GO:0005515	1.0
8WFZ_D	GO:0005249	1.0
8WFZ_D	GO:0005249	1.0
8WFZ_D	GO:0005249	1.0
8WFZ_D	GO:0005249	1.0
8WFZ_D	GO:0005249	1.0
8WFZ_D	GO:0005515	1.0
8WFZ_D	GO:0005515	1.0
8WFZ_D	GO:0005515	1.0
8WFZ_D	GO:0005515	1.0
8WFZ_D	GO:0005515	1.0
8WFZ_D	GO:0005515	1.0
8WFZ_D	GO:0005515	1.0
8WFZ_D	GO:0005515	1.0
8WFZ_D	GO:0005515	1.0
9J10_A	GO:0005216	1.0
9J10_A	GO:0005249	1.0
9J10_A	GO:0005515	1.0
9J10_A	GO:0005249	1.0
9J10_A	GO:0005249	1.0
9J10_A	GO:0005249	1.0
9J10_A	GO:0005249	1.0
9J10_A	GO:0005249	1.0
9J10_A	GO:0005515	1.0
9J10_A	GO:0005515	1.0
9J10_A	GO:0005515	1.0
9J10_A	GO:0005515	1.0
9J10_A	GO:0005515	1.0
9J10_A	GO:0005515	1.0
9J10_A	GO:0005515	1.0
9J10_A	GO:0005515	1.0
9J10_A	GO:0005515	1.0
9J10_B	GO:0005216	1.0
9J10_B	GO:0005249	1.0
9J10_B	GO:0005515	1.0
9J10_B	GO:0005249	1.0
9J10_B	GO:0005249	1.0
9J10_B	GO:0005249	1.0
9J10_B	GO:0005249	1.0
9J10_B	GO:0005249	1.0
9J10_B	GO:0005515	1.0
9J10_B	GO:0005515	1.0
9J10_B	GO:0005515	1.0
9J10_B	GO:0005515	1.0
9J10_B	GO:0005515	1.0
9J10_B	GO:0005515	1.0
9J10_B	GO:0005515	1.0
9J10_B	GO:0005515	1.0
9J10_B	GO:0005515	1.0
8WFZ_B	GO:0005216	1.0
8WFZ_B	GO:0005249	1.0
8WFZ_B	GO:0005515	1.0
8WFZ_B	GO:0005249	1.0
8WFZ_B	GO:0005249	1.0
8WFZ_B	GO:0005249	1.0
8WFZ_B	GO:0005249	1.0
8WFZ_B	GO:0005249	1.0
8WFZ_B	GO:0005515	1.0
8WFZ_B	GO:0005515	1.0
8WFZ_B	GO:0005515	1.0
8WFZ_B	GO:0005515	1.0
8WFZ_B	GO:0005515	1.0
8WFZ_B	GO:0005515	1.0
8WFZ_B	GO:0005515	1.0
8WFZ_B	GO:0005515	1.0
8WFZ_B	GO:0005515	1.0
9J10_C	GO:0005216	1.0
9J10_C	GO:0005249	1.0
9J10_C	GO:0005515	1.0
9J10_C	GO:0005249	1.0
9J10_C	GO:0005249	1.0
9J10_C	GO:0005249	1.0
9J10_C	GO:0005249	1.0
9J10_C	GO:0005249	1.0
9J10_C	GO:0005515	1.0
9J10_C	GO:0005515	1.0
9J10_C	GO:0005515	1.0
9J10_C	GO:0005515	1.0
9J10_C	GO:0005515	1.0
9J10_C	GO:0005515	1.0
9J10_C	GO:0005515	1.0
9J10_C	GO:0005515	1.0
9J10_C	GO:0005515	1.0
8WFZ_C	GO:0005216	1.0
8WFZ_C	GO:0005249	1.0
8WFZ_C	GO:0005515	1.0
8WFZ_C	GO:0005249	1.0
8WFZ_C	GO:0005249	1.0
8WFZ_C	GO:0005249	1.0
8WFZ_C	GO:0005249	1.0
8WFZ_C	GO:0005249	1.0
8WFZ_C	GO:0005515	1.0
8WFZ_C	GO:0005515	1.0
8WFZ_C	GO:0005515	1.0
8WFZ_C	GO:0005515	1.0
8WFZ_C	GO:0005515	1.0
8WFZ_C	GO:0005515	1.0
8WFZ_C	GO:0005515	1.0
8WFZ_C	GO:0005515	1.0
8WFZ_C	GO:0005515	1.0
9J10_D	GO:0005216	1.0
9J10_D	GO:0005249	1.0
9J10_D	GO:0005515	1.0
9J10_D	GO:0005249	1.0
9J10_D	GO:0005249	1.0
9J10_D	GO:0005249	1.0
9J10_D	GO:0005249	1.0
9J10_D	GO:0005249	1.0
9J10_D	GO:0005515	1.0
9J10_D	GO:0005515	1.0
9J10_D	GO:0005515	1.0
9J10_D	GO:0005515	1.0
9J10_D	GO:0005515	1.0
9J10_D	GO:0005515	1.0
9J10_D	GO:0005515	1.0
9J10_D	GO:0005515	1.0
9J10_D	GO:0005515	1.0
8WOP_B	GO:0003978	1.0
8WOP_B	GO:0003978	1.0
8WOP_B	GO:0003978	1.0
8WOP_A	GO:0003978	1.0
8WOP_A	GO:0003978	1.0
8WOP_A	GO:0003978	1.0
8JEC_A	GO:0005515	1.0
8JEC_A	GO:0005515	1.0
8JEC_A	GO:0005515	1.0
8JEC_A	GO:0005515	1.0
8JEC_A	GO:0005515	1.0
8JEC_A	GO:0005515	1.0
8JEC_A	GO:0005249	1.0
8JEC_A	GO:0005515	1.0
8JEC_A	GO:0005515	1.0
8JEC_A	GO:0005515	1.0
8JEC_A	GO:0005515	1.0
8JEC_A	GO:0005216	1.0
8JEC_A	GO:0005249	1.0
8JEC_A	GO:0005249	1.0
8JEC_A	GO:0005249	1.0
8JEC_A	GO:0005249	1.0
8JEC_A	GO:0005515	1.0
8JEC_A	GO:0005515	1.0
8JEC_B	GO:0005515	1.0
8JEC_B	GO:0005515	1.0
8JEC_B	GO:0005515	1.0
8JEC_B	GO:0005515	1.0
8JEC_B	GO:0005515	1.0
8JEC_B	GO:0005515	1.0
8JEC_B	GO:0005249	1.0
8JEC_B	GO:0005515	1.0
8JEC_B	GO:0005515	1.0
8JEC_B	GO:0005515	1.0
8JEC_B	GO:0005515	1.0
8JEC_B	GO:0005216	1.0
8JEC_B	GO:0005249	1.0
8JEC_B	GO:0005249	1.0
8JEC_B	GO:0005249	1.0
8JEC_B	GO:0005249	1.0
8JEC_B	GO:0005515	1.0
8JEC_B	GO:0005515	1.0
8JEC_C	GO:0005515	1.0
8JEC_C	GO:0005515	1.0
8JEC_C	GO:0005515	1.0
8JEC_C	GO:0005515	1.0
8JEC_C	GO:0005515	1.0
8JEC_C	GO:0005515	1.0
8JEC_C	GO:0005249	1.0
8JEC_C	GO:0005515	1.0
8JEC_C	GO:0005515	1.0
8JEC_C	GO:0005515	1.0
8JEC_C	GO:0005515	1.0
8JEC_C	GO:0005216	1.0
8JEC_C	GO:0005249	1.0
8JEC_C	GO:0005249	1.0
8JEC_C	GO:0005249	1.0
8JEC_C	GO:0005249	1.0
8JEC_C	GO:0005515	1.0
8JEC_C	GO:0005515	1.0
8JEC_D	GO:0005515	1.0
8JEC_D	GO:0005515	1.0
8JEC_D	GO:0005515	1.0
8JEC_D	GO:0005515	1.0
8JEC_D	GO:0005515	1.0
8JEC_D	GO:0005515	1.0
8JEC_D	GO:0005249	1.0
8JEC_D	GO:0005515	1.0
8JEC_D	GO:0005515	1.0
8JEC_D	GO:0005515	1.0
8JEC_D	GO:0005515	1.0
8JEC_D	GO:0005216	1.0
8JEC_D	GO:0005249	1.0
8JEC_D	GO:0005249	1.0
8JEC_D	GO:0005249	1.0
8JEC_D	GO:0005249	1.0
8JEC_D	GO:0005515	1.0
8JEC_D	GO:0005515	1.0
9SDQ_BF	GO:0003723	1.0
9SDQ_BF	GO:0003735	1.0
9SDQ_BF	GO:0003735	1.0
9SDQ_BF	GO:0003735	1.0
4BQI_B	GO:0004645	1.0
4BQI_B	GO:0030170	1.0
4BQI_B	GO:0030170	1.0
4BQI_A	GO:0004645	1.0
4BQI_A	GO:0030170	1.0
4BQI_A	GO:0030170	1.0
4BQF_A	GO:0004645	1.0
4BQF_A	GO:0030170	1.0
4BQF_A	GO:0030170	1.0
4BQE_B	GO:0004645	1.0
4BQE_B	GO:0030170	1.0
4BQE_B	GO:0030170	1.0
4BQF_B	GO:0004645	1.0
4BQF_B	GO:0030170	1.0
4BQF_B	GO:0030170	1.0
4BQE_A	GO:0004645	1.0
4BQE_A	GO:0030170	1.0
4BQE_A	GO:0030170	1.0
3UMV_B	GO:0003904	1.0
3UMV_B	GO:0003904	1.0
3UMV_A	GO:0003904	1.0
3UMV_A	GO:0003904	1.0
6XYW_AQ	GO:0005515	1.0
6XYW_AQ	GO:0005515	1.0
6XYW_AQ	GO:0003729	1.0
6XYW_AQ	GO:0005515	1.0
7TDF_B	GO:0005509	1.0
7TDF_B	GO:0005509	1.0
7TDF_B	GO:0005509	1.0
7TDF_B	GO:0005216	1.0
7TDF_B	GO:0005216	1.0
7TDF_B	GO:0005509	1.0
7TDF_B	GO:0005509	1.0
7TDF_A	GO:0005509	1.0
7TDF_A	GO:0005509	1.0
7TDF_A	GO:0005509	1.0
7TDF_A	GO:0005216	1.0
7TDF_A	GO:0005216	1.0
7TDF_A	GO:0005509	1.0
7TDF_A	GO:0005509	1.0
7WAT_B	GO:0000287	1.0
7WAT_B	GO:0010333	1.0
7WAT_B	GO:0010333	1.0
7WAT_B	GO:0000287	1.0
7WAT_B	GO:0010333	1.0
7WAT_B	GO:0016829	1.0
7WAT_B	GO:0010333	1.0
7WAT_B	GO:0016829	1.0
7WAT_B	GO:0010333	1.0
7WAT_B	GO:0016829	1.0
7Y47_B	GO:0000287	1.0
7Y47_B	GO:0010333	1.0
7Y47_B	GO:0010333	1.0
7Y47_B	GO:0000287	1.0
7Y47_B	GO:0010333	1.0
7Y47_B	GO:0016829	1.0
7Y47_B	GO:0010333	1.0
7Y47_B	GO:0016829	1.0
7Y47_B	GO:0010333	1.0
7Y47_B	GO:0016829	1.0
9QT9_E	GO:0005509	1.0
9QT9_E	GO:0005509	1.0
9QT9_E	GO:0005509	1.0
9QT9_E	GO:0005509	1.0
9QT9_E	GO:0005509	1.0
9QT9_E	GO:0005509	1.0
9QT9_E	GO:0005509	1.0
9QT9_E	GO:0005509	1.0
9QT9_E	GO:0005509	1.0
9QT9_E	GO:0005509	1.0
9QT9_E	GO:0005509	1.0
9QT9_E	GO:0005509	1.0
9QT9_F	GO:0005509	1.0
9QT9_F	GO:0005509	1.0
9QT9_F	GO:0005509	1.0
9QT9_F	GO:0005509	1.0
9QT9_F	GO:0005509	1.0
9QT9_F	GO:0005509	1.0
9QT9_F	GO:0005509	1.0
9QT9_F	GO:0005509	1.0
9QT9_F	GO:0005509	1.0
9QT9_F	GO:0005509	1.0
9QT9_F	GO:0005509	1.0
9QT9_F	GO:0005509	1.0
8WTO_A	GO:0005524	1.0
8WTO_A	GO:0016887	1.0
8WTO_A	GO:0005524	1.0
8WTO_A	GO:0016887	1.0
8WTO_A	GO:0042626	1.0
8WTO_A	GO:0140359	1.0
8WTO_A	GO:0005524	1.0
8WTO_A	GO:0016887	1.0
8WTO_B	GO:0005524	1.0
8WTO_B	GO:0016887	1.0
8WTO_B	GO:0005524	1.0
8WTO_B	GO:0016887	1.0
8WTO_B	GO:0042626	1.0
8WTO_B	GO:0140359	1.0
8WTO_B	GO:0005524	1.0
8WTO_B	GO:0016887	1.0
8WTP_A	GO:0005524	1.0
8WTP_A	GO:0016887	1.0
8WTP_A	GO:0005524	1.0
8WTP_A	GO:0016887	1.0
8WTP_A	GO:0042626	1.0
8WTP_A	GO:0140359	1.0
8WTP_A	GO:0005524	1.0
8WTP_A	GO:0016887	1.0
8WTP_B	GO:0005524	1.0
8WTP_B	GO:0016887	1.0
8WTP_B	GO:0005524	1.0
8WTP_B	GO:0016887	1.0
8WTP_B	GO:0042626	1.0
8WTP_B	GO:0140359	1.0
8WTP_B	GO:0005524	1.0
8WTP_B	GO:0016887	1.0
8WTN_A	GO:0005524	1.0
8WTN_A	GO:0016887	1.0
8WTN_A	GO:0005524	1.0
8WTN_A	GO:0016887	1.0
8WTN_A	GO:0042626	1.0
8WTN_A	GO:0140359	1.0
8WTN_A	GO:0005524	1.0
8WTN_A	GO:0016887	1.0
8WTM_B	GO:0005524	1.0
8WTM_B	GO:0016887	1.0
8WTM_B	GO:0005524	1.0
8WTM_B	GO:0016887	1.0
8WTM_B	GO:0042626	1.0
8WTM_B	GO:0140359	1.0
8WTM_B	GO:0005524	1.0
8WTM_B	GO:0016887	1.0
8WTN_B	GO:0005524	1.0
8WTN_B	GO:0016887	1.0
8WTN_B	GO:0005524	1.0
8WTN_B	GO:0016887	1.0
8WTN_B	GO:0042626	1.0
8WTN_B	GO:0140359	1.0
8WTN_B	GO:0005524	1.0
8WTN_B	GO:0016887	1.0
8WTM_A	GO:0005524	1.0
8WTM_A	GO:0016887	1.0
8WTM_A	GO:0005524	1.0
8WTM_A	GO:0016887	1.0
8WTM_A	GO:0042626	1.0
8WTM_A	GO:0140359	1.0
8WTM_A	GO:0005524	1.0
8WTM_A	GO:0016887	1.0
8GLV_Co	GO:0005524	1.0
8WTZ_A	GO:0005515	1.0
8WTZ_A	GO:0005515	1.0
8WTZ_A	GO:0005515	1.0
8WTZ_A	GO:0005515	1.0
8WTZ_A	GO:0005515	1.0
8WTZ_A	GO:0005249	1.0
8WTZ_A	GO:0005249	1.0
8WTZ_A	GO:0005249	1.0
8WTZ_A	GO:0005249	1.0
8WTZ_A	GO:0005515	1.0
8WTZ_A	GO:0005515	1.0
8WTZ_A	GO:0005515	1.0
8WTZ_A	GO:0005515	1.0
8WTZ_A	GO:0005515	1.0
8WTZ_A	GO:0005515	1.0
8WTZ_A	GO:0005515	1.0
8WTZ_A	GO:0005249	1.0
8WTZ_A	GO:0005216	1.0
8WTZ_D	GO:0005515	1.0
8WTZ_D	GO:0005515	1.0
8WTZ_D	GO:0005515	1.0
8WTZ_D	GO:0005515	1.0
8WTZ_D	GO:0005515	1.0
8WTZ_D	GO:0005249	1.0
8WTZ_D	GO:0005249	1.0
8WTZ_D	GO:0005249	1.0
8WTZ_D	GO:0005249	1.0
8WTZ_D	GO:0005515	1.0
8WTZ_D	GO:0005515	1.0
8WTZ_D	GO:0005515	1.0
8WTZ_D	GO:0005515	1.0
8WTZ_D	GO:0005515	1.0
8WTZ_D	GO:0005515	1.0
8WTZ_D	GO:0005515	1.0
8WTZ_D	GO:0005249	1.0
8WTZ_D	GO:0005216	1.0
8WTZ_B	GO:0005515	1.0
8WTZ_B	GO:0005515	1.0
8WTZ_B	GO:0005515	1.0
8WTZ_B	GO:0005515	1.0
8WTZ_B	GO:0005515	1.0
8WTZ_B	GO:0005249	1.0
8WTZ_B	GO:0005249	1.0
8WTZ_B	GO:0005249	1.0
8WTZ_B	GO:0005249	1.0
8WTZ_B	GO:0005515	1.0
8WTZ_B	GO:0005515	1.0
8WTZ_B	GO:0005515	1.0
8WTZ_B	GO:0005515	1.0
8WTZ_B	GO:0005515	1.0
8WTZ_B	GO:0005515	1.0
8WTZ_B	GO:0005515	1.0
8WTZ_B	GO:0005249	1.0
8WTZ_B	GO:0005216	1.0
8WTZ_C	GO:0005515	1.0
8WTZ_C	GO:0005515	1.0
8WTZ_C	GO:0005515	1.0
8WTZ_C	GO:0005515	1.0
8WTZ_C	GO:0005515	1.0
8WTZ_C	GO:0005249	1.0
8WTZ_C	GO:0005249	1.0
8WTZ_C	GO:0005249	1.0
8WTZ_C	GO:0005249	1.0
8WTZ_C	GO:0005515	1.0
8WTZ_C	GO:0005515	1.0
8WTZ_C	GO:0005515	1.0
8WTZ_C	GO:0005515	1.0
8WTZ_C	GO:0005515	1.0
8WTZ_C	GO:0005515	1.0
8WTZ_C	GO:0005515	1.0
8WTZ_C	GO:0005249	1.0
8WTZ_C	GO:0005216	1.0
1MVN_A	GO:0004633	1.0
1MVN_A	GO:0010181	1.0
1MVN_A	GO:0003824	1.0
1MVN_A	GO:0003824	1.0
1MVN_A	GO:0003824	1.0
1MVL_A	GO:0004633	1.0
1MVL_A	GO:0010181	1.0
1MVL_A	GO:0003824	1.0
1MVL_A	GO:0003824	1.0
1MVL_A	GO:0003824	1.0
9HES_BW	GO:0003735	1.0
9HES_BW	GO:0003735	1.0
9HES_BW	GO:0003735	1.0
9HES_BW	GO:0003735	1.0
9H3G_BW	GO:0003735	1.0
9H3G_BW	GO:0003735	1.0
9H3G_BW	GO:0003735	1.0
9H3G_BW	GO:0003735	1.0
9H6I_BW	GO:0003735	1.0
9H6I_BW	GO:0003735	1.0
9H6I_BW	GO:0003735	1.0
9H6I_BW	GO:0003735	1.0
9HMW_BW	GO:0003735	1.0
9HMW_BW	GO:0003735	1.0
9HMW_BW	GO:0003735	1.0
9HMW_BW	GO:0003735	1.0
9VJX_B	GO:0016747	1.0
9VJX_B	GO:0004144	1.0
9VJX_B	GO:0016747	1.0
9VJX_B	GO:0004144	1.0
9VJX_A	GO:0016747	1.0
9VJX_A	GO:0004144	1.0
9VJX_A	GO:0016747	1.0
9VJX_A	GO:0004144	1.0
5YM0_A	GO:0004160	1.0
5YM0_A	GO:0004160	1.0
5YM0_A	GO:0004160	1.0
5YM0_A	GO:0003824	1.0
5YM0_A	GO:0003824	1.0
9HES_Ea	GO:0003735	1.0
9HES_Ea	GO:0003735	1.0
9HES_Ea	GO:0003723	1.0
9HES_Ea	GO:0003735	1.0
9HES_Ea	GO:0003735	1.0
9HES_Ea	GO:0003735	1.0
9HES_Ea	GO:0003735	1.0
9HES_Ea	GO:0003735	1.0
9H6I_Ea	GO:0003735	1.0
9H6I_Ea	GO:0003735	1.0
9H6I_Ea	GO:0003723	1.0
9H6I_Ea	GO:0003735	1.0
9H6I_Ea	GO:0003735	1.0
9H6I_Ea	GO:0003735	1.0
9H6I_Ea	GO:0003735	1.0
9H6I_Ea	GO:0003735	1.0
9HMW_Ea	GO:0003735	1.0
9HMW_Ea	GO:0003735	1.0
9HMW_Ea	GO:0003723	1.0
9HMW_Ea	GO:0003735	1.0
9HMW_Ea	GO:0003735	1.0
9HMW_Ea	GO:0003735	1.0
9HMW_Ea	GO:0003735	1.0
9HMW_Ea	GO:0003735	1.0
9H3G_Ea	GO:0003735	1.0
9H3G_Ea	GO:0003735	1.0
9H3G_Ea	GO:0003723	1.0
9H3G_Ea	GO:0003735	1.0
9H3G_Ea	GO:0003735	1.0
9H3G_Ea	GO:0003735	1.0
9H3G_Ea	GO:0003735	1.0
9H3G_Ea	GO:0003735	1.0
3QRX_A	GO:0005509	1.0
3QRX_A	GO:0005509	1.0
3QRX_A	GO:0005509	1.0
3QRX_A	GO:0005509	1.0
3QRX_A	GO:0005509	1.0
3QRX_A	GO:0005509	1.0
3QRX_A	GO:0005509	1.0
3QRX_A	GO:0005509	1.0
3QRX_A	GO:0005509	1.0
3QRX_A	GO:0005509	1.0
3QRX_A	GO:0005509	1.0
8GLV_FZ	GO:0005509	1.0
8GLV_FZ	GO:0005509	1.0
8GLV_FZ	GO:0005509	1.0
8GLV_FZ	GO:0005509	1.0
8GLV_FZ	GO:0005509	1.0
8GLV_FZ	GO:0005509	1.0
8GLV_FZ	GO:0005509	1.0
8GLV_FZ	GO:0005509	1.0
8GLV_FZ	GO:0005509	1.0
8GLV_FZ	GO:0005509	1.0
8GLV_FZ	GO:0005509	1.0
8GLV_Md	GO:0005509	1.0
8GLV_Md	GO:0005509	1.0
8GLV_Md	GO:0005509	1.0
8GLV_Md	GO:0005509	1.0
8GLV_Md	GO:0005509	1.0
8GLV_Md	GO:0005509	1.0
8GLV_Md	GO:0005509	1.0
8GLV_Md	GO:0005509	1.0
8GLV_Md	GO:0005509	1.0
8GLV_Md	GO:0005509	1.0
8GLV_Md	GO:0005509	1.0
8GLV_Ml	GO:0005509	1.0
8GLV_Ml	GO:0005509	1.0
8GLV_Ml	GO:0005509	1.0
8GLV_Ml	GO:0005509	1.0
8GLV_Ml	GO:0005509	1.0
8GLV_Ml	GO:0005509	1.0
8GLV_Ml	GO:0005509	1.0
8GLV_Ml	GO:0005509	1.0
8GLV_Ml	GO:0005509	1.0
8GLV_Ml	GO:0005509	1.0
8GLV_Ml	GO:0005509	1.0
8TEG_A	GO:0022857	1.0
8TEI_B	GO:0022857	1.0
8TEH_A	GO:0022857	1.0
8TEI_A	GO:0022857	1.0
8TEG_B	GO:0022857	1.0
8TEH_B	GO:0022857	1.0
9H6I_Za	GO:0003735	1.0
9H6I_Za	GO:0003735	1.0
9H6I_Za	GO:0003735	1.0
9H6I_Za	GO:0003735	1.0
9H6I_Za	GO:0003735	1.0
9H6I_Za	GO:0003735	1.0
9H6I_Za	GO:0003735	1.0
9H6I_Za	GO:0003735	1.0
9H6I_Za	GO:0003735	1.0
9H6I_Za	GO:0003735	1.0
9H6I_Za	GO:0003735	1.0
9H6I_Za	GO:0003735	1.0
9H6I_Za	GO:0003735	1.0
9H6I_Za	GO:0003735	1.0
9HMW_Za	GO:0003735	1.0
9HMW_Za	GO:0003735	1.0
9HMW_Za	GO:0003735	1.0
9HMW_Za	GO:0003735	1.0
9HMW_Za	GO:0003735	1.0
9HMW_Za	GO:0003735	1.0
9HMW_Za	GO:0003735	1.0
9HMW_Za	GO:0003735	1.0
9HMW_Za	GO:0003735	1.0
9HMW_Za	GO:0003735	1.0
9HMW_Za	GO:0003735	1.0
9HMW_Za	GO:0003735	1.0
9HMW_Za	GO:0003735	1.0
9HMW_Za	GO:0003735	1.0
9HES_Za	GO:0003735	1.0
9HES_Za	GO:0003735	1.0
9HES_Za	GO:0003735	1.0
9HES_Za	GO:0003735	1.0
9HES_Za	GO:0003735	1.0
9HES_Za	GO:0003735	1.0
9HES_Za	GO:0003735	1.0
9HES_Za	GO:0003735	1.0
9HES_Za	GO:0003735	1.0
9HES_Za	GO:0003735	1.0
9HES_Za	GO:0003735	1.0
9HES_Za	GO:0003735	1.0
9HES_Za	GO:0003735	1.0
9HES_Za	GO:0003735	1.0
9H3G_Za	GO:0003735	1.0
9H3G_Za	GO:0003735	1.0
9H3G_Za	GO:0003735	1.0
9H3G_Za	GO:0003735	1.0
9H3G_Za	GO:0003735	1.0
9H3G_Za	GO:0003735	1.0
9H3G_Za	GO:0003735	1.0
9H3G_Za	GO:0003735	1.0
9H3G_Za	GO:0003735	1.0
9H3G_Za	GO:0003735	1.0
9H3G_Za	GO:0003735	1.0
9H3G_Za	GO:0003735	1.0
9H3G_Za	GO:0003735	1.0
9H3G_Za	GO:0003735	1.0
6IWT_B	GO:0046983	1.0
6IWT_B	GO:0008171	1.0
6IWT_B	GO:0008168	1.0
6IWT_B	GO:0008168	1.0
6IWT_B	GO:0008168	1.0
6IWT_A	GO:0046983	1.0
6IWT_A	GO:0008171	1.0
6IWT_A	GO:0008168	1.0
6IWT_A	GO:0008168	1.0
6IWT_A	GO:0008168	1.0
4IYG_A	GO:0016787	1.0
4IYG_B	GO:0016787	1.0
4IMB_A	GO:0016787	1.0
2V91_B	GO:0016787	1.0
4IMB_B	GO:0016787	1.0
2V91_A	GO:0016787	1.0
3SDT_A	GO:0000287	1.0
3SDT_A	GO:0010333	1.0
3SDT_A	GO:0010333	1.0
3SDT_A	GO:0010333	1.0
3SDT_A	GO:0016829	1.0
3SDT_A	GO:0010333	1.0
3SDT_A	GO:0016829	1.0
3SDT_A	GO:0000287	1.0
3SDT_A	GO:0010333	1.0
3SDT_A	GO:0016829	1.0
3SDT_A	GO:0010333	1.0
3SAE_A	GO:0000287	1.0
3SAE_A	GO:0010333	1.0
3SAE_A	GO:0010333	1.0
3SAE_A	GO:0010333	1.0
3SAE_A	GO:0016829	1.0
3SAE_A	GO:0010333	1.0
3SAE_A	GO:0016829	1.0
3SAE_A	GO:0000287	1.0
3SAE_A	GO:0010333	1.0
3SAE_A	GO:0016829	1.0
3SAE_A	GO:0010333	1.0
3SDV_A	GO:0000287	1.0
3SDV_A	GO:0010333	1.0
3SDV_A	GO:0010333	1.0
3SDV_A	GO:0010333	1.0
3SDV_A	GO:0016829	1.0
3SDV_A	GO:0010333	1.0
3SDV_A	GO:0016829	1.0
3SDV_A	GO:0000287	1.0
3SDV_A	GO:0010333	1.0
3SDV_A	GO:0016829	1.0
3SDV_A	GO:0010333	1.0
3SDQ_A	GO:0000287	1.0
3SDQ_A	GO:0010333	1.0
3SDQ_A	GO:0010333	1.0
3SDQ_A	GO:0010333	1.0
3SDQ_A	GO:0016829	1.0
3SDQ_A	GO:0010333	1.0
3SDQ_A	GO:0016829	1.0
3SDQ_A	GO:0000287	1.0
3SDQ_A	GO:0010333	1.0
3SDQ_A	GO:0016829	1.0
3SDQ_A	GO:0010333	1.0
3SDU_A	GO:0000287	1.0
3SDU_A	GO:0010333	1.0
3SDU_A	GO:0010333	1.0
3SDU_A	GO:0010333	1.0
3SDU_A	GO:0016829	1.0
3SDU_A	GO:0010333	1.0
3SDU_A	GO:0016829	1.0
3SDU_A	GO:0000287	1.0
3SDU_A	GO:0010333	1.0
3SDU_A	GO:0016829	1.0
3SDU_A	GO:0010333	1.0
3SDR_A	GO:0000287	1.0
3SDR_A	GO:0010333	1.0
3SDR_A	GO:0010333	1.0
3SDR_A	GO:0010333	1.0
3SDR_A	GO:0016829	1.0
3SDR_A	GO:0010333	1.0
3SDR_A	GO:0016829	1.0
3SDR_A	GO:0000287	1.0
3SDR_A	GO:0010333	1.0
3SDR_A	GO:0016829	1.0
3SDR_A	GO:0010333	1.0
3CLL_A	GO:0015267	1.0
3CLL_A	GO:0015267	1.0
3CLL_A	GO:0015267	1.0
3CLL_A	GO:0015267	1.0
3CLL_A	GO:0015267	1.0
3CLL_A	GO:0015267	1.0
3CLL_A	GO:0015267	1.0
3CLL_A	GO:0015267	1.0
3CLL_A	GO:0015267	1.0
3HKS_A	GO:0003723	1.0
3HKS_A	GO:0043022	1.0
3HKS_A	GO:0003723	1.0
3HKS_A	GO:0043022	1.0
3HKS_A	GO:0003723	1.0
3HKS_A	GO:0043022	1.0
3HKS_A	GO:0003723	1.0
3HKS_A	GO:0043022	1.0
3HKS_A	GO:0003723	1.0
3HKS_A	GO:0043022	1.0
3HKS_B	GO:0003723	1.0
3HKS_B	GO:0043022	1.0
3HKS_B	GO:0003723	1.0
3HKS_B	GO:0043022	1.0
3HKS_B	GO:0003723	1.0
3HKS_B	GO:0043022	1.0
3HKS_B	GO:0003723	1.0
3HKS_B	GO:0043022	1.0
3HKS_B	GO:0003723	1.0
3HKS_B	GO:0043022	1.0
2WWB_M	GO:0003735	1.0
2WWB_M	GO:0003735	1.0
2WWB_M	GO:0003735	1.0
2WWB_M	GO:0003735	1.0
2WWB_M	GO:0003735	1.0
2WWB_M	GO:0003735	1.0
2WWB_L	GO:0003735	1.0
2WWB_L	GO:0003735	1.0
2WWB_L	GO:0003735	1.0
2WWB_L	GO:0003723	1.0
2WWB_L	GO:0003735	1.0
9HMW_BU	GO:0003735	1.0
9HMW_BU	GO:0003735	1.0
9HMW_BU	GO:0003735	1.0
9H6I_BU	GO:0003735	1.0
9H6I_BU	GO:0003735	1.0
9H6I_BU	GO:0003735	1.0
9HES_BU	GO:0003735	1.0
9HES_BU	GO:0003735	1.0
9HES_BU	GO:0003735	1.0
9H3G_BU	GO:0003735	1.0
9H3G_BU	GO:0003735	1.0
9H3G_BU	GO:0003735	1.0
9SCU_CJ	GO:0003735	1.0
9SCU_CJ	GO:0003735	1.0
9SCU_CJ	GO:0003735	1.0
5XOH_A	GO:0008168	1.0
5XOH_A	GO:0008168	1.0
5XOH_A	GO:0046983	1.0
5XOH_A	GO:0008168	1.0
5XOH_A	GO:0008171	1.0
1ULM_B	GO:0008061	1.0
1ULM_B	GO:0008061	1.0
1ULM_B	GO:0008061	1.0
1ULM_B	GO:0008061	1.0
1ULM_B	GO:0008061	1.0
1ULM_B	GO:0008061	1.0
1ULM_B	GO:0008061	1.0
1ULM_B	GO:0008061	1.0
1ULM_B	GO:0008061	1.0
1ULM_B	GO:0008061	1.0
1ULM_B	GO:0008061	1.0
1ULM_B	GO:0008061	1.0
1ULM_B	GO:0008061	1.0
1ULM_B	GO:0008061	1.0
1ULM_A	GO:0008061	1.0
1ULM_A	GO:0008061	1.0
1ULM_A	GO:0008061	1.0
1ULM_A	GO:0008061	1.0
1ULM_A	GO:0008061	1.0
1ULM_A	GO:0008061	1.0
1ULM_A	GO:0008061	1.0
1ULM_A	GO:0008061	1.0
1ULM_A	GO:0008061	1.0
1ULM_A	GO:0008061	1.0
1ULM_A	GO:0008061	1.0
1ULM_A	GO:0008061	1.0
1ULM_A	GO:0008061	1.0
1ULM_A	GO:0008061	1.0
1UHA_A	GO:0008061	1.0
1UHA_A	GO:0008061	1.0
1UHA_A	GO:0008061	1.0
1UHA_A	GO:0008061	1.0
1UHA_A	GO:0008061	1.0
1UHA_A	GO:0008061	1.0
1UHA_A	GO:0008061	1.0
1UHA_A	GO:0008061	1.0
1UHA_A	GO:0008061	1.0
1UHA_A	GO:0008061	1.0
1UHA_A	GO:0008061	1.0
1UHA_A	GO:0008061	1.0
1UHA_A	GO:0008061	1.0
1UHA_A	GO:0008061	1.0
9HES_Ka	GO:0003735	1.0
9HES_Ka	GO:0003735	1.0
9HES_Ka	GO:0003735	1.0
9HES_Ka	GO:0003735	1.0
9H6I_Ka	GO:0003735	1.0
9H6I_Ka	GO:0003735	1.0
9H6I_Ka	GO:0003735	1.0
9H6I_Ka	GO:0003735	1.0
9HMW_Ka	GO:0003735	1.0
9HMW_Ka	GO:0003735	1.0
9HMW_Ka	GO:0003735	1.0
9HMW_Ka	GO:0003735	1.0
9H3G_Ka	GO:0003735	1.0
9H3G_Ka	GO:0003735	1.0
9H3G_Ka	GO:0003735	1.0
9H3G_Ka	GO:0003735	1.0
8TEN_A	GO:0022857	1.0
8TEL_A	GO:0022857	1.0
8TEN_B	GO:0022857	1.0
8TEM_A	GO:0022857	1.0
8TEM_B	GO:0022857	1.0
8TEJ_A	GO:0022857	1.0
8TEL_B	GO:0022857	1.0
6YPB_A	GO:0016787	1.0
6YPF_A	GO:0016787	1.0
6XYW_Bq	GO:0003735	1.0
6XYW_Bq	GO:0003735	1.0
6XYW_Bq	GO:0003735	1.0
6XYW_Bq	GO:0003735	1.0
6XYW_Bq	GO:0003735	1.0
6XYW_Bq	GO:0003735	1.0
6XYW_Bq	GO:0003735	1.0
4TWM_B	GO:0004089	1.0
4TWM_B	GO:0008270	1.0
4TWM_B	GO:0016836	1.0
4TWL_A	GO:0004089	1.0
4TWL_A	GO:0008270	1.0
4TWL_A	GO:0016836	1.0
4TWM_A	GO:0004089	1.0
4TWM_A	GO:0008270	1.0
4TWM_A	GO:0016836	1.0
4TWL_B	GO:0004089	1.0
4TWL_B	GO:0008270	1.0
4TWL_B	GO:0016836	1.0
9H3G_Ya	GO:0003735	1.0
9H3G_Ya	GO:0003735	1.0
9H3G_Ya	GO:0003735	1.0
9H3G_Ya	GO:0003723	1.0
9H3G_Ya	GO:0003735	1.0
9H3G_Ya	GO:0003735	1.0
9H3G_Ya	GO:0003735	1.0
9H3G_Ya	GO:0003735	1.0
9H3G_Ya	GO:0003735	1.0
9H3G_Ya	GO:0003735	1.0
9H3G_Ya	GO:0003735	1.0
9H3G_Ya	GO:0003735	1.0
9H6I_Ya	GO:0003735	1.0
9H6I_Ya	GO:0003735	1.0
9H6I_Ya	GO:0003735	1.0
9H6I_Ya	GO:0003723	1.0
9H6I_Ya	GO:0003735	1.0
9H6I_Ya	GO:0003735	1.0
9H6I_Ya	GO:0003735	1.0
9H6I_Ya	GO:0003735	1.0
9H6I_Ya	GO:0003735	1.0
9H6I_Ya	GO:0003735	1.0
9H6I_Ya	GO:0003735	1.0
9H6I_Ya	GO:0003735	1.0
9HES_Ya	GO:0003735	1.0
9HES_Ya	GO:0003735	1.0
9HES_Ya	GO:0003735	1.0
9HES_Ya	GO:0003723	1.0
9HES_Ya	GO:0003735	1.0
9HES_Ya	GO:0003735	1.0
9HES_Ya	GO:0003735	1.0
9HES_Ya	GO:0003735	1.0
9HES_Ya	GO:0003735	1.0
9HES_Ya	GO:0003735	1.0
9HES_Ya	GO:0003735	1.0
9HES_Ya	GO:0003735	1.0
9HMW_Ya	GO:0003735	1.0
9HMW_Ya	GO:0003735	1.0
9HMW_Ya	GO:0003735	1.0
9HMW_Ya	GO:0003723	1.0
9HMW_Ya	GO:0003735	1.0
9HMW_Ya	GO:0003735	1.0
9HMW_Ya	GO:0003735	1.0
9HMW_Ya	GO:0003735	1.0
9HMW_Ya	GO:0003735	1.0
9HMW_Ya	GO:0003735	1.0
9HMW_Ya	GO:0003735	1.0
9HMW_Ya	GO:0003735	1.0
7SQC_2H	GO:0005515	1.0
7SQC_2H	GO:0005515	1.0
7SQC_2I	GO:0005515	1.0
7SQC_2I	GO:0005515	1.0
7N6G_1Q	GO:0005515	1.0
7N6G_1Q	GO:0005515	1.0
7PUP_A	GO:0000287	1.0
7PUP_A	GO:0005524	1.0
7PUP_A	GO:0047325	1.0
7PUP_A	GO:0047325	1.0
7PUP_A	GO:0052725	1.0
7PUP_A	GO:0052725	1.0
7PUP_A	GO:0052726	1.0
7PUP_A	GO:0052726	1.0
7PUP_A	GO:0000287	1.0
7PUP_A	GO:0005524	1.0
7PUP_A	GO:0047325	1.0
7PUP_A	GO:0052725	1.0
7PUP_A	GO:0052726	1.0
9HES_AG	GO:0003735	1.0
9HES_AG	GO:0003735	1.0
9HES_AG	GO:0003735	1.0
9HES_AG	GO:0003723	1.0
9HES_AG	GO:0003735	1.0
9HES_AG	GO:0003735	1.0
9HMW_AG	GO:0003735	1.0
9HMW_AG	GO:0003735	1.0
9HMW_AG	GO:0003735	1.0
9HMW_AG	GO:0003723	1.0
9HMW_AG	GO:0003735	1.0
9HMW_AG	GO:0003735	1.0
9SCU_CL	GO:0003735	1.0
9SCU_CL	GO:0003735	1.0
9SCU_CL	GO:0003735	1.0
9SCU_CL	GO:0003723	1.0
9SCU_CL	GO:0003735	1.0
9SCU_CL	GO:0003735	1.0
9H3G_AG	GO:0003735	1.0
9H3G_AG	GO:0003735	1.0
9H3G_AG	GO:0003735	1.0
9H3G_AG	GO:0003723	1.0
9H3G_AG	GO:0003735	1.0
9H3G_AG	GO:0003735	1.0
9H6I_AG	GO:0003735	1.0
9H6I_AG	GO:0003735	1.0
9H6I_AG	GO:0003735	1.0
9H6I_AG	GO:0003723	1.0
9H6I_AG	GO:0003735	1.0
9H6I_AG	GO:0003735	1.0
1AE1_B	GO:0016491	1.0
1AE1_A	GO:0016491	1.0
9HMW_BH	GO:0003735	1.0
9HMW_BH	GO:0003729	1.0
9HMW_BH	GO:0003735	1.0
9HMW_BH	GO:0003735	1.0
9HMW_BH	GO:0003735	1.0
9HMW_BH	GO:0003735	1.0
9HMW_BH	GO:0003735	1.0
9HMW_BH	GO:0003735	1.0
9HMW_BH	GO:0003735	1.0
9HMW_BH	GO:0003735	1.0
9H3G_BH	GO:0003735	1.0
9H3G_BH	GO:0003729	1.0
9H3G_BH	GO:0003735	1.0
9H3G_BH	GO:0003735	1.0
9H3G_BH	GO:0003735	1.0
9H3G_BH	GO:0003735	1.0
9H3G_BH	GO:0003735	1.0
9H3G_BH	GO:0003735	1.0
9H3G_BH	GO:0003735	1.0
9H3G_BH	GO:0003735	1.0
9H6I_BH	GO:0003735	1.0
9H6I_BH	GO:0003729	1.0
9H6I_BH	GO:0003735	1.0
9H6I_BH	GO:0003735	1.0
9H6I_BH	GO:0003735	1.0
9H6I_BH	GO:0003735	1.0
9H6I_BH	GO:0003735	1.0
9H6I_BH	GO:0003735	1.0
9H6I_BH	GO:0003735	1.0
9H6I_BH	GO:0003735	1.0
9HES_BH	GO:0003735	1.0
9HES_BH	GO:0003729	1.0
9HES_BH	GO:0003735	1.0
9HES_BH	GO:0003735	1.0
9HES_BH	GO:0003735	1.0
9HES_BH	GO:0003735	1.0
9HES_BH	GO:0003735	1.0
9HES_BH	GO:0003735	1.0
9HES_BH	GO:0003735	1.0
9HES_BH	GO:0003735	1.0
