5FT9_B	GO:0001682	1.0
5FT9_A	GO:0001682	1.0
9H3G_Aa	GO:0006412	1.0
9H3G_Aa	GO:0006412	1.0
9H3G_Aa	GO:0006412	1.0
9H6I_Aa	GO:0006412	1.0
9H6I_Aa	GO:0006412	1.0
9H6I_Aa	GO:0006412	1.0
9HES_Aa	GO:0006412	1.0
9HES_Aa	GO:0006412	1.0
9HES_Aa	GO:0006412	1.0
9SDP_BI	GO:0006412	1.0
9SDP_BI	GO:0006412	1.0
9SDP_BI	GO:0006412	1.0
9HMW_Aa	GO:0006412	1.0
9HMW_Aa	GO:0006412	1.0
9HMW_Aa	GO:0006412	1.0
9SCU_CG	GO:0042254	1.0
1XDX_B	GO:0007018	1.0
8GLV_AR	GO:0007018	1.0
1XDX_A	GO:0007018	1.0
9SDP_BN	GO:0006412	1.0
9SDP_BN	GO:0006412	1.0
9SDP_BN	GO:0006412	1.0
9SDP_BN	GO:0006412	1.0
9SDP_BN	GO:0006412	1.0
9SDP_BN	GO:0006412	1.0
9HES_Da	GO:0006412	1.0
9HES_Da	GO:0006412	1.0
9HES_Da	GO:0006412	1.0
9HES_Da	GO:0006412	1.0
9HES_Da	GO:0006412	1.0
9HES_Da	GO:0006412	1.0
9H3G_Da	GO:0006412	1.0
9H3G_Da	GO:0006412	1.0
9H3G_Da	GO:0006412	1.0
9H3G_Da	GO:0006412	1.0
9H3G_Da	GO:0006412	1.0
9H3G_Da	GO:0006412	1.0
9H6I_Da	GO:0006412	1.0
9H6I_Da	GO:0006412	1.0
9H6I_Da	GO:0006412	1.0
9H6I_Da	GO:0006412	1.0
9H6I_Da	GO:0006412	1.0
9H6I_Da	GO:0006412	1.0
9HMW_Da	GO:0006412	1.0
9HMW_Da	GO:0006412	1.0
9HMW_Da	GO:0006412	1.0
9HMW_Da	GO:0006412	1.0
9HMW_Da	GO:0006412	1.0
9HMW_Da	GO:0006412	1.0
9SDP_BJ	GO:0006412	1.0
9H3G_AB	GO:0006412	1.0
9HMW_AB	GO:0006412	1.0
9HES_AB	GO:0006412	1.0
9H6I_AB	GO:0006412	1.0
9H3G_BN	GO:0006412	1.0
9H3G_BN	GO:0006412	1.0
9H3G_BN	GO:0006412	1.0
9H3G_BN	GO:0006412	1.0
9H3G_BN	GO:0006412	1.0
9H6I_BN	GO:0006412	1.0
9H6I_BN	GO:0006412	1.0
9H6I_BN	GO:0006412	1.0
9H6I_BN	GO:0006412	1.0
9H6I_BN	GO:0006412	1.0
9HES_BN	GO:0006412	1.0
9HES_BN	GO:0006412	1.0
9HES_BN	GO:0006412	1.0
9HES_BN	GO:0006412	1.0
9HES_BN	GO:0006412	1.0
9SCU_CX	GO:0006412	1.0
9SCU_CX	GO:0006412	1.0
9SCU_CX	GO:0006412	1.0
9SCU_CX	GO:0006412	1.0
9SCU_CX	GO:0006412	1.0
9HMW_BN	GO:0006412	1.0
9HMW_BN	GO:0006412	1.0
9HMW_BN	GO:0006412	1.0
9HMW_BN	GO:0006412	1.0
9HMW_BN	GO:0006412	1.0
9HMW_AD	GO:0006412	1.0
9HMW_AD	GO:0006412	1.0
9HMW_AD	GO:0006412	1.0
9HMW_AD	GO:0006412	1.0
9HMW_AD	GO:0006412	1.0
9HES_AD	GO:0006412	1.0
9HES_AD	GO:0006412	1.0
9HES_AD	GO:0006412	1.0
9HES_AD	GO:0006412	1.0
9HES_AD	GO:0006412	1.0
9H6I_AD	GO:0006412	1.0
9H6I_AD	GO:0006412	1.0
9H6I_AD	GO:0006412	1.0
9H6I_AD	GO:0006412	1.0
9H6I_AD	GO:0006412	1.0
9H3G_AD	GO:0006412	1.0
9H3G_AD	GO:0006412	1.0
9H3G_AD	GO:0006412	1.0
9H3G_AD	GO:0006412	1.0
9H3G_AD	GO:0006412	1.0
6J5T_N	GO:0006468	1.0
6J5T_N	GO:0006468	1.0
6J5T_N	GO:0006468	1.0
6J5T_N	GO:0007166	1.0
6J5T_N	GO:0007166	1.0
6J5U_B	GO:0006468	1.0
6J5U_B	GO:0006468	1.0
6J5U_B	GO:0006468	1.0
6J5U_B	GO:0007166	1.0
6J5U_B	GO:0007166	1.0
6J5T_H	GO:0006468	1.0
6J5T_H	GO:0006468	1.0
6J5T_H	GO:0006468	1.0
6J5T_H	GO:0007166	1.0
6J5T_H	GO:0007166	1.0
6J6I_B	GO:0006468	1.0
6J6I_B	GO:0006468	1.0
6J6I_B	GO:0006468	1.0
6J6I_B	GO:0007166	1.0
6J6I_B	GO:0007166	1.0
6J5T_B	GO:0006468	1.0
6J5T_B	GO:0006468	1.0
6J5T_B	GO:0006468	1.0
6J5T_B	GO:0007166	1.0
6J5T_B	GO:0007166	1.0
6J5T_K	GO:0006468	1.0
6J5T_K	GO:0006468	1.0
6J5T_K	GO:0006468	1.0
6J5T_K	GO:0007166	1.0
6J5T_K	GO:0007166	1.0
6J5V_B	GO:0006468	1.0
6J5V_B	GO:0006468	1.0
6J5V_B	GO:0006468	1.0
6J5V_B	GO:0007166	1.0
6J5V_B	GO:0007166	1.0
6J5W_B	GO:0006468	1.0
6J5W_B	GO:0006468	1.0
6J5W_B	GO:0006468	1.0
6J5W_B	GO:0007166	1.0
6J5W_B	GO:0007166	1.0
6J5T_E	GO:0006468	1.0
6J5T_E	GO:0006468	1.0
6J5T_E	GO:0006468	1.0
6J5T_E	GO:0007166	1.0
6J5T_E	GO:0007166	1.0
9HMW_Ia	GO:0002181	1.0
9HMW_Ia	GO:0006412	1.0
9HMW_Ia	GO:0006412	1.0
9HMW_Ia	GO:0006412	1.0
9HMW_Ia	GO:0006412	1.0
9HMW_Ia	GO:0006412	1.0
9HMW_Ia	GO:0006412	1.0
9HMW_Ia	GO:0006412	1.0
9HMW_Ia	GO:0006412	1.0
9HMW_Ia	GO:0006412	1.0
9H3G_Ia	GO:0002181	1.0
9H3G_Ia	GO:0006412	1.0
9H3G_Ia	GO:0006412	1.0
9H3G_Ia	GO:0006412	1.0
9H3G_Ia	GO:0006412	1.0
9H3G_Ia	GO:0006412	1.0
9H3G_Ia	GO:0006412	1.0
9H3G_Ia	GO:0006412	1.0
9H3G_Ia	GO:0006412	1.0
9H3G_Ia	GO:0006412	1.0
9SCU_CH	GO:0002181	1.0
9SCU_CH	GO:0006412	1.0
9SCU_CH	GO:0006412	1.0
9SCU_CH	GO:0006412	1.0
9SCU_CH	GO:0006412	1.0
9SCU_CH	GO:0006412	1.0
9SCU_CH	GO:0006412	1.0
9SCU_CH	GO:0006412	1.0
9SCU_CH	GO:0006412	1.0
9SCU_CH	GO:0006412	1.0
9HES_Ia	GO:0002181	1.0
9HES_Ia	GO:0006412	1.0
9HES_Ia	GO:0006412	1.0
9HES_Ia	GO:0006412	1.0
9HES_Ia	GO:0006412	1.0
9HES_Ia	GO:0006412	1.0
9HES_Ia	GO:0006412	1.0
9HES_Ia	GO:0006412	1.0
9HES_Ia	GO:0006412	1.0
9HES_Ia	GO:0006412	1.0
9H6I_Ia	GO:0002181	1.0
9H6I_Ia	GO:0006412	1.0
9H6I_Ia	GO:0006412	1.0
9H6I_Ia	GO:0006412	1.0
9H6I_Ia	GO:0006412	1.0
9H6I_Ia	GO:0006412	1.0
9H6I_Ia	GO:0006412	1.0
9H6I_Ia	GO:0006412	1.0
9H6I_Ia	GO:0006412	1.0
9H6I_Ia	GO:0006412	1.0
8TDM_C	GO:0006820	1.0
8TDM_C	GO:0050982	1.0
8TDM_C	GO:0055085	1.0
8TDM_B	GO:0006820	1.0
8TDM_B	GO:0050982	1.0
8TDM_B	GO:0055085	1.0
8TDM_A	GO:0006820	1.0
8TDM_A	GO:0050982	1.0
8TDM_A	GO:0055085	1.0
8TDM_G	GO:0006820	1.0
8TDM_G	GO:0050982	1.0
8TDM_G	GO:0055085	1.0
8TDM_F	GO:0006820	1.0
8TDM_F	GO:0050982	1.0
8TDM_F	GO:0055085	1.0
8TDM_E	GO:0006820	1.0
8TDM_E	GO:0050982	1.0
8TDM_E	GO:0055085	1.0
8TDM_D	GO:0006820	1.0
8TDM_D	GO:0050982	1.0
8TDM_D	GO:0055085	1.0
8WB2_A	GO:0000302	1.0
8WB2_A	GO:0006629	1.0
9HMW_AW	GO:0006412	1.0
9HMW_AW	GO:0006412	1.0
9HMW_AW	GO:0006412	1.0
9HMW_AW	GO:0006412	1.0
9H3G_AW	GO:0006412	1.0
9H3G_AW	GO:0006412	1.0
9H3G_AW	GO:0006412	1.0
9H3G_AW	GO:0006412	1.0
9H6I_AW	GO:0006412	1.0
9H6I_AW	GO:0006412	1.0
9H6I_AW	GO:0006412	1.0
9H6I_AW	GO:0006412	1.0
9HES_AW	GO:0006412	1.0
9HES_AW	GO:0006412	1.0
9HES_AW	GO:0006412	1.0
9HES_AW	GO:0006412	1.0
9HES_Wa	GO:0006412	1.0
9HES_Wa	GO:0006412	1.0
9HES_Wa	GO:0006412	1.0
9HES_Wa	GO:0006412	1.0
9SDQ_BS	GO:0006412	1.0
9SDQ_BS	GO:0006412	1.0
9SDQ_BS	GO:0006412	1.0
9SDQ_BS	GO:0006412	1.0
9H6I_Wa	GO:0006412	1.0
9H6I_Wa	GO:0006412	1.0
9H6I_Wa	GO:0006412	1.0
9H6I_Wa	GO:0006412	1.0
9HMW_Wa	GO:0006412	1.0
9HMW_Wa	GO:0006412	1.0
9HMW_Wa	GO:0006412	1.0
9HMW_Wa	GO:0006412	1.0
9H3G_Wa	GO:0006412	1.0
9H3G_Wa	GO:0006412	1.0
9H3G_Wa	GO:0006412	1.0
9H3G_Wa	GO:0006412	1.0
8JET_A	GO:0006813	1.0
8JET_A	GO:0006813	1.0
8JET_A	GO:0006813	1.0
8JET_A	GO:0006813	1.0
8JET_A	GO:0006813	1.0
8JET_A	GO:0006811	1.0
8JET_A	GO:0055085	1.0
8JET_C	GO:0006813	1.0
8JET_C	GO:0006813	1.0
8JET_C	GO:0006813	1.0
8JET_C	GO:0006813	1.0
8JET_C	GO:0006813	1.0
8JET_C	GO:0006811	1.0
8JET_C	GO:0055085	1.0
8JEU_D	GO:0006813	1.0
8JEU_D	GO:0006813	1.0
8JEU_D	GO:0006813	1.0
8JEU_D	GO:0006813	1.0
8JEU_D	GO:0006813	1.0
8JEU_D	GO:0006811	1.0
8JEU_D	GO:0055085	1.0
8JET_B	GO:0006813	1.0
8JET_B	GO:0006813	1.0
8JET_B	GO:0006813	1.0
8JET_B	GO:0006813	1.0
8JET_B	GO:0006813	1.0
8JET_B	GO:0006811	1.0
8JET_B	GO:0055085	1.0
8JEU_C	GO:0006813	1.0
8JEU_C	GO:0006813	1.0
8JEU_C	GO:0006813	1.0
8JEU_C	GO:0006813	1.0
8JEU_C	GO:0006813	1.0
8JEU_C	GO:0006811	1.0
8JEU_C	GO:0055085	1.0
8JEU_B	GO:0006813	1.0
8JEU_B	GO:0006813	1.0
8JEU_B	GO:0006813	1.0
8JEU_B	GO:0006813	1.0
8JEU_B	GO:0006813	1.0
8JEU_B	GO:0006811	1.0
8JEU_B	GO:0055085	1.0
8JET_D	GO:0006813	1.0
8JET_D	GO:0006813	1.0
8JET_D	GO:0006813	1.0
8JET_D	GO:0006813	1.0
8JET_D	GO:0006813	1.0
8JET_D	GO:0006811	1.0
8JET_D	GO:0055085	1.0
8JEU_A	GO:0006813	1.0
8JEU_A	GO:0006813	1.0
8JEU_A	GO:0006813	1.0
8JEU_A	GO:0006813	1.0
8JEU_A	GO:0006813	1.0
8JEU_A	GO:0006811	1.0
8JEU_A	GO:0055085	1.0
2WWB_I	GO:0006412	1.0
2WWB_I	GO:0006412	1.0
2WWB_I	GO:0006412	1.0
2WWB_I	GO:0006412	1.0
2WWB_I	GO:0002181	1.0
2WWB_I	GO:0006412	1.0
2WWB_I	GO:0006412	1.0
2WWB_I	GO:0006412	1.0
8J0J_B	GO:0006873	1.0
8J0J_B	GO:0090332	1.0
8J0J_B	GO:0055085	1.0
8J0J_B	GO:0006091	1.0
8J0J_B	GO:0006091	1.0
8J0J_B	GO:0006091	1.0
8J0J_B	GO:0006091	1.0
8J0J_B	GO:0006091	1.0
8J0J_B	GO:0006091	1.0
8J0J_B	GO:0006091	1.0
8J0J_B	GO:0006091	1.0
8J0J_B	GO:0006091	1.0
8J0J_B	GO:0006091	1.0
8J0J_B	GO:0006091	1.0
8J0J_C	GO:0006873	1.0
8J0J_C	GO:0090332	1.0
8J0J_C	GO:0055085	1.0
8J0J_C	GO:0006091	1.0
8J0J_C	GO:0006091	1.0
8J0J_C	GO:0006091	1.0
8J0J_C	GO:0006091	1.0
8J0J_C	GO:0006091	1.0
8J0J_C	GO:0006091	1.0
8J0J_C	GO:0006091	1.0
8J0J_C	GO:0006091	1.0
8J0J_C	GO:0006091	1.0
8J0J_C	GO:0006091	1.0
8J0J_C	GO:0006091	1.0
8J0J_A	GO:0006873	1.0
8J0J_A	GO:0090332	1.0
8J0J_A	GO:0055085	1.0
8J0J_A	GO:0006091	1.0
8J0J_A	GO:0006091	1.0
8J0J_A	GO:0006091	1.0
8J0J_A	GO:0006091	1.0
8J0J_A	GO:0006091	1.0
8J0J_A	GO:0006091	1.0
8J0J_A	GO:0006091	1.0
8J0J_A	GO:0006091	1.0
8J0J_A	GO:0006091	1.0
8J0J_A	GO:0006091	1.0
8J0J_A	GO:0006091	1.0
2QQW_A	GO:0005975	1.0
9HES_BG	GO:0042254	1.0
9H3G_BG	GO:0042254	1.0
9HMW_BG	GO:0042254	1.0
9H6I_BG	GO:0042254	1.0
9H3G_BR	GO:0000463	1.0
9H6I_BR	GO:0000463	1.0
9HES_BR	GO:0000463	1.0
9HMW_BR	GO:0000463	1.0
9SDP_Be	GO:0006412	1.0
9HES_Pa	GO:0006412	1.0
9H3G_Pa	GO:0006412	1.0
9H6I_Pa	GO:0006412	1.0
9HMW_Pa	GO:0006412	1.0
9HES_Ja	GO:0006412	1.0
9HES_Ja	GO:0006412	1.0
9HES_Ja	GO:0006412	1.0
9HES_Ja	GO:0006412	1.0
9H3G_Ja	GO:0006412	1.0
9H3G_Ja	GO:0006412	1.0
9H3G_Ja	GO:0006412	1.0
9H3G_Ja	GO:0006412	1.0
9H6I_Ja	GO:0006412	1.0
9H6I_Ja	GO:0006412	1.0
9H6I_Ja	GO:0006412	1.0
9H6I_Ja	GO:0006412	1.0
9HMW_Ja	GO:0006412	1.0
9HMW_Ja	GO:0006412	1.0
9HMW_Ja	GO:0006412	1.0
9HMW_Ja	GO:0006412	1.0
2XQR_C	GO:0005975	1.0
2XQR_C	GO:0005975	1.0
2XQR_K	GO:0005975	1.0
2XQR_K	GO:0005975	1.0
2XQR_G	GO:0005975	1.0
2XQR_G	GO:0005975	1.0
2XQR_E	GO:0005975	1.0
2XQR_E	GO:0005975	1.0
2XQR_A	GO:0005975	1.0
2XQR_A	GO:0005975	1.0
2XQR_I	GO:0005975	1.0
2XQR_I	GO:0005975	1.0
9HES_AC	GO:0006412	1.0
9HES_AC	GO:0006412	1.0
9HES_AC	GO:0006412	1.0
9HES_AC	GO:0006412	1.0
9HES_AC	GO:0006412	1.0
9HES_AC	GO:0006412	1.0
9HMW_AC	GO:0006412	1.0
9HMW_AC	GO:0006412	1.0
9HMW_AC	GO:0006412	1.0
9HMW_AC	GO:0006412	1.0
9HMW_AC	GO:0006412	1.0
9HMW_AC	GO:0006412	1.0
9H3G_AC	GO:0006412	1.0
9H3G_AC	GO:0006412	1.0
9H3G_AC	GO:0006412	1.0
9H3G_AC	GO:0006412	1.0
9H3G_AC	GO:0006412	1.0
9H3G_AC	GO:0006412	1.0
9H6I_AC	GO:0006412	1.0
9H6I_AC	GO:0006412	1.0
9H6I_AC	GO:0006412	1.0
9H6I_AC	GO:0006412	1.0
9H6I_AC	GO:0006412	1.0
9H6I_AC	GO:0006412	1.0
9J0Z_A	GO:0006813	1.0
9J0Z_A	GO:0006813	1.0
9J0Z_A	GO:0006813	1.0
9J0Z_A	GO:0006813	1.0
9J0Z_A	GO:0006813	1.0
9J0Z_A	GO:0006813	1.0
9J0Z_A	GO:0006811	1.0
9J0Z_A	GO:0055085	1.0
9J0Z_D	GO:0006813	1.0
9J0Z_D	GO:0006813	1.0
9J0Z_D	GO:0006813	1.0
9J0Z_D	GO:0006813	1.0
9J0Z_D	GO:0006813	1.0
9J0Z_D	GO:0006813	1.0
9J0Z_D	GO:0006811	1.0
9J0Z_D	GO:0055085	1.0
9J0Z_C	GO:0006813	1.0
9J0Z_C	GO:0006813	1.0
9J0Z_C	GO:0006813	1.0
9J0Z_C	GO:0006813	1.0
9J0Z_C	GO:0006813	1.0
9J0Z_C	GO:0006813	1.0
9J0Z_C	GO:0006811	1.0
9J0Z_C	GO:0055085	1.0
9J0Z_B	GO:0006813	1.0
9J0Z_B	GO:0006813	1.0
9J0Z_B	GO:0006813	1.0
9J0Z_B	GO:0006813	1.0
9J0Z_B	GO:0006813	1.0
9J0Z_B	GO:0006813	1.0
9J0Z_B	GO:0006811	1.0
9J0Z_B	GO:0055085	1.0
6XYW_Bh	GO:0006412	1.0
6XYW_Bh	GO:0006412	1.0
6XYW_Bh	GO:0006412	1.0
9HES_BO	GO:0006412	1.0
9HES_BO	GO:0006412	1.0
9HES_BO	GO:0006412	1.0
9HES_BO	GO:0006412	1.0
9SCU_CY	GO:0006412	1.0
9SCU_CY	GO:0006412	1.0
9SCU_CY	GO:0006412	1.0
9SCU_CY	GO:0006412	1.0
9H3G_BO	GO:0006412	1.0
9H3G_BO	GO:0006412	1.0
9H3G_BO	GO:0006412	1.0
9H3G_BO	GO:0006412	1.0
9HMW_BO	GO:0006412	1.0
9HMW_BO	GO:0006412	1.0
9HMW_BO	GO:0006412	1.0
9HMW_BO	GO:0006412	1.0
9H6I_BO	GO:0006412	1.0
9H6I_BO	GO:0006412	1.0
9H6I_BO	GO:0006412	1.0
9H6I_BO	GO:0006412	1.0
2WWB_H	GO:0006412	1.0
2WWB_H	GO:0006412	1.0
2WWB_H	GO:0006412	1.0
9HES_BK	GO:0006412	1.0
9HES_BK	GO:0006412	1.0
9HES_BK	GO:0006412	1.0
9HES_BK	GO:0006412	1.0
9HES_BK	GO:0006412	1.0
9HES_BK	GO:0006412	1.0
9HES_BK	GO:0000027	1.0
9HES_BK	GO:0006412	1.0
9HES_BK	GO:0006412	1.0
9HES_BK	GO:0006412	1.0
9H3G_BK	GO:0006412	1.0
9H3G_BK	GO:0006412	1.0
9H3G_BK	GO:0006412	1.0
9H3G_BK	GO:0006412	1.0
9H3G_BK	GO:0006412	1.0
9H3G_BK	GO:0006412	1.0
9H3G_BK	GO:0000027	1.0
9H3G_BK	GO:0006412	1.0
9H3G_BK	GO:0006412	1.0
9H3G_BK	GO:0006412	1.0
9SCU_CD	GO:0006412	1.0
9SCU_CD	GO:0006412	1.0
9SCU_CD	GO:0006412	1.0
9SCU_CD	GO:0006412	1.0
9SCU_CD	GO:0006412	1.0
9SCU_CD	GO:0006412	1.0
9SCU_CD	GO:0000027	1.0
9SCU_CD	GO:0006412	1.0
9SCU_CD	GO:0006412	1.0
9SCU_CD	GO:0006412	1.0
9HMW_BK	GO:0006412	1.0
9HMW_BK	GO:0006412	1.0
9HMW_BK	GO:0006412	1.0
9HMW_BK	GO:0006412	1.0
9HMW_BK	GO:0006412	1.0
9HMW_BK	GO:0006412	1.0
9HMW_BK	GO:0000027	1.0
9HMW_BK	GO:0006412	1.0
9HMW_BK	GO:0006412	1.0
9HMW_BK	GO:0006412	1.0
9H6I_BK	GO:0006412	1.0
9H6I_BK	GO:0006412	1.0
9H6I_BK	GO:0006412	1.0
9H6I_BK	GO:0006412	1.0
9H6I_BK	GO:0006412	1.0
9H6I_BK	GO:0006412	1.0
9H6I_BK	GO:0000027	1.0
9H6I_BK	GO:0006412	1.0
9H6I_BK	GO:0006412	1.0
9H6I_BK	GO:0006412	1.0
9SCU_CO	GO:0006412	1.0
9SCU_CO	GO:0006412	1.0
9SCU_CO	GO:0006412	1.0
9SCU_CO	GO:0006412	1.0
9SCU_CO	GO:0006412	1.0
9SCU_CO	GO:0017148	1.0
9SCU_CO	GO:0006412	1.0
9SCU_CO	GO:0006412	1.0
9SCU_CO	GO:0006412	1.0
2B5F_D	GO:0055085	1.0
2B5F_D	GO:0055085	1.0
2B5F_D	GO:0055085	1.0
2B5F_D	GO:0055085	1.0
2B5F_D	GO:0055085	1.0
2B5F_D	GO:0055085	1.0
2B5F_D	GO:0055085	1.0
2B5F_D	GO:0055085	1.0
2B5F_D	GO:0055085	1.0
2B5F_A	GO:0055085	1.0
2B5F_A	GO:0055085	1.0
2B5F_A	GO:0055085	1.0
2B5F_A	GO:0055085	1.0
2B5F_A	GO:0055085	1.0
2B5F_A	GO:0055085	1.0
2B5F_A	GO:0055085	1.0
2B5F_A	GO:0055085	1.0
2B5F_A	GO:0055085	1.0
2B5F_B	GO:0055085	1.0
2B5F_B	GO:0055085	1.0
2B5F_B	GO:0055085	1.0
2B5F_B	GO:0055085	1.0
2B5F_B	GO:0055085	1.0
2B5F_B	GO:0055085	1.0
2B5F_B	GO:0055085	1.0
2B5F_B	GO:0055085	1.0
2B5F_B	GO:0055085	1.0
2B5F_C	GO:0055085	1.0
2B5F_C	GO:0055085	1.0
2B5F_C	GO:0055085	1.0
2B5F_C	GO:0055085	1.0
2B5F_C	GO:0055085	1.0
2B5F_C	GO:0055085	1.0
2B5F_C	GO:0055085	1.0
2B5F_C	GO:0055085	1.0
2B5F_C	GO:0055085	1.0
4JC6_H	GO:0055085	1.0
4JC6_H	GO:0055085	1.0
4JC6_H	GO:0055085	1.0
4JC6_H	GO:0055085	1.0
4JC6_H	GO:0055085	1.0
4JC6_H	GO:0055085	1.0
4JC6_H	GO:0055085	1.0
4JC6_H	GO:0055085	1.0
4JC6_H	GO:0055085	1.0
4JC6_J	GO:0055085	1.0
4JC6_J	GO:0055085	1.0
4JC6_J	GO:0055085	1.0
4JC6_J	GO:0055085	1.0
4JC6_J	GO:0055085	1.0
4JC6_J	GO:0055085	1.0
4JC6_J	GO:0055085	1.0
4JC6_J	GO:0055085	1.0
4JC6_J	GO:0055085	1.0
1Z98_A	GO:0055085	1.0
1Z98_A	GO:0055085	1.0
1Z98_A	GO:0055085	1.0
1Z98_A	GO:0055085	1.0
1Z98_A	GO:0055085	1.0
1Z98_A	GO:0055085	1.0
1Z98_A	GO:0055085	1.0
1Z98_A	GO:0055085	1.0
1Z98_A	GO:0055085	1.0
4JC6_L	GO:0055085	1.0
4JC6_L	GO:0055085	1.0
4JC6_L	GO:0055085	1.0
4JC6_L	GO:0055085	1.0
4JC6_L	GO:0055085	1.0
4JC6_L	GO:0055085	1.0
4JC6_L	GO:0055085	1.0
4JC6_L	GO:0055085	1.0
4JC6_L	GO:0055085	1.0
4JC6_N	GO:0055085	1.0
4JC6_N	GO:0055085	1.0
4JC6_N	GO:0055085	1.0
4JC6_N	GO:0055085	1.0
4JC6_N	GO:0055085	1.0
4JC6_N	GO:0055085	1.0
4JC6_N	GO:0055085	1.0
4JC6_N	GO:0055085	1.0
4JC6_N	GO:0055085	1.0
1Z98_M	GO:0055085	1.0
1Z98_M	GO:0055085	1.0
1Z98_M	GO:0055085	1.0
1Z98_M	GO:0055085	1.0
1Z98_M	GO:0055085	1.0
1Z98_M	GO:0055085	1.0
1Z98_M	GO:0055085	1.0
1Z98_M	GO:0055085	1.0
1Z98_M	GO:0055085	1.0
4JC6_A	GO:0055085	1.0
4JC6_A	GO:0055085	1.0
4JC6_A	GO:0055085	1.0
4JC6_A	GO:0055085	1.0
4JC6_A	GO:0055085	1.0
4JC6_A	GO:0055085	1.0
4JC6_A	GO:0055085	1.0
4JC6_A	GO:0055085	1.0
4JC6_A	GO:0055085	1.0
4JC6_C	GO:0055085	1.0
4JC6_C	GO:0055085	1.0
4JC6_C	GO:0055085	1.0
4JC6_C	GO:0055085	1.0
4JC6_C	GO:0055085	1.0
4JC6_C	GO:0055085	1.0
4JC6_C	GO:0055085	1.0
4JC6_C	GO:0055085	1.0
4JC6_C	GO:0055085	1.0
4JC6_B	GO:0055085	1.0
4JC6_B	GO:0055085	1.0
4JC6_B	GO:0055085	1.0
4JC6_B	GO:0055085	1.0
4JC6_B	GO:0055085	1.0
4JC6_B	GO:0055085	1.0
4JC6_B	GO:0055085	1.0
4JC6_B	GO:0055085	1.0
4JC6_B	GO:0055085	1.0
4IA4_D	GO:0055085	1.0
4IA4_D	GO:0055085	1.0
4IA4_D	GO:0055085	1.0
4IA4_D	GO:0055085	1.0
4IA4_D	GO:0055085	1.0
4IA4_D	GO:0055085	1.0
4IA4_D	GO:0055085	1.0
4IA4_D	GO:0055085	1.0
4IA4_D	GO:0055085	1.0
4JC6_D	GO:0055085	1.0
4JC6_D	GO:0055085	1.0
4JC6_D	GO:0055085	1.0
4JC6_D	GO:0055085	1.0
4JC6_D	GO:0055085	1.0
4JC6_D	GO:0055085	1.0
4JC6_D	GO:0055085	1.0
4JC6_D	GO:0055085	1.0
4JC6_D	GO:0055085	1.0
4IA4_C	GO:0055085	1.0
4IA4_C	GO:0055085	1.0
4IA4_C	GO:0055085	1.0
4IA4_C	GO:0055085	1.0
4IA4_C	GO:0055085	1.0
4IA4_C	GO:0055085	1.0
4IA4_C	GO:0055085	1.0
4IA4_C	GO:0055085	1.0
4IA4_C	GO:0055085	1.0
4IA4_B	GO:0055085	1.0
4IA4_B	GO:0055085	1.0
4IA4_B	GO:0055085	1.0
4IA4_B	GO:0055085	1.0
4IA4_B	GO:0055085	1.0
4IA4_B	GO:0055085	1.0
4IA4_B	GO:0055085	1.0
4IA4_B	GO:0055085	1.0
4IA4_B	GO:0055085	1.0
4IA4_A	GO:0055085	1.0
4IA4_A	GO:0055085	1.0
4IA4_A	GO:0055085	1.0
4IA4_A	GO:0055085	1.0
4IA4_A	GO:0055085	1.0
4IA4_A	GO:0055085	1.0
4IA4_A	GO:0055085	1.0
4IA4_A	GO:0055085	1.0
4IA4_A	GO:0055085	1.0
1VBH_A	GO:0016310	1.0
1VBH_A	GO:0016310	1.0
1VBH_A	GO:0016310	1.0
1VBH_A	GO:0016310	1.0
1VBH_A	GO:0006090	1.0
1VBH_A	GO:0016310	1.0
1VBH_A	GO:0006090	1.0
1VBH_A	GO:0016310	1.0
1VBH_A	GO:0016310	1.0
1VBH_A	GO:0006090	1.0
1VBG_A	GO:0016310	1.0
1VBG_A	GO:0016310	1.0
1VBG_A	GO:0016310	1.0
1VBG_A	GO:0016310	1.0
1VBG_A	GO:0006090	1.0
1VBG_A	GO:0016310	1.0
1VBG_A	GO:0006090	1.0
1VBG_A	GO:0016310	1.0
1VBG_A	GO:0016310	1.0
1VBG_A	GO:0006090	1.0
8X35_B	GO:0009409	1.0
8X35_B	GO:0009668	1.0
8X35_A	GO:0009409	1.0
8X35_A	GO:0009668	1.0
9J0Y_D	GO:0006811	1.0
9J0Y_D	GO:0055085	1.0
9J0Y_D	GO:0006813	1.0
9J0Y_D	GO:0006813	1.0
9J0Y_D	GO:0006813	1.0
9J0Y_D	GO:0006813	1.0
9J0Y_D	GO:0006813	1.0
9J0Y_D	GO:0006813	1.0
9J0Y_C	GO:0006811	1.0
9J0Y_C	GO:0055085	1.0
9J0Y_C	GO:0006813	1.0
9J0Y_C	GO:0006813	1.0
9J0Y_C	GO:0006813	1.0
9J0Y_C	GO:0006813	1.0
9J0Y_C	GO:0006813	1.0
9J0Y_C	GO:0006813	1.0
9J0Y_B	GO:0006811	1.0
9J0Y_B	GO:0055085	1.0
9J0Y_B	GO:0006813	1.0
9J0Y_B	GO:0006813	1.0
9J0Y_B	GO:0006813	1.0
9J0Y_B	GO:0006813	1.0
9J0Y_B	GO:0006813	1.0
9J0Y_B	GO:0006813	1.0
9J0Y_A	GO:0006811	1.0
9J0Y_A	GO:0055085	1.0
9J0Y_A	GO:0006813	1.0
9J0Y_A	GO:0006813	1.0
9J0Y_A	GO:0006813	1.0
9J0Y_A	GO:0006813	1.0
9J0Y_A	GO:0006813	1.0
9J0Y_A	GO:0006813	1.0
2HOX_D	GO:0006520	1.0
2HOR_A	GO:0006520	1.0
2HOX_A	GO:0006520	1.0
2HOX_B	GO:0006520	1.0
2HOX_C	GO:0006520	1.0
2WWB_N	GO:0006412	1.0
2WWB_N	GO:0006412	1.0
2WWB_N	GO:0006412	1.0
2WWB_N	GO:0006412	1.0
2WWB_N	GO:0006412	1.0
2WWB_N	GO:0006412	1.0
2WWB_N	GO:0006412	1.0
2WWB_N	GO:0000463	1.0
2WWB_N	GO:0000463	1.0
9HES_AO	GO:0002181	1.0
9HMW_AO	GO:0002181	1.0
9H3G_AO	GO:0002181	1.0
9H6I_AO	GO:0002181	1.0
9SCU_CW	GO:0002181	1.0
9SCU_CQ	GO:0006412	1.0
8DAE_A	GO:0046654	1.0
8DAE_A	GO:0046654	1.0
8DAE_A	GO:0046654	1.0
6XYW_Bj	GO:0006412	1.0
6XYW_Bj	GO:0006412	1.0
6XYW_Bj	GO:0006412	1.0
6XYW_Bj	GO:0006412	1.0
9N3E_A	GO:0006508	1.0
9N3E_A	GO:0006508	1.0
9N3F_A	GO:0006508	1.0
9N3F_A	GO:0006508	1.0
9N3E_B	GO:0006508	1.0
9N3E_B	GO:0006508	1.0
9N3D_A	GO:0006508	1.0
9N3D_A	GO:0006508	1.0
5TUA_A	GO:0006816	1.0
5TUA_A	GO:0006811	1.0
5TUA_A	GO:0055085	1.0
5TUA_A	GO:0006811	1.0
5TUA_A	GO:0055085	1.0
3CN6_A	GO:0055085	1.0
3CN6_A	GO:0055085	1.0
3CN6_A	GO:0055085	1.0
3CN6_A	GO:0055085	1.0
3CN6_A	GO:0055085	1.0
3CN6_A	GO:0055085	1.0
3CN6_A	GO:0055085	1.0
3CN6_A	GO:0055085	1.0
3CN6_A	GO:0055085	1.0
3CN6_B	GO:0055085	1.0
3CN6_B	GO:0055085	1.0
3CN6_B	GO:0055085	1.0
3CN6_B	GO:0055085	1.0
3CN6_B	GO:0055085	1.0
3CN6_B	GO:0055085	1.0
3CN6_B	GO:0055085	1.0
3CN6_B	GO:0055085	1.0
3CN6_B	GO:0055085	1.0
6XYW_Bf	GO:0006412	1.0
6XYW_Bf	GO:0006412	1.0
6XYW_Bf	GO:0006412	1.0
6XYW_Bf	GO:0006412	1.0
6XYW_Bi	GO:0006412	1.0
6XYW_Bi	GO:0006412	1.0
6XYW_Bi	GO:0006412	1.0
6XYW_Bi	GO:0006412	1.0
9SCU_CR	GO:0006412	1.0
9SCU_CR	GO:0006412	1.0
9SCU_CR	GO:0006412	1.0
9SCU_CR	GO:0006412	1.0
9SCU_CR	GO:0006412	1.0
6VZ8_N	GO:0009082	1.0
6VZ8_N	GO:0009082	1.0
6VZ8_N	GO:0009082	1.0
6VZ8_N	GO:0009099	1.0
6U9H_K	GO:0009082	1.0
6U9H_K	GO:0009082	1.0
6U9H_K	GO:0009082	1.0
6U9H_K	GO:0009099	1.0
6VZ8_K	GO:0009082	1.0
6VZ8_K	GO:0009082	1.0
6VZ8_K	GO:0009082	1.0
6VZ8_K	GO:0009099	1.0
6U9H_N	GO:0009082	1.0
6U9H_N	GO:0009082	1.0
6U9H_N	GO:0009082	1.0
6U9H_N	GO:0009099	1.0
6VZ8_R	GO:0009082	1.0
6VZ8_R	GO:0009082	1.0
6VZ8_R	GO:0009082	1.0
6VZ8_R	GO:0009099	1.0
6U9H_O	GO:0009082	1.0
6U9H_O	GO:0009082	1.0
6U9H_O	GO:0009082	1.0
6U9H_O	GO:0009099	1.0
6U9H_R	GO:0009082	1.0
6U9H_R	GO:0009082	1.0
6U9H_R	GO:0009082	1.0
6U9H_R	GO:0009099	1.0
6VZ8_O	GO:0009082	1.0
6VZ8_O	GO:0009082	1.0
6VZ8_O	GO:0009082	1.0
6VZ8_O	GO:0009099	1.0
6U9H_S	GO:0009082	1.0
6U9H_S	GO:0009082	1.0
6U9H_S	GO:0009082	1.0
6U9H_S	GO:0009099	1.0
6VZ8_F	GO:0009082	1.0
6VZ8_F	GO:0009082	1.0
6VZ8_F	GO:0009082	1.0
6VZ8_F	GO:0009099	1.0
6VZ8_S	GO:0009082	1.0
6VZ8_S	GO:0009082	1.0
6VZ8_S	GO:0009082	1.0
6VZ8_S	GO:0009099	1.0
6U9H_F	GO:0009082	1.0
6U9H_F	GO:0009082	1.0
6U9H_F	GO:0009082	1.0
6U9H_F	GO:0009099	1.0
6VZ8_J	GO:0009082	1.0
6VZ8_J	GO:0009082	1.0
6VZ8_J	GO:0009082	1.0
6VZ8_J	GO:0009099	1.0
6U9H_G	GO:0009082	1.0
6U9H_G	GO:0009082	1.0
6U9H_G	GO:0009082	1.0
6U9H_G	GO:0009099	1.0
6VZ8_G	GO:0009082	1.0
6VZ8_G	GO:0009082	1.0
6VZ8_G	GO:0009082	1.0
6VZ8_G	GO:0009099	1.0
6U9H_J	GO:0009082	1.0
6U9H_J	GO:0009082	1.0
6U9H_J	GO:0009082	1.0
6U9H_J	GO:0009099	1.0
9H3G_BV	GO:0006412	1.0
9H3G_BV	GO:0006412	1.0
9H3G_BV	GO:0006412	1.0
9H3G_BV	GO:0006412	1.0
9H6I_BV	GO:0006412	1.0
9H6I_BV	GO:0006412	1.0
9H6I_BV	GO:0006412	1.0
9H6I_BV	GO:0006412	1.0
9HES_BV	GO:0006412	1.0
9HES_BV	GO:0006412	1.0
9HES_BV	GO:0006412	1.0
9HES_BV	GO:0006412	1.0
9HMW_BV	GO:0006412	1.0
9HMW_BV	GO:0006412	1.0
9HMW_BV	GO:0006412	1.0
9HMW_BV	GO:0006412	1.0
9H3G_AJ	GO:0006412	1.0
9HMW_AJ	GO:0006412	1.0
9HES_AJ	GO:0006412	1.0
9H6I_AJ	GO:0006412	1.0
9SDP_BE	GO:0006412	1.0
9SDP_BE	GO:0006412	1.0
9SDP_BE	GO:0006412	1.0
9SDP_BE	GO:0006412	1.0
9HMW_BD	GO:0006412	1.0
9HMW_BD	GO:0006412	1.0
9HMW_BD	GO:0006412	1.0
9HMW_BD	GO:0006412	1.0
9H3G_BD	GO:0006412	1.0
9H3G_BD	GO:0006412	1.0
9H3G_BD	GO:0006412	1.0
9H3G_BD	GO:0006412	1.0
9SCU_CK	GO:0006412	1.0
9SCU_CK	GO:0006412	1.0
9SCU_CK	GO:0006412	1.0
9SCU_CK	GO:0006412	1.0
9H6I_BD	GO:0006412	1.0
9H6I_BD	GO:0006412	1.0
9H6I_BD	GO:0006412	1.0
9H6I_BD	GO:0006412	1.0
9HES_BD	GO:0006412	1.0
9HES_BD	GO:0006412	1.0
9HES_BD	GO:0006412	1.0
9HES_BD	GO:0006412	1.0
3CN5_A	GO:0055085	1.0
3CN5_A	GO:0055085	1.0
3CN5_A	GO:0055085	1.0
3CN5_A	GO:0055085	1.0
3CN5_A	GO:0055085	1.0
3CN5_A	GO:0055085	1.0
3CN5_A	GO:0055085	1.0
3CN5_A	GO:0055085	1.0
3CN5_A	GO:0055085	1.0
9HES_AK	GO:0006412	1.0
9HES_AK	GO:0006412	1.0
9HES_AK	GO:0006412	1.0
9HES_AK	GO:0006412	1.0
9HES_AK	GO:0006412	1.0
9HMW_AK	GO:0006412	1.0
9HMW_AK	GO:0006412	1.0
9HMW_AK	GO:0006412	1.0
9HMW_AK	GO:0006412	1.0
9HMW_AK	GO:0006412	1.0
9H3G_AK	GO:0006412	1.0
9H3G_AK	GO:0006412	1.0
9H3G_AK	GO:0006412	1.0
9H3G_AK	GO:0006412	1.0
9H3G_AK	GO:0006412	1.0
9H6I_AK	GO:0006412	1.0
9H6I_AK	GO:0006412	1.0
9H6I_AK	GO:0006412	1.0
9H6I_AK	GO:0006412	1.0
9H6I_AK	GO:0006412	1.0
9H3G_Ga	GO:0006412	1.0
9H3G_Ga	GO:0006412	1.0
9H3G_Ga	GO:0006412	1.0
9SCU_Cm	GO:0006412	1.0
9SCU_Cm	GO:0006412	1.0
9SCU_Cm	GO:0006412	1.0
9H6I_Ga	GO:0006412	1.0
9H6I_Ga	GO:0006412	1.0
9H6I_Ga	GO:0006412	1.0
9HES_Ga	GO:0006412	1.0
9HES_Ga	GO:0006412	1.0
9HES_Ga	GO:0006412	1.0
9HMW_Ga	GO:0006412	1.0
9HMW_Ga	GO:0006412	1.0
9HMW_Ga	GO:0006412	1.0
9HES_Va	GO:0006412	1.0
9HES_Va	GO:0006412	1.0
9HES_Va	GO:0006412	1.0
9HES_Va	GO:0006412	1.0
9HES_Va	GO:0006412	1.0
9HES_Va	GO:0006412	1.0
9SDP_BX	GO:0006412	1.0
9SDP_BX	GO:0006412	1.0
9SDP_BX	GO:0006412	1.0
9SDP_BX	GO:0006412	1.0
9SDP_BX	GO:0006412	1.0
9SDP_BX	GO:0006412	1.0
9H3G_Va	GO:0006412	1.0
9H3G_Va	GO:0006412	1.0
9H3G_Va	GO:0006412	1.0
9H3G_Va	GO:0006412	1.0
9H3G_Va	GO:0006412	1.0
9H3G_Va	GO:0006412	1.0
9H6I_Va	GO:0006412	1.0
9H6I_Va	GO:0006412	1.0
9H6I_Va	GO:0006412	1.0
9H6I_Va	GO:0006412	1.0
9H6I_Va	GO:0006412	1.0
9H6I_Va	GO:0006412	1.0
9HMW_Va	GO:0006412	1.0
9HMW_Va	GO:0006412	1.0
9HMW_Va	GO:0006412	1.0
9HMW_Va	GO:0006412	1.0
9HMW_Va	GO:0006412	1.0
9HMW_Va	GO:0006412	1.0
2YIJ_B	GO:0006629	1.0
2YIJ_A	GO:0006629	1.0
9GYT_R	GO:0006412	1.0
9GYT_R	GO:0006412	1.0
9GYT_R	GO:0006412	1.0
9GYT_R	GO:0006412	1.0
9GYT_R	GO:0006412	1.0
9GYT_R	GO:0006412	1.0
9GYT_R	GO:0006412	1.0
9GYT_R	GO:0006412	1.0
9GYT_R	GO:0006412	1.0
9EVT_R	GO:0006412	1.0
9EVT_R	GO:0006412	1.0
9EVT_R	GO:0006412	1.0
9EVT_R	GO:0006412	1.0
9EVT_R	GO:0006412	1.0
9EVT_R	GO:0006412	1.0
9EVT_R	GO:0006412	1.0
9EVT_R	GO:0006412	1.0
9EVT_R	GO:0006412	1.0
6XYW_Br	GO:0006412	1.0
6XYW_Br	GO:0006412	1.0
6XYW_Br	GO:0006412	1.0
6XYW_Br	GO:0006412	1.0
6XYW_Br	GO:0006412	1.0
6XYW_Br	GO:0006412	1.0
6XYW_Br	GO:0006412	1.0
6XYW_Br	GO:0006412	1.0
6XYW_Br	GO:0006412	1.0
9H6I_Ba	GO:0006412	1.0
9H6I_Ba	GO:0006412	1.0
9H6I_Ba	GO:0006412	1.0
9H6I_Ba	GO:0006412	1.0
9H6I_Ba	GO:0006412	1.0
9H6I_Ba	GO:0006412	1.0
9H6I_Ba	GO:0006412	1.0
9HMW_Ba	GO:0006412	1.0
9HMW_Ba	GO:0006412	1.0
9HMW_Ba	GO:0006412	1.0
9HMW_Ba	GO:0006412	1.0
9HMW_Ba	GO:0006412	1.0
9HMW_Ba	GO:0006412	1.0
9HMW_Ba	GO:0006412	1.0
9HES_Ba	GO:0006412	1.0
9HES_Ba	GO:0006412	1.0
9HES_Ba	GO:0006412	1.0
9HES_Ba	GO:0006412	1.0
9HES_Ba	GO:0006412	1.0
9HES_Ba	GO:0006412	1.0
9HES_Ba	GO:0006412	1.0
9H3G_Ba	GO:0006412	1.0
9H3G_Ba	GO:0006412	1.0
9H3G_Ba	GO:0006412	1.0
9H3G_Ba	GO:0006412	1.0
9H3G_Ba	GO:0006412	1.0
9H3G_Ba	GO:0006412	1.0
9H3G_Ba	GO:0006412	1.0
8GLV_AF	GO:0003341	1.0
8GLV_AF	GO:0007018	1.0
9SCU_Ce	GO:0006412	1.0
9SCU_Ce	GO:0006412	1.0
9SCU_Ce	GO:0006412	1.0
9SCU_Ce	GO:0006412	1.0
9SCU_Ce	GO:0006412	1.0
9HES_AV	GO:0006412	1.0
9HES_AV	GO:0006412	1.0
9HES_AV	GO:0006412	1.0
9HES_AV	GO:0006412	1.0
9HES_AV	GO:0006412	1.0
9H3G_AV	GO:0006412	1.0
9H3G_AV	GO:0006412	1.0
9H3G_AV	GO:0006412	1.0
9H3G_AV	GO:0006412	1.0
9H3G_AV	GO:0006412	1.0
9HMW_AV	GO:0006412	1.0
9HMW_AV	GO:0006412	1.0
9HMW_AV	GO:0006412	1.0
9HMW_AV	GO:0006412	1.0
9HMW_AV	GO:0006412	1.0
9H6I_AV	GO:0006412	1.0
9H6I_AV	GO:0006412	1.0
9H6I_AV	GO:0006412	1.0
9H6I_AV	GO:0006412	1.0
9H6I_AV	GO:0006412	1.0
6A16_A	GO:0007275	1.0
6A16_A	GO:0016125	1.0
6A16_A	GO:0016132	1.0
9H3G_AA	GO:0006412	1.0
9H3G_AA	GO:0006412	1.0
9H6I_AA	GO:0006412	1.0
9H6I_AA	GO:0006412	1.0
9HES_AA	GO:0006412	1.0
9HES_AA	GO:0006412	1.0
9HMW_AA	GO:0006412	1.0
9HMW_AA	GO:0006412	1.0
9SDQ_BD	GO:0006412	1.0
9SDQ_BD	GO:0006412	1.0
9H3G_AE	GO:0006412	1.0
9H3G_AE	GO:0006412	1.0
9H3G_AE	GO:0006412	1.0
9H3G_AE	GO:0006412	1.0
9H6I_AE	GO:0006412	1.0
9H6I_AE	GO:0006412	1.0
9H6I_AE	GO:0006412	1.0
9H6I_AE	GO:0006412	1.0
9HES_AE	GO:0006412	1.0
9HES_AE	GO:0006412	1.0
9HES_AE	GO:0006412	1.0
9HES_AE	GO:0006412	1.0
9SDP_BW	GO:0006412	1.0
9SDP_BW	GO:0006412	1.0
9SDP_BW	GO:0006412	1.0
9SDP_BW	GO:0006412	1.0
9HMW_AE	GO:0006412	1.0
9HMW_AE	GO:0006412	1.0
9HMW_AE	GO:0006412	1.0
9HMW_AE	GO:0006412	1.0
6W8S_C	GO:0006508	1.0
6W8S_C	GO:0006508	1.0
6W8T_A	GO:0006508	1.0
6W8T_A	GO:0006508	1.0
6W8S_D	GO:0006508	1.0
6W8S_D	GO:0006508	1.0
6W8T_B	GO:0006508	1.0
6W8T_B	GO:0006508	1.0
6W8S_A	GO:0006508	1.0
6W8S_A	GO:0006508	1.0
6W8S_B	GO:0006508	1.0
6W8S_B	GO:0006508	1.0
8WOW_A	GO:0005996	1.0
8WOW_B	GO:0005996	1.0
6CX0_A	GO:0006816	1.0
6CX0_A	GO:0006811	1.0
6CX0_A	GO:0055085	1.0
6CX0_A	GO:0006811	1.0
6CX0_A	GO:0055085	1.0
6RNG_A	GO:0006096	1.0
6RNG_A	GO:0006096	1.0
6RNG_B	GO:0006096	1.0
6RNG_B	GO:0006096	1.0
6RS1_B	GO:0006096	1.0
6RS1_B	GO:0006096	1.0
6RS1_A	GO:0006096	1.0
6RS1_A	GO:0006096	1.0
6RS1_D	GO:0006096	1.0
6RS1_D	GO:0006096	1.0
6RS1_C	GO:0006096	1.0
6RS1_C	GO:0006096	1.0
6RNG_F	GO:0006096	1.0
6RNG_F	GO:0006096	1.0
6RNG_G	GO:0006096	1.0
6RNG_G	GO:0006096	1.0
6K5V_D	GO:0005975	1.0
6K5V_C	GO:0005975	1.0
6K5V_B	GO:0005975	1.0
6K5V_E	GO:0005975	1.0
6K5V_A	GO:0005975	1.0
6K5V_F	GO:0005975	1.0
8GW6_A	GO:0006873	1.0
8GW6_A	GO:0090332	1.0
8GW6_A	GO:0055085	1.0
8GW6_A	GO:0006091	1.0
8GW6_A	GO:0006091	1.0
8GW6_A	GO:0006091	1.0
8GW6_A	GO:0006091	1.0
8GW6_A	GO:0006091	1.0
8GW6_A	GO:0006091	1.0
8GW6_A	GO:0006091	1.0
8GW6_A	GO:0006091	1.0
8GW6_A	GO:0006091	1.0
8GW6_A	GO:0006091	1.0
8GW6_A	GO:0006091	1.0
8GW7_A	GO:0006873	1.0
8GW7_A	GO:0090332	1.0
8GW7_A	GO:0055085	1.0
8GW7_A	GO:0006091	1.0
8GW7_A	GO:0006091	1.0
8GW7_A	GO:0006091	1.0
8GW7_A	GO:0006091	1.0
8GW7_A	GO:0006091	1.0
8GW7_A	GO:0006091	1.0
8GW7_A	GO:0006091	1.0
8GW7_A	GO:0006091	1.0
8GW7_A	GO:0006091	1.0
8GW7_A	GO:0006091	1.0
8GW7_A	GO:0006091	1.0
8GW6_B	GO:0006873	1.0
8GW6_B	GO:0090332	1.0
8GW6_B	GO:0055085	1.0
8GW6_B	GO:0006091	1.0
8GW6_B	GO:0006091	1.0
8GW6_B	GO:0006091	1.0
8GW6_B	GO:0006091	1.0
8GW6_B	GO:0006091	1.0
8GW6_B	GO:0006091	1.0
8GW6_B	GO:0006091	1.0
8GW6_B	GO:0006091	1.0
8GW6_B	GO:0006091	1.0
8GW6_B	GO:0006091	1.0
8GW6_B	GO:0006091	1.0
8GW6_C	GO:0006873	1.0
8GW6_C	GO:0090332	1.0
8GW6_C	GO:0055085	1.0
8GW6_C	GO:0006091	1.0
8GW6_C	GO:0006091	1.0
8GW6_C	GO:0006091	1.0
8GW6_C	GO:0006091	1.0
8GW6_C	GO:0006091	1.0
8GW6_C	GO:0006091	1.0
8GW6_C	GO:0006091	1.0
8GW6_C	GO:0006091	1.0
8GW6_C	GO:0006091	1.0
8GW6_C	GO:0006091	1.0
8GW6_C	GO:0006091	1.0
8GW7_C	GO:0006873	1.0
8GW7_C	GO:0090332	1.0
8GW7_C	GO:0055085	1.0
8GW7_C	GO:0006091	1.0
8GW7_C	GO:0006091	1.0
8GW7_C	GO:0006091	1.0
8GW7_C	GO:0006091	1.0
8GW7_C	GO:0006091	1.0
8GW7_C	GO:0006091	1.0
8GW7_C	GO:0006091	1.0
8GW7_C	GO:0006091	1.0
8GW7_C	GO:0006091	1.0
8GW7_C	GO:0006091	1.0
8GW7_C	GO:0006091	1.0
8GW7_B	GO:0006873	1.0
8GW7_B	GO:0090332	1.0
8GW7_B	GO:0055085	1.0
8GW7_B	GO:0006091	1.0
8GW7_B	GO:0006091	1.0
8GW7_B	GO:0006091	1.0
8GW7_B	GO:0006091	1.0
8GW7_B	GO:0006091	1.0
8GW7_B	GO:0006091	1.0
8GW7_B	GO:0006091	1.0
8GW7_B	GO:0006091	1.0
8GW7_B	GO:0006091	1.0
8GW7_B	GO:0006091	1.0
8GW7_B	GO:0006091	1.0
2OXB_A	GO:0005975	1.0
2OXB_A	GO:0005975	1.0
4N2Q_A	GO:0009658	1.0
4ME2_A	GO:0009658	1.0
4N2S_A	GO:0009658	1.0
8HS0_A	GO:0009082	1.0
8HS0_A	GO:0009082	1.0
8HS0_A	GO:0009082	1.0
2HCZ_X	GO:0019953	1.0
2HCZ_X	GO:0019953	1.0
2HCZ_X	GO:0019953	1.0
2HCZ_X	GO:0019953	1.0
2HCZ_X	GO:0019953	1.0
2HCZ_X	GO:0019953	1.0
2HCZ_X	GO:0019953	1.0
2HCZ_X	GO:0019953	1.0
7TDE_B	GO:0006816	1.0
7TDE_B	GO:0006811	1.0
7TDE_B	GO:0055085	1.0
7TDE_B	GO:0006811	1.0
7TDE_B	GO:0055085	1.0
7TDE_A	GO:0006816	1.0
7TDE_A	GO:0006811	1.0
7TDE_A	GO:0055085	1.0
7TDE_A	GO:0006811	1.0
7TDE_A	GO:0055085	1.0
6J5T_F	GO:0006952	1.0
6J5T_F	GO:0098542	1.0
6J5T_G	GO:0006952	1.0
6J5T_G	GO:0098542	1.0
6J6I_C	GO:0006952	1.0
6J6I_C	GO:0098542	1.0
6J6I_G	GO:0006952	1.0
6J6I_G	GO:0098542	1.0
6J6I_F	GO:0006952	1.0
6J6I_F	GO:0098542	1.0
6J5T_L	GO:0006952	1.0
6J5T_L	GO:0098542	1.0
6J5V_A	GO:0006952	1.0
6J5V_A	GO:0098542	1.0
6J5T_O	GO:0006952	1.0
6J5T_O	GO:0098542	1.0
6J5U_A	GO:0006952	1.0
6J5U_A	GO:0098542	1.0
6J6I_L	GO:0006952	1.0
6J6I_L	GO:0098542	1.0
6J6I_O	GO:0006952	1.0
6J6I_O	GO:0098542	1.0
6J5T_C	GO:0006952	1.0
6J5T_C	GO:0098542	1.0
6J5W_A	GO:0006952	1.0
6J5W_A	GO:0098542	1.0
9SDQ_Bc	GO:0006412	1.0
9SDQ_Bc	GO:0006412	1.0
9SDQ_Bc	GO:0006412	1.0
9SDQ_Bc	GO:0006412	1.0
9HMW_Oa	GO:0006412	1.0
9HMW_Oa	GO:0006412	1.0
9HMW_Oa	GO:0006412	1.0
9HMW_Oa	GO:0006412	1.0
9H3G_Oa	GO:0006412	1.0
9H3G_Oa	GO:0006412	1.0
9H3G_Oa	GO:0006412	1.0
9H3G_Oa	GO:0006412	1.0
9HES_Oa	GO:0006412	1.0
9HES_Oa	GO:0006412	1.0
9HES_Oa	GO:0006412	1.0
9HES_Oa	GO:0006412	1.0
9H6I_Oa	GO:0006412	1.0
9H6I_Oa	GO:0006412	1.0
9H6I_Oa	GO:0006412	1.0
9H6I_Oa	GO:0006412	1.0
8GLV_AG	GO:0007018	1.0
8GLV_AG	GO:0036159	1.0
8GLV_AG	GO:0060294	1.0
7WNQ_B	GO:0006873	1.0
7WNQ_B	GO:0090332	1.0
7WNQ_B	GO:0055085	1.0
7WNQ_A	GO:0006873	1.0
7WNQ_A	GO:0090332	1.0
7WNQ_A	GO:0055085	1.0
7WNQ_C	GO:0006873	1.0
7WNQ_C	GO:0090332	1.0
7WNQ_C	GO:0055085	1.0
8JD9_A	GO:0006812	1.0
8JD9_A	GO:0071805	1.0
8JD9_A	GO:0006812	1.0
8JD9_A	GO:0055085	1.0
8JDA_B	GO:0006812	1.0
8JDA_B	GO:0071805	1.0
8JDA_B	GO:0006812	1.0
8JDA_B	GO:0055085	1.0
8JD9_B	GO:0006812	1.0
8JD9_B	GO:0071805	1.0
8JD9_B	GO:0006812	1.0
8JD9_B	GO:0055085	1.0
8JDA_A	GO:0006812	1.0
8JDA_A	GO:0071805	1.0
8JDA_A	GO:0006812	1.0
8JDA_A	GO:0055085	1.0
3HBX_D	GO:0006536	1.0
3HBX_D	GO:0006536	1.0
3HBX_D	GO:0019752	1.0
3HBX_E	GO:0006536	1.0
3HBX_E	GO:0006536	1.0
3HBX_E	GO:0019752	1.0
3HBX_A	GO:0006536	1.0
3HBX_A	GO:0006536	1.0
3HBX_A	GO:0019752	1.0
3HBX_B	GO:0006536	1.0
3HBX_B	GO:0006536	1.0
3HBX_B	GO:0019752	1.0
3HBX_F	GO:0006536	1.0
3HBX_F	GO:0006536	1.0
3HBX_F	GO:0019752	1.0
3HBX_C	GO:0006536	1.0
3HBX_C	GO:0006536	1.0
3HBX_C	GO:0019752	1.0
9QT9_A	GO:0009926	1.0
9QT9_B	GO:0009926	1.0
6XYW_Bb	GO:0006412	1.0
9SCU_CA	GO:0006412	1.0
9SCU_CA	GO:0006412	1.0
9SCU_CA	GO:0002181	1.0
9SCU_CA	GO:0006412	1.0
9SCU_CA	GO:0006412	1.0
9SCU_CA	GO:0006412	1.0
9SCU_CA	GO:0006412	1.0
9SCU_CA	GO:0006412	1.0
9SCU_CA	GO:0006412	1.0
9SCU_CA	GO:0006412	1.0
3S28_H	GO:0005985	1.0
3S28_H	GO:0005985	1.0
3S27_C	GO:0005985	1.0
3S27_C	GO:0005985	1.0
3S28_G	GO:0005985	1.0
3S28_G	GO:0005985	1.0
3S27_B	GO:0005985	1.0
3S27_B	GO:0005985	1.0
3S27_A	GO:0005985	1.0
3S27_A	GO:0005985	1.0
3S28_D	GO:0005985	1.0
3S28_D	GO:0005985	1.0
3S28_C	GO:0005985	1.0
3S28_C	GO:0005985	1.0
3S29_A	GO:0005985	1.0
3S29_A	GO:0005985	1.0
3S28_F	GO:0005985	1.0
3S28_F	GO:0005985	1.0
3S28_E	GO:0005985	1.0
3S28_E	GO:0005985	1.0
3S29_D	GO:0005985	1.0
3S29_D	GO:0005985	1.0
3S29_E	GO:0005985	1.0
3S29_E	GO:0005985	1.0
3S28_B	GO:0005985	1.0
3S28_B	GO:0005985	1.0
3S29_B	GO:0005985	1.0
3S29_B	GO:0005985	1.0
3S27_H	GO:0005985	1.0
3S27_H	GO:0005985	1.0
3S28_A	GO:0005985	1.0
3S28_A	GO:0005985	1.0
3S29_C	GO:0005985	1.0
3S29_C	GO:0005985	1.0
3S27_G	GO:0005985	1.0
3S27_G	GO:0005985	1.0
3S29_H	GO:0005985	1.0
3S29_H	GO:0005985	1.0
3S27_F	GO:0005985	1.0
3S27_F	GO:0005985	1.0
3S27_E	GO:0005985	1.0
3S27_E	GO:0005985	1.0
3S29_F	GO:0005985	1.0
3S29_F	GO:0005985	1.0
3S27_D	GO:0005985	1.0
3S27_D	GO:0005985	1.0
3S29_G	GO:0005985	1.0
3S29_G	GO:0005985	1.0
9SDP_BV	GO:0006412	1.0
9SDP_BV	GO:0006412	1.0
9SDP_BV	GO:0006412	1.0
9SDP_BV	GO:0006412	1.0
9H3G_AN	GO:0006412	1.0
9H3G_AN	GO:0002181	1.0
9H3G_AN	GO:0006412	1.0
9SCU_w	GO:0006412	1.0
9SCU_w	GO:0002181	1.0
9SCU_w	GO:0006412	1.0
9HMW_AN	GO:0006412	1.0
9HMW_AN	GO:0002181	1.0
9HMW_AN	GO:0006412	1.0
9HES_AN	GO:0006412	1.0
9HES_AN	GO:0002181	1.0
9HES_AN	GO:0006412	1.0
9H6I_AN	GO:0006412	1.0
9H6I_AN	GO:0002181	1.0
9H6I_AN	GO:0006412	1.0
7YJK_F	GO:0009058	1.0
7YJK_F	GO:0046512	1.0
7YJK_B	GO:0009058	1.0
7YJK_B	GO:0046512	1.0
7YJN_B	GO:0009058	1.0
7YJN_B	GO:0046512	1.0
7YJM_B	GO:0009058	1.0
7YJM_B	GO:0046512	1.0
9SDP_cS	GO:0006412	1.0
9SDP_cS	GO:0006412	1.0
9SDP_cS	GO:0006412	1.0
9SDP_cS	GO:0006412	1.0
9SDP_cS	GO:0006412	1.0
8GLV_Kt	GO:0003341	1.0
8GLV_Kt	GO:0007018	1.0
8GLV_Kt	GO:0036158	1.0
8GLV_Aa	GO:0003341	1.0
8GLV_Aa	GO:0007018	1.0
8GLV_Aa	GO:0036158	1.0
8GLV_Lp	GO:0003341	1.0
8GLV_Lp	GO:0007018	1.0
8GLV_Lp	GO:0036158	1.0
8GLV_Ab	GO:0003341	1.0
8GLV_Ab	GO:0007018	1.0
8GLV_Ab	GO:0036158	1.0
8GLV_Fo	GO:0003341	1.0
8GLV_Fo	GO:0007018	1.0
8GLV_Fo	GO:0036158	1.0
7JU4_2	GO:0003352	1.0
7JU4_2	GO:0060285	1.0
7JU4_2	GO:0070286	1.0
7JU4_2	GO:0070286	1.0
8GLV_EB	GO:0003352	1.0
8GLV_EB	GO:0060285	1.0
8GLV_EB	GO:0070286	1.0
8GLV_EB	GO:0070286	1.0
6IU4_A	GO:0030026	1.0
6IU4_A	GO:0030026	1.0
6IU3_A	GO:0030026	1.0
6IU3_A	GO:0030026	1.0
7KZN_F	GO:0007018	1.0
8GLV_Ar	GO:0007018	1.0
8GLV_Kz	GO:0007018	1.0
7KZM_F	GO:0007018	1.0
8GLV_As	GO:0007018	1.0
8GLV_Lr	GO:0007018	1.0
8GLV_GA	GO:0007018	1.0
1E20_A	GO:0015937	1.0
5ZE4_A	GO:0009082	1.0
5ZE4_A	GO:0009082	1.0
5ZE4_A	GO:0009082	1.0
9H3G_AU	GO:0006412	1.0
9H3G_AU	GO:0002181	1.0
9H3G_AU	GO:0006412	1.0
9H3G_AU	GO:0006412	1.0
9H3G_AU	GO:0006412	1.0
9H3G_AU	GO:0006412	1.0
9H6I_AU	GO:0006412	1.0
9H6I_AU	GO:0002181	1.0
9H6I_AU	GO:0006412	1.0
9H6I_AU	GO:0006412	1.0
9H6I_AU	GO:0006412	1.0
9H6I_AU	GO:0006412	1.0
9HES_AU	GO:0006412	1.0
9HES_AU	GO:0002181	1.0
9HES_AU	GO:0006412	1.0
9HES_AU	GO:0006412	1.0
9HES_AU	GO:0006412	1.0
9HES_AU	GO:0006412	1.0
9HMW_AU	GO:0006412	1.0
9HMW_AU	GO:0002181	1.0
9HMW_AU	GO:0006412	1.0
9HMW_AU	GO:0006412	1.0
9HMW_AU	GO:0006412	1.0
9HMW_AU	GO:0006412	1.0
9HMW_Ua	GO:0006412	1.0
9HMW_Ua	GO:0006412	1.0
9HMW_Ua	GO:0006412	1.0
9HMW_Ua	GO:0006412	1.0
9HMW_Ua	GO:0006412	1.0
9H3G_Ua	GO:0006412	1.0
9H3G_Ua	GO:0006412	1.0
9H3G_Ua	GO:0006412	1.0
9H3G_Ua	GO:0006412	1.0
9H3G_Ua	GO:0006412	1.0
9HES_Ua	GO:0006412	1.0
9HES_Ua	GO:0006412	1.0
9HES_Ua	GO:0006412	1.0
9HES_Ua	GO:0006412	1.0
9HES_Ua	GO:0006412	1.0
9H6I_Ua	GO:0006412	1.0
9H6I_Ua	GO:0006412	1.0
9H6I_Ua	GO:0006412	1.0
9H6I_Ua	GO:0006412	1.0
9H6I_Ua	GO:0006412	1.0
8J1E_B	GO:0055085	1.0
8J1E_B	GO:0006091	1.0
8J1E_B	GO:0006091	1.0
8J1E_B	GO:0006091	1.0
8J1E_B	GO:0006091	1.0
8J1E_B	GO:0006091	1.0
8J1E_B	GO:0006091	1.0
8J1E_B	GO:0006091	1.0
8J1E_B	GO:0006091	1.0
8J1E_B	GO:0006091	1.0
8J1E_B	GO:0006091	1.0
8J1E_B	GO:0006091	1.0
8J1E_B	GO:0006873	1.0
8J1E_B	GO:0090332	1.0
8J1E_C	GO:0055085	1.0
8J1E_C	GO:0006091	1.0
8J1E_C	GO:0006091	1.0
8J1E_C	GO:0006091	1.0
8J1E_C	GO:0006091	1.0
8J1E_C	GO:0006091	1.0
8J1E_C	GO:0006091	1.0
8J1E_C	GO:0006091	1.0
8J1E_C	GO:0006091	1.0
8J1E_C	GO:0006091	1.0
8J1E_C	GO:0006091	1.0
8J1E_C	GO:0006091	1.0
8J1E_C	GO:0006873	1.0
8J1E_C	GO:0090332	1.0
8J1E_A	GO:0055085	1.0
8J1E_A	GO:0006091	1.0
8J1E_A	GO:0006091	1.0
8J1E_A	GO:0006091	1.0
8J1E_A	GO:0006091	1.0
8J1E_A	GO:0006091	1.0
8J1E_A	GO:0006091	1.0
8J1E_A	GO:0006091	1.0
8J1E_A	GO:0006091	1.0
8J1E_A	GO:0006091	1.0
8J1E_A	GO:0006091	1.0
8J1E_A	GO:0006091	1.0
8J1E_A	GO:0006873	1.0
8J1E_A	GO:0090332	1.0
6W8R_A	GO:0006508	1.0
6W8R_A	GO:0006508	1.0
6W8R_B	GO:0006508	1.0
6W8R_B	GO:0006508	1.0
7CY8_A	GO:0008643	1.0
7CY8_A	GO:0008643	1.0
7CY8_A	GO:0008643	1.0
7CY8_A	GO:0008643	1.0
7CY8_A	GO:0008643	1.0
7CY8_A	GO:0008643	1.0
7CY8_A	GO:0008643	1.0
7CY8_A	GO:0008643	1.0
7CY8_A	GO:0055085	1.0
7CY8_A	GO:0015768	1.0
7CY8_A	GO:0042956	1.0
7CY6_A	GO:0008643	1.0
7CY6_A	GO:0008643	1.0
7CY6_A	GO:0008643	1.0
7CY6_A	GO:0008643	1.0
7CY6_A	GO:0008643	1.0
7CY6_A	GO:0008643	1.0
7CY6_A	GO:0008643	1.0
7CY6_A	GO:0008643	1.0
7CY6_A	GO:0055085	1.0
7CY6_A	GO:0015768	1.0
7CY6_A	GO:0042956	1.0
7CY5_A	GO:0008643	1.0
7CY5_A	GO:0008643	1.0
7CY5_A	GO:0008643	1.0
7CY5_A	GO:0008643	1.0
7CY5_A	GO:0008643	1.0
7CY5_A	GO:0008643	1.0
7CY5_A	GO:0008643	1.0
7CY5_A	GO:0008643	1.0
7CY5_A	GO:0055085	1.0
7CY5_A	GO:0015768	1.0
7CY5_A	GO:0042956	1.0
7CY4_A	GO:0008643	1.0
7CY4_A	GO:0008643	1.0
7CY4_A	GO:0008643	1.0
7CY4_A	GO:0008643	1.0
7CY4_A	GO:0008643	1.0
7CY4_A	GO:0008643	1.0
7CY4_A	GO:0008643	1.0
7CY4_A	GO:0008643	1.0
7CY4_A	GO:0055085	1.0
7CY4_A	GO:0015768	1.0
7CY4_A	GO:0042956	1.0
7CY7_A	GO:0008643	1.0
7CY7_A	GO:0008643	1.0
7CY7_A	GO:0008643	1.0
7CY7_A	GO:0008643	1.0
7CY7_A	GO:0008643	1.0
7CY7_A	GO:0008643	1.0
7CY7_A	GO:0008643	1.0
7CY7_A	GO:0008643	1.0
7CY7_A	GO:0055085	1.0
7CY7_A	GO:0015768	1.0
7CY7_A	GO:0042956	1.0
9H3G_AF	GO:0006412	1.0
9H3G_AF	GO:0006412	1.0
9H3G_AF	GO:0006412	1.0
9HMW_AF	GO:0006412	1.0
9HMW_AF	GO:0006412	1.0
9HMW_AF	GO:0006412	1.0
9SDQ_BQ	GO:0006412	1.0
9SDQ_BQ	GO:0006412	1.0
9SDQ_BQ	GO:0006412	1.0
9HES_AF	GO:0006412	1.0
9HES_AF	GO:0006412	1.0
9HES_AF	GO:0006412	1.0
9H6I_AF	GO:0006412	1.0
9H6I_AF	GO:0006412	1.0
9H6I_AF	GO:0006412	1.0
9SCU_Ca	GO:0006412	1.0
9SCU_Ca	GO:0006412	1.0
9H6I_Ha	GO:0006412	1.0
9H6I_Ha	GO:0006412	1.0
9HMW_Ha	GO:0006412	1.0
9HMW_Ha	GO:0006412	1.0
9HES_Ha	GO:0006412	1.0
9HES_Ha	GO:0006412	1.0
9H3G_Ha	GO:0006412	1.0
9H3G_Ha	GO:0006412	1.0
9SCU_Cd	GO:0006412	1.0
9SCU_Cd	GO:0006412	1.0
9SCU_Cd	GO:0006412	1.0
9SCU_Cd	GO:0002181	1.0
9SCU_Cd	GO:0006412	1.0
9SCU_Cd	GO:0006412	1.0
9JSQ_A	GO:0009082	1.0
9JSQ_A	GO:0009082	1.0
9JSQ_A	GO:0009082	1.0
9SDP_BH	GO:0006364	1.0
9SDP_BH	GO:0006412	1.0
9SDP_BH	GO:0006412	1.0
9SDQ_BT	GO:0006412	1.0
9SDQ_BT	GO:0006412	1.0
9SDQ_BT	GO:0006412	1.0
9SDQ_BT	GO:0006412	1.0
7KZO_C	GO:0007018	1.0
7KZO_C	GO:0007018	1.0
8GLV_AD	GO:0007018	1.0
8GLV_AD	GO:0007018	1.0
8GLV_Fa	GO:0007018	1.0
8GLV_Fa	GO:0007018	1.0
8GLV_Ks	GO:0007018	1.0
8GLV_Ks	GO:0007018	1.0
7KZM_C	GO:0007018	1.0
7KZM_C	GO:0007018	1.0
8GLV_Lo	GO:0007018	1.0
8GLV_Lo	GO:0007018	1.0
7KZN_C	GO:0007018	1.0
7KZN_C	GO:0007018	1.0
8GLV_AX	GO:0007018	1.0
8GLV_AX	GO:0007018	1.0
7X0C_A	GO:0006629	1.0
7X0C_B	GO:0006629	1.0
9HMW_BT	GO:0006412	1.0
9HMW_BT	GO:0006412	1.0
9HMW_BT	GO:0006412	1.0
9H3G_BT	GO:0006412	1.0
9H3G_BT	GO:0006412	1.0
9H3G_BT	GO:0006412	1.0
9H6I_BT	GO:0006412	1.0
9H6I_BT	GO:0006412	1.0
9H6I_BT	GO:0006412	1.0
9SCU_CC	GO:0006412	1.0
9SCU_CC	GO:0006412	1.0
9SCU_CC	GO:0006412	1.0
9HES_BT	GO:0006412	1.0
9HES_BT	GO:0006412	1.0
9HES_BT	GO:0006412	1.0
9H3G_Ma	GO:0006412	1.0
9H3G_Ma	GO:0006412	1.0
9H6I_Ma	GO:0006412	1.0
9H6I_Ma	GO:0006412	1.0
9HES_Ma	GO:0006412	1.0
9HES_Ma	GO:0006412	1.0
9HMW_Ma	GO:0006412	1.0
9HMW_Ma	GO:0006412	1.0
2WWB_K	GO:0006412	1.0
2WWB_K	GO:0006412	1.0
2WWB_K	GO:0006412	1.0
2WWB_K	GO:0006412	1.0
9HMW_BP	GO:0006412	1.0
9HMW_BP	GO:0006412	1.0
9HMW_BP	GO:0006412	1.0
9HMW_BP	GO:0006412	1.0
9HMW_BP	GO:0006412	1.0
9HMW_BP	GO:0006412	1.0
9HMW_BP	GO:0000463	1.0
9HMW_BP	GO:0000463	1.0
9HMW_BP	GO:0006412	1.0
9SCU_Ch	GO:0006412	1.0
9SCU_Ch	GO:0006412	1.0
9SCU_Ch	GO:0006412	1.0
9SCU_Ch	GO:0006412	1.0
9SCU_Ch	GO:0006412	1.0
9SCU_Ch	GO:0006412	1.0
9SCU_Ch	GO:0000463	1.0
9SCU_Ch	GO:0000463	1.0
9SCU_Ch	GO:0006412	1.0
9H3G_BP	GO:0006412	1.0
9H3G_BP	GO:0006412	1.0
9H3G_BP	GO:0006412	1.0
9H3G_BP	GO:0006412	1.0
9H3G_BP	GO:0006412	1.0
9H3G_BP	GO:0006412	1.0
9H3G_BP	GO:0000463	1.0
9H3G_BP	GO:0000463	1.0
9H3G_BP	GO:0006412	1.0
9H6I_BP	GO:0006412	1.0
9H6I_BP	GO:0006412	1.0
9H6I_BP	GO:0006412	1.0
9H6I_BP	GO:0006412	1.0
9H6I_BP	GO:0006412	1.0
9H6I_BP	GO:0006412	1.0
9H6I_BP	GO:0000463	1.0
9H6I_BP	GO:0000463	1.0
9H6I_BP	GO:0006412	1.0
9HES_BP	GO:0006412	1.0
9HES_BP	GO:0006412	1.0
9HES_BP	GO:0006412	1.0
9HES_BP	GO:0006412	1.0
9HES_BP	GO:0006412	1.0
9HES_BP	GO:0006412	1.0
9HES_BP	GO:0000463	1.0
9HES_BP	GO:0000463	1.0
9HES_BP	GO:0006412	1.0
9SDP_BZ	GO:0006412	1.0
9SDP_BZ	GO:0006412	1.0
2RKN_A	GO:0009627	1.0
9SDP_BC	GO:0006412	1.0
9SDP_BC	GO:0006412	1.0
9SDP_BC	GO:0006412	1.0
9SDP_BC	GO:0006412	1.0
9SDP_BC	GO:0006412	1.0
9SDP_BC	GO:0006412	1.0
6E1M_A	GO:0006816	1.0
6E1M_A	GO:0006811	1.0
6E1M_A	GO:0055085	1.0
6E1M_A	GO:0006811	1.0
6E1M_A	GO:0055085	1.0
6E1P_A	GO:0006816	1.0
6E1P_A	GO:0006811	1.0
6E1P_A	GO:0055085	1.0
6E1P_A	GO:0006811	1.0
6E1P_A	GO:0055085	1.0
6E1P_B	GO:0006816	1.0
6E1P_B	GO:0006811	1.0
6E1P_B	GO:0055085	1.0
6E1P_B	GO:0006811	1.0
6E1P_B	GO:0055085	1.0
6E1N_B	GO:0006816	1.0
6E1N_B	GO:0006811	1.0
6E1N_B	GO:0055085	1.0
6E1N_B	GO:0006811	1.0
6E1N_B	GO:0055085	1.0
6E1N_A	GO:0006816	1.0
6E1N_A	GO:0006811	1.0
6E1N_A	GO:0055085	1.0
6E1N_A	GO:0006811	1.0
6E1N_A	GO:0055085	1.0
6E1K_B	GO:0006816	1.0
6E1K_B	GO:0006811	1.0
6E1K_B	GO:0055085	1.0
6E1K_B	GO:0006811	1.0
6E1K_B	GO:0055085	1.0
6E1K_A	GO:0006816	1.0
6E1K_A	GO:0006811	1.0
6E1K_A	GO:0055085	1.0
6E1K_A	GO:0006811	1.0
6E1K_A	GO:0055085	1.0
6E1M_B	GO:0006816	1.0
6E1M_B	GO:0006811	1.0
6E1M_B	GO:0055085	1.0
6E1M_B	GO:0006811	1.0
6E1M_B	GO:0055085	1.0
5TOS_A	GO:0006468	1.0
5TOS_A	GO:0006468	1.0
5TOS_A	GO:0006468	1.0
5TOS_A	GO:0006468	1.0
5TOS_B	GO:0006468	1.0
5TOS_B	GO:0006468	1.0
5TOS_B	GO:0006468	1.0
5TOS_B	GO:0006468	1.0
2QQV_A	GO:0005975	1.0
2QQV_A	GO:0005975	1.0
9LED_A	GO:0006096	1.0
9LED_A	GO:0006096	1.0
9LED_B	GO:0006096	1.0
9LED_B	GO:0006096	1.0
9KHF_B	GO:0006813	1.0
9KHF_B	GO:0006813	1.0
9KHF_B	GO:0006813	1.0
9KHF_B	GO:0006813	1.0
9KHF_B	GO:0006813	1.0
9KHF_B	GO:0006813	1.0
9KHF_B	GO:0006811	1.0
9KHF_B	GO:0055085	1.0
9KHF_A	GO:0006813	1.0
9KHF_A	GO:0006813	1.0
9KHF_A	GO:0006813	1.0
9KHF_A	GO:0006813	1.0
9KHF_A	GO:0006813	1.0
9KHF_A	GO:0006813	1.0
9KHF_A	GO:0006811	1.0
9KHF_A	GO:0055085	1.0
9KHF_D	GO:0006813	1.0
9KHF_D	GO:0006813	1.0
9KHF_D	GO:0006813	1.0
9KHF_D	GO:0006813	1.0
9KHF_D	GO:0006813	1.0
9KHF_D	GO:0006813	1.0
9KHF_D	GO:0006811	1.0
9KHF_D	GO:0055085	1.0
9KHF_C	GO:0006813	1.0
9KHF_C	GO:0006813	1.0
9KHF_C	GO:0006813	1.0
9KHF_C	GO:0006813	1.0
9KHF_C	GO:0006813	1.0
9KHF_C	GO:0006813	1.0
9KHF_C	GO:0006811	1.0
9KHF_C	GO:0055085	1.0
9SCU_Cf	GO:0006412	1.0
9SCU_Cf	GO:0006412	1.0
9SCU_Cf	GO:0006412	1.0
9SCU_Cf	GO:0006412	1.0
9SCU_CT	GO:0006412	1.0
9SCU_CT	GO:0006412	1.0
9SCU_CT	GO:0006412	1.0
9SCU_CT	GO:0006412	1.0
2QQU_A	GO:0005975	1.0
2QQU_A	GO:0005975	1.0
4XUW_B	GO:0006869	1.0
4XUW_B	GO:0006869	1.0
4XUW_B	GO:0006869	1.0
4XUW_B	GO:0006869	1.0
4XUW_B	GO:0006869	1.0
4XUW_B	GO:0006869	1.0
4XUW_B	GO:0006869	1.0
4XUW_A	GO:0006869	1.0
4XUW_A	GO:0006869	1.0
4XUW_A	GO:0006869	1.0
4XUW_A	GO:0006869	1.0
4XUW_A	GO:0006869	1.0
4XUW_A	GO:0006869	1.0
4XUW_A	GO:0006869	1.0
9SDP_BB	GO:0006412	1.0
9SDP_BB	GO:0006412	1.0
9SDP_BB	GO:0006412	1.0
9SDP_BB	GO:0006412	1.0
8IMU_A	GO:0009082	1.0
8IMU_A	GO:0009082	1.0
8IMU_A	GO:0009082	1.0
8IMU_B	GO:0009082	1.0
8IMU_B	GO:0009082	1.0
8IMU_B	GO:0009082	1.0
6XYW_Ak	GO:0006412	1.0
6XYW_Ak	GO:0006412	1.0
6XYW_Ak	GO:0006412	1.0
6XYW_Ak	GO:0006412	1.0
6XYW_Ak	GO:0006412	1.0
6XYW_Ak	GO:0006412	1.0
6XYW_Ak	GO:0006412	1.0
8WUI_B	GO:0006813	1.0
8WUI_B	GO:0006811	1.0
8WUI_B	GO:0055085	1.0
8WUI_B	GO:0006813	1.0
8WUI_B	GO:0006813	1.0
8WUI_B	GO:0006813	1.0
8WUI_B	GO:0006813	1.0
8WUI_C	GO:0006813	1.0
8WUI_C	GO:0006811	1.0
8WUI_C	GO:0055085	1.0
8WUI_C	GO:0006813	1.0
8WUI_C	GO:0006813	1.0
8WUI_C	GO:0006813	1.0
8WUI_C	GO:0006813	1.0
8WUI_D	GO:0006813	1.0
8WUI_D	GO:0006811	1.0
8WUI_D	GO:0055085	1.0
8WUI_D	GO:0006813	1.0
8WUI_D	GO:0006813	1.0
8WUI_D	GO:0006813	1.0
8WUI_D	GO:0006813	1.0
8WUI_A	GO:0006813	1.0
8WUI_A	GO:0006811	1.0
8WUI_A	GO:0055085	1.0
8WUI_A	GO:0006813	1.0
8WUI_A	GO:0006813	1.0
8WUI_A	GO:0006813	1.0
8WUI_A	GO:0006813	1.0
2AC1_A	GO:0005975	1.0
2AC1_A	GO:0005975	1.0
5WX9_A	GO:0006355	1.0
5WX9_A	GO:0006355	1.0
5WX9_A	GO:0006355	1.0
5WX9_A	GO:0006355	1.0
5WX9_A	GO:0006355	1.0
5WX9_A	GO:0006355	1.0
5WX9_A	GO:0009873	1.0
5WX9_A	GO:0006355	1.0
7TDD_A	GO:0006811	1.0
7TDD_A	GO:0055085	1.0
7TDD_A	GO:0006811	1.0
7TDD_A	GO:0055085	1.0
7TDD_A	GO:0006816	1.0
7TDD_B	GO:0006811	1.0
7TDD_B	GO:0055085	1.0
7TDD_B	GO:0006811	1.0
7TDD_B	GO:0055085	1.0
7TDD_B	GO:0006816	1.0
1SIY_A	GO:0006869	1.0
1SIY_A	GO:0006869	1.0
1SIY_A	GO:0006869	1.0
1SIY_A	GO:0006869	1.0
1SIY_A	GO:0006869	1.0
1SIY_A	GO:0006869	1.0
1SIY_A	GO:0006869	1.0
8TDL_F	GO:0055085	1.0
8TDL_F	GO:0006820	1.0
8TDL_F	GO:0050982	1.0
8TDL_E	GO:0055085	1.0
8TDL_E	GO:0006820	1.0
8TDL_E	GO:0050982	1.0
8TDL_G	GO:0055085	1.0
8TDL_G	GO:0006820	1.0
8TDL_G	GO:0050982	1.0
8TDJ_G	GO:0055085	1.0
8TDJ_G	GO:0006820	1.0
8TDJ_G	GO:0050982	1.0
8TDJ_E	GO:0055085	1.0
8TDJ_E	GO:0006820	1.0
8TDJ_E	GO:0050982	1.0
8TDJ_F	GO:0055085	1.0
8TDJ_F	GO:0006820	1.0
8TDJ_F	GO:0050982	1.0
8TDJ_C	GO:0055085	1.0
8TDJ_C	GO:0006820	1.0
8TDJ_C	GO:0050982	1.0
8TDJ_D	GO:0055085	1.0
8TDJ_D	GO:0006820	1.0
8TDJ_D	GO:0050982	1.0
8TDL_C	GO:0055085	1.0
8TDL_C	GO:0006820	1.0
8TDL_C	GO:0050982	1.0
8TDJ_A	GO:0055085	1.0
8TDJ_A	GO:0006820	1.0
8TDJ_A	GO:0050982	1.0
8TDJ_B	GO:0055085	1.0
8TDJ_B	GO:0006820	1.0
8TDJ_B	GO:0050982	1.0
8TDL_A	GO:0055085	1.0
8TDL_A	GO:0006820	1.0
8TDL_A	GO:0050982	1.0
8TDL_D	GO:0055085	1.0
8TDL_D	GO:0006820	1.0
8TDL_D	GO:0050982	1.0
8TDL_B	GO:0055085	1.0
8TDL_B	GO:0006820	1.0
8TDL_B	GO:0050982	1.0
9J5I_A	GO:0006470	1.0
9J5I_D	GO:0006470	1.0
9J5K_D	GO:0006470	1.0
9J5R_A	GO:0006470	1.0
9J5N_A	GO:0006470	1.0
9J5K_A	GO:0006470	1.0
7Y3E_A	GO:0006812	1.0
7Y3E_A	GO:0071805	1.0
7Y3E_A	GO:0006812	1.0
7Y3E_A	GO:0055085	1.0
7Y3E_B	GO:0006812	1.0
7Y3E_B	GO:0071805	1.0
7Y3E_B	GO:0006812	1.0
7Y3E_B	GO:0055085	1.0
8HYA_B	GO:0006812	1.0
8HYA_B	GO:0071805	1.0
8HYA_B	GO:0006812	1.0
8HYA_B	GO:0055085	1.0
8HYA_A	GO:0006812	1.0
8HYA_A	GO:0071805	1.0
8HYA_A	GO:0006812	1.0
8HYA_A	GO:0055085	1.0
7JU4_1	GO:0003352	1.0
7JU4_1	GO:0060285	1.0
7JU4_1	GO:0070286	1.0
7JU4_1	GO:0070286	1.0
8GLV_EA	GO:0003352	1.0
8GLV_EA	GO:0060285	1.0
8GLV_EA	GO:0070286	1.0
8GLV_EA	GO:0070286	1.0
7KZM_D	GO:0003341	1.0
7KZM_D	GO:0007018	1.0
7KZM_D	GO:0036158	1.0
7KZN_D	GO:0003341	1.0
7KZN_D	GO:0007018	1.0
7KZN_D	GO:0036158	1.0
9VK1_A	GO:0019432	1.0
9VK1_A	GO:0019432	1.0
9VK0_B	GO:0019432	1.0
9VK0_B	GO:0019432	1.0
9VK1_B	GO:0019432	1.0
9VK1_B	GO:0019432	1.0
9VK0_A	GO:0019432	1.0
9VK0_A	GO:0019432	1.0
8JWE_D	GO:0006820	1.0
8JWE_D	GO:0050982	1.0
8JWE_D	GO:0055085	1.0
8JWE_C	GO:0006820	1.0
8JWE_C	GO:0050982	1.0
8JWE_C	GO:0055085	1.0
8JWE_B	GO:0006820	1.0
8JWE_B	GO:0050982	1.0
8JWE_B	GO:0055085	1.0
8JWE_A	GO:0006820	1.0
8JWE_A	GO:0050982	1.0
8JWE_A	GO:0055085	1.0
8JWE_G	GO:0006820	1.0
8JWE_G	GO:0050982	1.0
8JWE_G	GO:0055085	1.0
8JWE_F	GO:0006820	1.0
8JWE_F	GO:0050982	1.0
8JWE_F	GO:0055085	1.0
8JWE_E	GO:0006820	1.0
8JWE_E	GO:0050982	1.0
8JWE_E	GO:0055085	1.0
9HMW_BM	GO:0006412	1.0
9HMW_BM	GO:0006412	1.0
9HMW_BM	GO:0002181	1.0
9HMW_BM	GO:0006412	1.0
9HMW_BM	GO:0006412	1.0
9HMW_BM	GO:0006412	1.0
9HMW_BM	GO:0006412	1.0
9HMW_BM	GO:0006412	1.0
9H6I_BM	GO:0006412	1.0
9H6I_BM	GO:0006412	1.0
9H6I_BM	GO:0002181	1.0
9H6I_BM	GO:0006412	1.0
9H6I_BM	GO:0006412	1.0
9H6I_BM	GO:0006412	1.0
9H6I_BM	GO:0006412	1.0
9H6I_BM	GO:0006412	1.0
9SCU_CP	GO:0006412	1.0
9SCU_CP	GO:0006412	1.0
9SCU_CP	GO:0002181	1.0
9SCU_CP	GO:0006412	1.0
9SCU_CP	GO:0006412	1.0
9SCU_CP	GO:0006412	1.0
9SCU_CP	GO:0006412	1.0
9SCU_CP	GO:0006412	1.0
9HES_BM	GO:0006412	1.0
9HES_BM	GO:0006412	1.0
9HES_BM	GO:0002181	1.0
9HES_BM	GO:0006412	1.0
9HES_BM	GO:0006412	1.0
9HES_BM	GO:0006412	1.0
9HES_BM	GO:0006412	1.0
9HES_BM	GO:0006412	1.0
9H3G_BM	GO:0006412	1.0
9H3G_BM	GO:0006412	1.0
9H3G_BM	GO:0002181	1.0
9H3G_BM	GO:0006412	1.0
9H3G_BM	GO:0006412	1.0
9H3G_BM	GO:0006412	1.0
9H3G_BM	GO:0006412	1.0
9H3G_BM	GO:0006412	1.0
8GLV_Br	GO:0007017	1.0
8GLV_Br	GO:0007017	1.0
8GLV_Br	GO:0007017	1.0
8GLV_Br	GO:0007017	1.0
8GLV_Br	GO:0007017	1.0
8GLV_Br	GO:0007017	1.0
7JU4_o	GO:0007017	1.0
7JU4_o	GO:0007017	1.0
7JU4_o	GO:0007017	1.0
7JU4_o	GO:0007017	1.0
7JU4_o	GO:0007017	1.0
7JU4_o	GO:0007017	1.0
8GLV_AQ	GO:0007017	1.0
8GLV_AQ	GO:0007017	1.0
8GLV_AQ	GO:0007017	1.0
8GLV_AQ	GO:0007017	1.0
8GLV_AQ	GO:0007017	1.0
8GLV_AQ	GO:0007017	1.0
7JU4_p	GO:0007017	1.0
7JU4_p	GO:0007017	1.0
7JU4_p	GO:0007017	1.0
7JU4_p	GO:0007017	1.0
7JU4_p	GO:0007017	1.0
7JU4_p	GO:0007017	1.0
7JU4_q	GO:0007017	1.0
7JU4_q	GO:0007017	1.0
7JU4_q	GO:0007017	1.0
7JU4_q	GO:0007017	1.0
7JU4_q	GO:0007017	1.0
7JU4_q	GO:0007017	1.0
7JU4_r	GO:0007017	1.0
7JU4_r	GO:0007017	1.0
7JU4_r	GO:0007017	1.0
7JU4_r	GO:0007017	1.0
7JU4_r	GO:0007017	1.0
7JU4_r	GO:0007017	1.0
8GLV_AN	GO:0007017	1.0
8GLV_AN	GO:0007017	1.0
8GLV_AN	GO:0007017	1.0
8GLV_AN	GO:0007017	1.0
8GLV_AN	GO:0007017	1.0
8GLV_AN	GO:0007017	1.0
8GLV_CO	GO:0007017	1.0
8GLV_CO	GO:0007017	1.0
8GLV_CO	GO:0007017	1.0
8GLV_CO	GO:0007017	1.0
8GLV_CO	GO:0007017	1.0
8GLV_CO	GO:0007017	1.0
8GLV_AM	GO:0007017	1.0
8GLV_AM	GO:0007017	1.0
8GLV_AM	GO:0007017	1.0
8GLV_AM	GO:0007017	1.0
8GLV_AM	GO:0007017	1.0
8GLV_AM	GO:0007017	1.0
8GLV_GZ	GO:0007017	1.0
8GLV_GZ	GO:0007017	1.0
8GLV_GZ	GO:0007017	1.0
8GLV_GZ	GO:0007017	1.0
8GLV_GZ	GO:0007017	1.0
8GLV_GZ	GO:0007017	1.0
8GLV_AP	GO:0007017	1.0
8GLV_AP	GO:0007017	1.0
8GLV_AP	GO:0007017	1.0
8GLV_AP	GO:0007017	1.0
8GLV_AP	GO:0007017	1.0
8GLV_AP	GO:0007017	1.0
8GLV_Bp	GO:0007017	1.0
8GLV_Bp	GO:0007017	1.0
8GLV_Bp	GO:0007017	1.0
8GLV_Bp	GO:0007017	1.0
8GLV_Bp	GO:0007017	1.0
8GLV_Bp	GO:0007017	1.0
8GLV_AO	GO:0007017	1.0
8GLV_AO	GO:0007017	1.0
8GLV_AO	GO:0007017	1.0
8GLV_AO	GO:0007017	1.0
8GLV_AO	GO:0007017	1.0
8GLV_AO	GO:0007017	1.0
8GLV_Bq	GO:0007017	1.0
8GLV_Bq	GO:0007017	1.0
8GLV_Bq	GO:0007017	1.0
8GLV_Bq	GO:0007017	1.0
8GLV_Bq	GO:0007017	1.0
8GLV_Bq	GO:0007017	1.0
7JTS_g	GO:0007017	1.0
7JTS_g	GO:0007017	1.0
7JTS_g	GO:0007017	1.0
7JTS_g	GO:0007017	1.0
7JTS_g	GO:0007017	1.0
7JTS_g	GO:0007017	1.0
7JU4_g	GO:0007017	1.0
7JU4_g	GO:0007017	1.0
7JU4_g	GO:0007017	1.0
7JU4_g	GO:0007017	1.0
7JU4_g	GO:0007017	1.0
7JU4_g	GO:0007017	1.0
8GLV_KP	GO:0007017	1.0
8GLV_KP	GO:0007017	1.0
8GLV_KP	GO:0007017	1.0
8GLV_KP	GO:0007017	1.0
8GLV_KP	GO:0007017	1.0
8GLV_KP	GO:0007017	1.0
7JTS_h	GO:0007017	1.0
7JTS_h	GO:0007017	1.0
7JTS_h	GO:0007017	1.0
7JTS_h	GO:0007017	1.0
7JTS_h	GO:0007017	1.0
7JTS_h	GO:0007017	1.0
7JU4_h	GO:0007017	1.0
7JU4_h	GO:0007017	1.0
7JU4_h	GO:0007017	1.0
7JU4_h	GO:0007017	1.0
7JU4_h	GO:0007017	1.0
7JU4_h	GO:0007017	1.0
8GLV_KO	GO:0007017	1.0
8GLV_KO	GO:0007017	1.0
8GLV_KO	GO:0007017	1.0
8GLV_KO	GO:0007017	1.0
8GLV_KO	GO:0007017	1.0
8GLV_KO	GO:0007017	1.0
8GLV_AL	GO:0007017	1.0
8GLV_AL	GO:0007017	1.0
8GLV_AL	GO:0007017	1.0
8GLV_AL	GO:0007017	1.0
8GLV_AL	GO:0007017	1.0
8GLV_AL	GO:0007017	1.0
7KZM_N	GO:0007017	1.0
7KZM_N	GO:0007017	1.0
7KZM_N	GO:0007017	1.0
7KZM_N	GO:0007017	1.0
7KZM_N	GO:0007017	1.0
7KZM_N	GO:0007017	1.0
8GLV_KR	GO:0007017	1.0
8GLV_KR	GO:0007017	1.0
8GLV_KR	GO:0007017	1.0
8GLV_KR	GO:0007017	1.0
8GLV_KR	GO:0007017	1.0
8GLV_KR	GO:0007017	1.0
8GLV_KQ	GO:0007017	1.0
8GLV_KQ	GO:0007017	1.0
8GLV_KQ	GO:0007017	1.0
8GLV_KQ	GO:0007017	1.0
8GLV_KQ	GO:0007017	1.0
8GLV_KQ	GO:0007017	1.0
7KZM_L	GO:0007017	1.0
7KZM_L	GO:0007017	1.0
7KZM_L	GO:0007017	1.0
7KZM_L	GO:0007017	1.0
7KZM_L	GO:0007017	1.0
7KZM_L	GO:0007017	1.0
8GLV_KT	GO:0007017	1.0
8GLV_KT	GO:0007017	1.0
8GLV_KT	GO:0007017	1.0
8GLV_KT	GO:0007017	1.0
8GLV_KT	GO:0007017	1.0
8GLV_KT	GO:0007017	1.0
7KZM_M	GO:0007017	1.0
7KZM_M	GO:0007017	1.0
7KZM_M	GO:0007017	1.0
7KZM_M	GO:0007017	1.0
7KZM_M	GO:0007017	1.0
7KZM_M	GO:0007017	1.0
8GLV_KS	GO:0007017	1.0
8GLV_KS	GO:0007017	1.0
8GLV_KS	GO:0007017	1.0
8GLV_KS	GO:0007017	1.0
8GLV_KS	GO:0007017	1.0
8GLV_KS	GO:0007017	1.0
7KZM_K	GO:0007017	1.0
7KZM_K	GO:0007017	1.0
7KZM_K	GO:0007017	1.0
7KZM_K	GO:0007017	1.0
7KZM_K	GO:0007017	1.0
7KZM_K	GO:0007017	1.0
7KZN_M	GO:0007017	1.0
7KZN_M	GO:0007017	1.0
7KZN_M	GO:0007017	1.0
7KZN_M	GO:0007017	1.0
7KZN_M	GO:0007017	1.0
7KZN_M	GO:0007017	1.0
8GLV_CC	GO:0007017	1.0
8GLV_CC	GO:0007017	1.0
8GLV_CC	GO:0007017	1.0
8GLV_CC	GO:0007017	1.0
8GLV_CC	GO:0007017	1.0
8GLV_CC	GO:0007017	1.0
7KZN_N	GO:0007017	1.0
7KZN_N	GO:0007017	1.0
7KZN_N	GO:0007017	1.0
7KZN_N	GO:0007017	1.0
7KZN_N	GO:0007017	1.0
7KZN_N	GO:0007017	1.0
8GLV_CD	GO:0007017	1.0
8GLV_CD	GO:0007017	1.0
8GLV_CD	GO:0007017	1.0
8GLV_CD	GO:0007017	1.0
8GLV_CD	GO:0007017	1.0
8GLV_CD	GO:0007017	1.0
8GLV_Be	GO:0007017	1.0
8GLV_Be	GO:0007017	1.0
8GLV_Be	GO:0007017	1.0
8GLV_Be	GO:0007017	1.0
8GLV_Be	GO:0007017	1.0
8GLV_Be	GO:0007017	1.0
7KZN_K	GO:0007017	1.0
7KZN_K	GO:0007017	1.0
7KZN_K	GO:0007017	1.0
7KZN_K	GO:0007017	1.0
7KZN_K	GO:0007017	1.0
7KZN_K	GO:0007017	1.0
8GLV_KN	GO:0007017	1.0
8GLV_KN	GO:0007017	1.0
8GLV_KN	GO:0007017	1.0
8GLV_KN	GO:0007017	1.0
8GLV_KN	GO:0007017	1.0
8GLV_KN	GO:0007017	1.0
7KZN_L	GO:0007017	1.0
7KZN_L	GO:0007017	1.0
7KZN_L	GO:0007017	1.0
7KZN_L	GO:0007017	1.0
7KZN_L	GO:0007017	1.0
7KZN_L	GO:0007017	1.0
8GLV_CB	GO:0007017	1.0
8GLV_CB	GO:0007017	1.0
8GLV_CB	GO:0007017	1.0
8GLV_CB	GO:0007017	1.0
8GLV_CB	GO:0007017	1.0
8GLV_CB	GO:0007017	1.0
8GLV_KM	GO:0007017	1.0
8GLV_KM	GO:0007017	1.0
8GLV_KM	GO:0007017	1.0
8GLV_KM	GO:0007017	1.0
8GLV_KM	GO:0007017	1.0
8GLV_KM	GO:0007017	1.0
8GLV_MB	GO:0007017	1.0
8GLV_MB	GO:0007017	1.0
8GLV_MB	GO:0007017	1.0
8GLV_MB	GO:0007017	1.0
8GLV_MB	GO:0007017	1.0
8GLV_MB	GO:0007017	1.0
8GLV_MD	GO:0007017	1.0
8GLV_MD	GO:0007017	1.0
8GLV_MD	GO:0007017	1.0
8GLV_MD	GO:0007017	1.0
8GLV_MD	GO:0007017	1.0
8GLV_MD	GO:0007017	1.0
8GLV_MC	GO:0007017	1.0
8GLV_MC	GO:0007017	1.0
8GLV_MC	GO:0007017	1.0
8GLV_MC	GO:0007017	1.0
8GLV_MC	GO:0007017	1.0
8GLV_MC	GO:0007017	1.0
8GLV_ME	GO:0007017	1.0
8GLV_ME	GO:0007017	1.0
8GLV_ME	GO:0007017	1.0
8GLV_ME	GO:0007017	1.0
8GLV_ME	GO:0007017	1.0
8GLV_ME	GO:0007017	1.0
8GLV_Iu	GO:0007017	1.0
8GLV_Iu	GO:0007017	1.0
8GLV_Iu	GO:0007017	1.0
8GLV_Iu	GO:0007017	1.0
8GLV_Iu	GO:0007017	1.0
8GLV_Iu	GO:0007017	1.0
8GLV_I6	GO:0007017	1.0
8GLV_I6	GO:0007017	1.0
8GLV_I6	GO:0007017	1.0
8GLV_I6	GO:0007017	1.0
8GLV_I6	GO:0007017	1.0
8GLV_I6	GO:0007017	1.0
7JTK_b	GO:0007017	1.0
7JTK_b	GO:0007017	1.0
7JTK_b	GO:0007017	1.0
7JTK_b	GO:0007017	1.0
7JTK_b	GO:0007017	1.0
7JTK_b	GO:0007017	1.0
8GLV_Io	GO:0007017	1.0
8GLV_Io	GO:0007017	1.0
8GLV_Io	GO:0007017	1.0
8GLV_Io	GO:0007017	1.0
8GLV_Io	GO:0007017	1.0
8GLV_Io	GO:0007017	1.0
7JTK_a	GO:0007017	1.0
7JTK_a	GO:0007017	1.0
7JTK_a	GO:0007017	1.0
7JTK_a	GO:0007017	1.0
7JTK_a	GO:0007017	1.0
7JTK_a	GO:0007017	1.0
8GLV_Ip	GO:0007017	1.0
8GLV_Ip	GO:0007017	1.0
8GLV_Ip	GO:0007017	1.0
8GLV_Ip	GO:0007017	1.0
8GLV_Ip	GO:0007017	1.0
8GLV_Ip	GO:0007017	1.0
8GLV_Is	GO:0007017	1.0
8GLV_Is	GO:0007017	1.0
8GLV_Is	GO:0007017	1.0
8GLV_Is	GO:0007017	1.0
8GLV_Is	GO:0007017	1.0
8GLV_Is	GO:0007017	1.0
8GLV_It	GO:0007017	1.0
8GLV_It	GO:0007017	1.0
8GLV_It	GO:0007017	1.0
8GLV_It	GO:0007017	1.0
8GLV_It	GO:0007017	1.0
8GLV_It	GO:0007017	1.0
7JTK_d	GO:0007017	1.0
7JTK_d	GO:0007017	1.0
7JTK_d	GO:0007017	1.0
7JTK_d	GO:0007017	1.0
7JTK_d	GO:0007017	1.0
7JTK_d	GO:0007017	1.0
8GLV_Iq	GO:0007017	1.0
8GLV_Iq	GO:0007017	1.0
8GLV_Iq	GO:0007017	1.0
8GLV_Iq	GO:0007017	1.0
8GLV_Iq	GO:0007017	1.0
8GLV_Iq	GO:0007017	1.0
7JTK_c	GO:0007017	1.0
7JTK_c	GO:0007017	1.0
7JTK_c	GO:0007017	1.0
7JTK_c	GO:0007017	1.0
7JTK_c	GO:0007017	1.0
7JTK_c	GO:0007017	1.0
8GLV_Ir	GO:0007017	1.0
8GLV_Ir	GO:0007017	1.0
8GLV_Ir	GO:0007017	1.0
8GLV_Ir	GO:0007017	1.0
8GLV_Ir	GO:0007017	1.0
8GLV_Ir	GO:0007017	1.0
8GLV_Ge	GO:0007017	1.0
8GLV_Ge	GO:0007017	1.0
8GLV_Ge	GO:0007017	1.0
8GLV_Ge	GO:0007017	1.0
8GLV_Ge	GO:0007017	1.0
8GLV_Ge	GO:0007017	1.0
7JTS_a	GO:0007017	1.0
7JTS_a	GO:0007017	1.0
7JTS_a	GO:0007017	1.0
7JTS_a	GO:0007017	1.0
7JTS_a	GO:0007017	1.0
7JTS_a	GO:0007017	1.0
7JU4_a	GO:0007017	1.0
7JU4_a	GO:0007017	1.0
7JU4_a	GO:0007017	1.0
7JU4_a	GO:0007017	1.0
7JU4_a	GO:0007017	1.0
7JU4_a	GO:0007017	1.0
7JTS_b	GO:0007017	1.0
7JTS_b	GO:0007017	1.0
7JTS_b	GO:0007017	1.0
7JTS_b	GO:0007017	1.0
7JTS_b	GO:0007017	1.0
7JTS_b	GO:0007017	1.0
7JU4_b	GO:0007017	1.0
7JU4_b	GO:0007017	1.0
7JU4_b	GO:0007017	1.0
7JU4_b	GO:0007017	1.0
7JU4_b	GO:0007017	1.0
7JU4_b	GO:0007017	1.0
8GLV_FB	GO:0007017	1.0
8GLV_FB	GO:0007017	1.0
8GLV_FB	GO:0007017	1.0
8GLV_FB	GO:0007017	1.0
8GLV_FB	GO:0007017	1.0
8GLV_FB	GO:0007017	1.0
7JTS_c	GO:0007017	1.0
7JTS_c	GO:0007017	1.0
7JTS_c	GO:0007017	1.0
7JTS_c	GO:0007017	1.0
7JTS_c	GO:0007017	1.0
7JTS_c	GO:0007017	1.0
7JU4_c	GO:0007017	1.0
7JU4_c	GO:0007017	1.0
7JU4_c	GO:0007017	1.0
7JU4_c	GO:0007017	1.0
7JU4_c	GO:0007017	1.0
7JU4_c	GO:0007017	1.0
7JTS_d	GO:0007017	1.0
7JTS_d	GO:0007017	1.0
7JTS_d	GO:0007017	1.0
7JTS_d	GO:0007017	1.0
7JTS_d	GO:0007017	1.0
7JTS_d	GO:0007017	1.0
7JU4_d	GO:0007017	1.0
7JU4_d	GO:0007017	1.0
7JU4_d	GO:0007017	1.0
7JU4_d	GO:0007017	1.0
7JU4_d	GO:0007017	1.0
7JU4_d	GO:0007017	1.0
7JTS_e	GO:0007017	1.0
7JTS_e	GO:0007017	1.0
7JTS_e	GO:0007017	1.0
7JTS_e	GO:0007017	1.0
7JTS_e	GO:0007017	1.0
7JTS_e	GO:0007017	1.0
7JU4_e	GO:0007017	1.0
7JU4_e	GO:0007017	1.0
7JU4_e	GO:0007017	1.0
7JU4_e	GO:0007017	1.0
7JU4_e	GO:0007017	1.0
7JU4_e	GO:0007017	1.0
7JTS_f	GO:0007017	1.0
7JTS_f	GO:0007017	1.0
7JTS_f	GO:0007017	1.0
7JTS_f	GO:0007017	1.0
7JTS_f	GO:0007017	1.0
7JTS_f	GO:0007017	1.0
7JU4_f	GO:0007017	1.0
7JU4_f	GO:0007017	1.0
7JU4_f	GO:0007017	1.0
7JU4_f	GO:0007017	1.0
7JU4_f	GO:0007017	1.0
7JU4_f	GO:0007017	1.0
8GLV_FA	GO:0007017	1.0
8GLV_FA	GO:0007017	1.0
8GLV_FA	GO:0007017	1.0
8GLV_FA	GO:0007017	1.0
8GLV_FA	GO:0007017	1.0
8GLV_FA	GO:0007017	1.0
8GLV_Kd	GO:0007017	1.0
8GLV_Kd	GO:0007017	1.0
8GLV_Kd	GO:0007017	1.0
8GLV_Kd	GO:0007017	1.0
8GLV_Kd	GO:0007017	1.0
8GLV_Kd	GO:0007017	1.0
8GLV_LE	GO:0007017	1.0
8GLV_LE	GO:0007017	1.0
8GLV_LE	GO:0007017	1.0
8GLV_LE	GO:0007017	1.0
8GLV_LE	GO:0007017	1.0
8GLV_LE	GO:0007017	1.0
8GLV_Kc	GO:0007017	1.0
8GLV_Kc	GO:0007017	1.0
8GLV_Kc	GO:0007017	1.0
8GLV_Kc	GO:0007017	1.0
8GLV_Kc	GO:0007017	1.0
8GLV_Kc	GO:0007017	1.0
8GLV_LD	GO:0007017	1.0
8GLV_LD	GO:0007017	1.0
8GLV_LD	GO:0007017	1.0
8GLV_LD	GO:0007017	1.0
8GLV_LD	GO:0007017	1.0
8GLV_LD	GO:0007017	1.0
8GLV_Kf	GO:0007017	1.0
8GLV_Kf	GO:0007017	1.0
8GLV_Kf	GO:0007017	1.0
8GLV_Kf	GO:0007017	1.0
8GLV_Kf	GO:0007017	1.0
8GLV_Kf	GO:0007017	1.0
8GLV_LG	GO:0007017	1.0
8GLV_LG	GO:0007017	1.0
8GLV_LG	GO:0007017	1.0
8GLV_LG	GO:0007017	1.0
8GLV_LG	GO:0007017	1.0
8GLV_LG	GO:0007017	1.0
8GLV_Ke	GO:0007017	1.0
8GLV_Ke	GO:0007017	1.0
8GLV_Ke	GO:0007017	1.0
8GLV_Ke	GO:0007017	1.0
8GLV_Ke	GO:0007017	1.0
8GLV_Ke	GO:0007017	1.0
8GLV_LF	GO:0007017	1.0
8GLV_LF	GO:0007017	1.0
8GLV_LF	GO:0007017	1.0
8GLV_LF	GO:0007017	1.0
8GLV_LF	GO:0007017	1.0
8GLV_LF	GO:0007017	1.0
9HMW_AX	GO:0006412	1.0
9HMW_AX	GO:0006412	1.0
9HMW_AX	GO:0006412	1.0
9SCU_Ci	GO:0006412	1.0
9SCU_Ci	GO:0006412	1.0
9SCU_Ci	GO:0006412	1.0
9H6I_AX	GO:0006412	1.0
9H6I_AX	GO:0006412	1.0
9H6I_AX	GO:0006412	1.0
9HES_AX	GO:0006412	1.0
9HES_AX	GO:0006412	1.0
9HES_AX	GO:0006412	1.0
9H3G_AX	GO:0006412	1.0
9H3G_AX	GO:0006412	1.0
9H3G_AX	GO:0006412	1.0
6J5T_A	GO:0006468	1.0
6J5T_A	GO:0006468	1.0
6J5T_A	GO:0006468	1.0
6J5T_I	GO:0006468	1.0
6J5T_I	GO:0006468	1.0
6J5T_I	GO:0006468	1.0
6J5U_C	GO:0006468	1.0
6J5U_C	GO:0006468	1.0
6J5U_C	GO:0006468	1.0
6J5T_J	GO:0006468	1.0
6J5T_J	GO:0006468	1.0
6J5T_J	GO:0006468	1.0
6J5V_C	GO:0006468	1.0
6J5V_C	GO:0006468	1.0
6J5V_C	GO:0006468	1.0
6J6I_A	GO:0006468	1.0
6J6I_A	GO:0006468	1.0
6J6I_A	GO:0006468	1.0
6J5T_D	GO:0006468	1.0
6J5T_D	GO:0006468	1.0
6J5T_D	GO:0006468	1.0
6J5T_M	GO:0006468	1.0
6J5T_M	GO:0006468	1.0
6J5T_M	GO:0006468	1.0
6XYW_Bo	GO:0006412	1.0
6XYW_Bo	GO:0006412	1.0
6XYW_Bo	GO:0006412	1.0
6XYW_Bo	GO:0006412	1.0
6XYW_Bo	GO:0006412	1.0
9HMW_BL	GO:0006412	1.0
9HMW_BL	GO:0006412	1.0
9HMW_BL	GO:0006412	1.0
9HMW_BL	GO:0006412	1.0
9H3G_BL	GO:0006412	1.0
9H3G_BL	GO:0006412	1.0
9H3G_BL	GO:0006412	1.0
9H3G_BL	GO:0006412	1.0
9H6I_BL	GO:0006412	1.0
9H6I_BL	GO:0006412	1.0
9H6I_BL	GO:0006412	1.0
9H6I_BL	GO:0006412	1.0
9HES_BL	GO:0006412	1.0
9HES_BL	GO:0006412	1.0
9HES_BL	GO:0006412	1.0
9HES_BL	GO:0006412	1.0
5L25_A	GO:0006820	1.0
5L25_A	GO:0006820	1.0
5L25_A	GO:0006820	1.0
5L25_A	GO:0006820	1.0
5L25_A	GO:0050801	1.0
5L25_A	GO:0055085	1.0
7JR9_C	GO:0060271	1.0
7JR9_C	GO:0060294	1.0
7JR9_C	GO:0003341	1.0
7JR9_C	GO:0035082	1.0
7JR9_C	GO:0060271	1.0
7JR9_C	GO:0060294	1.0
9L8R_A	GO:0009082	1.0
9L8R_A	GO:0009082	1.0
9L8R_A	GO:0009082	1.0
1LK9_A	GO:0006520	1.0
1LK9_B	GO:0006520	1.0
9H3G_Xa	GO:0006412	1.0
9H3G_Xa	GO:0006412	1.0
9H3G_Xa	GO:0006412	1.0
9H3G_Xa	GO:0006412	1.0
9H3G_Xa	GO:0006412	1.0
9H3G_Xa	GO:0006412	1.0
9SDP_BL	GO:0006412	1.0
9SDP_BL	GO:0006412	1.0
9SDP_BL	GO:0006412	1.0
9SDP_BL	GO:0006412	1.0
9SDP_BL	GO:0006412	1.0
9SDP_BL	GO:0006412	1.0
9HMW_Xa	GO:0006412	1.0
9HMW_Xa	GO:0006412	1.0
9HMW_Xa	GO:0006412	1.0
9HMW_Xa	GO:0006412	1.0
9HMW_Xa	GO:0006412	1.0
9HMW_Xa	GO:0006412	1.0
9HES_Xa	GO:0006412	1.0
9HES_Xa	GO:0006412	1.0
9HES_Xa	GO:0006412	1.0
9HES_Xa	GO:0006412	1.0
9HES_Xa	GO:0006412	1.0
9HES_Xa	GO:0006412	1.0
9H6I_Xa	GO:0006412	1.0
9H6I_Xa	GO:0006412	1.0
9H6I_Xa	GO:0006412	1.0
9H6I_Xa	GO:0006412	1.0
9H6I_Xa	GO:0006412	1.0
9H6I_Xa	GO:0006412	1.0
9SCU_CM	GO:0042273	1.0
9SCU_CM	GO:0006412	1.0
9H3G_Fa	GO:0006412	1.0
9H3G_Fa	GO:0006412	1.0
9H3G_Fa	GO:0006412	1.0
9H3G_Fa	GO:0006412	1.0
9H3G_Fa	GO:0006412	1.0
9H3G_Fa	GO:0006412	1.0
9HMW_Fa	GO:0006412	1.0
9HMW_Fa	GO:0006412	1.0
9HMW_Fa	GO:0006412	1.0
9HMW_Fa	GO:0006412	1.0
9HMW_Fa	GO:0006412	1.0
9HMW_Fa	GO:0006412	1.0
9SCU_Cg	GO:0006412	1.0
9SCU_Cg	GO:0006412	1.0
9SCU_Cg	GO:0006412	1.0
9SCU_Cg	GO:0006412	1.0
9SCU_Cg	GO:0006412	1.0
9SCU_Cg	GO:0006412	1.0
9HES_Fa	GO:0006412	1.0
9HES_Fa	GO:0006412	1.0
9HES_Fa	GO:0006412	1.0
9HES_Fa	GO:0006412	1.0
9HES_Fa	GO:0006412	1.0
9HES_Fa	GO:0006412	1.0
9H6I_Fa	GO:0006412	1.0
9H6I_Fa	GO:0006412	1.0
9H6I_Fa	GO:0006412	1.0
9H6I_Fa	GO:0006412	1.0
9H6I_Fa	GO:0006412	1.0
9H6I_Fa	GO:0006412	1.0
1ZAK_A	GO:0006139	1.0
1ZAK_A	GO:0006139	1.0
1ZAK_A	GO:0006139	1.0
1ZAK_A	GO:0006139	1.0
1ZAK_A	GO:0006139	1.0
1ZAK_A	GO:0006139	1.0
1ZAK_A	GO:0006139	1.0
1ZAK_B	GO:0006139	1.0
1ZAK_B	GO:0006139	1.0
1ZAK_B	GO:0006139	1.0
1ZAK_B	GO:0006139	1.0
1ZAK_B	GO:0006139	1.0
1ZAK_B	GO:0006139	1.0
1ZAK_B	GO:0006139	1.0
7JTK_H	GO:0003341	1.0
7JTK_H	GO:0035082	1.0
7JTK_H	GO:0060271	1.0
7JTK_H	GO:0060294	1.0
7JTK_H	GO:0060271	1.0
7JTK_H	GO:0060294	1.0
7JTK_G	GO:0003341	1.0
7JTK_G	GO:0035082	1.0
7JTK_G	GO:0060271	1.0
7JTK_G	GO:0060294	1.0
7JTK_G	GO:0060271	1.0
7JTK_G	GO:0060294	1.0
6XYW_Aa	GO:0006412	1.0
6XYW_Aa	GO:0006412	1.0
6XYW_Aa	GO:0006412	1.0
5CQ1_B	GO:0005975	1.0
5CQ1_B	GO:0005975	1.0
5CQ1_B	GO:0005975	1.0
5CSU_B	GO:0005975	1.0
5CSU_B	GO:0005975	1.0
5CSU_B	GO:0005975	1.0
5CPQ_B	GO:0005975	1.0
5CPQ_B	GO:0005975	1.0
5CPQ_B	GO:0005975	1.0
5CQ1_A	GO:0005975	1.0
5CQ1_A	GO:0005975	1.0
5CQ1_A	GO:0005975	1.0
5CSU_A	GO:0005975	1.0
5CSU_A	GO:0005975	1.0
5CSU_A	GO:0005975	1.0
5CPQ_A	GO:0005975	1.0
5CPQ_A	GO:0005975	1.0
5CPQ_A	GO:0005975	1.0
5CPS_B	GO:0005975	1.0
5CPS_B	GO:0005975	1.0
5CPS_B	GO:0005975	1.0
5CSY_A	GO:0005975	1.0
5CSY_A	GO:0005975	1.0
5CSY_A	GO:0005975	1.0
5CPT_A	GO:0005975	1.0
5CPT_A	GO:0005975	1.0
5CPT_A	GO:0005975	1.0
5CSY_B	GO:0005975	1.0
5CSY_B	GO:0005975	1.0
5CSY_B	GO:0005975	1.0
5CPS_A	GO:0005975	1.0
5CPS_A	GO:0005975	1.0
5CPS_A	GO:0005975	1.0
5CPT_B	GO:0005975	1.0
5CPT_B	GO:0005975	1.0
5CPT_B	GO:0005975	1.0
8R4K_B	GO:0005975	1.0
8R4K_B	GO:0005975	1.0
8R4K_B	GO:0005975	1.0
8R4K_B	GO:0005975	1.0
8R4K_B	GO:0005975	1.0
8R4K_C	GO:0005975	1.0
8R4K_C	GO:0005975	1.0
8R4K_C	GO:0005975	1.0
8R4K_C	GO:0005975	1.0
8R4K_C	GO:0005975	1.0
8R49_A	GO:0005975	1.0
8R49_A	GO:0005975	1.0
8R49_A	GO:0005975	1.0
8R49_A	GO:0005975	1.0
8R49_A	GO:0005975	1.0
8R4K_A	GO:0005975	1.0
8R4K_A	GO:0005975	1.0
8R4K_A	GO:0005975	1.0
8R4K_A	GO:0005975	1.0
8R4K_A	GO:0005975	1.0
8R4G_C	GO:0005975	1.0
8R4G_C	GO:0005975	1.0
8R4G_C	GO:0005975	1.0
8R4G_C	GO:0005975	1.0
8R4G_C	GO:0005975	1.0
8R4G_B	GO:0005975	1.0
8R4G_B	GO:0005975	1.0
8R4G_B	GO:0005975	1.0
8R4G_B	GO:0005975	1.0
8R4G_B	GO:0005975	1.0
8R4G_A	GO:0005975	1.0
8R4G_A	GO:0005975	1.0
8R4G_A	GO:0005975	1.0
8R4G_A	GO:0005975	1.0
8R4G_A	GO:0005975	1.0
8R48_A	GO:0005975	1.0
8R48_A	GO:0005975	1.0
8R48_A	GO:0005975	1.0
8R48_A	GO:0005975	1.0
8R48_A	GO:0005975	1.0
8R49_B	GO:0005975	1.0
8R49_B	GO:0005975	1.0
8R49_B	GO:0005975	1.0
8R49_B	GO:0005975	1.0
8R49_B	GO:0005975	1.0
8R4J_A	GO:0005975	1.0
8R4J_A	GO:0005975	1.0
8R4J_A	GO:0005975	1.0
8R4J_A	GO:0005975	1.0
8R4J_A	GO:0005975	1.0
8R49_C	GO:0005975	1.0
8R49_C	GO:0005975	1.0
8R49_C	GO:0005975	1.0
8R49_C	GO:0005975	1.0
8R49_C	GO:0005975	1.0
8R4J_B	GO:0005975	1.0
8R4J_B	GO:0005975	1.0
8R4J_B	GO:0005975	1.0
8R4J_B	GO:0005975	1.0
8R4J_B	GO:0005975	1.0
8R4J_C	GO:0005975	1.0
8R4J_C	GO:0005975	1.0
8R4J_C	GO:0005975	1.0
8R4J_C	GO:0005975	1.0
8R4J_C	GO:0005975	1.0
9HMW_BI	GO:0006412	1.0
9HMW_BI	GO:0006412	1.0
9HMW_BI	GO:0006412	1.0
9HMW_BI	GO:0006412	1.0
9HMW_BI	GO:0006412	1.0
9HMW_BI	GO:0006412	1.0
9H6I_BI	GO:0006412	1.0
9H6I_BI	GO:0006412	1.0
9H6I_BI	GO:0006412	1.0
9H6I_BI	GO:0006412	1.0
9H6I_BI	GO:0006412	1.0
9H6I_BI	GO:0006412	1.0
9HES_BI	GO:0006412	1.0
9HES_BI	GO:0006412	1.0
9HES_BI	GO:0006412	1.0
9HES_BI	GO:0006412	1.0
9HES_BI	GO:0006412	1.0
9HES_BI	GO:0006412	1.0
9H3G_BI	GO:0006412	1.0
9H3G_BI	GO:0006412	1.0
9H3G_BI	GO:0006412	1.0
9H3G_BI	GO:0006412	1.0
9H3G_BI	GO:0006412	1.0
9H3G_BI	GO:0006412	1.0
9SCU_CV	GO:0006412	1.0
9SCU_CV	GO:0006412	1.0
9SCU_CV	GO:0006412	1.0
9SCU_CV	GO:0006412	1.0
9SCU_CV	GO:0006412	1.0
9SCU_CV	GO:0006412	1.0
9SDQ_BP	GO:0006412	1.0
9SDQ_BP	GO:0006412	1.0
9SDQ_BP	GO:0006412	1.0
9SDQ_BP	GO:0006412	1.0
9SDQ_BP	GO:0006412	1.0
9SDQ_BP	GO:0006412	1.0
9SDQ_BP	GO:0006412	1.0
9SDQ_BP	GO:0006412	1.0
9SDQ_BP	GO:0006412	1.0
9SDQ_BP	GO:0006412	1.0
9SDQ_BU	GO:0006412	1.0
9SDQ_BU	GO:0006412	1.0
9SDQ_BU	GO:0006412	1.0
9SDQ_BU	GO:0006412	1.0
9SDQ_BU	GO:0006412	1.0
9SDQ_BU	GO:0006412	1.0
9SDQ_BU	GO:0006412	1.0
8WU6_A	GO:0009409	1.0
8WU6_A	GO:0009668	1.0
8WU6_B	GO:0009409	1.0
8WU6_B	GO:0009668	1.0
5DIZ_B	GO:0001682	1.0
5DIZ_A	GO:0001682	1.0
9SCU_CE	GO:0006412	1.0
9SCU_CE	GO:0000027	1.0
9SCU_CE	GO:0002181	1.0
9SCU_CE	GO:0006412	1.0
9SCU_CE	GO:0006412	1.0
7YJO_B	GO:0009058	1.0
7YJO_B	GO:0046512	1.0
3IWR_B	GO:0050832	1.0
3IWR_B	GO:0006032	1.0
3IWR_B	GO:0016998	1.0
3IWR_B	GO:0006032	1.0
3IWR_B	GO:0016998	1.0
3IWR_B	GO:0005975	1.0
3IWR_B	GO:0006032	1.0
3IWR_B	GO:0016998	1.0
2DKV_A	GO:0050832	1.0
2DKV_A	GO:0006032	1.0
2DKV_A	GO:0016998	1.0
2DKV_A	GO:0006032	1.0
2DKV_A	GO:0016998	1.0
2DKV_A	GO:0005975	1.0
2DKV_A	GO:0006032	1.0
2DKV_A	GO:0016998	1.0
3IWR_A	GO:0050832	1.0
3IWR_A	GO:0006032	1.0
3IWR_A	GO:0016998	1.0
3IWR_A	GO:0006032	1.0
3IWR_A	GO:0016998	1.0
3IWR_A	GO:0005975	1.0
3IWR_A	GO:0006032	1.0
3IWR_A	GO:0016998	1.0
6XYW_Bl	GO:0006412	1.0
6XYW_Bl	GO:0006412	1.0
6XYW_Bl	GO:0006412	1.0
6U42_6U	GO:0000281	1.0
6U42_6U	GO:0060285	1.0
8GLV_6Z	GO:0000281	1.0
8GLV_6Z	GO:0060285	1.0
8GLV_Hf	GO:0000281	1.0
8GLV_Hf	GO:0060285	1.0
6U42_6T	GO:0000281	1.0
6U42_6T	GO:0060285	1.0
8GLV_Hg	GO:0000281	1.0
8GLV_Hg	GO:0060285	1.0
8GLV_Hd	GO:0000281	1.0
8GLV_Hd	GO:0060285	1.0
8GLV_He	GO:0000281	1.0
8GLV_He	GO:0060285	1.0
6U42_7A	GO:0000281	1.0
6U42_7A	GO:0060285	1.0
8GLV_PD	GO:0000281	1.0
8GLV_PD	GO:0060285	1.0
8GLV_PE	GO:0000281	1.0
8GLV_PE	GO:0060285	1.0
8GLV_PF	GO:0000281	1.0
8GLV_PF	GO:0060285	1.0
8GLV_6T	GO:0000281	1.0
8GLV_6T	GO:0060285	1.0
6U42_6Z	GO:0000281	1.0
6U42_6Z	GO:0060285	1.0
8GLV_6U	GO:0000281	1.0
8GLV_6U	GO:0060285	1.0
6U42_6Y	GO:0000281	1.0
6U42_6Y	GO:0060285	1.0
8GLV_6V	GO:0000281	1.0
8GLV_6V	GO:0060285	1.0
8GLV_Hb	GO:0000281	1.0
8GLV_Hb	GO:0060285	1.0
6U42_6X	GO:0000281	1.0
6U42_6X	GO:0060285	1.0
8GLV_6W	GO:0000281	1.0
8GLV_6W	GO:0060285	1.0
8GLV_Hc	GO:0000281	1.0
8GLV_Hc	GO:0060285	1.0
6U42_6W	GO:0000281	1.0
6U42_6W	GO:0060285	1.0
8GLV_6X	GO:0000281	1.0
8GLV_6X	GO:0060285	1.0
6U42_6V	GO:0000281	1.0
6U42_6V	GO:0060285	1.0
8GLV_6Y	GO:0000281	1.0
8GLV_6Y	GO:0060285	1.0
9H3G_BJ	GO:0006412	1.0
9H3G_BJ	GO:0006412	1.0
9H3G_BJ	GO:0006412	1.0
9H3G_BJ	GO:0006412	1.0
9H3G_BJ	GO:0006412	1.0
9H3G_BJ	GO:0006412	1.0
9H3G_BJ	GO:0006412	1.0
9H6I_BJ	GO:0006412	1.0
9H6I_BJ	GO:0006412	1.0
9H6I_BJ	GO:0006412	1.0
9H6I_BJ	GO:0006412	1.0
9H6I_BJ	GO:0006412	1.0
9H6I_BJ	GO:0006412	1.0
9H6I_BJ	GO:0006412	1.0
9SCU_CI	GO:0006412	1.0
9SCU_CI	GO:0006412	1.0
9SCU_CI	GO:0006412	1.0
9SCU_CI	GO:0006412	1.0
9SCU_CI	GO:0006412	1.0
9SCU_CI	GO:0006412	1.0
9SCU_CI	GO:0006412	1.0
9HES_BJ	GO:0006412	1.0
9HES_BJ	GO:0006412	1.0
9HES_BJ	GO:0006412	1.0
9HES_BJ	GO:0006412	1.0
9HES_BJ	GO:0006412	1.0
9HES_BJ	GO:0006412	1.0
9HES_BJ	GO:0006412	1.0
9HMW_BJ	GO:0006412	1.0
9HMW_BJ	GO:0006412	1.0
9HMW_BJ	GO:0006412	1.0
9HMW_BJ	GO:0006412	1.0
9HMW_BJ	GO:0006412	1.0
9HMW_BJ	GO:0006412	1.0
9HMW_BJ	GO:0006412	1.0
9H3G_Ra	GO:0006412	1.0
9H3G_Ra	GO:0006364	1.0
9H3G_Ra	GO:0006412	1.0
9HMW_Ra	GO:0006412	1.0
9HMW_Ra	GO:0006364	1.0
9HMW_Ra	GO:0006412	1.0
9HES_Ra	GO:0006412	1.0
9HES_Ra	GO:0006364	1.0
9HES_Ra	GO:0006412	1.0
9H6I_Ra	GO:0006412	1.0
9H6I_Ra	GO:0006364	1.0
9H6I_Ra	GO:0006412	1.0
5DQQ_A	GO:0006816	1.0
5DQQ_A	GO:0006811	1.0
5DQQ_A	GO:0055085	1.0
5DQQ_A	GO:0006811	1.0
5DQQ_A	GO:0055085	1.0
8WOV_A	GO:0005996	1.0
8WOV_B	GO:0005996	1.0
5E1J_A	GO:0006811	1.0
5E1J_A	GO:0055085	1.0
5E1J_A	GO:0006811	1.0
5E1J_A	GO:0055085	1.0
5E1J_A	GO:0006816	1.0
9HES_BS	GO:0006412	1.0
9HES_BS	GO:0006412	1.0
9HES_BS	GO:0006412	1.0
9H3G_BS	GO:0006412	1.0
9H3G_BS	GO:0006412	1.0
9H3G_BS	GO:0006412	1.0
9HMW_BS	GO:0006412	1.0
9HMW_BS	GO:0006412	1.0
9HMW_BS	GO:0006412	1.0
9H6I_BS	GO:0006412	1.0
9H6I_BS	GO:0006412	1.0
9H6I_BS	GO:0006412	1.0
9SCU_CB	GO:0006412	1.0
9SCU_CB	GO:0006412	1.0
9SCU_CB	GO:0006412	1.0
7JRJ_C	GO:0003341	1.0
7JRJ_C	GO:0035082	1.0
7JRJ_C	GO:0060271	1.0
7JRJ_C	GO:0060294	1.0
7JRJ_C	GO:0060271	1.0
7JRJ_C	GO:0060294	1.0
3OB4_A	GO:0055085	1.0
3OB4_A	GO:0015768	1.0
3OB4_A	GO:0042956	1.0
3OB4_A	GO:0008643	1.0
3OB4_A	GO:0008643	1.0
3OB4_A	GO:0008643	1.0
3OB4_A	GO:0008643	1.0
3OB4_A	GO:0008643	1.0
3OB4_A	GO:0008643	1.0
3OB4_A	GO:0008643	1.0
3OB4_A	GO:0008643	1.0
9SDP_BY	GO:0006412	1.0
9SDP_BY	GO:0006412	1.0
9SDP_BY	GO:0006412	1.0
9SDP_BY	GO:0006412	1.0
3DSJ_A	GO:0009695	1.0
3DSJ_A	GO:0016125	1.0
3DSK_A	GO:0009695	1.0
3DSK_A	GO:0016125	1.0
3DSJ_B	GO:0009695	1.0
3DSJ_B	GO:0016125	1.0
2RCM_B	GO:0009695	1.0
2RCM_B	GO:0016125	1.0
2RCM_A	GO:0009695	1.0
2RCM_A	GO:0016125	1.0
3DSK_B	GO:0009695	1.0
3DSK_B	GO:0016125	1.0
9SCU_CF	GO:0000463	1.0
9HES_AZ	GO:0006412	1.0
9HES_AZ	GO:0006412	1.0
9HES_AZ	GO:0022618	1.0
9H3G_AZ	GO:0006412	1.0
9H3G_AZ	GO:0006412	1.0
9H3G_AZ	GO:0022618	1.0
9HMW_AZ	GO:0006412	1.0
9HMW_AZ	GO:0006412	1.0
9HMW_AZ	GO:0022618	1.0
9SCU_Ck	GO:0006412	1.0
9SCU_Ck	GO:0006412	1.0
9SCU_Ck	GO:0022618	1.0
9H6I_AZ	GO:0006412	1.0
9H6I_AZ	GO:0006412	1.0
9H6I_AZ	GO:0022618	1.0
9HMW_BE	GO:0006412	1.0
9HMW_BE	GO:0006412	1.0
9HMW_BE	GO:0006412	1.0
9HMW_BE	GO:0006412	1.0
9HMW_BE	GO:0006412	1.0
9H6I_BE	GO:0006412	1.0
9H6I_BE	GO:0006412	1.0
9H6I_BE	GO:0006412	1.0
9H6I_BE	GO:0006412	1.0
9H6I_BE	GO:0006412	1.0
9HES_BE	GO:0006412	1.0
9HES_BE	GO:0006412	1.0
9HES_BE	GO:0006412	1.0
9HES_BE	GO:0006412	1.0
9HES_BE	GO:0006412	1.0
9H3G_BE	GO:0006412	1.0
9H3G_BE	GO:0006412	1.0
9H3G_BE	GO:0006412	1.0
9H3G_BE	GO:0006412	1.0
9H3G_BE	GO:0006412	1.0
8IKZ_A	GO:0009082	1.0
8IKZ_A	GO:0009082	1.0
8IKZ_A	GO:0009082	1.0
7JU4_0	GO:0048870	1.0
7JU4_0	GO:0048870	1.0
7JU4_4	GO:0048870	1.0
7JU4_4	GO:0048870	1.0
8GLV_EO	GO:0048870	1.0
8GLV_EO	GO:0048870	1.0
8GLV_EN	GO:0048870	1.0
8GLV_EN	GO:0048870	1.0
9H3G_AY	GO:0006412	1.0
9H3G_AY	GO:0006412	1.0
9H3G_AY	GO:0006412	1.0
9H3G_AY	GO:0006412	1.0
9H6I_AY	GO:0006412	1.0
9H6I_AY	GO:0006412	1.0
9H6I_AY	GO:0006412	1.0
9H6I_AY	GO:0006412	1.0
9HES_AY	GO:0006412	1.0
9HES_AY	GO:0006412	1.0
9HES_AY	GO:0006412	1.0
9HES_AY	GO:0006412	1.0
9HMW_AY	GO:0006412	1.0
9HMW_AY	GO:0006412	1.0
9HMW_AY	GO:0006412	1.0
9HMW_AY	GO:0006412	1.0
9SCU_Cj	GO:0006412	1.0
9SCU_Cj	GO:0006412	1.0
9SCU_Cj	GO:0006412	1.0
9SCU_Cj	GO:0006412	1.0
9JPI_A	GO:0009082	1.0
9JPI_A	GO:0009082	1.0
9JPI_A	GO:0009082	1.0
7TBG_B	GO:0006816	1.0
7TBG_B	GO:0006811	1.0
7TBG_B	GO:0055085	1.0
7TBG_B	GO:0006811	1.0
7TBG_B	GO:0055085	1.0
7TBG_A	GO:0006816	1.0
7TBG_A	GO:0006811	1.0
7TBG_A	GO:0055085	1.0
7TBG_A	GO:0006811	1.0
7TBG_A	GO:0055085	1.0
2FLH_D	GO:0009738	1.0
2FLH_D	GO:0009738	1.0
2FLH_D	GO:0009738	1.0
2FLH_D	GO:0009738	1.0
2FLH_D	GO:0009738	1.0
2FLH_D	GO:0009738	1.0
2FLH_D	GO:0006952	1.0
3C0V_B	GO:0009738	1.0
3C0V_B	GO:0009738	1.0
3C0V_B	GO:0009738	1.0
3C0V_B	GO:0009738	1.0
3C0V_B	GO:0009738	1.0
3C0V_B	GO:0009738	1.0
3C0V_B	GO:0006952	1.0
2FLH_C	GO:0009738	1.0
2FLH_C	GO:0009738	1.0
2FLH_C	GO:0009738	1.0
2FLH_C	GO:0009738	1.0
2FLH_C	GO:0009738	1.0
2FLH_C	GO:0009738	1.0
2FLH_C	GO:0006952	1.0
3C0V_A	GO:0009738	1.0
3C0V_A	GO:0009738	1.0
3C0V_A	GO:0009738	1.0
3C0V_A	GO:0009738	1.0
3C0V_A	GO:0009738	1.0
3C0V_A	GO:0009738	1.0
3C0V_A	GO:0006952	1.0
2FLH_B	GO:0009738	1.0
2FLH_B	GO:0009738	1.0
2FLH_B	GO:0009738	1.0
2FLH_B	GO:0009738	1.0
2FLH_B	GO:0009738	1.0
2FLH_B	GO:0009738	1.0
2FLH_B	GO:0006952	1.0
2FLH_A	GO:0009738	1.0
2FLH_A	GO:0009738	1.0
2FLH_A	GO:0009738	1.0
2FLH_A	GO:0009738	1.0
2FLH_A	GO:0009738	1.0
2FLH_A	GO:0009738	1.0
2FLH_A	GO:0006952	1.0
4PSB_A	GO:0009738	1.0
4PSB_A	GO:0009738	1.0
4PSB_A	GO:0009738	1.0
4PSB_A	GO:0009738	1.0
4PSB_A	GO:0009738	1.0
4PSB_A	GO:0009738	1.0
4PSB_A	GO:0006952	1.0
3C0V_D	GO:0009738	1.0
3C0V_D	GO:0009738	1.0
3C0V_D	GO:0009738	1.0
3C0V_D	GO:0009738	1.0
3C0V_D	GO:0009738	1.0
3C0V_D	GO:0009738	1.0
3C0V_D	GO:0006952	1.0
3C0V_C	GO:0009738	1.0
3C0V_C	GO:0009738	1.0
3C0V_C	GO:0009738	1.0
3C0V_C	GO:0009738	1.0
3C0V_C	GO:0009738	1.0
3C0V_C	GO:0009738	1.0
3C0V_C	GO:0006952	1.0
8TDK_B	GO:0055085	1.0
8TDK_B	GO:0006820	1.0
8TDK_B	GO:0050982	1.0
8TDK_C	GO:0055085	1.0
8TDK_C	GO:0006820	1.0
8TDK_C	GO:0050982	1.0
8TDK_D	GO:0055085	1.0
8TDK_D	GO:0006820	1.0
8TDK_D	GO:0050982	1.0
8TDK_E	GO:0055085	1.0
8TDK_E	GO:0006820	1.0
8TDK_E	GO:0050982	1.0
8TDK_F	GO:0055085	1.0
8TDK_F	GO:0006820	1.0
8TDK_F	GO:0050982	1.0
8TDK_G	GO:0055085	1.0
8TDK_G	GO:0006820	1.0
8TDK_G	GO:0050982	1.0
8TDK_A	GO:0055085	1.0
8TDK_A	GO:0006820	1.0
8TDK_A	GO:0050982	1.0
9VJM_A	GO:0019432	1.0
9VJM_A	GO:0019432	1.0
9VJM_B	GO:0019432	1.0
9VJM_B	GO:0019432	1.0
9HMW_AP	GO:0006412	1.0
9HMW_AP	GO:0006412	1.0
9HMW_AP	GO:0006412	1.0
9HES_AP	GO:0006412	1.0
9HES_AP	GO:0006412	1.0
9HES_AP	GO:0006412	1.0
9H6I_AP	GO:0006412	1.0
9H6I_AP	GO:0006412	1.0
9H6I_AP	GO:0006412	1.0
9H3G_AP	GO:0006412	1.0
9H3G_AP	GO:0006412	1.0
9H3G_AP	GO:0006412	1.0
9SCU_CZ	GO:0006412	1.0
9SCU_CZ	GO:0006412	1.0
9SCU_CZ	GO:0006412	1.0
8GLV_GN	GO:0007018	1.0
8GLV_BR	GO:0007018	1.0
7KZM_I	GO:0007018	1.0
8GLV_L8	GO:0007018	1.0
8GLV_AK	GO:0007018	1.0
8GLV_LB	GO:0007018	1.0
7KZN_I	GO:0007018	1.0
8GLV_BQ	GO:0007018	1.0
7VN6_D	GO:0008643	1.0
7VN6_D	GO:0008643	1.0
7VN6_D	GO:0008643	1.0
7VN6_D	GO:0008643	1.0
7VN6_D	GO:0008643	1.0
7VN6_D	GO:0008643	1.0
7VN6_D	GO:0008643	1.0
7VN6_D	GO:0008643	1.0
7VN6_D	GO:0055085	1.0
7VN6_D	GO:0015768	1.0
7VN6_D	GO:0042956	1.0
7VN6_B	GO:0008643	1.0
7VN6_B	GO:0008643	1.0
7VN6_B	GO:0008643	1.0
7VN6_B	GO:0008643	1.0
7VN6_B	GO:0008643	1.0
7VN6_B	GO:0008643	1.0
7VN6_B	GO:0008643	1.0
7VN6_B	GO:0008643	1.0
7VN6_B	GO:0055085	1.0
7VN6_B	GO:0015768	1.0
7VN6_B	GO:0042956	1.0
7VN6_C	GO:0008643	1.0
7VN6_C	GO:0008643	1.0
7VN6_C	GO:0008643	1.0
7VN6_C	GO:0008643	1.0
7VN6_C	GO:0008643	1.0
7VN6_C	GO:0008643	1.0
7VN6_C	GO:0008643	1.0
7VN6_C	GO:0008643	1.0
7VN6_C	GO:0055085	1.0
7VN6_C	GO:0015768	1.0
7VN6_C	GO:0042956	1.0
7VN4_C	GO:0008643	1.0
7VN4_C	GO:0008643	1.0
7VN4_C	GO:0008643	1.0
7VN4_C	GO:0008643	1.0
7VN4_C	GO:0008643	1.0
7VN4_C	GO:0008643	1.0
7VN4_C	GO:0008643	1.0
7VN4_C	GO:0008643	1.0
7VN4_C	GO:0055085	1.0
7VN4_C	GO:0015768	1.0
7VN4_C	GO:0042956	1.0
7VN4_B	GO:0008643	1.0
7VN4_B	GO:0008643	1.0
7VN4_B	GO:0008643	1.0
7VN4_B	GO:0008643	1.0
7VN4_B	GO:0008643	1.0
7VN4_B	GO:0008643	1.0
7VN4_B	GO:0008643	1.0
7VN4_B	GO:0008643	1.0
7VN4_B	GO:0055085	1.0
7VN4_B	GO:0015768	1.0
7VN4_B	GO:0042956	1.0
7VN8_D	GO:0008643	1.0
7VN8_D	GO:0008643	1.0
7VN8_D	GO:0008643	1.0
7VN8_D	GO:0008643	1.0
7VN8_D	GO:0008643	1.0
7VN8_D	GO:0008643	1.0
7VN8_D	GO:0008643	1.0
7VN8_D	GO:0008643	1.0
7VN8_D	GO:0055085	1.0
7VN8_D	GO:0015768	1.0
7VN8_D	GO:0042956	1.0
7VN4_A	GO:0008643	1.0
7VN4_A	GO:0008643	1.0
7VN4_A	GO:0008643	1.0
7VN4_A	GO:0008643	1.0
7VN4_A	GO:0008643	1.0
7VN4_A	GO:0008643	1.0
7VN4_A	GO:0008643	1.0
7VN4_A	GO:0008643	1.0
7VN4_A	GO:0055085	1.0
7VN4_A	GO:0015768	1.0
7VN4_A	GO:0042956	1.0
7VN5_D	GO:0008643	1.0
7VN5_D	GO:0008643	1.0
7VN5_D	GO:0008643	1.0
7VN5_D	GO:0008643	1.0
7VN5_D	GO:0008643	1.0
7VN5_D	GO:0008643	1.0
7VN5_D	GO:0008643	1.0
7VN5_D	GO:0008643	1.0
7VN5_D	GO:0055085	1.0
7VN5_D	GO:0015768	1.0
7VN5_D	GO:0042956	1.0
7VN8_B	GO:0008643	1.0
7VN8_B	GO:0008643	1.0
7VN8_B	GO:0008643	1.0
7VN8_B	GO:0008643	1.0
7VN8_B	GO:0008643	1.0
7VN8_B	GO:0008643	1.0
7VN8_B	GO:0008643	1.0
7VN8_B	GO:0008643	1.0
7VN8_B	GO:0055085	1.0
7VN8_B	GO:0015768	1.0
7VN8_B	GO:0042956	1.0
7VN5_C	GO:0008643	1.0
7VN5_C	GO:0008643	1.0
7VN5_C	GO:0008643	1.0
7VN5_C	GO:0008643	1.0
7VN5_C	GO:0008643	1.0
7VN5_C	GO:0008643	1.0
7VN5_C	GO:0008643	1.0
7VN5_C	GO:0008643	1.0
7VN5_C	GO:0055085	1.0
7VN5_C	GO:0015768	1.0
7VN5_C	GO:0042956	1.0
7VN8_C	GO:0008643	1.0
7VN8_C	GO:0008643	1.0
7VN8_C	GO:0008643	1.0
7VN8_C	GO:0008643	1.0
7VN8_C	GO:0008643	1.0
7VN8_C	GO:0008643	1.0
7VN8_C	GO:0008643	1.0
7VN8_C	GO:0008643	1.0
7VN8_C	GO:0055085	1.0
7VN8_C	GO:0015768	1.0
7VN8_C	GO:0042956	1.0
7VN8_A	GO:0008643	1.0
7VN8_A	GO:0008643	1.0
7VN8_A	GO:0008643	1.0
7VN8_A	GO:0008643	1.0
7VN8_A	GO:0008643	1.0
7VN8_A	GO:0008643	1.0
7VN8_A	GO:0008643	1.0
7VN8_A	GO:0008643	1.0
7VN8_A	GO:0055085	1.0
7VN8_A	GO:0015768	1.0
7VN8_A	GO:0042956	1.0
7VN2_C	GO:0008643	1.0
7VN2_C	GO:0008643	1.0
7VN2_C	GO:0008643	1.0
7VN2_C	GO:0008643	1.0
7VN2_C	GO:0008643	1.0
7VN2_C	GO:0008643	1.0
7VN2_C	GO:0008643	1.0
7VN2_C	GO:0008643	1.0
7VN2_C	GO:0055085	1.0
7VN2_C	GO:0015768	1.0
7VN2_C	GO:0042956	1.0
7VN5_B	GO:0008643	1.0
7VN5_B	GO:0008643	1.0
7VN5_B	GO:0008643	1.0
7VN5_B	GO:0008643	1.0
7VN5_B	GO:0008643	1.0
7VN5_B	GO:0008643	1.0
7VN5_B	GO:0008643	1.0
7VN5_B	GO:0008643	1.0
7VN5_B	GO:0055085	1.0
7VN5_B	GO:0015768	1.0
7VN5_B	GO:0042956	1.0
7VN5_A	GO:0008643	1.0
7VN5_A	GO:0008643	1.0
7VN5_A	GO:0008643	1.0
7VN5_A	GO:0008643	1.0
7VN5_A	GO:0008643	1.0
7VN5_A	GO:0008643	1.0
7VN5_A	GO:0008643	1.0
7VN5_A	GO:0008643	1.0
7VN5_A	GO:0055085	1.0
7VN5_A	GO:0015768	1.0
7VN5_A	GO:0042956	1.0
7VN2_A	GO:0008643	1.0
7VN2_A	GO:0008643	1.0
7VN2_A	GO:0008643	1.0
7VN2_A	GO:0008643	1.0
7VN2_A	GO:0008643	1.0
7VN2_A	GO:0008643	1.0
7VN2_A	GO:0008643	1.0
7VN2_A	GO:0008643	1.0
7VN2_A	GO:0055085	1.0
7VN2_A	GO:0015768	1.0
7VN2_A	GO:0042956	1.0
7VN4_D	GO:0008643	1.0
7VN4_D	GO:0008643	1.0
7VN4_D	GO:0008643	1.0
7VN4_D	GO:0008643	1.0
7VN4_D	GO:0008643	1.0
7VN4_D	GO:0008643	1.0
7VN4_D	GO:0008643	1.0
7VN4_D	GO:0008643	1.0
7VN4_D	GO:0055085	1.0
7VN4_D	GO:0015768	1.0
7VN4_D	GO:0042956	1.0
7VN7_A	GO:0008643	1.0
7VN7_A	GO:0008643	1.0
7VN7_A	GO:0008643	1.0
7VN7_A	GO:0008643	1.0
7VN7_A	GO:0008643	1.0
7VN7_A	GO:0008643	1.0
7VN7_A	GO:0008643	1.0
7VN7_A	GO:0008643	1.0
7VN7_A	GO:0055085	1.0
7VN7_A	GO:0015768	1.0
7VN7_A	GO:0042956	1.0
7VN7_B	GO:0008643	1.0
7VN7_B	GO:0008643	1.0
7VN7_B	GO:0008643	1.0
7VN7_B	GO:0008643	1.0
7VN7_B	GO:0008643	1.0
7VN7_B	GO:0008643	1.0
7VN7_B	GO:0008643	1.0
7VN7_B	GO:0008643	1.0
7VN7_B	GO:0055085	1.0
7VN7_B	GO:0015768	1.0
7VN7_B	GO:0042956	1.0
7VN7_C	GO:0008643	1.0
7VN7_C	GO:0008643	1.0
7VN7_C	GO:0008643	1.0
7VN7_C	GO:0008643	1.0
7VN7_C	GO:0008643	1.0
7VN7_C	GO:0008643	1.0
7VN7_C	GO:0008643	1.0
7VN7_C	GO:0008643	1.0
7VN7_C	GO:0055085	1.0
7VN7_C	GO:0015768	1.0
7VN7_C	GO:0042956	1.0
7VN7_D	GO:0008643	1.0
7VN7_D	GO:0008643	1.0
7VN7_D	GO:0008643	1.0
7VN7_D	GO:0008643	1.0
7VN7_D	GO:0008643	1.0
7VN7_D	GO:0008643	1.0
7VN7_D	GO:0008643	1.0
7VN7_D	GO:0008643	1.0
7VN7_D	GO:0055085	1.0
7VN7_D	GO:0015768	1.0
7VN7_D	GO:0042956	1.0
7VN3_B	GO:0008643	1.0
7VN3_B	GO:0008643	1.0
7VN3_B	GO:0008643	1.0
7VN3_B	GO:0008643	1.0
7VN3_B	GO:0008643	1.0
7VN3_B	GO:0008643	1.0
7VN3_B	GO:0008643	1.0
7VN3_B	GO:0008643	1.0
7VN3_B	GO:0055085	1.0
7VN3_B	GO:0015768	1.0
7VN3_B	GO:0042956	1.0
7VN3_A	GO:0008643	1.0
7VN3_A	GO:0008643	1.0
7VN3_A	GO:0008643	1.0
7VN3_A	GO:0008643	1.0
7VN3_A	GO:0008643	1.0
7VN3_A	GO:0008643	1.0
7VN3_A	GO:0008643	1.0
7VN3_A	GO:0008643	1.0
7VN3_A	GO:0055085	1.0
7VN3_A	GO:0015768	1.0
7VN3_A	GO:0042956	1.0
7VN6_A	GO:0008643	1.0
7VN6_A	GO:0008643	1.0
7VN6_A	GO:0008643	1.0
7VN6_A	GO:0008643	1.0
7VN6_A	GO:0008643	1.0
7VN6_A	GO:0008643	1.0
7VN6_A	GO:0008643	1.0
7VN6_A	GO:0008643	1.0
7VN6_A	GO:0055085	1.0
7VN6_A	GO:0015768	1.0
7VN6_A	GO:0042956	1.0
7VN3_D	GO:0008643	1.0
7VN3_D	GO:0008643	1.0
7VN3_D	GO:0008643	1.0
7VN3_D	GO:0008643	1.0
7VN3_D	GO:0008643	1.0
7VN3_D	GO:0008643	1.0
7VN3_D	GO:0008643	1.0
7VN3_D	GO:0008643	1.0
7VN3_D	GO:0055085	1.0
7VN3_D	GO:0015768	1.0
7VN3_D	GO:0042956	1.0
7VN3_C	GO:0008643	1.0
7VN3_C	GO:0008643	1.0
7VN3_C	GO:0008643	1.0
7VN3_C	GO:0008643	1.0
7VN3_C	GO:0008643	1.0
7VN3_C	GO:0008643	1.0
7VN3_C	GO:0008643	1.0
7VN3_C	GO:0008643	1.0
7VN3_C	GO:0055085	1.0
7VN3_C	GO:0015768	1.0
7VN3_C	GO:0042956	1.0
1SQL_N	GO:0006760	1.0
1SQL_N	GO:0006760	1.0
1SQL_N	GO:0006760	1.0
1SQL_N	GO:0006760	1.0
1SQL_N	GO:0006760	1.0
1SQL_N	GO:0006760	1.0
1SQL_O	GO:0006760	1.0
1SQL_O	GO:0006760	1.0
1SQL_O	GO:0006760	1.0
1SQL_O	GO:0006760	1.0
1SQL_O	GO:0006760	1.0
1SQL_O	GO:0006760	1.0
1SQL_L	GO:0006760	1.0
1SQL_L	GO:0006760	1.0
1SQL_L	GO:0006760	1.0
1SQL_L	GO:0006760	1.0
1SQL_L	GO:0006760	1.0
1SQL_L	GO:0006760	1.0
1SQL_M	GO:0006760	1.0
1SQL_M	GO:0006760	1.0
1SQL_M	GO:0006760	1.0
1SQL_M	GO:0006760	1.0
1SQL_M	GO:0006760	1.0
1SQL_M	GO:0006760	1.0
1SQL_B	GO:0006760	1.0
1SQL_B	GO:0006760	1.0
1SQL_B	GO:0006760	1.0
1SQL_B	GO:0006760	1.0
1SQL_B	GO:0006760	1.0
1SQL_B	GO:0006760	1.0
1SQL_C	GO:0006760	1.0
1SQL_C	GO:0006760	1.0
1SQL_C	GO:0006760	1.0
1SQL_C	GO:0006760	1.0
1SQL_C	GO:0006760	1.0
1SQL_C	GO:0006760	1.0
1SQL_P	GO:0006760	1.0
1SQL_P	GO:0006760	1.0
1SQL_P	GO:0006760	1.0
1SQL_P	GO:0006760	1.0
1SQL_P	GO:0006760	1.0
1SQL_P	GO:0006760	1.0
1SQL_A	GO:0006760	1.0
1SQL_A	GO:0006760	1.0
1SQL_A	GO:0006760	1.0
1SQL_A	GO:0006760	1.0
1SQL_A	GO:0006760	1.0
1SQL_A	GO:0006760	1.0
1SQL_F	GO:0006760	1.0
1SQL_F	GO:0006760	1.0
1SQL_F	GO:0006760	1.0
1SQL_F	GO:0006760	1.0
1SQL_F	GO:0006760	1.0
1SQL_F	GO:0006760	1.0
1SQL_G	GO:0006760	1.0
1SQL_G	GO:0006760	1.0
1SQL_G	GO:0006760	1.0
1SQL_G	GO:0006760	1.0
1SQL_G	GO:0006760	1.0
1SQL_G	GO:0006760	1.0
1SQL_D	GO:0006760	1.0
1SQL_D	GO:0006760	1.0
1SQL_D	GO:0006760	1.0
1SQL_D	GO:0006760	1.0
1SQL_D	GO:0006760	1.0
1SQL_D	GO:0006760	1.0
1SQL_E	GO:0006760	1.0
1SQL_E	GO:0006760	1.0
1SQL_E	GO:0006760	1.0
1SQL_E	GO:0006760	1.0
1SQL_E	GO:0006760	1.0
1SQL_E	GO:0006760	1.0
1SQL_J	GO:0006760	1.0
1SQL_J	GO:0006760	1.0
1SQL_J	GO:0006760	1.0
1SQL_J	GO:0006760	1.0
1SQL_J	GO:0006760	1.0
1SQL_J	GO:0006760	1.0
1SQL_K	GO:0006760	1.0
1SQL_K	GO:0006760	1.0
1SQL_K	GO:0006760	1.0
1SQL_K	GO:0006760	1.0
1SQL_K	GO:0006760	1.0
1SQL_K	GO:0006760	1.0
1SQL_H	GO:0006760	1.0
1SQL_H	GO:0006760	1.0
1SQL_H	GO:0006760	1.0
1SQL_H	GO:0006760	1.0
1SQL_H	GO:0006760	1.0
1SQL_H	GO:0006760	1.0
1SQL_I	GO:0006760	1.0
1SQL_I	GO:0006760	1.0
1SQL_I	GO:0006760	1.0
1SQL_I	GO:0006760	1.0
1SQL_I	GO:0006760	1.0
1SQL_I	GO:0006760	1.0
9H3G_BF	GO:0006412	1.0
9H3G_BF	GO:0000027	1.0
9H3G_BF	GO:0002181	1.0
9H3G_BF	GO:0006412	1.0
9H3G_BF	GO:0006412	1.0
9H6I_BF	GO:0006412	1.0
9H6I_BF	GO:0000027	1.0
9H6I_BF	GO:0002181	1.0
9H6I_BF	GO:0006412	1.0
9H6I_BF	GO:0006412	1.0
9HES_BF	GO:0006412	1.0
9HES_BF	GO:0000027	1.0
9HES_BF	GO:0002181	1.0
9HES_BF	GO:0006412	1.0
9HES_BF	GO:0006412	1.0
9HMW_BF	GO:0006412	1.0
9HMW_BF	GO:0000027	1.0
9HMW_BF	GO:0002181	1.0
9HMW_BF	GO:0006412	1.0
9HMW_BF	GO:0006412	1.0
8Z9Y_E	GO:0045037	1.0
9H3G_AM	GO:0006412	1.0
9H3G_AM	GO:0006412	1.0
9H3G_AM	GO:0006412	1.0
9H3G_AM	GO:0006412	1.0
9H6I_AM	GO:0006412	1.0
9H6I_AM	GO:0006412	1.0
9H6I_AM	GO:0006412	1.0
9H6I_AM	GO:0006412	1.0
9HES_AM	GO:0006412	1.0
9HES_AM	GO:0006412	1.0
9HES_AM	GO:0006412	1.0
9HES_AM	GO:0006412	1.0
9HMW_AM	GO:0006412	1.0
9HMW_AM	GO:0006412	1.0
9HMW_AM	GO:0006412	1.0
9HMW_AM	GO:0006412	1.0
3KPF_A	GO:0006598	1.0
3L1R_A	GO:0006598	1.0
3KPF_B	GO:0006598	1.0
3L1R_B	GO:0006598	1.0
3KU9_A	GO:0006598	1.0
3KU9_B	GO:0006598	1.0
9LA1_B	GO:0006811	1.0
9LA1_B	GO:0055085	1.0
9LA1_B	GO:0006813	1.0
9LA1_B	GO:0006813	1.0
9LA1_B	GO:0006813	1.0
9LA1_B	GO:0006813	1.0
9LA1_B	GO:0006813	1.0
9LA1_B	GO:0006813	1.0
9LA1_C	GO:0006811	1.0
9LA1_C	GO:0055085	1.0
9LA1_C	GO:0006813	1.0
9LA1_C	GO:0006813	1.0
9LA1_C	GO:0006813	1.0
9LA1_C	GO:0006813	1.0
9LA1_C	GO:0006813	1.0
9LA1_C	GO:0006813	1.0
9L9U_A	GO:0006811	1.0
9L9U_A	GO:0055085	1.0
9L9U_A	GO:0006813	1.0
9L9U_A	GO:0006813	1.0
9L9U_A	GO:0006813	1.0
9L9U_A	GO:0006813	1.0
9L9U_A	GO:0006813	1.0
9L9U_A	GO:0006813	1.0
9LA1_D	GO:0006811	1.0
9LA1_D	GO:0055085	1.0
9LA1_D	GO:0006813	1.0
9LA1_D	GO:0006813	1.0
9LA1_D	GO:0006813	1.0
9LA1_D	GO:0006813	1.0
9LA1_D	GO:0006813	1.0
9LA1_D	GO:0006813	1.0
9LA1_A	GO:0006811	1.0
9LA1_A	GO:0055085	1.0
9LA1_A	GO:0006813	1.0
9LA1_A	GO:0006813	1.0
9LA1_A	GO:0006813	1.0
9LA1_A	GO:0006813	1.0
9LA1_A	GO:0006813	1.0
9LA1_A	GO:0006813	1.0
9LA3_D	GO:0006811	1.0
9LA3_D	GO:0055085	1.0
9LA3_D	GO:0006813	1.0
9LA3_D	GO:0006813	1.0
9LA3_D	GO:0006813	1.0
9LA3_D	GO:0006813	1.0
9LA3_D	GO:0006813	1.0
9LA3_D	GO:0006813	1.0
9LA3_C	GO:0006811	1.0
9LA3_C	GO:0055085	1.0
9LA3_C	GO:0006813	1.0
9LA3_C	GO:0006813	1.0
9LA3_C	GO:0006813	1.0
9LA3_C	GO:0006813	1.0
9LA3_C	GO:0006813	1.0
9LA3_C	GO:0006813	1.0
9LA3_B	GO:0006811	1.0
9LA3_B	GO:0055085	1.0
9LA3_B	GO:0006813	1.0
9LA3_B	GO:0006813	1.0
9LA3_B	GO:0006813	1.0
9LA3_B	GO:0006813	1.0
9LA3_B	GO:0006813	1.0
9LA3_B	GO:0006813	1.0
9LA0_C	GO:0006811	1.0
9LA0_C	GO:0055085	1.0
9LA0_C	GO:0006813	1.0
9LA0_C	GO:0006813	1.0
9LA0_C	GO:0006813	1.0
9LA0_C	GO:0006813	1.0
9LA0_C	GO:0006813	1.0
9LA0_C	GO:0006813	1.0
9LA3_A	GO:0006811	1.0
9LA3_A	GO:0055085	1.0
9LA3_A	GO:0006813	1.0
9LA3_A	GO:0006813	1.0
9LA3_A	GO:0006813	1.0
9LA3_A	GO:0006813	1.0
9LA3_A	GO:0006813	1.0
9LA3_A	GO:0006813	1.0
9LA7_D	GO:0006811	1.0
9LA7_D	GO:0055085	1.0
9LA7_D	GO:0006813	1.0
9LA7_D	GO:0006813	1.0
9LA7_D	GO:0006813	1.0
9LA7_D	GO:0006813	1.0
9LA7_D	GO:0006813	1.0
9LA7_D	GO:0006813	1.0
9LA0_D	GO:0006811	1.0
9LA0_D	GO:0055085	1.0
9LA0_D	GO:0006813	1.0
9LA0_D	GO:0006813	1.0
9LA0_D	GO:0006813	1.0
9LA0_D	GO:0006813	1.0
9LA0_D	GO:0006813	1.0
9LA0_D	GO:0006813	1.0
9LA2_C	GO:0006811	1.0
9LA2_C	GO:0055085	1.0
9LA2_C	GO:0006813	1.0
9LA2_C	GO:0006813	1.0
9LA2_C	GO:0006813	1.0
9LA2_C	GO:0006813	1.0
9LA2_C	GO:0006813	1.0
9LA2_C	GO:0006813	1.0
9L9U_C	GO:0006811	1.0
9L9U_C	GO:0055085	1.0
9L9U_C	GO:0006813	1.0
9L9U_C	GO:0006813	1.0
9L9U_C	GO:0006813	1.0
9L9U_C	GO:0006813	1.0
9L9U_C	GO:0006813	1.0
9L9U_C	GO:0006813	1.0
9LA0_A	GO:0006811	1.0
9LA0_A	GO:0055085	1.0
9LA0_A	GO:0006813	1.0
9LA0_A	GO:0006813	1.0
9LA0_A	GO:0006813	1.0
9LA0_A	GO:0006813	1.0
9LA0_A	GO:0006813	1.0
9LA0_A	GO:0006813	1.0
9LA7_B	GO:0006811	1.0
9LA7_B	GO:0055085	1.0
9LA7_B	GO:0006813	1.0
9LA7_B	GO:0006813	1.0
9LA7_B	GO:0006813	1.0
9LA7_B	GO:0006813	1.0
9LA7_B	GO:0006813	1.0
9LA7_B	GO:0006813	1.0
9LA2_D	GO:0006811	1.0
9LA2_D	GO:0055085	1.0
9LA2_D	GO:0006813	1.0
9LA2_D	GO:0006813	1.0
9LA2_D	GO:0006813	1.0
9LA2_D	GO:0006813	1.0
9LA2_D	GO:0006813	1.0
9LA2_D	GO:0006813	1.0
9L9U_B	GO:0006811	1.0
9L9U_B	GO:0055085	1.0
9L9U_B	GO:0006813	1.0
9L9U_B	GO:0006813	1.0
9L9U_B	GO:0006813	1.0
9L9U_B	GO:0006813	1.0
9L9U_B	GO:0006813	1.0
9L9U_B	GO:0006813	1.0
9LA0_B	GO:0006811	1.0
9LA0_B	GO:0055085	1.0
9LA0_B	GO:0006813	1.0
9LA0_B	GO:0006813	1.0
9LA0_B	GO:0006813	1.0
9LA0_B	GO:0006813	1.0
9LA0_B	GO:0006813	1.0
9LA0_B	GO:0006813	1.0
9LA7_C	GO:0006811	1.0
9LA7_C	GO:0055085	1.0
9LA7_C	GO:0006813	1.0
9LA7_C	GO:0006813	1.0
9LA7_C	GO:0006813	1.0
9LA7_C	GO:0006813	1.0
9LA7_C	GO:0006813	1.0
9LA7_C	GO:0006813	1.0
9LA2_A	GO:0006811	1.0
9LA2_A	GO:0055085	1.0
9LA2_A	GO:0006813	1.0
9LA2_A	GO:0006813	1.0
9LA2_A	GO:0006813	1.0
9LA2_A	GO:0006813	1.0
9LA2_A	GO:0006813	1.0
9LA2_A	GO:0006813	1.0
9LA2_B	GO:0006811	1.0
9LA2_B	GO:0055085	1.0
9LA2_B	GO:0006813	1.0
9LA2_B	GO:0006813	1.0
9LA2_B	GO:0006813	1.0
9LA2_B	GO:0006813	1.0
9LA2_B	GO:0006813	1.0
9LA2_B	GO:0006813	1.0
9L9U_D	GO:0006811	1.0
9L9U_D	GO:0055085	1.0
9L9U_D	GO:0006813	1.0
9L9U_D	GO:0006813	1.0
9L9U_D	GO:0006813	1.0
9L9U_D	GO:0006813	1.0
9L9U_D	GO:0006813	1.0
9L9U_D	GO:0006813	1.0
9LA7_A	GO:0006811	1.0
9LA7_A	GO:0055085	1.0
9LA7_A	GO:0006813	1.0
9LA7_A	GO:0006813	1.0
9LA7_A	GO:0006813	1.0
9LA7_A	GO:0006813	1.0
9LA7_A	GO:0006813	1.0
9LA7_A	GO:0006813	1.0
3DSI_B	GO:0009695	1.0
3DSI_B	GO:0016125	1.0
2RCH_A	GO:0009695	1.0
2RCH_A	GO:0016125	1.0
3CLI_A	GO:0009695	1.0
3CLI_A	GO:0016125	1.0
3DSI_A	GO:0009695	1.0
3DSI_A	GO:0016125	1.0
2RCL_B	GO:0009695	1.0
2RCL_B	GO:0016125	1.0
2RCL_A	GO:0009695	1.0
2RCL_A	GO:0016125	1.0
2RCH_B	GO:0009695	1.0
2RCH_B	GO:0016125	1.0
3CLI_B	GO:0009695	1.0
3CLI_B	GO:0016125	1.0
6XYW_Ar	GO:0006412	1.0
6XYW_Ar	GO:0006412	1.0
6XYW_Ar	GO:0006412	1.0
9SCU_CN	GO:0006412	1.0
9SCU_CN	GO:0002181	1.0
9SCU_CN	GO:0006412	1.0
9SCU_CN	GO:0006412	1.0
9SCU_CN	GO:0006412	1.0
9SCU_CN	GO:0006412	1.0
1H81_B	GO:0006598	1.0
1H81_A	GO:0006598	1.0
1H84_A	GO:0006598	1.0
1H81_C	GO:0006598	1.0
1H82_C	GO:0006598	1.0
1H82_B	GO:0006598	1.0
1B37_A	GO:0006598	1.0
1H82_A	GO:0006598	1.0
1B37_B	GO:0006598	1.0
1H84_B	GO:0006598	1.0
1B37_C	GO:0006598	1.0
1H84_C	GO:0006598	1.0
1H86_B	GO:0006598	1.0
1B5Q_A	GO:0006598	1.0
1H83_C	GO:0006598	1.0
1H86_C	GO:0006598	1.0
1B5Q_C	GO:0006598	1.0
1H86_A	GO:0006598	1.0
1B5Q_B	GO:0006598	1.0
1H83_B	GO:0006598	1.0
1H83_A	GO:0006598	1.0
6XYW_Bg	GO:0006412	1.0
6XYW_Bg	GO:0006412	1.0
6XYW_Bg	GO:0006412	1.0
7YJK_A	GO:0046512	1.0
7YJK_A	GO:0009058	1.0
7YJK_E	GO:0046512	1.0
7YJK_E	GO:0009058	1.0
8A53_C	GO:0006508	1.0
8A53_C	GO:0006508	1.0
8A53_B	GO:0006508	1.0
8A53_B	GO:0006508	1.0
8A53_A	GO:0006508	1.0
8A53_A	GO:0006508	1.0
8A53_D	GO:0006508	1.0
8A53_D	GO:0006508	1.0
3AUP_B	GO:0006508	1.0
3AUP_C	GO:0006508	1.0
3AUP_D	GO:0006508	1.0
3AUP_A	GO:0006508	1.0
9KBY_A	GO:0006396	1.0
9KBY_A	GO:0006396	1.0
9KBY_A	GO:0006396	1.0
9KBY_A	GO:0006396	1.0
9KBY_A	GO:0006396	1.0
9KBY_A	GO:0006396	1.0
9KBY_A	GO:0006396	1.0
9KBY_A	GO:0006396	1.0
9KBY_A	GO:0006396	1.0
9KBY_A	GO:0006396	1.0
9KBY_A	GO:0030422	1.0
9KBY_A	GO:0006396	1.0
9KBY_A	GO:0006396	1.0
9KBY_A	GO:0006396	1.0
9KBZ_A	GO:0006396	1.0
9KBZ_A	GO:0006396	1.0
9KBZ_A	GO:0006396	1.0
9KBZ_A	GO:0006396	1.0
9KBZ_A	GO:0006396	1.0
9KBZ_A	GO:0006396	1.0
9KBZ_A	GO:0006396	1.0
9KBZ_A	GO:0006396	1.0
9KBZ_A	GO:0006396	1.0
9KBZ_A	GO:0006396	1.0
9KBZ_A	GO:0030422	1.0
9KBZ_A	GO:0006396	1.0
9KBZ_A	GO:0006396	1.0
9KBZ_A	GO:0006396	1.0
9HMW_BQ	GO:0006412	1.0
9HMW_BQ	GO:0006412	1.0
9HMW_BQ	GO:0006412	1.0
9HMW_BQ	GO:0006412	1.0
9HMW_BQ	GO:0006412	1.0
9HMW_BQ	GO:0002181	1.0
9HMW_BQ	GO:0006412	1.0
9HMW_BQ	GO:0006412	1.0
9HMW_BQ	GO:0006412	1.0
9HMW_BQ	GO:0006412	1.0
9H6I_BQ	GO:0006412	1.0
9H6I_BQ	GO:0006412	1.0
9H6I_BQ	GO:0006412	1.0
9H6I_BQ	GO:0006412	1.0
9H6I_BQ	GO:0006412	1.0
9H6I_BQ	GO:0002181	1.0
9H6I_BQ	GO:0006412	1.0
9H6I_BQ	GO:0006412	1.0
9H6I_BQ	GO:0006412	1.0
9H6I_BQ	GO:0006412	1.0
9HES_BQ	GO:0006412	1.0
9HES_BQ	GO:0006412	1.0
9HES_BQ	GO:0006412	1.0
9HES_BQ	GO:0006412	1.0
9HES_BQ	GO:0006412	1.0
9HES_BQ	GO:0002181	1.0
9HES_BQ	GO:0006412	1.0
9HES_BQ	GO:0006412	1.0
9HES_BQ	GO:0006412	1.0
9HES_BQ	GO:0006412	1.0
9H3G_BQ	GO:0006412	1.0
9H3G_BQ	GO:0006412	1.0
9H3G_BQ	GO:0006412	1.0
9H3G_BQ	GO:0006412	1.0
9H3G_BQ	GO:0006412	1.0
9H3G_BQ	GO:0002181	1.0
9H3G_BQ	GO:0006412	1.0
9H3G_BQ	GO:0006412	1.0
9H3G_BQ	GO:0006412	1.0
9H3G_BQ	GO:0006412	1.0
9SDP_BA	GO:0006412	1.0
9SDP_BA	GO:0006412	1.0
9SDP_BA	GO:0006412	1.0
9SDP_BA	GO:0006412	1.0
9SDP_BA	GO:0006412	1.0
9SDP_BA	GO:0006412	1.0
9SDP_BA	GO:0006412	1.0
9SDP_BA	GO:0006412	1.0
9SDP_BA	GO:0006412	1.0
9SDP_BA	GO:0006412	1.0
9SDP_BA	GO:0006412	1.0
9SDP_BA	GO:0006412	1.0
9SDP_BA	GO:0006412	1.0
7KZN_E	GO:0003341	1.0
7KZN_E	GO:0007018	1.0
7KZN_E	GO:0036158	1.0
7KZM_E	GO:0003341	1.0
7KZM_E	GO:0007018	1.0
7KZM_E	GO:0036158	1.0
9HMW_AH	GO:0042273	1.0
9HMW_AH	GO:0006412	1.0
9HES_AH	GO:0042273	1.0
9HES_AH	GO:0006412	1.0
9H6I_AH	GO:0042273	1.0
9H6I_AH	GO:0006412	1.0
9H3G_AH	GO:0042273	1.0
9H3G_AH	GO:0006412	1.0
5I32_A	GO:0055085	1.0
5I32_A	GO:0055085	1.0
5I32_A	GO:0055085	1.0
5I32_A	GO:0055085	1.0
5I32_A	GO:0055085	1.0
5I32_A	GO:0055085	1.0
5I32_A	GO:0006833	1.0
5I32_A	GO:0055085	1.0
5I32_A	GO:0055085	1.0
5I32_A	GO:0055085	1.0
9H6I_Ta	GO:0006412	1.0
9H6I_Ta	GO:0006412	1.0
9H6I_Ta	GO:0006412	1.0
9H6I_Ta	GO:0006412	1.0
9H6I_Ta	GO:0006412	1.0
9HMW_Ta	GO:0006412	1.0
9HMW_Ta	GO:0006412	1.0
9HMW_Ta	GO:0006412	1.0
9HMW_Ta	GO:0006412	1.0
9HMW_Ta	GO:0006412	1.0
9HES_Ta	GO:0006412	1.0
9HES_Ta	GO:0006412	1.0
9HES_Ta	GO:0006412	1.0
9HES_Ta	GO:0006412	1.0
9HES_Ta	GO:0006412	1.0
9H3G_Ta	GO:0006412	1.0
9H3G_Ta	GO:0006412	1.0
9H3G_Ta	GO:0006412	1.0
9H3G_Ta	GO:0006412	1.0
9H3G_Ta	GO:0006412	1.0
9SDP_BG	GO:0006412	1.0
9SDP_BG	GO:0006412	1.0
9SDP_BG	GO:0006412	1.0
9SDP_BG	GO:0006412	1.0
9SDP_BG	GO:0006412	1.0
6XYW_Ac	GO:0006412	1.0
6XYW_Ac	GO:0006412	1.0
6XYW_Ac	GO:0006412	1.0
6XYW_Ac	GO:0006412	1.0
7N6G_6G	GO:0006096	1.0
7N6G_6G	GO:0006096	1.0
7N6G_6G	GO:0006096	1.0
7N6G_6G	GO:0006096	1.0
7N6G_6G	GO:0006096	1.0
7N6G_6G	GO:0006096	1.0
7N6G_6G	GO:0006096	1.0
7N6G_6G	GO:0006096	1.0
7N6G_6G	GO:0006096	1.0
7N6G_6G	GO:0006096	1.0
7N6G_6G	GO:0006096	1.0
7N6G_6G	GO:0006096	1.0
7N6G_6G	GO:0006096	1.0
7SQC_Y4	GO:0006096	1.0
7SQC_Y4	GO:0006096	1.0
7SQC_Y4	GO:0006096	1.0
7SQC_Y4	GO:0006096	1.0
7SQC_Y4	GO:0006096	1.0
7SQC_Y4	GO:0006096	1.0
7SQC_Y4	GO:0006096	1.0
7SQC_Y4	GO:0006096	1.0
7SQC_Y4	GO:0006096	1.0
7SQC_Y4	GO:0006096	1.0
7SQC_Y4	GO:0006096	1.0
7SQC_Y4	GO:0006096	1.0
7SQC_Y4	GO:0006096	1.0
7N6G_6H	GO:0006096	1.0
7N6G_6H	GO:0006096	1.0
7N6G_6H	GO:0006096	1.0
7N6G_6H	GO:0006096	1.0
7N6G_6H	GO:0006096	1.0
7N6G_6H	GO:0006096	1.0
7N6G_6H	GO:0006096	1.0
7N6G_6H	GO:0006096	1.0
7N6G_6H	GO:0006096	1.0
7N6G_6H	GO:0006096	1.0
7N6G_6H	GO:0006096	1.0
7N6G_6H	GO:0006096	1.0
7N6G_6H	GO:0006096	1.0
7SQC_Y5	GO:0006096	1.0
7SQC_Y5	GO:0006096	1.0
7SQC_Y5	GO:0006096	1.0
7SQC_Y5	GO:0006096	1.0
7SQC_Y5	GO:0006096	1.0
7SQC_Y5	GO:0006096	1.0
7SQC_Y5	GO:0006096	1.0
7SQC_Y5	GO:0006096	1.0
7SQC_Y5	GO:0006096	1.0
7SQC_Y5	GO:0006096	1.0
7SQC_Y5	GO:0006096	1.0
7SQC_Y5	GO:0006096	1.0
7SQC_Y5	GO:0006096	1.0
7SQC_Y2	GO:0006096	1.0
7SQC_Y2	GO:0006096	1.0
7SQC_Y2	GO:0006096	1.0
7SQC_Y2	GO:0006096	1.0
7SQC_Y2	GO:0006096	1.0
7SQC_Y2	GO:0006096	1.0
7SQC_Y2	GO:0006096	1.0
7SQC_Y2	GO:0006096	1.0
7SQC_Y2	GO:0006096	1.0
7SQC_Y2	GO:0006096	1.0
7SQC_Y2	GO:0006096	1.0
7SQC_Y2	GO:0006096	1.0
7SQC_Y2	GO:0006096	1.0
7SQC_Y3	GO:0006096	1.0
7SQC_Y3	GO:0006096	1.0
7SQC_Y3	GO:0006096	1.0
7SQC_Y3	GO:0006096	1.0
7SQC_Y3	GO:0006096	1.0
7SQC_Y3	GO:0006096	1.0
7SQC_Y3	GO:0006096	1.0
7SQC_Y3	GO:0006096	1.0
7SQC_Y3	GO:0006096	1.0
7SQC_Y3	GO:0006096	1.0
7SQC_Y3	GO:0006096	1.0
7SQC_Y3	GO:0006096	1.0
7SQC_Y3	GO:0006096	1.0
7SQC_Y0	GO:0006096	1.0
7SQC_Y0	GO:0006096	1.0
7SQC_Y0	GO:0006096	1.0
7SQC_Y0	GO:0006096	1.0
7SQC_Y0	GO:0006096	1.0
7SQC_Y0	GO:0006096	1.0
7SQC_Y0	GO:0006096	1.0
7SQC_Y0	GO:0006096	1.0
7SQC_Y0	GO:0006096	1.0
7SQC_Y0	GO:0006096	1.0
7SQC_Y0	GO:0006096	1.0
7SQC_Y0	GO:0006096	1.0
7SQC_Y0	GO:0006096	1.0
7SQC_Y1	GO:0006096	1.0
7SQC_Y1	GO:0006096	1.0
7SQC_Y1	GO:0006096	1.0
7SQC_Y1	GO:0006096	1.0
7SQC_Y1	GO:0006096	1.0
7SQC_Y1	GO:0006096	1.0
7SQC_Y1	GO:0006096	1.0
7SQC_Y1	GO:0006096	1.0
7SQC_Y1	GO:0006096	1.0
7SQC_Y1	GO:0006096	1.0
7SQC_Y1	GO:0006096	1.0
7SQC_Y1	GO:0006096	1.0
7SQC_Y1	GO:0006096	1.0
7N6G_6I	GO:0006096	1.0
7N6G_6I	GO:0006096	1.0
7N6G_6I	GO:0006096	1.0
7N6G_6I	GO:0006096	1.0
7N6G_6I	GO:0006096	1.0
7N6G_6I	GO:0006096	1.0
7N6G_6I	GO:0006096	1.0
7N6G_6I	GO:0006096	1.0
7N6G_6I	GO:0006096	1.0
7N6G_6I	GO:0006096	1.0
7N6G_6I	GO:0006096	1.0
7N6G_6I	GO:0006096	1.0
7N6G_6I	GO:0006096	1.0
7SQC_Y6	GO:0006096	1.0
7SQC_Y6	GO:0006096	1.0
7SQC_Y6	GO:0006096	1.0
7SQC_Y6	GO:0006096	1.0
7SQC_Y6	GO:0006096	1.0
7SQC_Y6	GO:0006096	1.0
7SQC_Y6	GO:0006096	1.0
7SQC_Y6	GO:0006096	1.0
7SQC_Y6	GO:0006096	1.0
7SQC_Y6	GO:0006096	1.0
7SQC_Y6	GO:0006096	1.0
7SQC_Y6	GO:0006096	1.0
7SQC_Y6	GO:0006096	1.0
7N6G_6J	GO:0006096	1.0
7N6G_6J	GO:0006096	1.0
7N6G_6J	GO:0006096	1.0
7N6G_6J	GO:0006096	1.0
7N6G_6J	GO:0006096	1.0
7N6G_6J	GO:0006096	1.0
7N6G_6J	GO:0006096	1.0
7N6G_6J	GO:0006096	1.0
7N6G_6J	GO:0006096	1.0
7N6G_6J	GO:0006096	1.0
7N6G_6J	GO:0006096	1.0
7N6G_6J	GO:0006096	1.0
7N6G_6J	GO:0006096	1.0
7SQC_Y7	GO:0006096	1.0
7SQC_Y7	GO:0006096	1.0
7SQC_Y7	GO:0006096	1.0
7SQC_Y7	GO:0006096	1.0
7SQC_Y7	GO:0006096	1.0
7SQC_Y7	GO:0006096	1.0
7SQC_Y7	GO:0006096	1.0
7SQC_Y7	GO:0006096	1.0
7SQC_Y7	GO:0006096	1.0
7SQC_Y7	GO:0006096	1.0
7SQC_Y7	GO:0006096	1.0
7SQC_Y7	GO:0006096	1.0
7SQC_Y7	GO:0006096	1.0
9SDP_Bb	GO:0006412	1.0
9SDP_Bb	GO:0006412	1.0
9SDP_Bb	GO:0006412	1.0
9SDP_Bb	GO:0006412	1.0
9SDP_Bb	GO:0006412	1.0
9H6I_Na	GO:0006412	1.0
9H6I_Na	GO:0006412	1.0
9H6I_Na	GO:0006412	1.0
9H6I_Na	GO:0006412	1.0
9H6I_Na	GO:0006412	1.0
9HMW_Na	GO:0006412	1.0
9HMW_Na	GO:0006412	1.0
9HMW_Na	GO:0006412	1.0
9HMW_Na	GO:0006412	1.0
9HMW_Na	GO:0006412	1.0
9HES_Na	GO:0006412	1.0
9HES_Na	GO:0006412	1.0
9HES_Na	GO:0006412	1.0
9HES_Na	GO:0006412	1.0
9HES_Na	GO:0006412	1.0
9H3G_Na	GO:0006412	1.0
9H3G_Na	GO:0006412	1.0
9H3G_Na	GO:0006412	1.0
9H3G_Na	GO:0006412	1.0
9H3G_Na	GO:0006412	1.0
9H3G_AQ	GO:0006412	1.0
9H6I_AQ	GO:0006412	1.0
9HES_AQ	GO:0006412	1.0
9HMW_AQ	GO:0006412	1.0
9XAU_A	GO:0005975	1.0
9XAU_D	GO:0005975	1.0
9X0I_B	GO:0005975	1.0
9XAU_B	GO:0005975	1.0
9XDG_A	GO:0005975	1.0
9X0I_A	GO:0005975	1.0
9XAU_C	GO:0005975	1.0
9XDG_B	GO:0005975	1.0
9H3G_BB	GO:0006412	1.0
9H3G_BB	GO:0006412	1.0
9H3G_BB	GO:0006412	1.0
9H3G_BB	GO:0006412	1.0
9H3G_BB	GO:0006412	1.0
9H3G_BB	GO:0006412	1.0
9H6I_BB	GO:0006412	1.0
9H6I_BB	GO:0006412	1.0
9H6I_BB	GO:0006412	1.0
9H6I_BB	GO:0006412	1.0
9H6I_BB	GO:0006412	1.0
9H6I_BB	GO:0006412	1.0
9HES_BB	GO:0006412	1.0
9HES_BB	GO:0006412	1.0
9HES_BB	GO:0006412	1.0
9HES_BB	GO:0006412	1.0
9HES_BB	GO:0006412	1.0
9HES_BB	GO:0006412	1.0
9SDQ_BR	GO:0006412	1.0
9SDQ_BR	GO:0006412	1.0
9SDQ_BR	GO:0006412	1.0
9SDQ_BR	GO:0006412	1.0
9SDQ_BR	GO:0006412	1.0
9SDQ_BR	GO:0006412	1.0
9HMW_BB	GO:0006412	1.0
9HMW_BB	GO:0006412	1.0
9HMW_BB	GO:0006412	1.0
9HMW_BB	GO:0006412	1.0
9HMW_BB	GO:0006412	1.0
9HMW_BB	GO:0006412	1.0
9J0X_A	GO:0006811	1.0
9J0X_A	GO:0055085	1.0
9J0X_A	GO:0006813	1.0
9J0X_A	GO:0006813	1.0
9J0X_A	GO:0006813	1.0
9J0X_A	GO:0006813	1.0
9J0X_A	GO:0006813	1.0
9J0X_A	GO:0006813	1.0
8WFZ_A	GO:0006811	1.0
8WFZ_A	GO:0055085	1.0
8WFZ_A	GO:0006813	1.0
8WFZ_A	GO:0006813	1.0
8WFZ_A	GO:0006813	1.0
8WFZ_A	GO:0006813	1.0
8WFZ_A	GO:0006813	1.0
8WFZ_A	GO:0006813	1.0
9J0X_B	GO:0006811	1.0
9J0X_B	GO:0055085	1.0
9J0X_B	GO:0006813	1.0
9J0X_B	GO:0006813	1.0
9J0X_B	GO:0006813	1.0
9J0X_B	GO:0006813	1.0
9J0X_B	GO:0006813	1.0
9J0X_B	GO:0006813	1.0
9J0X_C	GO:0006811	1.0
9J0X_C	GO:0055085	1.0
9J0X_C	GO:0006813	1.0
9J0X_C	GO:0006813	1.0
9J0X_C	GO:0006813	1.0
9J0X_C	GO:0006813	1.0
9J0X_C	GO:0006813	1.0
9J0X_C	GO:0006813	1.0
9J0X_D	GO:0006811	1.0
9J0X_D	GO:0055085	1.0
9J0X_D	GO:0006813	1.0
9J0X_D	GO:0006813	1.0
9J0X_D	GO:0006813	1.0
9J0X_D	GO:0006813	1.0
9J0X_D	GO:0006813	1.0
9J0X_D	GO:0006813	1.0
8WFZ_D	GO:0006811	1.0
8WFZ_D	GO:0055085	1.0
8WFZ_D	GO:0006813	1.0
8WFZ_D	GO:0006813	1.0
8WFZ_D	GO:0006813	1.0
8WFZ_D	GO:0006813	1.0
8WFZ_D	GO:0006813	1.0
8WFZ_D	GO:0006813	1.0
9J10_A	GO:0006811	1.0
9J10_A	GO:0055085	1.0
9J10_A	GO:0006813	1.0
9J10_A	GO:0006813	1.0
9J10_A	GO:0006813	1.0
9J10_A	GO:0006813	1.0
9J10_A	GO:0006813	1.0
9J10_A	GO:0006813	1.0
9J10_B	GO:0006811	1.0
9J10_B	GO:0055085	1.0
9J10_B	GO:0006813	1.0
9J10_B	GO:0006813	1.0
9J10_B	GO:0006813	1.0
9J10_B	GO:0006813	1.0
9J10_B	GO:0006813	1.0
9J10_B	GO:0006813	1.0
8WFZ_B	GO:0006811	1.0
8WFZ_B	GO:0055085	1.0
8WFZ_B	GO:0006813	1.0
8WFZ_B	GO:0006813	1.0
8WFZ_B	GO:0006813	1.0
8WFZ_B	GO:0006813	1.0
8WFZ_B	GO:0006813	1.0
8WFZ_B	GO:0006813	1.0
9J10_C	GO:0006811	1.0
9J10_C	GO:0055085	1.0
9J10_C	GO:0006813	1.0
9J10_C	GO:0006813	1.0
9J10_C	GO:0006813	1.0
9J10_C	GO:0006813	1.0
9J10_C	GO:0006813	1.0
9J10_C	GO:0006813	1.0
8WFZ_C	GO:0006811	1.0
8WFZ_C	GO:0055085	1.0
8WFZ_C	GO:0006813	1.0
8WFZ_C	GO:0006813	1.0
8WFZ_C	GO:0006813	1.0
8WFZ_C	GO:0006813	1.0
8WFZ_C	GO:0006813	1.0
8WFZ_C	GO:0006813	1.0
9J10_D	GO:0006811	1.0
9J10_D	GO:0055085	1.0
9J10_D	GO:0006813	1.0
9J10_D	GO:0006813	1.0
9J10_D	GO:0006813	1.0
9J10_D	GO:0006813	1.0
9J10_D	GO:0006813	1.0
9J10_D	GO:0006813	1.0
8WOP_B	GO:0005996	1.0
8WOP_A	GO:0005996	1.0
8JEC_A	GO:0006813	1.0
8JEC_A	GO:0006811	1.0
8JEC_A	GO:0055085	1.0
8JEC_A	GO:0006813	1.0
8JEC_A	GO:0006813	1.0
8JEC_A	GO:0006813	1.0
8JEC_A	GO:0006813	1.0
8JEC_B	GO:0006813	1.0
8JEC_B	GO:0006811	1.0
8JEC_B	GO:0055085	1.0
8JEC_B	GO:0006813	1.0
8JEC_B	GO:0006813	1.0
8JEC_B	GO:0006813	1.0
8JEC_B	GO:0006813	1.0
8JEC_C	GO:0006813	1.0
8JEC_C	GO:0006811	1.0
8JEC_C	GO:0055085	1.0
8JEC_C	GO:0006813	1.0
8JEC_C	GO:0006813	1.0
8JEC_C	GO:0006813	1.0
8JEC_C	GO:0006813	1.0
8JEC_D	GO:0006813	1.0
8JEC_D	GO:0006811	1.0
8JEC_D	GO:0055085	1.0
8JEC_D	GO:0006813	1.0
8JEC_D	GO:0006813	1.0
8JEC_D	GO:0006813	1.0
8JEC_D	GO:0006813	1.0
9SDQ_BF	GO:0006412	1.0
9SDQ_BF	GO:0006412	1.0
9SDQ_BF	GO:0006412	1.0
9SDQ_BF	GO:0006412	1.0
9SDQ_BF	GO:0006412	1.0
4BQI_B	GO:0005975	1.0
4BQI_B	GO:0005975	1.0
4BQI_B	GO:0005975	1.0
4BQI_B	GO:0005975	1.0
4BQI_A	GO:0005975	1.0
4BQI_A	GO:0005975	1.0
4BQI_A	GO:0005975	1.0
4BQI_A	GO:0005975	1.0
4BQF_A	GO:0005975	1.0
4BQF_A	GO:0005975	1.0
4BQF_A	GO:0005975	1.0
4BQF_A	GO:0005975	1.0
4BQE_B	GO:0005975	1.0
4BQE_B	GO:0005975	1.0
4BQE_B	GO:0005975	1.0
4BQE_B	GO:0005975	1.0
4BQF_B	GO:0005975	1.0
4BQF_B	GO:0005975	1.0
4BQF_B	GO:0005975	1.0
4BQF_B	GO:0005975	1.0
4BQE_A	GO:0005975	1.0
4BQE_A	GO:0005975	1.0
4BQE_A	GO:0005975	1.0
4BQE_A	GO:0005975	1.0
3UMV_B	GO:0006281	1.0
3UMV_B	GO:0000719	1.0
3UMV_A	GO:0006281	1.0
3UMV_A	GO:0000719	1.0
7TDF_B	GO:0006811	1.0
7TDF_B	GO:0055085	1.0
7TDF_B	GO:0006811	1.0
7TDF_B	GO:0055085	1.0
7TDF_B	GO:0006816	1.0
7TDF_A	GO:0006811	1.0
7TDF_A	GO:0055085	1.0
7TDF_A	GO:0006811	1.0
7TDF_A	GO:0055085	1.0
7TDF_A	GO:0006816	1.0
7WAT_B	GO:0016102	1.0
7WAT_B	GO:0016114	1.0
7Y47_B	GO:0016102	1.0
7Y47_B	GO:0016114	1.0
8WTO_A	GO:0055085	1.0
8WTO_B	GO:0055085	1.0
8WTP_A	GO:0055085	1.0
8WTP_B	GO:0055085	1.0
8WTN_A	GO:0055085	1.0
8WTM_B	GO:0055085	1.0
8WTN_B	GO:0055085	1.0
8WTM_A	GO:0055085	1.0
7JRJ_B	GO:0035082	1.0
7JRJ_B	GO:0035082	1.0
7JRJ_B	GO:0044458	1.0
7JRJ_B	GO:0060294	1.0
8GLV_Jf	GO:0035082	1.0
8GLV_Jf	GO:0035082	1.0
8GLV_Jf	GO:0044458	1.0
8GLV_Jf	GO:0060294	1.0
8GLV_IF	GO:0035082	1.0
8GLV_IF	GO:0035082	1.0
8GLV_IF	GO:0044458	1.0
8GLV_IF	GO:0060294	1.0
7JR9_A	GO:0035082	1.0
7JR9_A	GO:0035082	1.0
7JR9_A	GO:0044458	1.0
7JR9_A	GO:0060294	1.0
7JRJ_A	GO:0035082	1.0
7JRJ_A	GO:0035082	1.0
7JRJ_A	GO:0044458	1.0
7JRJ_A	GO:0060294	1.0
8GLV_II	GO:0035082	1.0
8GLV_II	GO:0035082	1.0
8GLV_II	GO:0044458	1.0
8GLV_II	GO:0060294	1.0
7JR9_B	GO:0035082	1.0
7JR9_B	GO:0035082	1.0
7JR9_B	GO:0044458	1.0
7JR9_B	GO:0060294	1.0
8GLV_IJ	GO:0035082	1.0
8GLV_IJ	GO:0035082	1.0
8GLV_IJ	GO:0044458	1.0
8GLV_IJ	GO:0060294	1.0
7JTK_R	GO:0035082	1.0
7JTK_R	GO:0035082	1.0
7JTK_R	GO:0044458	1.0
7JTK_R	GO:0060294	1.0
7JTK_Q	GO:0035082	1.0
7JTK_Q	GO:0035082	1.0
7JTK_Q	GO:0044458	1.0
7JTK_Q	GO:0060294	1.0
7JTK_P	GO:0035082	1.0
7JTK_P	GO:0035082	1.0
7JTK_P	GO:0044458	1.0
7JTK_P	GO:0060294	1.0
7JTK_O	GO:0035082	1.0
7JTK_O	GO:0035082	1.0
7JTK_O	GO:0044458	1.0
7JTK_O	GO:0060294	1.0
8GLV_IN	GO:0035082	1.0
8GLV_IN	GO:0035082	1.0
8GLV_IN	GO:0044458	1.0
8GLV_IN	GO:0060294	1.0
8GLV_Jc	GO:0035082	1.0
8GLV_Jc	GO:0035082	1.0
8GLV_Jc	GO:0044458	1.0
8GLV_Jc	GO:0060294	1.0
8GLV_Je	GO:0035082	1.0
8GLV_Je	GO:0035082	1.0
8GLV_Je	GO:0044458	1.0
8GLV_Je	GO:0060294	1.0
8GLV_Jd	GO:0035082	1.0
8GLV_Jd	GO:0035082	1.0
8GLV_Jd	GO:0044458	1.0
8GLV_Jd	GO:0060294	1.0
7SQC_R0	GO:0035082	1.0
7SQC_R0	GO:0060294	1.0
7N6G_1N	GO:0035082	1.0
7N6G_1N	GO:0060294	1.0
7SQC_R1	GO:0035082	1.0
7SQC_R1	GO:0060294	1.0
8GLV_Co	GO:0007018	1.0
8GLV_Co	GO:0007018	1.0
8WTZ_A	GO:0006813	1.0
8WTZ_A	GO:0006813	1.0
8WTZ_A	GO:0006813	1.0
8WTZ_A	GO:0006813	1.0
8WTZ_A	GO:0006813	1.0
8WTZ_A	GO:0006811	1.0
8WTZ_A	GO:0055085	1.0
8WTZ_D	GO:0006813	1.0
8WTZ_D	GO:0006813	1.0
8WTZ_D	GO:0006813	1.0
8WTZ_D	GO:0006813	1.0
8WTZ_D	GO:0006813	1.0
8WTZ_D	GO:0006811	1.0
8WTZ_D	GO:0055085	1.0
8WTZ_B	GO:0006813	1.0
8WTZ_B	GO:0006813	1.0
8WTZ_B	GO:0006813	1.0
8WTZ_B	GO:0006813	1.0
8WTZ_B	GO:0006813	1.0
8WTZ_B	GO:0006811	1.0
8WTZ_B	GO:0055085	1.0
8WTZ_C	GO:0006813	1.0
8WTZ_C	GO:0006813	1.0
8WTZ_C	GO:0006813	1.0
8WTZ_C	GO:0006813	1.0
8WTZ_C	GO:0006813	1.0
8WTZ_C	GO:0006811	1.0
8WTZ_C	GO:0055085	1.0
1MVN_A	GO:0015937	1.0
1MVL_A	GO:0015937	1.0
9HES_BW	GO:0006412	1.0
9HES_BW	GO:0006412	1.0
9HES_BW	GO:0006412	1.0
9HES_BW	GO:0006412	1.0
9H3G_BW	GO:0006412	1.0
9H3G_BW	GO:0006412	1.0
9H3G_BW	GO:0006412	1.0
9H3G_BW	GO:0006412	1.0
9H6I_BW	GO:0006412	1.0
9H6I_BW	GO:0006412	1.0
9H6I_BW	GO:0006412	1.0
9H6I_BW	GO:0006412	1.0
9HMW_BW	GO:0006412	1.0
9HMW_BW	GO:0006412	1.0
9HMW_BW	GO:0006412	1.0
9HMW_BW	GO:0006412	1.0
9VJX_B	GO:0019432	1.0
9VJX_B	GO:0019432	1.0
9VJX_A	GO:0019432	1.0
9VJX_A	GO:0019432	1.0
5YM0_A	GO:0009082	1.0
5YM0_A	GO:0009082	1.0
5YM0_A	GO:0009082	1.0
9HES_Ea	GO:0006412	1.0
9HES_Ea	GO:0002181	1.0
9HES_Ea	GO:0006412	1.0
9HES_Ea	GO:0006412	1.0
9HES_Ea	GO:0006412	1.0
9HES_Ea	GO:0006412	1.0
9H6I_Ea	GO:0006412	1.0
9H6I_Ea	GO:0002181	1.0
9H6I_Ea	GO:0006412	1.0
9H6I_Ea	GO:0006412	1.0
9H6I_Ea	GO:0006412	1.0
9H6I_Ea	GO:0006412	1.0
9HMW_Ea	GO:0006412	1.0
9HMW_Ea	GO:0002181	1.0
9HMW_Ea	GO:0006412	1.0
9HMW_Ea	GO:0006412	1.0
9HMW_Ea	GO:0006412	1.0
9HMW_Ea	GO:0006412	1.0
9H3G_Ea	GO:0006412	1.0
9H3G_Ea	GO:0002181	1.0
9H3G_Ea	GO:0006412	1.0
9H3G_Ea	GO:0006412	1.0
9H3G_Ea	GO:0006412	1.0
9H3G_Ea	GO:0006412	1.0
8TEG_A	GO:0006820	1.0
8TEG_A	GO:0050801	1.0
8TEG_A	GO:0055085	1.0
8TEG_A	GO:0006820	1.0
8TEG_A	GO:0006820	1.0
8TEG_A	GO:0006820	1.0
8TEI_B	GO:0006820	1.0
8TEI_B	GO:0050801	1.0
8TEI_B	GO:0055085	1.0
8TEI_B	GO:0006820	1.0
8TEI_B	GO:0006820	1.0
8TEI_B	GO:0006820	1.0
8TEH_A	GO:0006820	1.0
8TEH_A	GO:0050801	1.0
8TEH_A	GO:0055085	1.0
8TEH_A	GO:0006820	1.0
8TEH_A	GO:0006820	1.0
8TEH_A	GO:0006820	1.0
8TEI_A	GO:0006820	1.0
8TEI_A	GO:0050801	1.0
8TEI_A	GO:0055085	1.0
8TEI_A	GO:0006820	1.0
8TEI_A	GO:0006820	1.0
8TEI_A	GO:0006820	1.0
8TEG_B	GO:0006820	1.0
8TEG_B	GO:0050801	1.0
8TEG_B	GO:0055085	1.0
8TEG_B	GO:0006820	1.0
8TEG_B	GO:0006820	1.0
8TEG_B	GO:0006820	1.0
8TEH_B	GO:0006820	1.0
8TEH_B	GO:0050801	1.0
8TEH_B	GO:0055085	1.0
8TEH_B	GO:0006820	1.0
8TEH_B	GO:0006820	1.0
8TEH_B	GO:0006820	1.0
9H6I_Za	GO:0006412	1.0
9H6I_Za	GO:0006412	1.0
9H6I_Za	GO:0006412	1.0
9H6I_Za	GO:0006412	1.0
9H6I_Za	GO:0006412	1.0
9H6I_Za	GO:0006412	1.0
9H6I_Za	GO:0006412	1.0
9H6I_Za	GO:0006412	1.0
9H6I_Za	GO:0006412	1.0
9H6I_Za	GO:0006412	1.0
9H6I_Za	GO:0006412	1.0
9H6I_Za	GO:0006412	1.0
9H6I_Za	GO:0006412	1.0
9H6I_Za	GO:0006412	1.0
9HMW_Za	GO:0006412	1.0
9HMW_Za	GO:0006412	1.0
9HMW_Za	GO:0006412	1.0
9HMW_Za	GO:0006412	1.0
9HMW_Za	GO:0006412	1.0
9HMW_Za	GO:0006412	1.0
9HMW_Za	GO:0006412	1.0
9HMW_Za	GO:0006412	1.0
9HMW_Za	GO:0006412	1.0
9HMW_Za	GO:0006412	1.0
9HMW_Za	GO:0006412	1.0
9HMW_Za	GO:0006412	1.0
9HMW_Za	GO:0006412	1.0
9HMW_Za	GO:0006412	1.0
9HES_Za	GO:0006412	1.0
9HES_Za	GO:0006412	1.0
9HES_Za	GO:0006412	1.0
9HES_Za	GO:0006412	1.0
9HES_Za	GO:0006412	1.0
9HES_Za	GO:0006412	1.0
9HES_Za	GO:0006412	1.0
9HES_Za	GO:0006412	1.0
9HES_Za	GO:0006412	1.0
9HES_Za	GO:0006412	1.0
9HES_Za	GO:0006412	1.0
9HES_Za	GO:0006412	1.0
9HES_Za	GO:0006412	1.0
9HES_Za	GO:0006412	1.0
9H3G_Za	GO:0006412	1.0
9H3G_Za	GO:0006412	1.0
9H3G_Za	GO:0006412	1.0
9H3G_Za	GO:0006412	1.0
9H3G_Za	GO:0006412	1.0
9H3G_Za	GO:0006412	1.0
9H3G_Za	GO:0006412	1.0
9H3G_Za	GO:0006412	1.0
9H3G_Za	GO:0006412	1.0
9H3G_Za	GO:0006412	1.0
9H3G_Za	GO:0006412	1.0
9H3G_Za	GO:0006412	1.0
9H3G_Za	GO:0006412	1.0
9H3G_Za	GO:0006412	1.0
3SDT_A	GO:0016102	1.0
3SDT_A	GO:0016114	1.0
3SDT_A	GO:0016102	1.0
3SAE_A	GO:0016102	1.0
3SAE_A	GO:0016114	1.0
3SAE_A	GO:0016102	1.0
3SDV_A	GO:0016102	1.0
3SDV_A	GO:0016114	1.0
3SDV_A	GO:0016102	1.0
3SDQ_A	GO:0016102	1.0
3SDQ_A	GO:0016114	1.0
3SDQ_A	GO:0016102	1.0
3SDU_A	GO:0016102	1.0
3SDU_A	GO:0016114	1.0
3SDU_A	GO:0016102	1.0
3SDR_A	GO:0016102	1.0
3SDR_A	GO:0016114	1.0
3SDR_A	GO:0016102	1.0
3CLL_A	GO:0055085	1.0
3CLL_A	GO:0055085	1.0
3CLL_A	GO:0055085	1.0
3CLL_A	GO:0055085	1.0
3CLL_A	GO:0055085	1.0
3CLL_A	GO:0055085	1.0
3CLL_A	GO:0055085	1.0
3CLL_A	GO:0055085	1.0
3CLL_A	GO:0055085	1.0
2WWB_M	GO:0002181	1.0
2WWB_M	GO:0006412	1.0
2WWB_M	GO:0006412	1.0
2WWB_M	GO:0006412	1.0
2WWB_M	GO:0006412	1.0
2WWB_M	GO:0006412	1.0
2WWB_L	GO:0006412	1.0
2WWB_L	GO:0006412	1.0
2WWB_L	GO:0006412	1.0
2WWB_L	GO:0006412	1.0
9HMW_BU	GO:0006412	1.0
9HMW_BU	GO:0006412	1.0
9HMW_BU	GO:0006412	1.0
9H6I_BU	GO:0006412	1.0
9H6I_BU	GO:0006412	1.0
9H6I_BU	GO:0006412	1.0
9HES_BU	GO:0006412	1.0
9HES_BU	GO:0006412	1.0
9HES_BU	GO:0006412	1.0
9H3G_BU	GO:0006412	1.0
9H3G_BU	GO:0006412	1.0
9H3G_BU	GO:0006412	1.0
9SCU_CJ	GO:0006412	1.0
9SCU_CJ	GO:0006412	1.0
9SCU_CJ	GO:0006412	1.0
9HES_Ka	GO:0006412	1.0
9HES_Ka	GO:0006412	1.0
9HES_Ka	GO:0006412	1.0
9HES_Ka	GO:0006412	1.0
9H6I_Ka	GO:0006412	1.0
9H6I_Ka	GO:0006412	1.0
9H6I_Ka	GO:0006412	1.0
9H6I_Ka	GO:0006412	1.0
9HMW_Ka	GO:0006412	1.0
9HMW_Ka	GO:0006412	1.0
9HMW_Ka	GO:0006412	1.0
9HMW_Ka	GO:0006412	1.0
9H3G_Ka	GO:0006412	1.0
9H3G_Ka	GO:0006412	1.0
9H3G_Ka	GO:0006412	1.0
9H3G_Ka	GO:0006412	1.0
8TEN_A	GO:0006820	1.0
8TEN_A	GO:0050801	1.0
8TEN_A	GO:0055085	1.0
8TEN_A	GO:0006820	1.0
8TEN_A	GO:0006820	1.0
8TEN_A	GO:0006820	1.0
8TEL_A	GO:0006820	1.0
8TEL_A	GO:0050801	1.0
8TEL_A	GO:0055085	1.0
8TEL_A	GO:0006820	1.0
8TEL_A	GO:0006820	1.0
8TEL_A	GO:0006820	1.0
8TEN_B	GO:0006820	1.0
8TEN_B	GO:0050801	1.0
8TEN_B	GO:0055085	1.0
8TEN_B	GO:0006820	1.0
8TEN_B	GO:0006820	1.0
8TEN_B	GO:0006820	1.0
8TEM_A	GO:0006820	1.0
8TEM_A	GO:0050801	1.0
8TEM_A	GO:0055085	1.0
8TEM_A	GO:0006820	1.0
8TEM_A	GO:0006820	1.0
8TEM_A	GO:0006820	1.0
8TEM_B	GO:0006820	1.0
8TEM_B	GO:0050801	1.0
8TEM_B	GO:0055085	1.0
8TEM_B	GO:0006820	1.0
8TEM_B	GO:0006820	1.0
8TEM_B	GO:0006820	1.0
8TEJ_A	GO:0006820	1.0
8TEJ_A	GO:0050801	1.0
8TEJ_A	GO:0055085	1.0
8TEJ_A	GO:0006820	1.0
8TEJ_A	GO:0006820	1.0
8TEJ_A	GO:0006820	1.0
8TEL_B	GO:0006820	1.0
8TEL_B	GO:0050801	1.0
8TEL_B	GO:0055085	1.0
8TEL_B	GO:0006820	1.0
8TEL_B	GO:0006820	1.0
8TEL_B	GO:0006820	1.0
6XYW_Bq	GO:0006412	1.0
6XYW_Bq	GO:0006412	1.0
6XYW_Bq	GO:0006412	1.0
6XYW_Bq	GO:0006412	1.0
6XYW_Bq	GO:0006412	1.0
6XYW_Bq	GO:0006412	1.0
6XYW_Bq	GO:0006412	1.0
9H3G_Ya	GO:0006412	1.0
9H3G_Ya	GO:0006412	1.0
9H3G_Ya	GO:0006412	1.0
9H3G_Ya	GO:0006412	1.0
9H3G_Ya	GO:0006412	1.0
9H3G_Ya	GO:0006412	1.0
9H3G_Ya	GO:0006412	1.0
9H3G_Ya	GO:0006412	1.0
9H3G_Ya	GO:0006412	1.0
9H3G_Ya	GO:0006412	1.0
9H6I_Ya	GO:0006412	1.0
9H6I_Ya	GO:0006412	1.0
9H6I_Ya	GO:0006412	1.0
9H6I_Ya	GO:0006412	1.0
9H6I_Ya	GO:0006412	1.0
9H6I_Ya	GO:0006412	1.0
9H6I_Ya	GO:0006412	1.0
9H6I_Ya	GO:0006412	1.0
9H6I_Ya	GO:0006412	1.0
9H6I_Ya	GO:0006412	1.0
9HES_Ya	GO:0006412	1.0
9HES_Ya	GO:0006412	1.0
9HES_Ya	GO:0006412	1.0
9HES_Ya	GO:0006412	1.0
9HES_Ya	GO:0006412	1.0
9HES_Ya	GO:0006412	1.0
9HES_Ya	GO:0006412	1.0
9HES_Ya	GO:0006412	1.0
9HES_Ya	GO:0006412	1.0
9HES_Ya	GO:0006412	1.0
9HMW_Ya	GO:0006412	1.0
9HMW_Ya	GO:0006412	1.0
9HMW_Ya	GO:0006412	1.0
9HMW_Ya	GO:0006412	1.0
9HMW_Ya	GO:0006412	1.0
9HMW_Ya	GO:0006412	1.0
9HMW_Ya	GO:0006412	1.0
9HMW_Ya	GO:0006412	1.0
9HMW_Ya	GO:0006412	1.0
9HMW_Ya	GO:0006412	1.0
7SQC_2H	GO:0022900	1.0
7SQC_2I	GO:0022900	1.0
7N6G_1Q	GO:0022900	1.0
9HES_AG	GO:0006412	1.0
9HES_AG	GO:0006412	1.0
9HES_AG	GO:0006412	1.0
9HES_AG	GO:0006412	1.0
9HMW_AG	GO:0006412	1.0
9HMW_AG	GO:0006412	1.0
9HMW_AG	GO:0006412	1.0
9HMW_AG	GO:0006412	1.0
9SCU_CL	GO:0006412	1.0
9SCU_CL	GO:0006412	1.0
9SCU_CL	GO:0006412	1.0
9SCU_CL	GO:0006412	1.0
9H3G_AG	GO:0006412	1.0
9H3G_AG	GO:0006412	1.0
9H3G_AG	GO:0006412	1.0
9H3G_AG	GO:0006412	1.0
9H6I_AG	GO:0006412	1.0
9H6I_AG	GO:0006412	1.0
9H6I_AG	GO:0006412	1.0
9H6I_AG	GO:0006412	1.0
9HMW_BH	GO:0006412	1.0
9HMW_BH	GO:0006412	1.0
9HMW_BH	GO:0017148	1.0
9HMW_BH	GO:0006412	1.0
9HMW_BH	GO:0006412	1.0
9HMW_BH	GO:0006412	1.0
9HMW_BH	GO:0006412	1.0
9HMW_BH	GO:0006412	1.0
9HMW_BH	GO:0006412	1.0
9H3G_BH	GO:0006412	1.0
9H3G_BH	GO:0006412	1.0
9H3G_BH	GO:0017148	1.0
9H3G_BH	GO:0006412	1.0
9H3G_BH	GO:0006412	1.0
9H3G_BH	GO:0006412	1.0
9H3G_BH	GO:0006412	1.0
9H3G_BH	GO:0006412	1.0
9H3G_BH	GO:0006412	1.0
9H6I_BH	GO:0006412	1.0
9H6I_BH	GO:0006412	1.0
9H6I_BH	GO:0017148	1.0
9H6I_BH	GO:0006412	1.0
9H6I_BH	GO:0006412	1.0
9H6I_BH	GO:0006412	1.0
9H6I_BH	GO:0006412	1.0
9H6I_BH	GO:0006412	1.0
9H6I_BH	GO:0006412	1.0
9HES_BH	GO:0006412	1.0
9HES_BH	GO:0006412	1.0
9HES_BH	GO:0017148	1.0
9HES_BH	GO:0006412	1.0
9HES_BH	GO:0006412	1.0
9HES_BH	GO:0006412	1.0
9HES_BH	GO:0006412	1.0
9HES_BH	GO:0006412	1.0
9HES_BH	GO:0006412	1.0
