6XYW_BE	pdb|2WTB|A	26.667	150	409	725	1.40e-05	44.7	37
3CLL_A	pdb|6PEX|D	94.444	18	300	329	1.63e-05	43.5	6
3CLL_A	pdb|6PEX|C	94.444	18	300	329	1.63e-05	43.5	6
3CLL_A	pdb|6PEX|B	94.444	18	300	329	1.63e-05	43.5	6
3CLL_A	pdb|6PEX|A	94.444	18	300	329	1.63e-05	43.5	6
3CN5_A	pdb|6PEX|D	85.000	20	304	329	8.78e-06	44.3	7
3CN5_A	pdb|6PEX|C	85.000	20	304	329	8.78e-06	44.3	7
3CN5_A	pdb|6PEX|B	85.000	20	304	329	8.78e-06	44.3	7
3CN5_A	pdb|6PEX|A	85.000	20	304	329	8.78e-06	44.3	7
3CN6_A	pdb|6PEX|D	85.000	20	304	329	8.70e-06	44.3	7
3CN6_A	pdb|6PEX|C	85.000	20	304	329	8.70e-06	44.3	7
3CN6_A	pdb|6PEX|B	85.000	20	304	329	8.70e-06	44.3	7
3CN6_A	pdb|6PEX|A	85.000	20	304	329	8.70e-06	44.3	7
3CN6_B	pdb|6PEX|D	85.000	20	304	329	8.70e-06	44.3	7
3CN6_B	pdb|6PEX|C	85.000	20	304	329	8.70e-06	44.3	7
3CN6_B	pdb|6PEX|B	85.000	20	304	329	8.70e-06	44.3	7
3CN6_B	pdb|6PEX|A	85.000	20	304	329	8.70e-06	44.3	7
5DQQ_A	pdb|7FHL|C	99.862	723	723	998	0.0	1481	100
5DQQ_A	pdb|7FHL|A	99.862	723	723	998	0.0	1481	100
5DQQ_A	pdb|7FHK|C	99.862	723	723	998	0.0	1481	100
5DQQ_A	pdb|7FHK|A	99.862	723	723	998	0.0	1481	100
5DQQ_A	pdb|7FHO|C	99.447	723	723	998	0.0	1473	100
5DQQ_A	pdb|7FHO|A	99.447	723	723	998	0.0	1473	100
5DQQ_A	pdb|7FHN|C	99.447	723	723	998	0.0	1473	100
5DQQ_A	pdb|7FHN|A	99.447	723	723	998	0.0	1473	100
5E1J_A	pdb|7FHL|C	100.000	741	741	998	0.0	1518	100
5E1J_A	pdb|7FHL|A	100.000	741	741	998	0.0	1518	100
5E1J_A	pdb|7FHK|C	100.000	741	741	998	0.0	1518	100
5E1J_A	pdb|7FHK|A	100.000	741	741	998	0.0	1518	100
5E1J_A	pdb|7FHO|C	99.595	741	741	998	0.0	1510	100
5E1J_A	pdb|7FHO|A	99.595	741	741	998	0.0	1510	100
5E1J_A	pdb|7FHN|C	99.595	741	741	998	0.0	1510	100
5E1J_A	pdb|7FHN|A	99.595	741	741	998	0.0	1510	100
5TUA_A	pdb|7FHL|C	99.594	739	739	998	0.0	1508	100
5TUA_A	pdb|7FHL|A	99.594	739	739	998	0.0	1508	100
5TUA_A	pdb|7FHK|C	99.594	739	739	998	0.0	1508	100
5TUA_A	pdb|7FHK|A	99.594	739	739	998	0.0	1508	100
5TUA_A	pdb|7FHO|C	99.188	739	739	998	0.0	1500	100
5TUA_A	pdb|7FHO|A	99.188	739	739	998	0.0	1500	100
5TUA_A	pdb|7FHN|C	99.188	739	739	998	0.0	1500	100
5TUA_A	pdb|7FHN|A	99.188	739	739	998	0.0	1500	100
6CX0_A	pdb|7FHL|C	99.316	731	727	998	0.0	1483	100
6CX0_A	pdb|7FHL|A	99.316	731	727	998	0.0	1483	100
6CX0_A	pdb|7FHK|C	99.316	731	727	998	0.0	1483	100
6CX0_A	pdb|7FHK|A	99.316	731	727	998	0.0	1483	100
6CX0_A	pdb|7FHO|C	98.906	731	727	998	0.0	1475	100
6CX0_A	pdb|7FHO|A	98.906	731	727	998	0.0	1475	100
6CX0_A	pdb|7FHN|C	98.906	731	727	998	0.0	1475	100
6CX0_A	pdb|7FHN|A	98.906	731	727	998	0.0	1475	100
6E1K_A	pdb|7FHL|C	98.906	731	727	998	0.0	1478	100
6E1K_A	pdb|7FHL|A	98.906	731	727	998	0.0	1478	100
6E1K_A	pdb|7FHK|C	98.906	731	727	998	0.0	1478	100
6E1K_A	pdb|7FHK|A	98.906	731	727	998	0.0	1478	100
6E1K_A	pdb|7FHO|C	98.906	731	727	998	0.0	1476	100
6E1K_A	pdb|7FHO|A	98.906	731	727	998	0.0	1476	100
6E1K_A	pdb|7FHN|C	98.906	731	727	998	0.0	1476	100
6E1K_A	pdb|7FHN|A	98.906	731	727	998	0.0	1476	100
6E1K_B	pdb|7FHL|C	98.906	731	727	998	0.0	1478	100
6E1K_B	pdb|7FHL|A	98.906	731	727	998	0.0	1478	100
6E1K_B	pdb|7FHK|C	98.906	731	727	998	0.0	1478	100
6E1K_B	pdb|7FHK|A	98.906	731	727	998	0.0	1478	100
6E1K_B	pdb|7FHO|C	98.906	731	727	998	0.0	1476	100
6E1K_B	pdb|7FHO|A	98.906	731	727	998	0.0	1476	100
6E1K_B	pdb|7FHN|C	98.906	731	727	998	0.0	1476	100
6E1K_B	pdb|7FHN|A	98.906	731	727	998	0.0	1476	100
6E1M_A	pdb|7FHL|C	98.906	731	727	998	0.0	1478	100
6E1M_A	pdb|7FHL|A	98.906	731	727	998	0.0	1478	100
6E1M_A	pdb|7FHK|C	98.906	731	727	998	0.0	1478	100
6E1M_A	pdb|7FHK|A	98.906	731	727	998	0.0	1478	100
6E1M_A	pdb|7FHO|C	98.906	731	727	998	0.0	1476	100
6E1M_A	pdb|7FHO|A	98.906	731	727	998	0.0	1476	100
6E1M_A	pdb|7FHN|C	98.906	731	727	998	0.0	1476	100
6E1M_A	pdb|7FHN|A	98.906	731	727	998	0.0	1476	100
6E1M_B	pdb|7FHL|C	98.906	731	727	998	0.0	1478	100
6E1M_B	pdb|7FHL|A	98.906	731	727	998	0.0	1478	100
6E1M_B	pdb|7FHK|C	98.906	731	727	998	0.0	1478	100
6E1M_B	pdb|7FHK|A	98.906	731	727	998	0.0	1478	100
6E1M_B	pdb|7FHO|C	98.906	731	727	998	0.0	1476	100
6E1M_B	pdb|7FHO|A	98.906	731	727	998	0.0	1476	100
6E1M_B	pdb|7FHN|C	98.906	731	727	998	0.0	1476	100
6E1M_B	pdb|7FHN|A	98.906	731	727	998	0.0	1476	100
6E1N_A	pdb|7FHL|C	98.906	731	727	998	0.0	1478	100
6E1N_A	pdb|7FHL|A	98.906	731	727	998	0.0	1478	100
6E1N_A	pdb|7FHK|C	98.906	731	727	998	0.0	1478	100
6E1N_A	pdb|7FHK|A	98.906	731	727	998	0.0	1478	100
6E1N_A	pdb|7FHO|C	98.906	731	727	998	0.0	1476	100
6E1N_A	pdb|7FHO|A	98.906	731	727	998	0.0	1476	100
6E1N_A	pdb|7FHN|C	98.906	731	727	998	0.0	1476	100
6E1N_A	pdb|7FHN|A	98.906	731	727	998	0.0	1476	100
6E1N_B	pdb|7FHL|C	98.906	731	727	998	0.0	1478	100
6E1N_B	pdb|7FHL|A	98.906	731	727	998	0.0	1478	100
6E1N_B	pdb|7FHK|C	98.906	731	727	998	0.0	1478	100
6E1N_B	pdb|7FHK|A	98.906	731	727	998	0.0	1478	100
6E1N_B	pdb|7FHO|C	98.906	731	727	998	0.0	1476	100
6E1N_B	pdb|7FHO|A	98.906	731	727	998	0.0	1476	100
6E1N_B	pdb|7FHN|C	98.906	731	727	998	0.0	1476	100
6E1N_B	pdb|7FHN|A	98.906	731	727	998	0.0	1476	100
6E1P_A	pdb|7FHL|C	98.906	731	727	998	0.0	1478	100
6E1P_A	pdb|7FHL|A	98.906	731	727	998	0.0	1478	100
6E1P_A	pdb|7FHK|C	98.906	731	727	998	0.0	1478	100
6E1P_A	pdb|7FHK|A	98.906	731	727	998	0.0	1478	100
6E1P_A	pdb|7FHO|C	98.906	731	727	998	0.0	1476	100
6E1P_A	pdb|7FHO|A	98.906	731	727	998	0.0	1476	100
6E1P_A	pdb|7FHN|C	98.906	731	727	998	0.0	1476	100
6E1P_A	pdb|7FHN|A	98.906	731	727	998	0.0	1476	100
6E1P_B	pdb|7FHL|C	98.906	731	727	998	0.0	1478	100
6E1P_B	pdb|7FHL|A	98.906	731	727	998	0.0	1478	100
6E1P_B	pdb|7FHK|C	98.906	731	727	998	0.0	1478	100
6E1P_B	pdb|7FHK|A	98.906	731	727	998	0.0	1478	100
6E1P_B	pdb|7FHO|C	98.906	731	727	998	0.0	1476	100
6E1P_B	pdb|7FHO|A	98.906	731	727	998	0.0	1476	100
6E1P_B	pdb|7FHN|C	98.906	731	727	998	0.0	1476	100
6E1P_B	pdb|7FHN|A	98.906	731	727	998	0.0	1476	100
7TBG_A	pdb|7FHL|C	99.727	733	733	998	0.0	1496	100
7TBG_A	pdb|7FHL|A	99.727	733	733	998	0.0	1496	100
7TBG_A	pdb|7FHK|C	99.727	733	733	998	0.0	1496	100
7TBG_A	pdb|7FHK|A	99.727	733	733	998	0.0	1496	100
7TBG_A	pdb|7FHO|C	99.454	733	733	998	0.0	1490	100
7TBG_A	pdb|7FHO|A	99.454	733	733	998	0.0	1490	100
7TBG_A	pdb|7FHN|C	99.454	733	733	998	0.0	1490	100
7TBG_A	pdb|7FHN|A	99.454	733	733	998	0.0	1490	100
7TBG_B	pdb|7FHL|C	99.727	733	733	998	0.0	1496	100
7TBG_B	pdb|7FHL|A	99.727	733	733	998	0.0	1496	100
7TBG_B	pdb|7FHK|C	99.727	733	733	998	0.0	1496	100
7TBG_B	pdb|7FHK|A	99.727	733	733	998	0.0	1496	100
7TBG_B	pdb|7FHO|C	99.454	733	733	998	0.0	1490	100
7TBG_B	pdb|7FHO|A	99.454	733	733	998	0.0	1490	100
7TBG_B	pdb|7FHN|C	99.454	733	733	998	0.0	1490	100
7TBG_B	pdb|7FHN|A	99.454	733	733	998	0.0	1490	100
7TDD_A	pdb|7FHL|C	99.852	675	675	998	0.0	1377	100
7TDD_A	pdb|7FHL|A	99.852	675	675	998	0.0	1377	100
7TDD_A	pdb|7FHK|C	99.852	675	675	998	0.0	1377	100
7TDD_A	pdb|7FHK|A	99.852	675	675	998	0.0	1377	100
7TDD_A	pdb|7FHO|C	99.556	675	675	998	0.0	1371	100
7TDD_A	pdb|7FHO|A	99.556	675	675	998	0.0	1371	100
7TDD_A	pdb|7FHN|C	99.556	675	675	998	0.0	1371	100
7TDD_A	pdb|7FHN|A	99.556	675	675	998	0.0	1371	100
7TDD_B	pdb|7FHL|C	99.852	675	675	998	0.0	1377	100
7TDD_B	pdb|7FHL|A	99.852	675	675	998	0.0	1377	100
7TDD_B	pdb|7FHK|C	99.852	675	675	998	0.0	1377	100
7TDD_B	pdb|7FHK|A	99.852	675	675	998	0.0	1377	100
7TDD_B	pdb|7FHO|C	99.556	675	675	998	0.0	1371	100
7TDD_B	pdb|7FHO|A	99.556	675	675	998	0.0	1371	100
7TDD_B	pdb|7FHN|C	99.556	675	675	998	0.0	1371	100
7TDD_B	pdb|7FHN|A	99.556	675	675	998	0.0	1371	100
7TDE_A	pdb|7FHO|C	100.000	733	733	998	0.0	1501	100
7TDE_A	pdb|7FHO|A	100.000	733	733	998	0.0	1501	100
7TDE_A	pdb|7FHN|C	100.000	733	733	998	0.0	1501	100
7TDE_A	pdb|7FHN|A	100.000	733	733	998	0.0	1501	100
7TDE_A	pdb|7FHL|C	99.591	733	733	998	0.0	1495	100
7TDE_A	pdb|7FHL|A	99.591	733	733	998	0.0	1495	100
7TDE_A	pdb|7FHK|C	99.591	733	733	998	0.0	1495	100
7TDE_A	pdb|7FHK|A	99.591	733	733	998	0.0	1495	100
7TDE_B	pdb|7FHO|C	100.000	733	733	998	0.0	1501	100
7TDE_B	pdb|7FHO|A	100.000	733	733	998	0.0	1501	100
7TDE_B	pdb|7FHN|C	100.000	733	733	998	0.0	1501	100
7TDE_B	pdb|7FHN|A	100.000	733	733	998	0.0	1501	100
7TDE_B	pdb|7FHL|C	99.591	733	733	998	0.0	1495	100
7TDE_B	pdb|7FHL|A	99.591	733	733	998	0.0	1495	100
7TDE_B	pdb|7FHK|C	99.591	733	733	998	0.0	1495	100
7TDE_B	pdb|7FHK|A	99.591	733	733	998	0.0	1495	100
7TDF_A	pdb|7FHL|C	99.864	733	733	998	0.0	1499	100
7TDF_A	pdb|7FHL|A	99.864	733	733	998	0.0	1499	100
7TDF_A	pdb|7FHK|C	99.864	733	733	998	0.0	1499	100
7TDF_A	pdb|7FHK|A	99.864	733	733	998	0.0	1499	100
7TDF_A	pdb|7FHO|C	99.591	733	733	998	0.0	1494	100
7TDF_A	pdb|7FHO|A	99.591	733	733	998	0.0	1494	100
7TDF_A	pdb|7FHN|C	99.591	733	733	998	0.0	1494	100
7TDF_A	pdb|7FHN|A	99.591	733	733	998	0.0	1494	100
7TDF_B	pdb|7FHL|C	99.864	733	733	998	0.0	1499	100
7TDF_B	pdb|7FHL|A	99.864	733	733	998	0.0	1499	100
7TDF_B	pdb|7FHK|C	99.864	733	733	998	0.0	1499	100
7TDF_B	pdb|7FHK|A	99.864	733	733	998	0.0	1499	100
7TDF_B	pdb|7FHO|C	99.591	733	733	998	0.0	1494	100
7TDF_B	pdb|7FHO|A	99.591	733	733	998	0.0	1494	100
7TDF_B	pdb|7FHN|C	99.591	733	733	998	0.0	1494	100
7TDF_B	pdb|7FHN|A	99.591	733	733	998	0.0	1494	100
8GW6_A	pdb|9NA9|E	94.958	238	826	1040	2.41e-158	486	29
8GW6_A	pdb|9NA8|E	94.958	238	826	1040	2.41e-158	486	29
8GW6_A	pdb|7FHO|C	72.189	338	826	998	7.11e-156	479	39
8GW6_A	pdb|7FHO|A	72.189	338	826	998	7.11e-156	479	39
8GW6_A	pdb|7FHN|C	72.189	338	826	998	7.11e-156	479	39
8GW6_A	pdb|7FHN|A	72.189	338	826	998	7.11e-156	479	39
8GW6_A	pdb|7FHL|C	72.189	338	826	998	8.34e-156	479	39
8GW6_A	pdb|7FHL|A	72.189	338	826	998	8.34e-156	479	39
8GW6_A	pdb|7FHK|C	72.189	338	826	998	8.34e-156	479	39
8GW6_A	pdb|7FHK|A	72.189	338	826	998	8.34e-156	479	39
8GW6_A	pdb|9M7W|A	51.385	397	826	635	8.04e-145	439	48
8GW6_A	pdb|9M7S|B	51.385	397	826	635	8.04e-145	439	48
8GW6_A	pdb|9M7S|A	51.385	397	826	635	8.04e-145	439	48
8GW6_A	pdb|9M7R|C	51.385	397	826	635	8.04e-145	439	48
8GW6_A	pdb|9M7R|B	51.385	397	826	635	8.04e-145	439	48
8GW6_A	pdb|9M7R|A	51.385	397	826	635	8.04e-145	439	48
8GW6_A	pdb|9M7W|C	40.129	309	826	385	3.64e-71	236	37
8GW6_A	pdb|9M7W|B	40.129	309	826	385	3.64e-71	236	37
8GW6_A	pdb|9M7U|C	40.129	309	826	385	3.64e-71	236	37
8GW6_A	pdb|9M7U|B	40.129	309	826	385	3.64e-71	236	37
8GW6_A	pdb|9M7U|A	40.129	309	826	385	3.64e-71	236	37
8GW6_A	pdb|9M7S|C	40.129	309	826	385	3.64e-71	236	37
8GW6_B	pdb|9NA9|E	94.958	238	826	1040	2.41e-158	486	29
8GW6_B	pdb|9NA8|E	94.958	238	826	1040	2.41e-158	486	29
8GW6_B	pdb|7FHO|C	72.189	338	826	998	7.11e-156	479	39
8GW6_B	pdb|7FHO|A	72.189	338	826	998	7.11e-156	479	39
8GW6_B	pdb|7FHN|C	72.189	338	826	998	7.11e-156	479	39
8GW6_B	pdb|7FHN|A	72.189	338	826	998	7.11e-156	479	39
8GW6_B	pdb|7FHL|C	72.189	338	826	998	8.34e-156	479	39
8GW6_B	pdb|7FHL|A	72.189	338	826	998	8.34e-156	479	39
8GW6_B	pdb|7FHK|C	72.189	338	826	998	8.34e-156	479	39
8GW6_B	pdb|7FHK|A	72.189	338	826	998	8.34e-156	479	39
8GW6_B	pdb|9M7W|A	51.385	397	826	635	8.04e-145	439	48
8GW6_B	pdb|9M7S|B	51.385	397	826	635	8.04e-145	439	48
8GW6_B	pdb|9M7S|A	51.385	397	826	635	8.04e-145	439	48
8GW6_B	pdb|9M7R|C	51.385	397	826	635	8.04e-145	439	48
8GW6_B	pdb|9M7R|B	51.385	397	826	635	8.04e-145	439	48
8GW6_B	pdb|9M7R|A	51.385	397	826	635	8.04e-145	439	48
8GW6_B	pdb|9M7W|C	40.129	309	826	385	3.64e-71	236	37
8GW6_B	pdb|9M7W|B	40.129	309	826	385	3.64e-71	236	37
8GW6_B	pdb|9M7U|C	40.129	309	826	385	3.64e-71	236	37
8GW6_B	pdb|9M7U|B	40.129	309	826	385	3.64e-71	236	37
8GW6_B	pdb|9M7U|A	40.129	309	826	385	3.64e-71	236	37
8GW6_B	pdb|9M7S|C	40.129	309	826	385	3.64e-71	236	37
8GW6_C	pdb|9NA9|E	94.958	238	826	1040	2.41e-158	486	29
8GW6_C	pdb|9NA8|E	94.958	238	826	1040	2.41e-158	486	29
8GW6_C	pdb|7FHO|C	72.189	338	826	998	7.11e-156	479	39
8GW6_C	pdb|7FHO|A	72.189	338	826	998	7.11e-156	479	39
8GW6_C	pdb|7FHN|C	72.189	338	826	998	7.11e-156	479	39
8GW6_C	pdb|7FHN|A	72.189	338	826	998	7.11e-156	479	39
8GW6_C	pdb|7FHL|C	72.189	338	826	998	8.34e-156	479	39
8GW6_C	pdb|7FHL|A	72.189	338	826	998	8.34e-156	479	39
8GW6_C	pdb|7FHK|C	72.189	338	826	998	8.34e-156	479	39
8GW6_C	pdb|7FHK|A	72.189	338	826	998	8.34e-156	479	39
8GW6_C	pdb|9M7W|A	51.385	397	826	635	8.04e-145	439	48
8GW6_C	pdb|9M7S|B	51.385	397	826	635	8.04e-145	439	48
8GW6_C	pdb|9M7S|A	51.385	397	826	635	8.04e-145	439	48
8GW6_C	pdb|9M7R|C	51.385	397	826	635	8.04e-145	439	48
8GW6_C	pdb|9M7R|B	51.385	397	826	635	8.04e-145	439	48
8GW6_C	pdb|9M7R|A	51.385	397	826	635	8.04e-145	439	48
8GW6_C	pdb|9M7W|C	40.129	309	826	385	3.64e-71	236	37
8GW6_C	pdb|9M7W|B	40.129	309	826	385	3.64e-71	236	37
8GW6_C	pdb|9M7U|C	40.129	309	826	385	3.64e-71	236	37
8GW6_C	pdb|9M7U|B	40.129	309	826	385	3.64e-71	236	37
8GW6_C	pdb|9M7U|A	40.129	309	826	385	3.64e-71	236	37
8GW6_C	pdb|9M7S|C	40.129	309	826	385	3.64e-71	236	37
8GW7_A	pdb|9NA9|E	94.958	238	826	1040	2.41e-158	486	29
8GW7_A	pdb|9NA8|E	94.958	238	826	1040	2.41e-158	486	29
8GW7_A	pdb|7FHO|C	72.189	338	826	998	7.11e-156	479	39
8GW7_A	pdb|7FHO|A	72.189	338	826	998	7.11e-156	479	39
8GW7_A	pdb|7FHN|C	72.189	338	826	998	7.11e-156	479	39
8GW7_A	pdb|7FHN|A	72.189	338	826	998	7.11e-156	479	39
8GW7_A	pdb|7FHL|C	72.189	338	826	998	8.34e-156	479	39
8GW7_A	pdb|7FHL|A	72.189	338	826	998	8.34e-156	479	39
8GW7_A	pdb|7FHK|C	72.189	338	826	998	8.34e-156	479	39
8GW7_A	pdb|7FHK|A	72.189	338	826	998	8.34e-156	479	39
8GW7_A	pdb|9M7W|A	51.385	397	826	635	8.04e-145	439	48
8GW7_A	pdb|9M7S|B	51.385	397	826	635	8.04e-145	439	48
8GW7_A	pdb|9M7S|A	51.385	397	826	635	8.04e-145	439	48
8GW7_A	pdb|9M7R|C	51.385	397	826	635	8.04e-145	439	48
8GW7_A	pdb|9M7R|B	51.385	397	826	635	8.04e-145	439	48
8GW7_A	pdb|9M7R|A	51.385	397	826	635	8.04e-145	439	48
8GW7_A	pdb|9M7W|C	40.129	309	826	385	3.64e-71	236	37
8GW7_A	pdb|9M7W|B	40.129	309	826	385	3.64e-71	236	37
8GW7_A	pdb|9M7U|C	40.129	309	826	385	3.64e-71	236	37
8GW7_A	pdb|9M7U|B	40.129	309	826	385	3.64e-71	236	37
8GW7_A	pdb|9M7U|A	40.129	309	826	385	3.64e-71	236	37
8GW7_A	pdb|9M7S|C	40.129	309	826	385	3.64e-71	236	37
8GW7_B	pdb|9NA9|E	94.958	238	826	1040	2.41e-158	486	29
8GW7_B	pdb|9NA8|E	94.958	238	826	1040	2.41e-158	486	29
8GW7_B	pdb|7FHO|C	72.189	338	826	998	7.11e-156	479	39
8GW7_B	pdb|7FHO|A	72.189	338	826	998	7.11e-156	479	39
8GW7_B	pdb|7FHN|C	72.189	338	826	998	7.11e-156	479	39
8GW7_B	pdb|7FHN|A	72.189	338	826	998	7.11e-156	479	39
8GW7_B	pdb|7FHL|C	72.189	338	826	998	8.34e-156	479	39
8GW7_B	pdb|7FHL|A	72.189	338	826	998	8.34e-156	479	39
8GW7_B	pdb|7FHK|C	72.189	338	826	998	8.34e-156	479	39
8GW7_B	pdb|7FHK|A	72.189	338	826	998	8.34e-156	479	39
8GW7_B	pdb|9M7W|A	51.385	397	826	635	8.04e-145	439	48
8GW7_B	pdb|9M7S|B	51.385	397	826	635	8.04e-145	439	48
8GW7_B	pdb|9M7S|A	51.385	397	826	635	8.04e-145	439	48
8GW7_B	pdb|9M7R|C	51.385	397	826	635	8.04e-145	439	48
8GW7_B	pdb|9M7R|B	51.385	397	826	635	8.04e-145	439	48
8GW7_B	pdb|9M7R|A	51.385	397	826	635	8.04e-145	439	48
8GW7_B	pdb|9M7W|C	40.129	309	826	385	3.64e-71	236	37
8GW7_B	pdb|9M7W|B	40.129	309	826	385	3.64e-71	236	37
8GW7_B	pdb|9M7U|C	40.129	309	826	385	3.64e-71	236	37
8GW7_B	pdb|9M7U|B	40.129	309	826	385	3.64e-71	236	37
8GW7_B	pdb|9M7U|A	40.129	309	826	385	3.64e-71	236	37
8GW7_B	pdb|9M7S|C	40.129	309	826	385	3.64e-71	236	37
8GW7_C	pdb|9NA9|E	94.958	238	826	1040	2.41e-158	486	29
8GW7_C	pdb|9NA8|E	94.958	238	826	1040	2.41e-158	486	29
8GW7_C	pdb|7FHO|C	72.189	338	826	998	7.11e-156	479	39
8GW7_C	pdb|7FHO|A	72.189	338	826	998	7.11e-156	479	39
8GW7_C	pdb|7FHN|C	72.189	338	826	998	7.11e-156	479	39
8GW7_C	pdb|7FHN|A	72.189	338	826	998	7.11e-156	479	39
8GW7_C	pdb|7FHL|C	72.189	338	826	998	8.34e-156	479	39
8GW7_C	pdb|7FHL|A	72.189	338	826	998	8.34e-156	479	39
8GW7_C	pdb|7FHK|C	72.189	338	826	998	8.34e-156	479	39
8GW7_C	pdb|7FHK|A	72.189	338	826	998	8.34e-156	479	39
8GW7_C	pdb|9M7W|A	51.385	397	826	635	8.04e-145	439	48
8GW7_C	pdb|9M7S|B	51.385	397	826	635	8.04e-145	439	48
8GW7_C	pdb|9M7S|A	51.385	397	826	635	8.04e-145	439	48
8GW7_C	pdb|9M7R|C	51.385	397	826	635	8.04e-145	439	48
8GW7_C	pdb|9M7R|B	51.385	397	826	635	8.04e-145	439	48
8GW7_C	pdb|9M7R|A	51.385	397	826	635	8.04e-145	439	48
8GW7_C	pdb|9M7W|C	40.129	309	826	385	3.64e-71	236	37
8GW7_C	pdb|9M7W|B	40.129	309	826	385	3.64e-71	236	37
8GW7_C	pdb|9M7U|C	40.129	309	826	385	3.64e-71	236	37
8GW7_C	pdb|9M7U|B	40.129	309	826	385	3.64e-71	236	37
8GW7_C	pdb|9M7U|A	40.129	309	826	385	3.64e-71	236	37
8GW7_C	pdb|9M7S|C	40.129	309	826	385	3.64e-71	236	37
8J0J_A	pdb|9NA9|E	94.958	238	826	1040	2.92e-158	486	29
8J0J_A	pdb|9NA8|E	94.958	238	826	1040	2.92e-158	486	29
8J0J_A	pdb|7FHO|C	72.189	338	826	998	7.91e-156	479	39
8J0J_A	pdb|7FHO|A	72.189	338	826	998	7.91e-156	479	39
8J0J_A	pdb|7FHN|C	72.189	338	826	998	7.91e-156	479	39
8J0J_A	pdb|7FHN|A	72.189	338	826	998	7.91e-156	479	39
8J0J_A	pdb|7FHL|C	72.189	338	826	998	1.12e-155	478	39
8J0J_A	pdb|7FHL|A	72.189	338	826	998	1.12e-155	478	39
8J0J_A	pdb|7FHK|C	72.189	338	826	998	1.12e-155	478	39
8J0J_A	pdb|7FHK|A	72.189	338	826	998	1.12e-155	478	39
8J0J_A	pdb|9M7W|A	51.385	397	826	635	9.04e-145	438	48
8J0J_A	pdb|9M7S|B	51.385	397	826	635	9.04e-145	438	48
8J0J_A	pdb|9M7S|A	51.385	397	826	635	9.04e-145	438	48
8J0J_A	pdb|9M7R|C	51.385	397	826	635	9.04e-145	438	48
8J0J_A	pdb|9M7R|B	51.385	397	826	635	9.04e-145	438	48
8J0J_A	pdb|9M7R|A	51.385	397	826	635	9.04e-145	438	48
8J0J_A	pdb|9M7W|C	40.129	309	826	385	3.42e-71	237	37
8J0J_A	pdb|9M7W|B	40.129	309	826	385	3.42e-71	237	37
8J0J_A	pdb|9M7U|C	40.129	309	826	385	3.42e-71	237	37
8J0J_A	pdb|9M7U|B	40.129	309	826	385	3.42e-71	237	37
8J0J_A	pdb|9M7U|A	40.129	309	826	385	3.42e-71	237	37
8J0J_A	pdb|9M7S|C	40.129	309	826	385	3.42e-71	237	37
8J0J_B	pdb|9NA9|E	94.958	238	826	1040	2.92e-158	486	29
8J0J_B	pdb|9NA8|E	94.958	238	826	1040	2.92e-158	486	29
8J0J_B	pdb|7FHO|C	72.189	338	826	998	7.91e-156	479	39
8J0J_B	pdb|7FHO|A	72.189	338	826	998	7.91e-156	479	39
8J0J_B	pdb|7FHN|C	72.189	338	826	998	7.91e-156	479	39
8J0J_B	pdb|7FHN|A	72.189	338	826	998	7.91e-156	479	39
8J0J_B	pdb|7FHL|C	72.189	338	826	998	1.12e-155	478	39
8J0J_B	pdb|7FHL|A	72.189	338	826	998	1.12e-155	478	39
8J0J_B	pdb|7FHK|C	72.189	338	826	998	1.12e-155	478	39
8J0J_B	pdb|7FHK|A	72.189	338	826	998	1.12e-155	478	39
8J0J_B	pdb|9M7W|A	51.385	397	826	635	9.04e-145	438	48
8J0J_B	pdb|9M7S|B	51.385	397	826	635	9.04e-145	438	48
8J0J_B	pdb|9M7S|A	51.385	397	826	635	9.04e-145	438	48
8J0J_B	pdb|9M7R|C	51.385	397	826	635	9.04e-145	438	48
8J0J_B	pdb|9M7R|B	51.385	397	826	635	9.04e-145	438	48
8J0J_B	pdb|9M7R|A	51.385	397	826	635	9.04e-145	438	48
8J0J_B	pdb|9M7W|C	40.129	309	826	385	3.42e-71	237	37
8J0J_B	pdb|9M7W|B	40.129	309	826	385	3.42e-71	237	37
8J0J_B	pdb|9M7U|C	40.129	309	826	385	3.42e-71	237	37
8J0J_B	pdb|9M7U|B	40.129	309	826	385	3.42e-71	237	37
8J0J_B	pdb|9M7U|A	40.129	309	826	385	3.42e-71	237	37
8J0J_B	pdb|9M7S|C	40.129	309	826	385	3.42e-71	237	37
8J0J_C	pdb|9NA9|E	94.958	238	826	1040	2.92e-158	486	29
8J0J_C	pdb|9NA8|E	94.958	238	826	1040	2.92e-158	486	29
8J0J_C	pdb|7FHO|C	72.189	338	826	998	7.91e-156	479	39
8J0J_C	pdb|7FHO|A	72.189	338	826	998	7.91e-156	479	39
8J0J_C	pdb|7FHN|C	72.189	338	826	998	7.91e-156	479	39
8J0J_C	pdb|7FHN|A	72.189	338	826	998	7.91e-156	479	39
8J0J_C	pdb|7FHL|C	72.189	338	826	998	1.12e-155	478	39
8J0J_C	pdb|7FHL|A	72.189	338	826	998	1.12e-155	478	39
8J0J_C	pdb|7FHK|C	72.189	338	826	998	1.12e-155	478	39
8J0J_C	pdb|7FHK|A	72.189	338	826	998	1.12e-155	478	39
8J0J_C	pdb|9M7W|A	51.385	397	826	635	9.04e-145	438	48
8J0J_C	pdb|9M7S|B	51.385	397	826	635	9.04e-145	438	48
8J0J_C	pdb|9M7S|A	51.385	397	826	635	9.04e-145	438	48
8J0J_C	pdb|9M7R|C	51.385	397	826	635	9.04e-145	438	48
8J0J_C	pdb|9M7R|B	51.385	397	826	635	9.04e-145	438	48
8J0J_C	pdb|9M7R|A	51.385	397	826	635	9.04e-145	438	48
8J0J_C	pdb|9M7W|C	40.129	309	826	385	3.42e-71	237	37
8J0J_C	pdb|9M7W|B	40.129	309	826	385	3.42e-71	237	37
8J0J_C	pdb|9M7U|C	40.129	309	826	385	3.42e-71	237	37
8J0J_C	pdb|9M7U|B	40.129	309	826	385	3.42e-71	237	37
8J0J_C	pdb|9M7U|A	40.129	309	826	385	3.42e-71	237	37
8J0J_C	pdb|9M7S|C	40.129	309	826	385	3.42e-71	237	37
8J1E_A	pdb|9NA9|E	94.958	238	826	1040	1.09e-158	487	29
8J1E_A	pdb|9NA8|E	94.958	238	826	1040	1.09e-158	487	29
8J1E_A	pdb|7FHO|C	72.189	338	826	998	3.11e-156	479	39
8J1E_A	pdb|7FHO|A	72.189	338	826	998	3.11e-156	479	39
8J1E_A	pdb|7FHN|C	72.189	338	826	998	3.11e-156	479	39
8J1E_A	pdb|7FHN|A	72.189	338	826	998	3.11e-156	479	39
8J1E_A	pdb|7FHL|C	72.189	338	826	998	4.60e-156	479	39
8J1E_A	pdb|7FHL|A	72.189	338	826	998	4.60e-156	479	39
8J1E_A	pdb|7FHK|C	72.189	338	826	998	4.60e-156	479	39
8J1E_A	pdb|7FHK|A	72.189	338	826	998	4.60e-156	479	39
8J1E_A	pdb|9M7W|A	51.385	397	826	635	6.42e-145	439	48
8J1E_A	pdb|9M7S|B	51.385	397	826	635	6.42e-145	439	48
8J1E_A	pdb|9M7S|A	51.385	397	826	635	6.42e-145	439	48
8J1E_A	pdb|9M7R|C	51.385	397	826	635	6.42e-145	439	48
8J1E_A	pdb|9M7R|B	51.385	397	826	635	6.42e-145	439	48
8J1E_A	pdb|9M7R|A	51.385	397	826	635	6.42e-145	439	48
8J1E_A	pdb|9M7W|C	40.129	309	826	385	3.15e-71	237	37
8J1E_A	pdb|9M7W|B	40.129	309	826	385	3.15e-71	237	37
8J1E_A	pdb|9M7U|C	40.129	309	826	385	3.15e-71	237	37
8J1E_A	pdb|9M7U|B	40.129	309	826	385	3.15e-71	237	37
8J1E_A	pdb|9M7U|A	40.129	309	826	385	3.15e-71	237	37
8J1E_A	pdb|9M7S|C	40.129	309	826	385	3.15e-71	237	37
8J1E_B	pdb|9NA9|E	94.958	238	826	1040	1.09e-158	487	29
8J1E_B	pdb|9NA8|E	94.958	238	826	1040	1.09e-158	487	29
8J1E_B	pdb|7FHO|C	72.189	338	826	998	3.11e-156	479	39
8J1E_B	pdb|7FHO|A	72.189	338	826	998	3.11e-156	479	39
8J1E_B	pdb|7FHN|C	72.189	338	826	998	3.11e-156	479	39
8J1E_B	pdb|7FHN|A	72.189	338	826	998	3.11e-156	479	39
8J1E_B	pdb|7FHL|C	72.189	338	826	998	4.60e-156	479	39
8J1E_B	pdb|7FHL|A	72.189	338	826	998	4.60e-156	479	39
8J1E_B	pdb|7FHK|C	72.189	338	826	998	4.60e-156	479	39
8J1E_B	pdb|7FHK|A	72.189	338	826	998	4.60e-156	479	39
8J1E_B	pdb|9M7W|A	51.385	397	826	635	6.42e-145	439	48
8J1E_B	pdb|9M7S|B	51.385	397	826	635	6.42e-145	439	48
8J1E_B	pdb|9M7S|A	51.385	397	826	635	6.42e-145	439	48
8J1E_B	pdb|9M7R|C	51.385	397	826	635	6.42e-145	439	48
8J1E_B	pdb|9M7R|B	51.385	397	826	635	6.42e-145	439	48
8J1E_B	pdb|9M7R|A	51.385	397	826	635	6.42e-145	439	48
8J1E_B	pdb|9M7W|C	40.129	309	826	385	3.15e-71	237	37
8J1E_B	pdb|9M7W|B	40.129	309	826	385	3.15e-71	237	37
8J1E_B	pdb|9M7U|C	40.129	309	826	385	3.15e-71	237	37
8J1E_B	pdb|9M7U|B	40.129	309	826	385	3.15e-71	237	37
8J1E_B	pdb|9M7U|A	40.129	309	826	385	3.15e-71	237	37
8J1E_B	pdb|9M7S|C	40.129	309	826	385	3.15e-71	237	37
8J1E_C	pdb|9NA9|E	94.958	238	826	1040	1.09e-158	487	29
8J1E_C	pdb|9NA8|E	94.958	238	826	1040	1.09e-158	487	29
8J1E_C	pdb|7FHO|C	72.189	338	826	998	3.11e-156	479	39
8J1E_C	pdb|7FHO|A	72.189	338	826	998	3.11e-156	479	39
8J1E_C	pdb|7FHN|C	72.189	338	826	998	3.11e-156	479	39
8J1E_C	pdb|7FHN|A	72.189	338	826	998	3.11e-156	479	39
8J1E_C	pdb|7FHL|C	72.189	338	826	998	4.60e-156	479	39
8J1E_C	pdb|7FHL|A	72.189	338	826	998	4.60e-156	479	39
8J1E_C	pdb|7FHK|C	72.189	338	826	998	4.60e-156	479	39
8J1E_C	pdb|7FHK|A	72.189	338	826	998	4.60e-156	479	39
8J1E_C	pdb|9M7W|A	51.385	397	826	635	6.42e-145	439	48
8J1E_C	pdb|9M7S|B	51.385	397	826	635	6.42e-145	439	48
8J1E_C	pdb|9M7S|A	51.385	397	826	635	6.42e-145	439	48
8J1E_C	pdb|9M7R|C	51.385	397	826	635	6.42e-145	439	48
8J1E_C	pdb|9M7R|B	51.385	397	826	635	6.42e-145	439	48
8J1E_C	pdb|9M7R|A	51.385	397	826	635	6.42e-145	439	48
8J1E_C	pdb|9M7W|C	40.129	309	826	385	3.15e-71	237	37
8J1E_C	pdb|9M7W|B	40.129	309	826	385	3.15e-71	237	37
8J1E_C	pdb|9M7U|C	40.129	309	826	385	3.15e-71	237	37
8J1E_C	pdb|9M7U|B	40.129	309	826	385	3.15e-71	237	37
8J1E_C	pdb|9M7U|A	40.129	309	826	385	3.15e-71	237	37
8J1E_C	pdb|9M7S|C	40.129	309	826	385	3.15e-71	237	37
5CPQ_A	pdb|4DPQ|B	69.048	42	564	360	1.85e-10	60.5	7
5CPQ_A	pdb|4DPQ|A	69.048	42	564	360	1.85e-10	60.5	7
5CPQ_A	pdb|4DPP|B	69.048	42	564	360	1.85e-10	60.5	7
5CPQ_A	pdb|4DPP|A	69.048	42	564	360	1.85e-10	60.5	7
5CPQ_B	pdb|4DPQ|B	69.048	42	564	360	1.85e-10	60.5	7
5CPQ_B	pdb|4DPQ|A	69.048	42	564	360	1.85e-10	60.5	7
5CPQ_B	pdb|4DPP|B	69.048	42	564	360	1.85e-10	60.5	7
5CPQ_B	pdb|4DPP|A	69.048	42	564	360	1.85e-10	60.5	7
5CPS_A	pdb|4DPQ|B	69.048	42	564	360	1.85e-10	60.5	7
5CPS_A	pdb|4DPQ|A	69.048	42	564	360	1.85e-10	60.5	7
5CPS_A	pdb|4DPP|B	69.048	42	564	360	1.85e-10	60.5	7
5CPS_A	pdb|4DPP|A	69.048	42	564	360	1.85e-10	60.5	7
5CPS_B	pdb|4DPQ|B	69.048	42	564	360	1.85e-10	60.5	7
5CPS_B	pdb|4DPQ|A	69.048	42	564	360	1.85e-10	60.5	7
5CPS_B	pdb|4DPP|B	69.048	42	564	360	1.85e-10	60.5	7
5CPS_B	pdb|4DPP|A	69.048	42	564	360	1.85e-10	60.5	7
5CPT_A	pdb|4DPQ|B	69.048	42	564	360	1.85e-10	60.5	7
5CPT_A	pdb|4DPQ|A	69.048	42	564	360	1.85e-10	60.5	7
5CPT_A	pdb|4DPP|B	69.048	42	564	360	1.85e-10	60.5	7
5CPT_A	pdb|4DPP|A	69.048	42	564	360	1.85e-10	60.5	7
5CPT_B	pdb|4DPQ|B	69.048	42	564	360	1.85e-10	60.5	7
5CPT_B	pdb|4DPQ|A	69.048	42	564	360	1.85e-10	60.5	7
5CPT_B	pdb|4DPP|B	69.048	42	564	360	1.85e-10	60.5	7
5CPT_B	pdb|4DPP|A	69.048	42	564	360	1.85e-10	60.5	7
5CQ1_A	pdb|4DPQ|B	69.048	42	564	360	1.85e-10	60.5	7
5CQ1_A	pdb|4DPQ|A	69.048	42	564	360	1.85e-10	60.5	7
5CQ1_A	pdb|4DPP|B	69.048	42	564	360	1.85e-10	60.5	7
5CQ1_A	pdb|4DPP|A	69.048	42	564	360	1.85e-10	60.5	7
5CQ1_B	pdb|4DPQ|B	69.048	42	564	360	1.85e-10	60.5	7
5CQ1_B	pdb|4DPQ|A	69.048	42	564	360	1.85e-10	60.5	7
5CQ1_B	pdb|4DPP|B	69.048	42	564	360	1.85e-10	60.5	7
5CQ1_B	pdb|4DPP|A	69.048	42	564	360	1.85e-10	60.5	7
5CSU_A	pdb|4DPQ|B	69.048	42	564	360	1.85e-10	60.5	7
5CSU_A	pdb|4DPQ|A	69.048	42	564	360	1.85e-10	60.5	7
5CSU_A	pdb|4DPP|B	69.048	42	564	360	1.85e-10	60.5	7
5CSU_A	pdb|4DPP|A	69.048	42	564	360	1.85e-10	60.5	7
5CSU_B	pdb|4DPQ|B	69.048	42	564	360	1.85e-10	60.5	7
5CSU_B	pdb|4DPQ|A	69.048	42	564	360	1.85e-10	60.5	7
5CSU_B	pdb|4DPP|B	69.048	42	564	360	1.85e-10	60.5	7
5CSU_B	pdb|4DPP|A	69.048	42	564	360	1.85e-10	60.5	7
5CSY_A	pdb|4DPQ|B	69.048	42	564	360	1.85e-10	60.5	7
5CSY_A	pdb|4DPQ|A	69.048	42	564	360	1.85e-10	60.5	7
5CSY_A	pdb|4DPP|B	69.048	42	564	360	1.85e-10	60.5	7
5CSY_A	pdb|4DPP|A	69.048	42	564	360	1.85e-10	60.5	7
5CSY_B	pdb|4DPQ|B	69.048	42	564	360	1.85e-10	60.5	7
5CSY_B	pdb|4DPQ|A	69.048	42	564	360	1.85e-10	60.5	7
5CSY_B	pdb|4DPP|B	69.048	42	564	360	1.85e-10	60.5	7
5CSY_B	pdb|4DPP|A	69.048	42	564	360	1.85e-10	60.5	7
5YM0_A	pdb|4ZBP|C	100.000	20	633	310	7.06e-05	42.7	3
5YM0_A	pdb|4ZBP|B	100.000	20	633	310	7.06e-05	42.7	3
5YM0_A	pdb|4ZBP|A	100.000	20	633	310	7.06e-05	42.7	3
5YM0_A	pdb|4ZB3|A	100.000	20	633	310	7.06e-05	42.7	3
8JD9_A	pdb|9KCU|D	95.000	40	1162	662	7.00e-11	63.9	3
8JD9_A	pdb|9KCU|C	95.000	40	1162	662	7.00e-11	63.9	3
8JD9_A	pdb|9KCU|B	95.000	40	1162	662	7.00e-11	63.9	3
8JD9_A	pdb|9KCU|A	95.000	40	1162	662	7.00e-11	63.9	3
8JD9_A	pdb|7VG3|A	86.842	38	1162	1621	9.39e-08	54.3	3
8JD9_A	pdb|7VG2|A	86.842	38	1162	1621	9.39e-08	54.3	3
8JD9_A	pdb|7RQS|A	51.316	76	1162	1172	2.32e-05	46.2	6
8JD9_A	pdb|7ROZ|A	51.316	76	1162	1172	2.32e-05	46.2	6
8JD9_A	pdb|8GQE|B	100.000	32	1162	443	6.44e-05	44.3	3
8JD9_A	pdb|8WO7|B	55.932	59	1162	615	1.49e-04	43.5	5
8JD9_A	pdb|8WO7|A	55.932	59	1162	615	1.49e-04	43.5	5
8JD9_A	pdb|8WMQ|B	55.932	59	1162	615	1.57e-04	43.5	5
8JD9_A	pdb|8WMQ|A	55.932	59	1162	615	1.57e-04	43.5	5
8JD9_A	pdb|8IRP|B	55.932	59	1162	615	1.57e-04	43.5	5
8JD9_A	pdb|8IRP|A	55.932	59	1162	615	1.57e-04	43.5	5
8JD9_A	pdb|8IRO|B	55.932	59	1162	615	1.57e-04	43.5	5
8JD9_A	pdb|8IRO|A	55.932	59	1162	615	1.57e-04	43.5	5
8JD9_A	pdb|8IRN|B	55.932	59	1162	615	1.57e-04	43.5	5
8JD9_A	pdb|8IRN|A	55.932	59	1162	615	1.57e-04	43.5	5
8JD9_A	pdb|8IRM|B	55.932	59	1162	615	1.57e-04	43.5	5
8JD9_A	pdb|8IRM|A	55.932	59	1162	615	1.57e-04	43.5	5
8JD9_A	pdb|8IRL|B	55.932	59	1162	615	1.57e-04	43.5	5
8JD9_A	pdb|8IRL|A	55.932	59	1162	615	1.57e-04	43.5	5
8JD9_B	pdb|9KCU|D	95.000	40	1162	662	7.00e-11	63.9	3
8JD9_B	pdb|9KCU|C	95.000	40	1162	662	7.00e-11	63.9	3
8JD9_B	pdb|9KCU|B	95.000	40	1162	662	7.00e-11	63.9	3
8JD9_B	pdb|9KCU|A	95.000	40	1162	662	7.00e-11	63.9	3
8JD9_B	pdb|7VG3|A	86.842	38	1162	1621	9.39e-08	54.3	3
8JD9_B	pdb|7VG2|A	86.842	38	1162	1621	9.39e-08	54.3	3
8JD9_B	pdb|7RQS|A	51.316	76	1162	1172	2.32e-05	46.2	6
8JD9_B	pdb|7ROZ|A	51.316	76	1162	1172	2.32e-05	46.2	6
8JD9_B	pdb|8GQE|B	100.000	32	1162	443	6.44e-05	44.3	3
8JD9_B	pdb|8WO7|B	55.932	59	1162	615	1.49e-04	43.5	5
8JD9_B	pdb|8WO7|A	55.932	59	1162	615	1.49e-04	43.5	5
8JD9_B	pdb|8WMQ|B	55.932	59	1162	615	1.57e-04	43.5	5
8JD9_B	pdb|8WMQ|A	55.932	59	1162	615	1.57e-04	43.5	5
8JD9_B	pdb|8IRP|B	55.932	59	1162	615	1.57e-04	43.5	5
8JD9_B	pdb|8IRP|A	55.932	59	1162	615	1.57e-04	43.5	5
8JD9_B	pdb|8IRO|B	55.932	59	1162	615	1.57e-04	43.5	5
8JD9_B	pdb|8IRO|A	55.932	59	1162	615	1.57e-04	43.5	5
8JD9_B	pdb|8IRN|B	55.932	59	1162	615	1.57e-04	43.5	5
8JD9_B	pdb|8IRN|A	55.932	59	1162	615	1.57e-04	43.5	5
8JD9_B	pdb|8IRM|B	55.932	59	1162	615	1.57e-04	43.5	5
8JD9_B	pdb|8IRM|A	55.932	59	1162	615	1.57e-04	43.5	5
8JD9_B	pdb|8IRL|B	55.932	59	1162	615	1.57e-04	43.5	5
8JD9_B	pdb|8IRL|A	55.932	59	1162	615	1.57e-04	43.5	5
8JDA_A	pdb|9KCU|D	95.000	40	1162	662	7.00e-11	63.9	3
8JDA_A	pdb|9KCU|C	95.000	40	1162	662	7.00e-11	63.9	3
8JDA_A	pdb|9KCU|B	95.000	40	1162	662	7.00e-11	63.9	3
8JDA_A	pdb|9KCU|A	95.000	40	1162	662	7.00e-11	63.9	3
8JDA_A	pdb|7VG3|A	86.842	38	1162	1621	9.39e-08	54.3	3
8JDA_A	pdb|7VG2|A	86.842	38	1162	1621	9.39e-08	54.3	3
8JDA_A	pdb|7RQS|A	51.316	76	1162	1172	2.32e-05	46.2	6
8JDA_A	pdb|7ROZ|A	51.316	76	1162	1172	2.32e-05	46.2	6
8JDA_A	pdb|8GQE|B	100.000	32	1162	443	6.44e-05	44.3	3
8JDA_A	pdb|8WO7|B	55.932	59	1162	615	1.49e-04	43.5	5
8JDA_A	pdb|8WO7|A	55.932	59	1162	615	1.49e-04	43.5	5
8JDA_A	pdb|8WMQ|B	55.932	59	1162	615	1.57e-04	43.5	5
8JDA_A	pdb|8WMQ|A	55.932	59	1162	615	1.57e-04	43.5	5
8JDA_A	pdb|8IRP|B	55.932	59	1162	615	1.57e-04	43.5	5
8JDA_A	pdb|8IRP|A	55.932	59	1162	615	1.57e-04	43.5	5
8JDA_A	pdb|8IRO|B	55.932	59	1162	615	1.57e-04	43.5	5
8JDA_A	pdb|8IRO|A	55.932	59	1162	615	1.57e-04	43.5	5
8JDA_A	pdb|8IRN|B	55.932	59	1162	615	1.57e-04	43.5	5
8JDA_A	pdb|8IRN|A	55.932	59	1162	615	1.57e-04	43.5	5
8JDA_A	pdb|8IRM|B	55.932	59	1162	615	1.57e-04	43.5	5
8JDA_A	pdb|8IRM|A	55.932	59	1162	615	1.57e-04	43.5	5
8JDA_A	pdb|8IRL|B	55.932	59	1162	615	1.57e-04	43.5	5
8JDA_A	pdb|8IRL|A	55.932	59	1162	615	1.57e-04	43.5	5
8JDA_B	pdb|9KCU|D	95.000	40	1162	662	7.00e-11	63.9	3
8JDA_B	pdb|9KCU|C	95.000	40	1162	662	7.00e-11	63.9	3
8JDA_B	pdb|9KCU|B	95.000	40	1162	662	7.00e-11	63.9	3
8JDA_B	pdb|9KCU|A	95.000	40	1162	662	7.00e-11	63.9	3
8JDA_B	pdb|7VG3|A	86.842	38	1162	1621	9.39e-08	54.3	3
8JDA_B	pdb|7VG2|A	86.842	38	1162	1621	9.39e-08	54.3	3
8JDA_B	pdb|7RQS|A	51.316	76	1162	1172	2.32e-05	46.2	6
8JDA_B	pdb|7ROZ|A	51.316	76	1162	1172	2.32e-05	46.2	6
8JDA_B	pdb|8GQE|B	100.000	32	1162	443	6.44e-05	44.3	3
8JDA_B	pdb|8WO7|B	55.932	59	1162	615	1.49e-04	43.5	5
8JDA_B	pdb|8WO7|A	55.932	59	1162	615	1.49e-04	43.5	5
8JDA_B	pdb|8WMQ|B	55.932	59	1162	615	1.57e-04	43.5	5
8JDA_B	pdb|8WMQ|A	55.932	59	1162	615	1.57e-04	43.5	5
8JDA_B	pdb|8IRP|B	55.932	59	1162	615	1.57e-04	43.5	5
8JDA_B	pdb|8IRP|A	55.932	59	1162	615	1.57e-04	43.5	5
8JDA_B	pdb|8IRO|B	55.932	59	1162	615	1.57e-04	43.5	5
8JDA_B	pdb|8IRO|A	55.932	59	1162	615	1.57e-04	43.5	5
8JDA_B	pdb|8IRN|B	55.932	59	1162	615	1.57e-04	43.5	5
8JDA_B	pdb|8IRN|A	55.932	59	1162	615	1.57e-04	43.5	5
8JDA_B	pdb|8IRM|B	55.932	59	1162	615	1.57e-04	43.5	5
8JDA_B	pdb|8IRM|A	55.932	59	1162	615	1.57e-04	43.5	5
8JDA_B	pdb|8IRL|B	55.932	59	1162	615	1.57e-04	43.5	5
8JDA_B	pdb|8IRL|A	55.932	59	1162	615	1.57e-04	43.5	5
3SAE_A	pdb|4LIX|A	43.539	503	817	727	3.27e-137	422	61
3SAE_A	pdb|3PYB|C	43.539	503	817	727	3.27e-137	422	61
3SAE_A	pdb|3PYB|B	43.539	503	817	727	3.27e-137	422	61
3SAE_A	pdb|3PYB|A	43.539	503	817	727	3.27e-137	422	61
3SAE_A	pdb|3PYA|A	43.539	503	817	727	3.27e-137	422	61
3SAE_A	pdb|8KBW|F	37.833	526	817	775	2.36e-121	382	64
3SAE_A	pdb|8KBW|E	37.833	526	817	775	2.36e-121	382	64
3SAE_A	pdb|8KBW|D	37.833	526	817	775	2.36e-121	382	64
3SAE_A	pdb|8KBW|C	37.833	526	817	775	2.36e-121	382	64
3SAE_A	pdb|8KBW|B	37.833	526	817	775	2.36e-121	382	64
3SAE_A	pdb|8KBW|A	37.833	526	817	775	2.36e-121	382	64
3SAE_A	pdb|8I6U|B	37.833	526	817	775	2.36e-121	382	64
3SAE_A	pdb|8I6U|A	37.833	526	817	775	2.36e-121	382	64
3SAE_A	pdb|8I6T|F	37.833	526	817	775	2.36e-121	382	64
3SAE_A	pdb|8I6T|E	37.833	526	817	775	2.36e-121	382	64
3SAE_A	pdb|8I6T|D	37.833	526	817	775	2.36e-121	382	64
3SAE_A	pdb|8I6T|C	37.833	526	817	775	2.36e-121	382	64
3SAE_A	pdb|8I6T|B	37.833	526	817	775	2.36e-121	382	64
3SAE_A	pdb|8I6T|A	37.833	526	817	775	2.36e-121	382	64
3SAE_A	pdb|8I6P|D	37.833	526	817	775	2.36e-121	382	64
3SAE_A	pdb|8I6P|C	37.833	526	817	775	2.36e-121	382	64
3SAE_A	pdb|8I6P|B	37.833	526	817	775	2.36e-121	382	64
3SAE_A	pdb|8I6P|A	37.833	526	817	775	2.36e-121	382	64
3SAE_A	pdb|8IH5|F	37.833	526	817	775	4.88e-121	381	64
3SAE_A	pdb|8IH5|E	37.833	526	817	775	4.88e-121	381	64
3SAE_A	pdb|8IH5|D	37.833	526	817	775	4.88e-121	381	64
3SAE_A	pdb|8IH5|C	37.833	526	817	775	4.88e-121	381	64
3SAE_A	pdb|8IH5|B	37.833	526	817	775	4.88e-121	381	64
3SAE_A	pdb|8IH5|A	37.833	526	817	775	4.88e-121	381	64
3SAE_A	pdb|6ONM|A	34.026	529	817	607	1.84e-85	281	72
3SAE_A	pdb|6ONM|A	31.884	69	817	607	1.78e-05	45.8	72
3SAE_A	pdb|5UV2|A	34.026	529	817	607	1.84e-85	281	72
3SAE_A	pdb|5UV2|A	31.884	69	817	607	1.78e-05	45.8	72
3SAE_A	pdb|5UV1|A	34.026	529	817	607	1.84e-85	281	72
3SAE_A	pdb|5UV1|A	31.884	69	817	607	1.78e-05	45.8	72
3SAE_A	pdb|5UV0|A	34.026	529	817	607	1.84e-85	281	72
3SAE_A	pdb|5UV0|A	31.884	69	817	607	1.78e-05	45.8	72
3SAE_A	pdb|3N0G|B	31.643	572	817	555	6.15e-83	273	70
3SAE_A	pdb|3N0G|A	31.643	572	817	555	6.15e-83	273	70
3SAE_A	pdb|3N0F|B	31.643	572	817	555	6.15e-83	273	70
3SAE_A	pdb|3N0F|A	31.643	572	817	555	6.15e-83	273	70
3SAE_A	pdb|5C05|B	33.585	530	817	559	8.49e-80	265	64
3SAE_A	pdb|5C05|A	33.585	530	817	559	8.49e-80	265	64
3SAE_A	pdb|1N24|B	33.589	521	817	549	8.40e-77	257	63
3SAE_A	pdb|1N24|A	33.589	521	817	549	8.40e-77	257	63
3SAE_A	pdb|1N23|B	33.589	521	817	549	8.40e-77	257	63
3SAE_A	pdb|1N23|A	33.589	521	817	549	8.40e-77	257	63
3SAE_A	pdb|1N22|B	33.589	521	817	549	8.40e-77	257	63
3SAE_A	pdb|1N22|A	33.589	521	817	549	8.40e-77	257	63
3SAE_A	pdb|1N21|A	33.589	521	817	549	8.40e-77	257	63
3SAE_A	pdb|1N20|B	33.589	521	817	549	8.40e-77	257	63
3SAE_A	pdb|1N20|A	33.589	521	817	549	8.40e-77	257	63
3SAE_A	pdb|1N1Z|B	33.589	521	817	549	8.40e-77	257	63
3SAE_A	pdb|1N1Z|A	33.589	521	817	549	8.40e-77	257	63
3SDQ_A	pdb|4LIX|A	43.539	503	817	727	3.27e-137	422	61
3SDQ_A	pdb|3PYB|C	43.539	503	817	727	3.27e-137	422	61
3SDQ_A	pdb|3PYB|B	43.539	503	817	727	3.27e-137	422	61
3SDQ_A	pdb|3PYB|A	43.539	503	817	727	3.27e-137	422	61
3SDQ_A	pdb|3PYA|A	43.539	503	817	727	3.27e-137	422	61
3SDQ_A	pdb|8KBW|F	37.833	526	817	775	2.36e-121	382	64
3SDQ_A	pdb|8KBW|E	37.833	526	817	775	2.36e-121	382	64
3SDQ_A	pdb|8KBW|D	37.833	526	817	775	2.36e-121	382	64
3SDQ_A	pdb|8KBW|C	37.833	526	817	775	2.36e-121	382	64
3SDQ_A	pdb|8KBW|B	37.833	526	817	775	2.36e-121	382	64
3SDQ_A	pdb|8KBW|A	37.833	526	817	775	2.36e-121	382	64
3SDQ_A	pdb|8I6U|B	37.833	526	817	775	2.36e-121	382	64
3SDQ_A	pdb|8I6U|A	37.833	526	817	775	2.36e-121	382	64
3SDQ_A	pdb|8I6T|F	37.833	526	817	775	2.36e-121	382	64
3SDQ_A	pdb|8I6T|E	37.833	526	817	775	2.36e-121	382	64
3SDQ_A	pdb|8I6T|D	37.833	526	817	775	2.36e-121	382	64
3SDQ_A	pdb|8I6T|C	37.833	526	817	775	2.36e-121	382	64
3SDQ_A	pdb|8I6T|B	37.833	526	817	775	2.36e-121	382	64
3SDQ_A	pdb|8I6T|A	37.833	526	817	775	2.36e-121	382	64
3SDQ_A	pdb|8I6P|D	37.833	526	817	775	2.36e-121	382	64
3SDQ_A	pdb|8I6P|C	37.833	526	817	775	2.36e-121	382	64
3SDQ_A	pdb|8I6P|B	37.833	526	817	775	2.36e-121	382	64
3SDQ_A	pdb|8I6P|A	37.833	526	817	775	2.36e-121	382	64
3SDQ_A	pdb|8IH5|F	37.833	526	817	775	4.88e-121	381	64
3SDQ_A	pdb|8IH5|E	37.833	526	817	775	4.88e-121	381	64
3SDQ_A	pdb|8IH5|D	37.833	526	817	775	4.88e-121	381	64
3SDQ_A	pdb|8IH5|C	37.833	526	817	775	4.88e-121	381	64
3SDQ_A	pdb|8IH5|B	37.833	526	817	775	4.88e-121	381	64
3SDQ_A	pdb|8IH5|A	37.833	526	817	775	4.88e-121	381	64
3SDQ_A	pdb|6ONM|A	34.026	529	817	607	1.84e-85	281	72
3SDQ_A	pdb|6ONM|A	31.884	69	817	607	1.78e-05	45.8	72
3SDQ_A	pdb|5UV2|A	34.026	529	817	607	1.84e-85	281	72
3SDQ_A	pdb|5UV2|A	31.884	69	817	607	1.78e-05	45.8	72
3SDQ_A	pdb|5UV1|A	34.026	529	817	607	1.84e-85	281	72
3SDQ_A	pdb|5UV1|A	31.884	69	817	607	1.78e-05	45.8	72
3SDQ_A	pdb|5UV0|A	34.026	529	817	607	1.84e-85	281	72
3SDQ_A	pdb|5UV0|A	31.884	69	817	607	1.78e-05	45.8	72
3SDQ_A	pdb|3N0G|B	31.643	572	817	555	6.15e-83	273	70
3SDQ_A	pdb|3N0G|A	31.643	572	817	555	6.15e-83	273	70
3SDQ_A	pdb|3N0F|B	31.643	572	817	555	6.15e-83	273	70
3SDQ_A	pdb|3N0F|A	31.643	572	817	555	6.15e-83	273	70
3SDQ_A	pdb|5C05|B	33.585	530	817	559	8.49e-80	265	64
3SDQ_A	pdb|5C05|A	33.585	530	817	559	8.49e-80	265	64
3SDQ_A	pdb|1N24|B	33.589	521	817	549	8.40e-77	257	63
3SDQ_A	pdb|1N24|A	33.589	521	817	549	8.40e-77	257	63
3SDQ_A	pdb|1N23|B	33.589	521	817	549	8.40e-77	257	63
3SDQ_A	pdb|1N23|A	33.589	521	817	549	8.40e-77	257	63
3SDQ_A	pdb|1N22|B	33.589	521	817	549	8.40e-77	257	63
3SDQ_A	pdb|1N22|A	33.589	521	817	549	8.40e-77	257	63
3SDQ_A	pdb|1N21|A	33.589	521	817	549	8.40e-77	257	63
3SDQ_A	pdb|1N20|B	33.589	521	817	549	8.40e-77	257	63
3SDQ_A	pdb|1N20|A	33.589	521	817	549	8.40e-77	257	63
3SDQ_A	pdb|1N1Z|B	33.589	521	817	549	8.40e-77	257	63
3SDQ_A	pdb|1N1Z|A	33.589	521	817	549	8.40e-77	257	63
3SDR_A	pdb|4LIX|A	43.539	503	817	727	3.27e-137	422	61
3SDR_A	pdb|3PYB|C	43.539	503	817	727	3.27e-137	422	61
3SDR_A	pdb|3PYB|B	43.539	503	817	727	3.27e-137	422	61
3SDR_A	pdb|3PYB|A	43.539	503	817	727	3.27e-137	422	61
3SDR_A	pdb|3PYA|A	43.539	503	817	727	3.27e-137	422	61
3SDR_A	pdb|8KBW|F	37.833	526	817	775	2.36e-121	382	64
3SDR_A	pdb|8KBW|E	37.833	526	817	775	2.36e-121	382	64
3SDR_A	pdb|8KBW|D	37.833	526	817	775	2.36e-121	382	64
3SDR_A	pdb|8KBW|C	37.833	526	817	775	2.36e-121	382	64
3SDR_A	pdb|8KBW|B	37.833	526	817	775	2.36e-121	382	64
3SDR_A	pdb|8KBW|A	37.833	526	817	775	2.36e-121	382	64
3SDR_A	pdb|8I6U|B	37.833	526	817	775	2.36e-121	382	64
3SDR_A	pdb|8I6U|A	37.833	526	817	775	2.36e-121	382	64
3SDR_A	pdb|8I6T|F	37.833	526	817	775	2.36e-121	382	64
3SDR_A	pdb|8I6T|E	37.833	526	817	775	2.36e-121	382	64
3SDR_A	pdb|8I6T|D	37.833	526	817	775	2.36e-121	382	64
3SDR_A	pdb|8I6T|C	37.833	526	817	775	2.36e-121	382	64
3SDR_A	pdb|8I6T|B	37.833	526	817	775	2.36e-121	382	64
3SDR_A	pdb|8I6T|A	37.833	526	817	775	2.36e-121	382	64
3SDR_A	pdb|8I6P|D	37.833	526	817	775	2.36e-121	382	64
3SDR_A	pdb|8I6P|C	37.833	526	817	775	2.36e-121	382	64
3SDR_A	pdb|8I6P|B	37.833	526	817	775	2.36e-121	382	64
3SDR_A	pdb|8I6P|A	37.833	526	817	775	2.36e-121	382	64
3SDR_A	pdb|8IH5|F	37.833	526	817	775	4.88e-121	381	64
3SDR_A	pdb|8IH5|E	37.833	526	817	775	4.88e-121	381	64
3SDR_A	pdb|8IH5|D	37.833	526	817	775	4.88e-121	381	64
3SDR_A	pdb|8IH5|C	37.833	526	817	775	4.88e-121	381	64
3SDR_A	pdb|8IH5|B	37.833	526	817	775	4.88e-121	381	64
3SDR_A	pdb|8IH5|A	37.833	526	817	775	4.88e-121	381	64
3SDR_A	pdb|6ONM|A	34.026	529	817	607	1.84e-85	281	72
3SDR_A	pdb|6ONM|A	31.884	69	817	607	1.78e-05	45.8	72
3SDR_A	pdb|5UV2|A	34.026	529	817	607	1.84e-85	281	72
3SDR_A	pdb|5UV2|A	31.884	69	817	607	1.78e-05	45.8	72
3SDR_A	pdb|5UV1|A	34.026	529	817	607	1.84e-85	281	72
3SDR_A	pdb|5UV1|A	31.884	69	817	607	1.78e-05	45.8	72
3SDR_A	pdb|5UV0|A	34.026	529	817	607	1.84e-85	281	72
3SDR_A	pdb|5UV0|A	31.884	69	817	607	1.78e-05	45.8	72
3SDR_A	pdb|3N0G|B	31.643	572	817	555	6.15e-83	273	70
3SDR_A	pdb|3N0G|A	31.643	572	817	555	6.15e-83	273	70
3SDR_A	pdb|3N0F|B	31.643	572	817	555	6.15e-83	273	70
3SDR_A	pdb|3N0F|A	31.643	572	817	555	6.15e-83	273	70
3SDR_A	pdb|5C05|B	33.585	530	817	559	8.49e-80	265	64
3SDR_A	pdb|5C05|A	33.585	530	817	559	8.49e-80	265	64
3SDR_A	pdb|1N24|B	33.589	521	817	549	8.40e-77	257	63
3SDR_A	pdb|1N24|A	33.589	521	817	549	8.40e-77	257	63
3SDR_A	pdb|1N23|B	33.589	521	817	549	8.40e-77	257	63
3SDR_A	pdb|1N23|A	33.589	521	817	549	8.40e-77	257	63
3SDR_A	pdb|1N22|B	33.589	521	817	549	8.40e-77	257	63
3SDR_A	pdb|1N22|A	33.589	521	817	549	8.40e-77	257	63
3SDR_A	pdb|1N21|A	33.589	521	817	549	8.40e-77	257	63
3SDR_A	pdb|1N20|B	33.589	521	817	549	8.40e-77	257	63
3SDR_A	pdb|1N20|A	33.589	521	817	549	8.40e-77	257	63
3SDR_A	pdb|1N1Z|B	33.589	521	817	549	8.40e-77	257	63
3SDR_A	pdb|1N1Z|A	33.589	521	817	549	8.40e-77	257	63
3SDT_A	pdb|4LIX|A	43.539	503	817	727	3.27e-137	422	61
3SDT_A	pdb|3PYB|C	43.539	503	817	727	3.27e-137	422	61
3SDT_A	pdb|3PYB|B	43.539	503	817	727	3.27e-137	422	61
3SDT_A	pdb|3PYB|A	43.539	503	817	727	3.27e-137	422	61
3SDT_A	pdb|3PYA|A	43.539	503	817	727	3.27e-137	422	61
3SDT_A	pdb|8KBW|F	37.833	526	817	775	2.36e-121	382	64
3SDT_A	pdb|8KBW|E	37.833	526	817	775	2.36e-121	382	64
3SDT_A	pdb|8KBW|D	37.833	526	817	775	2.36e-121	382	64
3SDT_A	pdb|8KBW|C	37.833	526	817	775	2.36e-121	382	64
3SDT_A	pdb|8KBW|B	37.833	526	817	775	2.36e-121	382	64
3SDT_A	pdb|8KBW|A	37.833	526	817	775	2.36e-121	382	64
3SDT_A	pdb|8I6U|B	37.833	526	817	775	2.36e-121	382	64
3SDT_A	pdb|8I6U|A	37.833	526	817	775	2.36e-121	382	64
3SDT_A	pdb|8I6T|F	37.833	526	817	775	2.36e-121	382	64
3SDT_A	pdb|8I6T|E	37.833	526	817	775	2.36e-121	382	64
3SDT_A	pdb|8I6T|D	37.833	526	817	775	2.36e-121	382	64
3SDT_A	pdb|8I6T|C	37.833	526	817	775	2.36e-121	382	64
3SDT_A	pdb|8I6T|B	37.833	526	817	775	2.36e-121	382	64
3SDT_A	pdb|8I6T|A	37.833	526	817	775	2.36e-121	382	64
3SDT_A	pdb|8I6P|D	37.833	526	817	775	2.36e-121	382	64
3SDT_A	pdb|8I6P|C	37.833	526	817	775	2.36e-121	382	64
3SDT_A	pdb|8I6P|B	37.833	526	817	775	2.36e-121	382	64
3SDT_A	pdb|8I6P|A	37.833	526	817	775	2.36e-121	382	64
3SDT_A	pdb|8IH5|F	37.833	526	817	775	4.88e-121	381	64
3SDT_A	pdb|8IH5|E	37.833	526	817	775	4.88e-121	381	64
3SDT_A	pdb|8IH5|D	37.833	526	817	775	4.88e-121	381	64
3SDT_A	pdb|8IH5|C	37.833	526	817	775	4.88e-121	381	64
3SDT_A	pdb|8IH5|B	37.833	526	817	775	4.88e-121	381	64
3SDT_A	pdb|8IH5|A	37.833	526	817	775	4.88e-121	381	64
3SDT_A	pdb|6ONM|A	34.026	529	817	607	1.84e-85	281	72
3SDT_A	pdb|6ONM|A	31.884	69	817	607	1.78e-05	45.8	72
3SDT_A	pdb|5UV2|A	34.026	529	817	607	1.84e-85	281	72
3SDT_A	pdb|5UV2|A	31.884	69	817	607	1.78e-05	45.8	72
3SDT_A	pdb|5UV1|A	34.026	529	817	607	1.84e-85	281	72
3SDT_A	pdb|5UV1|A	31.884	69	817	607	1.78e-05	45.8	72
3SDT_A	pdb|5UV0|A	34.026	529	817	607	1.84e-85	281	72
3SDT_A	pdb|5UV0|A	31.884	69	817	607	1.78e-05	45.8	72
3SDT_A	pdb|3N0G|B	31.643	572	817	555	6.15e-83	273	70
3SDT_A	pdb|3N0G|A	31.643	572	817	555	6.15e-83	273	70
3SDT_A	pdb|3N0F|B	31.643	572	817	555	6.15e-83	273	70
3SDT_A	pdb|3N0F|A	31.643	572	817	555	6.15e-83	273	70
3SDT_A	pdb|5C05|B	33.585	530	817	559	8.49e-80	265	64
3SDT_A	pdb|5C05|A	33.585	530	817	559	8.49e-80	265	64
3SDT_A	pdb|1N24|B	33.589	521	817	549	8.40e-77	257	63
3SDT_A	pdb|1N24|A	33.589	521	817	549	8.40e-77	257	63
3SDT_A	pdb|1N23|B	33.589	521	817	549	8.40e-77	257	63
3SDT_A	pdb|1N23|A	33.589	521	817	549	8.40e-77	257	63
3SDT_A	pdb|1N22|B	33.589	521	817	549	8.40e-77	257	63
3SDT_A	pdb|1N22|A	33.589	521	817	549	8.40e-77	257	63
3SDT_A	pdb|1N21|A	33.589	521	817	549	8.40e-77	257	63
3SDT_A	pdb|1N20|B	33.589	521	817	549	8.40e-77	257	63
3SDT_A	pdb|1N20|A	33.589	521	817	549	8.40e-77	257	63
3SDT_A	pdb|1N1Z|B	33.589	521	817	549	8.40e-77	257	63
3SDT_A	pdb|1N1Z|A	33.589	521	817	549	8.40e-77	257	63
3SDU_A	pdb|4LIX|A	43.539	503	817	727	3.27e-137	422	61
3SDU_A	pdb|3PYB|C	43.539	503	817	727	3.27e-137	422	61
3SDU_A	pdb|3PYB|B	43.539	503	817	727	3.27e-137	422	61
3SDU_A	pdb|3PYB|A	43.539	503	817	727	3.27e-137	422	61
3SDU_A	pdb|3PYA|A	43.539	503	817	727	3.27e-137	422	61
3SDU_A	pdb|8KBW|F	37.833	526	817	775	2.36e-121	382	64
3SDU_A	pdb|8KBW|E	37.833	526	817	775	2.36e-121	382	64
3SDU_A	pdb|8KBW|D	37.833	526	817	775	2.36e-121	382	64
3SDU_A	pdb|8KBW|C	37.833	526	817	775	2.36e-121	382	64
3SDU_A	pdb|8KBW|B	37.833	526	817	775	2.36e-121	382	64
3SDU_A	pdb|8KBW|A	37.833	526	817	775	2.36e-121	382	64
3SDU_A	pdb|8I6U|B	37.833	526	817	775	2.36e-121	382	64
3SDU_A	pdb|8I6U|A	37.833	526	817	775	2.36e-121	382	64
3SDU_A	pdb|8I6T|F	37.833	526	817	775	2.36e-121	382	64
3SDU_A	pdb|8I6T|E	37.833	526	817	775	2.36e-121	382	64
3SDU_A	pdb|8I6T|D	37.833	526	817	775	2.36e-121	382	64
3SDU_A	pdb|8I6T|C	37.833	526	817	775	2.36e-121	382	64
3SDU_A	pdb|8I6T|B	37.833	526	817	775	2.36e-121	382	64
3SDU_A	pdb|8I6T|A	37.833	526	817	775	2.36e-121	382	64
3SDU_A	pdb|8I6P|D	37.833	526	817	775	2.36e-121	382	64
3SDU_A	pdb|8I6P|C	37.833	526	817	775	2.36e-121	382	64
3SDU_A	pdb|8I6P|B	37.833	526	817	775	2.36e-121	382	64
3SDU_A	pdb|8I6P|A	37.833	526	817	775	2.36e-121	382	64
3SDU_A	pdb|8IH5|F	37.833	526	817	775	4.88e-121	381	64
3SDU_A	pdb|8IH5|E	37.833	526	817	775	4.88e-121	381	64
3SDU_A	pdb|8IH5|D	37.833	526	817	775	4.88e-121	381	64
3SDU_A	pdb|8IH5|C	37.833	526	817	775	4.88e-121	381	64
3SDU_A	pdb|8IH5|B	37.833	526	817	775	4.88e-121	381	64
3SDU_A	pdb|8IH5|A	37.833	526	817	775	4.88e-121	381	64
3SDU_A	pdb|6ONM|A	34.026	529	817	607	1.84e-85	281	72
3SDU_A	pdb|6ONM|A	31.884	69	817	607	1.78e-05	45.8	72
3SDU_A	pdb|5UV2|A	34.026	529	817	607	1.84e-85	281	72
3SDU_A	pdb|5UV2|A	31.884	69	817	607	1.78e-05	45.8	72
3SDU_A	pdb|5UV1|A	34.026	529	817	607	1.84e-85	281	72
3SDU_A	pdb|5UV1|A	31.884	69	817	607	1.78e-05	45.8	72
3SDU_A	pdb|5UV0|A	34.026	529	817	607	1.84e-85	281	72
3SDU_A	pdb|5UV0|A	31.884	69	817	607	1.78e-05	45.8	72
3SDU_A	pdb|3N0G|B	31.643	572	817	555	6.15e-83	273	70
3SDU_A	pdb|3N0G|A	31.643	572	817	555	6.15e-83	273	70
3SDU_A	pdb|3N0F|B	31.643	572	817	555	6.15e-83	273	70
3SDU_A	pdb|3N0F|A	31.643	572	817	555	6.15e-83	273	70
3SDU_A	pdb|5C05|B	33.585	530	817	559	8.49e-80	265	64
3SDU_A	pdb|5C05|A	33.585	530	817	559	8.49e-80	265	64
3SDU_A	pdb|1N24|B	33.589	521	817	549	8.40e-77	257	63
3SDU_A	pdb|1N24|A	33.589	521	817	549	8.40e-77	257	63
3SDU_A	pdb|1N23|B	33.589	521	817	549	8.40e-77	257	63
3SDU_A	pdb|1N23|A	33.589	521	817	549	8.40e-77	257	63
3SDU_A	pdb|1N22|B	33.589	521	817	549	8.40e-77	257	63
3SDU_A	pdb|1N22|A	33.589	521	817	549	8.40e-77	257	63
3SDU_A	pdb|1N21|A	33.589	521	817	549	8.40e-77	257	63
3SDU_A	pdb|1N20|B	33.589	521	817	549	8.40e-77	257	63
3SDU_A	pdb|1N20|A	33.589	521	817	549	8.40e-77	257	63
3SDU_A	pdb|1N1Z|B	33.589	521	817	549	8.40e-77	257	63
3SDU_A	pdb|1N1Z|A	33.589	521	817	549	8.40e-77	257	63
3SDV_A	pdb|4LIX|A	43.539	503	817	727	3.27e-137	422	61
3SDV_A	pdb|3PYB|C	43.539	503	817	727	3.27e-137	422	61
3SDV_A	pdb|3PYB|B	43.539	503	817	727	3.27e-137	422	61
3SDV_A	pdb|3PYB|A	43.539	503	817	727	3.27e-137	422	61
3SDV_A	pdb|3PYA|A	43.539	503	817	727	3.27e-137	422	61
3SDV_A	pdb|8KBW|F	37.833	526	817	775	2.36e-121	382	64
3SDV_A	pdb|8KBW|E	37.833	526	817	775	2.36e-121	382	64
3SDV_A	pdb|8KBW|D	37.833	526	817	775	2.36e-121	382	64
3SDV_A	pdb|8KBW|C	37.833	526	817	775	2.36e-121	382	64
3SDV_A	pdb|8KBW|B	37.833	526	817	775	2.36e-121	382	64
3SDV_A	pdb|8KBW|A	37.833	526	817	775	2.36e-121	382	64
3SDV_A	pdb|8I6U|B	37.833	526	817	775	2.36e-121	382	64
3SDV_A	pdb|8I6U|A	37.833	526	817	775	2.36e-121	382	64
3SDV_A	pdb|8I6T|F	37.833	526	817	775	2.36e-121	382	64
3SDV_A	pdb|8I6T|E	37.833	526	817	775	2.36e-121	382	64
3SDV_A	pdb|8I6T|D	37.833	526	817	775	2.36e-121	382	64
3SDV_A	pdb|8I6T|C	37.833	526	817	775	2.36e-121	382	64
3SDV_A	pdb|8I6T|B	37.833	526	817	775	2.36e-121	382	64
3SDV_A	pdb|8I6T|A	37.833	526	817	775	2.36e-121	382	64
3SDV_A	pdb|8I6P|D	37.833	526	817	775	2.36e-121	382	64
3SDV_A	pdb|8I6P|C	37.833	526	817	775	2.36e-121	382	64
3SDV_A	pdb|8I6P|B	37.833	526	817	775	2.36e-121	382	64
3SDV_A	pdb|8I6P|A	37.833	526	817	775	2.36e-121	382	64
3SDV_A	pdb|8IH5|F	37.833	526	817	775	4.88e-121	381	64
3SDV_A	pdb|8IH5|E	37.833	526	817	775	4.88e-121	381	64
3SDV_A	pdb|8IH5|D	37.833	526	817	775	4.88e-121	381	64
3SDV_A	pdb|8IH5|C	37.833	526	817	775	4.88e-121	381	64
3SDV_A	pdb|8IH5|B	37.833	526	817	775	4.88e-121	381	64
3SDV_A	pdb|8IH5|A	37.833	526	817	775	4.88e-121	381	64
3SDV_A	pdb|6ONM|A	34.026	529	817	607	1.84e-85	281	72
3SDV_A	pdb|6ONM|A	31.884	69	817	607	1.78e-05	45.8	72
3SDV_A	pdb|5UV2|A	34.026	529	817	607	1.84e-85	281	72
3SDV_A	pdb|5UV2|A	31.884	69	817	607	1.78e-05	45.8	72
3SDV_A	pdb|5UV1|A	34.026	529	817	607	1.84e-85	281	72
3SDV_A	pdb|5UV1|A	31.884	69	817	607	1.78e-05	45.8	72
3SDV_A	pdb|5UV0|A	34.026	529	817	607	1.84e-85	281	72
3SDV_A	pdb|5UV0|A	31.884	69	817	607	1.78e-05	45.8	72
3SDV_A	pdb|3N0G|B	31.643	572	817	555	6.15e-83	273	70
3SDV_A	pdb|3N0G|A	31.643	572	817	555	6.15e-83	273	70
3SDV_A	pdb|3N0F|B	31.643	572	817	555	6.15e-83	273	70
3SDV_A	pdb|3N0F|A	31.643	572	817	555	6.15e-83	273	70
3SDV_A	pdb|5C05|B	33.585	530	817	559	8.49e-80	265	64
3SDV_A	pdb|5C05|A	33.585	530	817	559	8.49e-80	265	64
3SDV_A	pdb|1N24|B	33.589	521	817	549	8.40e-77	257	63
3SDV_A	pdb|1N24|A	33.589	521	817	549	8.40e-77	257	63
3SDV_A	pdb|1N23|B	33.589	521	817	549	8.40e-77	257	63
3SDV_A	pdb|1N23|A	33.589	521	817	549	8.40e-77	257	63
3SDV_A	pdb|1N22|B	33.589	521	817	549	8.40e-77	257	63
3SDV_A	pdb|1N22|A	33.589	521	817	549	8.40e-77	257	63
3SDV_A	pdb|1N21|A	33.589	521	817	549	8.40e-77	257	63
3SDV_A	pdb|1N20|B	33.589	521	817	549	8.40e-77	257	63
3SDV_A	pdb|1N20|A	33.589	521	817	549	8.40e-77	257	63
3SDV_A	pdb|1N1Z|B	33.589	521	817	549	8.40e-77	257	63
3SDV_A	pdb|1N1Z|A	33.589	521	817	549	8.40e-77	257	63
7WAT_B	pdb|4LIX|A	43.478	506	787	727	2.46e-135	416	64
7WAT_B	pdb|3PYB|C	43.478	506	787	727	2.46e-135	416	64
7WAT_B	pdb|3PYB|B	43.478	506	787	727	2.46e-135	416	64
7WAT_B	pdb|3PYB|A	43.478	506	787	727	2.46e-135	416	64
7WAT_B	pdb|3PYA|A	43.478	506	787	727	2.46e-135	416	64
7WAT_B	pdb|8KBW|F	39.279	499	787	775	2.16e-111	355	62
7WAT_B	pdb|8KBW|E	39.279	499	787	775	2.16e-111	355	62
7WAT_B	pdb|8KBW|D	39.279	499	787	775	2.16e-111	355	62
7WAT_B	pdb|8KBW|C	39.279	499	787	775	2.16e-111	355	62
7WAT_B	pdb|8KBW|B	39.279	499	787	775	2.16e-111	355	62
7WAT_B	pdb|8KBW|A	39.279	499	787	775	2.16e-111	355	62
7WAT_B	pdb|8I6U|B	39.279	499	787	775	2.16e-111	355	62
7WAT_B	pdb|8I6U|A	39.279	499	787	775	2.16e-111	355	62
7WAT_B	pdb|8I6T|F	39.279	499	787	775	2.16e-111	355	62
7WAT_B	pdb|8I6T|E	39.279	499	787	775	2.16e-111	355	62
7WAT_B	pdb|8I6T|D	39.279	499	787	775	2.16e-111	355	62
7WAT_B	pdb|8I6T|C	39.279	499	787	775	2.16e-111	355	62
7WAT_B	pdb|8I6T|B	39.279	499	787	775	2.16e-111	355	62
7WAT_B	pdb|8I6T|A	39.279	499	787	775	2.16e-111	355	62
7WAT_B	pdb|8I6P|D	39.279	499	787	775	2.16e-111	355	62
7WAT_B	pdb|8I6P|C	39.279	499	787	775	2.16e-111	355	62
7WAT_B	pdb|8I6P|B	39.279	499	787	775	2.16e-111	355	62
7WAT_B	pdb|8I6P|A	39.279	499	787	775	2.16e-111	355	62
7WAT_B	pdb|8IH5|F	39.078	499	787	775	2.54e-110	352	62
7WAT_B	pdb|8IH5|E	39.078	499	787	775	2.54e-110	352	62
7WAT_B	pdb|8IH5|D	39.078	499	787	775	2.54e-110	352	62
7WAT_B	pdb|8IH5|C	39.078	499	787	775	2.54e-110	352	62
7WAT_B	pdb|8IH5|B	39.078	499	787	775	2.54e-110	352	62
7WAT_B	pdb|8IH5|A	39.078	499	787	775	2.54e-110	352	62
7WAT_B	pdb|5IKH|A	24.767	537	787	550	1.12e-41	158	68
7WAT_B	pdb|3M00|A	24.767	537	787	550	1.12e-41	158	68
7WAT_B	pdb|3LZ9|A	24.767	537	787	550	1.12e-41	158	68
7WAT_B	pdb|5DHK|A	25.562	489	787	536	1.15e-41	157	62
7WAT_B	pdb|5DHI|A	25.562	489	787	536	1.15e-41	157	62
7WAT_B	pdb|1HXA|A	25.458	491	787	548	1.20e-41	158	62
7WAT_B	pdb|1HX9|A	25.458	491	787	548	1.20e-41	158	62
7WAT_B	pdb|4DI5|A	25.562	489	787	535	1.44e-41	157	62
7WAT_B	pdb|5IM1|A	25.562	489	787	550	1.69e-41	157	62
7WAT_B	pdb|5ILZ|A	25.562	489	787	550	1.69e-41	157	62
7WAT_B	pdb|5ILY|A	25.562	489	787	550	1.69e-41	157	62
7WAT_B	pdb|5ILK|A	25.562	489	787	550	1.69e-41	157	62
7WAT_B	pdb|5ILJ|A	25.562	489	787	550	1.69e-41	157	62
7WAT_B	pdb|5ILI|A	25.562	489	787	550	1.69e-41	157	62
7WAT_B	pdb|5ILH|A	25.562	489	787	550	1.69e-41	157	62
7WAT_B	pdb|5ILD|A	25.562	489	787	550	1.69e-41	157	62
7WAT_B	pdb|5IL8|A	25.562	489	787	550	1.69e-41	157	62
7WAT_B	pdb|5IL3|A	25.562	489	787	550	1.69e-41	157	62
7WAT_B	pdb|5IKA|A	25.562	489	787	550	1.69e-41	157	62
7WAT_B	pdb|5IK9|A	25.562	489	787	550	1.69e-41	157	62
7WAT_B	pdb|5IK6|A	25.562	489	787	550	1.69e-41	157	62
7Y47_B	pdb|4LIX|A	43.478	506	787	727	2.46e-135	416	64
7Y47_B	pdb|3PYB|C	43.478	506	787	727	2.46e-135	416	64
7Y47_B	pdb|3PYB|B	43.478	506	787	727	2.46e-135	416	64
7Y47_B	pdb|3PYB|A	43.478	506	787	727	2.46e-135	416	64
7Y47_B	pdb|3PYA|A	43.478	506	787	727	2.46e-135	416	64
7Y47_B	pdb|8KBW|F	39.279	499	787	775	2.16e-111	355	62
7Y47_B	pdb|8KBW|E	39.279	499	787	775	2.16e-111	355	62
7Y47_B	pdb|8KBW|D	39.279	499	787	775	2.16e-111	355	62
7Y47_B	pdb|8KBW|C	39.279	499	787	775	2.16e-111	355	62
7Y47_B	pdb|8KBW|B	39.279	499	787	775	2.16e-111	355	62
7Y47_B	pdb|8KBW|A	39.279	499	787	775	2.16e-111	355	62
7Y47_B	pdb|8I6U|B	39.279	499	787	775	2.16e-111	355	62
7Y47_B	pdb|8I6U|A	39.279	499	787	775	2.16e-111	355	62
7Y47_B	pdb|8I6T|F	39.279	499	787	775	2.16e-111	355	62
7Y47_B	pdb|8I6T|E	39.279	499	787	775	2.16e-111	355	62
7Y47_B	pdb|8I6T|D	39.279	499	787	775	2.16e-111	355	62
7Y47_B	pdb|8I6T|C	39.279	499	787	775	2.16e-111	355	62
7Y47_B	pdb|8I6T|B	39.279	499	787	775	2.16e-111	355	62
7Y47_B	pdb|8I6T|A	39.279	499	787	775	2.16e-111	355	62
7Y47_B	pdb|8I6P|D	39.279	499	787	775	2.16e-111	355	62
7Y47_B	pdb|8I6P|C	39.279	499	787	775	2.16e-111	355	62
7Y47_B	pdb|8I6P|B	39.279	499	787	775	2.16e-111	355	62
7Y47_B	pdb|8I6P|A	39.279	499	787	775	2.16e-111	355	62
7Y47_B	pdb|8IH5|F	39.078	499	787	775	2.54e-110	352	62
7Y47_B	pdb|8IH5|E	39.078	499	787	775	2.54e-110	352	62
7Y47_B	pdb|8IH5|D	39.078	499	787	775	2.54e-110	352	62
7Y47_B	pdb|8IH5|C	39.078	499	787	775	2.54e-110	352	62
7Y47_B	pdb|8IH5|B	39.078	499	787	775	2.54e-110	352	62
7Y47_B	pdb|8IH5|A	39.078	499	787	775	2.54e-110	352	62
7Y47_B	pdb|5IKH|A	24.767	537	787	550	1.12e-41	158	68
7Y47_B	pdb|3M00|A	24.767	537	787	550	1.12e-41	158	68
7Y47_B	pdb|3LZ9|A	24.767	537	787	550	1.12e-41	158	68
7Y47_B	pdb|5DHK|A	25.562	489	787	536	1.15e-41	157	62
7Y47_B	pdb|5DHI|A	25.562	489	787	536	1.15e-41	157	62
7Y47_B	pdb|1HXA|A	25.458	491	787	548	1.20e-41	158	62
7Y47_B	pdb|1HX9|A	25.458	491	787	548	1.20e-41	158	62
7Y47_B	pdb|4DI5|A	25.562	489	787	535	1.44e-41	157	62
7Y47_B	pdb|5IM1|A	25.562	489	787	550	1.69e-41	157	62
7Y47_B	pdb|5ILZ|A	25.562	489	787	550	1.69e-41	157	62
7Y47_B	pdb|5ILY|A	25.562	489	787	550	1.69e-41	157	62
7Y47_B	pdb|5ILK|A	25.562	489	787	550	1.69e-41	157	62
7Y47_B	pdb|5ILJ|A	25.562	489	787	550	1.69e-41	157	62
7Y47_B	pdb|5ILI|A	25.562	489	787	550	1.69e-41	157	62
7Y47_B	pdb|5ILH|A	25.562	489	787	550	1.69e-41	157	62
7Y47_B	pdb|5ILD|A	25.562	489	787	550	1.69e-41	157	62
7Y47_B	pdb|5IL8|A	25.562	489	787	550	1.69e-41	157	62
7Y47_B	pdb|5IL3|A	25.562	489	787	550	1.69e-41	157	62
7Y47_B	pdb|5IKA|A	25.562	489	787	550	1.69e-41	157	62
7Y47_B	pdb|5IK9|A	25.562	489	787	550	1.69e-41	157	62
7Y47_B	pdb|5IK6|A	25.562	489	787	550	1.69e-41	157	62
6S0P_A	pdb|6PEX|D	35.802	81	261	329	2.08e-05	42.7	26
6S0P_A	pdb|6PEX|C	35.802	81	261	329	2.08e-05	42.7	26
6S0P_A	pdb|6PEX|B	35.802	81	261	329	2.08e-05	42.7	26
6S0P_A	pdb|6PEX|A	35.802	81	261	329	2.08e-05	42.7	26
6S7E_A	pdb|6PEX|D	35.802	81	261	329	2.08e-05	42.7	26
6S7E_A	pdb|6PEX|C	35.802	81	261	329	2.08e-05	42.7	26
6S7E_A	pdb|6PEX|B	35.802	81	261	329	2.08e-05	42.7	26
6S7E_A	pdb|6PEX|A	35.802	81	261	329	2.08e-05	42.7	26
6SBP_A	pdb|6PEX|D	59.091	44	262	329	5.13e-06	44.7	17
6SBP_A	pdb|6PEX|C	59.091	44	262	329	5.13e-06	44.7	17
6SBP_A	pdb|6PEX|B	59.091	44	262	329	5.13e-06	44.7	17
6SBP_A	pdb|6PEX|A	59.091	44	262	329	5.13e-06	44.7	17
7CY4_A	pdb|9VBV|A	97.548	367	917	893	0.0	738	40
7CY4_A	pdb|9VBD|A	97.548	367	917	893	0.0	738	40
7CY4_A	pdb|3DM0|A	99.441	358	917	694	0.0	735	39
7CY5_A	pdb|9VBV|A	97.548	367	917	893	0.0	738	40
7CY5_A	pdb|9VBD|A	97.548	367	917	893	0.0	738	40
7CY5_A	pdb|3DM0|A	99.441	358	917	694	0.0	735	39
7CY6_A	pdb|9VBV|A	97.548	367	917	893	0.0	738	40
7CY6_A	pdb|9VBD|A	97.548	367	917	893	0.0	738	40
7CY6_A	pdb|3DM0|A	99.441	358	917	694	0.0	735	39
7CY7_A	pdb|9VBV|A	97.548	367	917	893	0.0	738	40
7CY7_A	pdb|9VBD|A	97.548	367	917	893	0.0	738	40
7CY7_A	pdb|3DM0|A	99.441	358	917	694	0.0	735	39
7CY8_A	pdb|9VBV|A	97.548	367	917	893	0.0	738	40
7CY8_A	pdb|9VBD|A	97.548	367	917	893	0.0	738	40
7CY8_A	pdb|3DM0|A	99.441	358	917	694	0.0	735	39
1AE1_A	pdb|7O6P|D	28.409	264	273	303	2.79e-18	80.5	92
1AE1_A	pdb|7O6P|C	28.409	264	273	303	2.79e-18	80.5	92
1AE1_A	pdb|7O6P|B	28.409	264	273	303	2.79e-18	80.5	92
1AE1_A	pdb|7O6P|A	28.409	264	273	303	2.79e-18	80.5	92
1AE1_A	pdb|2BGM|A	26.667	195	273	278	4.97e-16	73.9	70
1AE1_A	pdb|2BGL|A	26.667	195	273	278	4.97e-16	73.9	70
1AE1_A	pdb|2BGK|B	26.667	195	273	278	4.97e-16	73.9	70
1AE1_A	pdb|2BGK|A	26.667	195	273	278	4.97e-16	73.9	70
1AE1_A	pdb|3O26|A	24.906	265	273	311	1.32e-07	49.3	69
1AE1_A	pdb|5LDG|A	33.824	136	273	316	3.11e-07	48.5	48
1AE1_A	pdb|5LCX|A	33.824	136	273	316	3.11e-07	48.5	48
1AE1_A	pdb|5L4S|A	33.824	136	273	318	3.12e-07	48.5	48
1AE1_B	pdb|7O6P|D	28.409	264	273	303	2.79e-18	80.5	92
1AE1_B	pdb|7O6P|C	28.409	264	273	303	2.79e-18	80.5	92
1AE1_B	pdb|7O6P|B	28.409	264	273	303	2.79e-18	80.5	92
1AE1_B	pdb|7O6P|A	28.409	264	273	303	2.79e-18	80.5	92
1AE1_B	pdb|2BGM|A	26.667	195	273	278	4.97e-16	73.9	70
1AE1_B	pdb|2BGL|A	26.667	195	273	278	4.97e-16	73.9	70
1AE1_B	pdb|2BGK|B	26.667	195	273	278	4.97e-16	73.9	70
1AE1_B	pdb|2BGK|A	26.667	195	273	278	4.97e-16	73.9	70
1AE1_B	pdb|3O26|A	24.906	265	273	311	1.32e-07	49.3	69
1AE1_B	pdb|5LDG|A	33.824	136	273	316	3.11e-07	48.5	48
1AE1_B	pdb|5LCX|A	33.824	136	273	316	3.11e-07	48.5	48
1AE1_B	pdb|5L4S|A	33.824	136	273	318	3.12e-07	48.5	48
1XQ1_A	pdb|2BGM|A	28.866	194	266	278	1.41e-18	80.9	70
1XQ1_A	pdb|2BGL|A	28.866	194	266	278	1.41e-18	80.9	70
1XQ1_A	pdb|2BGK|B	28.866	194	266	278	1.41e-18	80.9	70
1XQ1_A	pdb|2BGK|A	28.866	194	266	278	1.41e-18	80.9	70
1XQ1_A	pdb|7O6P|D	28.777	278	266	303	2.04e-18	80.9	97
1XQ1_A	pdb|7O6P|C	28.777	278	266	303	2.04e-18	80.9	97
1XQ1_A	pdb|7O6P|B	28.777	278	266	303	2.04e-18	80.9	97
1XQ1_A	pdb|7O6P|A	28.777	278	266	303	2.04e-18	80.9	97
2Q45_A	pdb|2BGM|A	28.866	194	266	278	1.41e-18	80.9	70
2Q45_A	pdb|2BGL|A	28.866	194	266	278	1.41e-18	80.9	70
2Q45_A	pdb|2BGK|B	28.866	194	266	278	1.41e-18	80.9	70
2Q45_A	pdb|2BGK|A	28.866	194	266	278	1.41e-18	80.9	70
2Q45_A	pdb|7O6P|D	28.777	278	266	303	2.04e-18	80.9	97
2Q45_A	pdb|7O6P|C	28.777	278	266	303	2.04e-18	80.9	97
2Q45_A	pdb|7O6P|B	28.777	278	266	303	2.04e-18	80.9	97
2Q45_A	pdb|7O6P|A	28.777	278	266	303	2.04e-18	80.9	97
2DKV_A	pdb|4DYG|B	76.349	241	309	244	1.29e-140	394	78
2DKV_A	pdb|4DYG|A	76.349	241	309	244	1.29e-140	394	78
2DKV_A	pdb|4DWX|B	76.349	241	309	244	1.29e-140	394	78
2DKV_A	pdb|4DWX|A	76.349	241	309	244	1.29e-140	394	78
2DKV_A	pdb|4J0L|A	75.519	241	309	244	2.19e-138	389	78
2DKV_A	pdb|3CQL|B	72.314	242	309	243	9.76e-137	385	78
2DKV_A	pdb|3CQL|A	72.314	242	309	243	9.76e-137	385	78
3IWR_A	pdb|4DYG|B	76.349	241	309	244	1.29e-140	394	78
3IWR_A	pdb|4DYG|A	76.349	241	309	244	1.29e-140	394	78
3IWR_A	pdb|4DWX|B	76.349	241	309	244	1.29e-140	394	78
3IWR_A	pdb|4DWX|A	76.349	241	309	244	1.29e-140	394	78
3IWR_A	pdb|4J0L|A	75.519	241	309	244	2.19e-138	389	78
3IWR_A	pdb|3CQL|B	72.314	242	309	243	9.76e-137	385	78
3IWR_A	pdb|3CQL|A	72.314	242	309	243	9.76e-137	385	78
3IWR_B	pdb|4DYG|B	76.349	241	309	244	1.29e-140	394	78
3IWR_B	pdb|4DYG|A	76.349	241	309	244	1.29e-140	394	78
3IWR_B	pdb|4DWX|B	76.349	241	309	244	1.29e-140	394	78
3IWR_B	pdb|4DWX|A	76.349	241	309	244	1.29e-140	394	78
3IWR_B	pdb|4J0L|A	75.519	241	309	244	2.19e-138	389	78
3IWR_B	pdb|3CQL|B	72.314	242	309	243	9.76e-137	385	78
3IWR_B	pdb|3CQL|A	72.314	242	309	243	9.76e-137	385	78
8WB2_A	pdb|6PEX|D	40.000	45	206	329	1.01e-04	40.0	21
8WB2_A	pdb|6PEX|C	40.000	45	206	329	1.01e-04	40.0	21
8WB2_A	pdb|6PEX|B	40.000	45	206	329	1.01e-04	40.0	21
8WB2_A	pdb|6PEX|A	40.000	45	206	329	1.01e-04	40.0	21
6A16_A	pdb|7CB9|A	24.948	485	491	495	6.49e-18	84.0	93
6A16_A	pdb|5YM3|A	24.948	485	491	495	6.49e-18	84.0	93
6A16_A	pdb|5YLW|A	24.948	485	491	495	6.49e-18	84.0	93
6A16_A	pdb|7X2Q|B	24.950	497	491	476	1.05e-14	73.9	96
6A16_A	pdb|7X2Q|A	24.950	497	491	476	1.05e-14	73.9	96
6A16_A	pdb|6VBY|A	21.064	470	491	507	3.44e-11	62.8	91
5YQ3_A	pdb|5A50|B	28.226	124	162	177	3.44e-09	50.8	72
5YQ3_A	pdb|5A4X|B	28.226	124	162	177	3.58e-09	50.8	72
5YQ3_A	pdb|5A51|B	28.226	124	162	177	6.32e-09	50.4	72
5YQ3_A	pdb|5A51|A	28.226	124	162	177	6.32e-09	50.4	72
5YQ3_A	pdb|4V29|B	28.226	124	162	177	6.32e-09	50.4	72
5YQ3_A	pdb|4V29|A	28.226	124	162	177	6.32e-09	50.4	72
5YQ3_A	pdb|4RJ9|A	33.333	99	162	165	2.53e-08	48.5	61
5YQ3_A	pdb|5A50|A	27.419	124	162	177	2.92e-08	48.5	72
5YQ3_A	pdb|5A4X|A	27.419	124	162	177	2.92e-08	48.5	72
5YQ3_A	pdb|5A52|A	28.346	127	162	168	4.62e-08	47.8	72
3QRX_A	pdb|9KCV|D	52.113	142	169	798	1.15e-42	148	85
3QRX_A	pdb|9KCV|D	48.333	60	169	798	1.93e-11	58.9	85
3QRX_A	pdb|9KCV|D	44.928	69	169	798	4.48e-11	58.2	85
3QRX_A	pdb|9KCV|C	52.113	142	169	798	1.15e-42	148	85
3QRX_A	pdb|9KCV|C	48.333	60	169	798	1.93e-11	58.9	85
3QRX_A	pdb|9KCV|C	44.928	69	169	798	4.48e-11	58.2	85
3QRX_A	pdb|9KCV|B	52.113	142	169	798	1.15e-42	148	85
3QRX_A	pdb|9KCV|B	48.333	60	169	798	1.93e-11	58.9	85
3QRX_A	pdb|9KCV|B	44.928	69	169	798	4.48e-11	58.2	85
3QRX_A	pdb|9KCV|A	52.113	142	169	798	1.15e-42	148	85
3QRX_A	pdb|9KCV|A	48.333	60	169	798	1.93e-11	58.9	85
3QRX_A	pdb|9KCV|A	44.928	69	169	798	4.48e-11	58.2	85
3QRX_A	pdb|9VHW|A	34.483	145	169	537	4.29e-21	86.7	85
3QRX_A	pdb|9VHU|D	34.483	145	169	537	4.29e-21	86.7	85
3QRX_A	pdb|9VHU|C	34.483	145	169	537	4.29e-21	86.7	85
3QRX_A	pdb|9VHU|B	34.483	145	169	537	4.29e-21	86.7	85
3QRX_A	pdb|9VHU|A	34.483	145	169	537	4.29e-21	86.7	85
3QRX_A	pdb|3H4S|E	32.558	86	169	135	2.19e-07	45.4	50
4AQR_A	pdb|9KCV|D	98.658	149	149	798	1.11e-98	298	100
4AQR_A	pdb|9KCV|C	98.658	149	149	798	1.11e-98	298	100
4AQR_A	pdb|9KCV|B	98.658	149	149	798	1.11e-98	298	100
4AQR_A	pdb|9KCV|A	98.658	149	149	798	1.11e-98	298	100
4AQR_A	pdb|9VHW|A	38.514	148	149	537	4.24e-26	100	99
4AQR_A	pdb|9VHW|A	43.478	69	149	537	5.75e-12	59.7	99
4AQR_A	pdb|9VHW|A	35.000	60	149	537	4.55e-05	40.0	99
4AQR_A	pdb|9VHU|D	38.514	148	149	537	4.24e-26	100	99
4AQR_A	pdb|9VHU|D	43.478	69	149	537	5.75e-12	59.7	99
4AQR_A	pdb|9VHU|D	35.000	60	149	537	4.55e-05	40.0	99
4AQR_A	pdb|9VHU|C	38.514	148	149	537	4.24e-26	100	99
4AQR_A	pdb|9VHU|C	43.478	69	149	537	5.75e-12	59.7	99
4AQR_A	pdb|9VHU|C	35.000	60	149	537	4.55e-05	40.0	99
4AQR_A	pdb|9VHU|B	38.514	148	149	537	4.24e-26	100	99
4AQR_A	pdb|9VHU|B	43.478	69	149	537	5.75e-12	59.7	99
4AQR_A	pdb|9VHU|B	35.000	60	149	537	4.55e-05	40.0	99
4AQR_A	pdb|9VHU|A	38.514	148	149	537	4.24e-26	100	99
4AQR_A	pdb|9VHU|A	43.478	69	149	537	5.75e-12	59.7	99
4AQR_A	pdb|9VHU|A	35.000	60	149	537	4.55e-05	40.0	99
4AQR_A	pdb|3H4S|E	31.429	105	149	135	2.72e-08	47.4	70
4AQR_A	pdb|2ZFD|A	23.684	152	149	226	1.84e-07	46.2	93
4AQR_A	pdb|2EHB|A	27.922	154	149	207	7.19e-07	44.7	93
4AQR_A	pdb|1V1G|A	27.922	154	149	222	1.02e-06	44.3	93
4AQR_A	pdb|1V1F|A	27.922	154	149	222	1.02e-06	44.3	93
4AQR_B	pdb|9KCV|D	98.658	149	149	798	1.11e-98	298	100
4AQR_B	pdb|9KCV|C	98.658	149	149	798	1.11e-98	298	100
4AQR_B	pdb|9KCV|B	98.658	149	149	798	1.11e-98	298	100
4AQR_B	pdb|9KCV|A	98.658	149	149	798	1.11e-98	298	100
4AQR_B	pdb|9VHW|A	38.514	148	149	537	4.24e-26	100	99
4AQR_B	pdb|9VHW|A	43.478	69	149	537	5.75e-12	59.7	99
4AQR_B	pdb|9VHW|A	35.000	60	149	537	4.55e-05	40.0	99
4AQR_B	pdb|9VHU|D	38.514	148	149	537	4.24e-26	100	99
4AQR_B	pdb|9VHU|D	43.478	69	149	537	5.75e-12	59.7	99
4AQR_B	pdb|9VHU|D	35.000	60	149	537	4.55e-05	40.0	99
4AQR_B	pdb|9VHU|C	38.514	148	149	537	4.24e-26	100	99
4AQR_B	pdb|9VHU|C	43.478	69	149	537	5.75e-12	59.7	99
4AQR_B	pdb|9VHU|C	35.000	60	149	537	4.55e-05	40.0	99
4AQR_B	pdb|9VHU|B	38.514	148	149	537	4.24e-26	100	99
4AQR_B	pdb|9VHU|B	43.478	69	149	537	5.75e-12	59.7	99
4AQR_B	pdb|9VHU|B	35.000	60	149	537	4.55e-05	40.0	99
4AQR_B	pdb|9VHU|A	38.514	148	149	537	4.24e-26	100	99
4AQR_B	pdb|9VHU|A	43.478	69	149	537	5.75e-12	59.7	99
4AQR_B	pdb|9VHU|A	35.000	60	149	537	4.55e-05	40.0	99
4AQR_B	pdb|3H4S|E	31.429	105	149	135	2.72e-08	47.4	70
4AQR_B	pdb|2ZFD|A	23.684	152	149	226	1.84e-07	46.2	93
4AQR_B	pdb|2EHB|A	27.922	154	149	207	7.19e-07	44.7	93
4AQR_B	pdb|1V1G|A	27.922	154	149	222	1.02e-06	44.3	93
4AQR_B	pdb|1V1F|A	27.922	154	149	222	1.02e-06	44.3	93
5A2H_A	pdb|9KCV|D	98.658	149	149	798	1.11e-98	298	100
5A2H_A	pdb|9KCV|C	98.658	149	149	798	1.11e-98	298	100
5A2H_A	pdb|9KCV|B	98.658	149	149	798	1.11e-98	298	100
5A2H_A	pdb|9KCV|A	98.658	149	149	798	1.11e-98	298	100
5A2H_A	pdb|9VHW|A	38.514	148	149	537	4.24e-26	100	99
5A2H_A	pdb|9VHW|A	43.478	69	149	537	5.75e-12	59.7	99
5A2H_A	pdb|9VHW|A	35.000	60	149	537	4.55e-05	40.0	99
5A2H_A	pdb|9VHU|D	38.514	148	149	537	4.24e-26	100	99
5A2H_A	pdb|9VHU|D	43.478	69	149	537	5.75e-12	59.7	99
5A2H_A	pdb|9VHU|D	35.000	60	149	537	4.55e-05	40.0	99
5A2H_A	pdb|9VHU|C	38.514	148	149	537	4.24e-26	100	99
5A2H_A	pdb|9VHU|C	43.478	69	149	537	5.75e-12	59.7	99
5A2H_A	pdb|9VHU|C	35.000	60	149	537	4.55e-05	40.0	99
5A2H_A	pdb|9VHU|B	38.514	148	149	537	4.24e-26	100	99
5A2H_A	pdb|9VHU|B	43.478	69	149	537	5.75e-12	59.7	99
5A2H_A	pdb|9VHU|B	35.000	60	149	537	4.55e-05	40.0	99
5A2H_A	pdb|9VHU|A	38.514	148	149	537	4.24e-26	100	99
5A2H_A	pdb|9VHU|A	43.478	69	149	537	5.75e-12	59.7	99
5A2H_A	pdb|9VHU|A	35.000	60	149	537	4.55e-05	40.0	99
5A2H_A	pdb|3H4S|E	31.429	105	149	135	2.72e-08	47.4	70
5A2H_A	pdb|2ZFD|A	23.684	152	149	226	1.84e-07	46.2	93
5A2H_A	pdb|2EHB|A	27.922	154	149	207	7.19e-07	44.7	93
5A2H_A	pdb|1V1G|A	27.922	154	149	222	1.02e-06	44.3	93
5A2H_A	pdb|1V1F|A	27.922	154	149	222	1.02e-06	44.3	93
6U42_5O	pdb|1VYA|L	35.294	136	380	149	1.90e-19	82.0	35
6U42_5O	pdb|1VYA|K	35.294	136	380	149	1.90e-19	82.0	35
6U42_5O	pdb|1VYA|J	35.294	136	380	149	1.90e-19	82.0	35
6U42_5O	pdb|1VYA|I	35.294	136	380	149	1.90e-19	82.0	35
6U42_5O	pdb|1VYA|H	35.294	136	380	149	1.90e-19	82.0	35
6U42_5O	pdb|1VYA|G	35.294	136	380	149	1.90e-19	82.0	35
6U42_5O	pdb|1VYA|F	35.294	136	380	149	1.90e-19	82.0	35
6U42_5O	pdb|1VYA|E	35.294	136	380	149	1.90e-19	82.0	35
6U42_5O	pdb|1VYA|D	35.294	136	380	149	1.90e-19	82.0	35
6U42_5O	pdb|1VYA|C	35.294	136	380	149	1.90e-19	82.0	35
6U42_5O	pdb|1VYA|B	35.294	136	380	149	1.90e-19	82.0	35
6U42_5O	pdb|1VYA|A	35.294	136	380	149	1.90e-19	82.0	35
6U42_5O	pdb|1U8W|F	33.824	136	380	149	2.27e-16	73.6	35
6U42_5O	pdb|1U8W|E	33.824	136	380	149	2.27e-16	73.6	35
6U42_5O	pdb|1U8W|D	33.824	136	380	149	2.27e-16	73.6	35
6U42_5O	pdb|1U8W|C	33.824	136	380	149	2.27e-16	73.6	35
6U42_5O	pdb|1U8W|B	33.824	136	380	149	2.27e-16	73.6	35
6U42_5O	pdb|1U8W|A	33.824	136	380	149	2.27e-16	73.6	35
6U42_5P	pdb|1VYA|L	35.294	136	380	149	1.90e-19	82.0	35
6U42_5P	pdb|1VYA|K	35.294	136	380	149	1.90e-19	82.0	35
6U42_5P	pdb|1VYA|J	35.294	136	380	149	1.90e-19	82.0	35
6U42_5P	pdb|1VYA|I	35.294	136	380	149	1.90e-19	82.0	35
6U42_5P	pdb|1VYA|H	35.294	136	380	149	1.90e-19	82.0	35
6U42_5P	pdb|1VYA|G	35.294	136	380	149	1.90e-19	82.0	35
6U42_5P	pdb|1VYA|F	35.294	136	380	149	1.90e-19	82.0	35
6U42_5P	pdb|1VYA|E	35.294	136	380	149	1.90e-19	82.0	35
6U42_5P	pdb|1VYA|D	35.294	136	380	149	1.90e-19	82.0	35
6U42_5P	pdb|1VYA|C	35.294	136	380	149	1.90e-19	82.0	35
6U42_5P	pdb|1VYA|B	35.294	136	380	149	1.90e-19	82.0	35
6U42_5P	pdb|1VYA|A	35.294	136	380	149	1.90e-19	82.0	35
6U42_5P	pdb|1U8W|F	33.824	136	380	149	2.27e-16	73.6	35
6U42_5P	pdb|1U8W|E	33.824	136	380	149	2.27e-16	73.6	35
6U42_5P	pdb|1U8W|D	33.824	136	380	149	2.27e-16	73.6	35
6U42_5P	pdb|1U8W|C	33.824	136	380	149	2.27e-16	73.6	35
6U42_5P	pdb|1U8W|B	33.824	136	380	149	2.27e-16	73.6	35
6U42_5P	pdb|1U8W|A	33.824	136	380	149	2.27e-16	73.6	35
7KZM_E	pdb|7VGG|A	21.429	140	567	704	4.15e-04	40.8	24
7KZN_E	pdb|7VGG|A	21.429	140	567	704	4.15e-04	40.8	24
8GLV_5O	pdb|1VYA|L	35.294	136	380	149	1.90e-19	82.0	35
8GLV_5O	pdb|1VYA|K	35.294	136	380	149	1.90e-19	82.0	35
8GLV_5O	pdb|1VYA|J	35.294	136	380	149	1.90e-19	82.0	35
8GLV_5O	pdb|1VYA|I	35.294	136	380	149	1.90e-19	82.0	35
8GLV_5O	pdb|1VYA|H	35.294	136	380	149	1.90e-19	82.0	35
8GLV_5O	pdb|1VYA|G	35.294	136	380	149	1.90e-19	82.0	35
8GLV_5O	pdb|1VYA|F	35.294	136	380	149	1.90e-19	82.0	35
8GLV_5O	pdb|1VYA|E	35.294	136	380	149	1.90e-19	82.0	35
8GLV_5O	pdb|1VYA|D	35.294	136	380	149	1.90e-19	82.0	35
8GLV_5O	pdb|1VYA|C	35.294	136	380	149	1.90e-19	82.0	35
8GLV_5O	pdb|1VYA|B	35.294	136	380	149	1.90e-19	82.0	35
8GLV_5O	pdb|1VYA|A	35.294	136	380	149	1.90e-19	82.0	35
8GLV_5O	pdb|1U8W|F	33.824	136	380	149	2.27e-16	73.6	35
8GLV_5O	pdb|1U8W|E	33.824	136	380	149	2.27e-16	73.6	35
8GLV_5O	pdb|1U8W|D	33.824	136	380	149	2.27e-16	73.6	35
8GLV_5O	pdb|1U8W|C	33.824	136	380	149	2.27e-16	73.6	35
8GLV_5O	pdb|1U8W|B	33.824	136	380	149	2.27e-16	73.6	35
8GLV_5O	pdb|1U8W|A	33.824	136	380	149	2.27e-16	73.6	35
8GLV_5P	pdb|1VYA|L	35.294	136	380	149	1.90e-19	82.0	35
8GLV_5P	pdb|1VYA|K	35.294	136	380	149	1.90e-19	82.0	35
8GLV_5P	pdb|1VYA|J	35.294	136	380	149	1.90e-19	82.0	35
8GLV_5P	pdb|1VYA|I	35.294	136	380	149	1.90e-19	82.0	35
8GLV_5P	pdb|1VYA|H	35.294	136	380	149	1.90e-19	82.0	35
8GLV_5P	pdb|1VYA|G	35.294	136	380	149	1.90e-19	82.0	35
8GLV_5P	pdb|1VYA|F	35.294	136	380	149	1.90e-19	82.0	35
8GLV_5P	pdb|1VYA|E	35.294	136	380	149	1.90e-19	82.0	35
8GLV_5P	pdb|1VYA|D	35.294	136	380	149	1.90e-19	82.0	35
8GLV_5P	pdb|1VYA|C	35.294	136	380	149	1.90e-19	82.0	35
8GLV_5P	pdb|1VYA|B	35.294	136	380	149	1.90e-19	82.0	35
8GLV_5P	pdb|1VYA|A	35.294	136	380	149	1.90e-19	82.0	35
8GLV_5P	pdb|1U8W|F	33.824	136	380	149	2.27e-16	73.6	35
8GLV_5P	pdb|1U8W|E	33.824	136	380	149	2.27e-16	73.6	35
8GLV_5P	pdb|1U8W|D	33.824	136	380	149	2.27e-16	73.6	35
8GLV_5P	pdb|1U8W|C	33.824	136	380	149	2.27e-16	73.6	35
8GLV_5P	pdb|1U8W|B	33.824	136	380	149	2.27e-16	73.6	35
8GLV_5P	pdb|1U8W|A	33.824	136	380	149	2.27e-16	73.6	35
8GLV_EZ	pdb|9KCV|D	30.070	143	166	798	3.97e-12	60.8	86
8GLV_EZ	pdb|9KCV|C	30.070	143	166	798	3.97e-12	60.8	86
8GLV_EZ	pdb|9KCV|B	30.070	143	166	798	3.97e-12	60.8	86
8GLV_EZ	pdb|9KCV|A	30.070	143	166	798	3.97e-12	60.8	86
8GLV_FZ	pdb|9KCV|D	52.113	142	169	798	1.15e-42	148	85
8GLV_FZ	pdb|9KCV|D	48.333	60	169	798	1.93e-11	58.9	85
8GLV_FZ	pdb|9KCV|D	44.928	69	169	798	4.48e-11	58.2	85
8GLV_FZ	pdb|9KCV|C	52.113	142	169	798	1.15e-42	148	85
8GLV_FZ	pdb|9KCV|C	48.333	60	169	798	1.93e-11	58.9	85
8GLV_FZ	pdb|9KCV|C	44.928	69	169	798	4.48e-11	58.2	85
8GLV_FZ	pdb|9KCV|B	52.113	142	169	798	1.15e-42	148	85
8GLV_FZ	pdb|9KCV|B	48.333	60	169	798	1.93e-11	58.9	85
8GLV_FZ	pdb|9KCV|B	44.928	69	169	798	4.48e-11	58.2	85
8GLV_FZ	pdb|9KCV|A	52.113	142	169	798	1.15e-42	148	85
8GLV_FZ	pdb|9KCV|A	48.333	60	169	798	1.93e-11	58.9	85
8GLV_FZ	pdb|9KCV|A	44.928	69	169	798	4.48e-11	58.2	85
8GLV_FZ	pdb|9VHW|A	34.483	145	169	537	4.29e-21	86.7	85
8GLV_FZ	pdb|9VHU|D	34.483	145	169	537	4.29e-21	86.7	85
8GLV_FZ	pdb|9VHU|C	34.483	145	169	537	4.29e-21	86.7	85
8GLV_FZ	pdb|9VHU|B	34.483	145	169	537	4.29e-21	86.7	85
8GLV_FZ	pdb|9VHU|A	34.483	145	169	537	4.29e-21	86.7	85
8GLV_FZ	pdb|3H4S|E	32.558	86	169	135	2.19e-07	45.4	50
8GLV_Gy	pdb|1VYA|L	35.294	136	380	149	1.90e-19	82.0	35
8GLV_Gy	pdb|1VYA|K	35.294	136	380	149	1.90e-19	82.0	35
8GLV_Gy	pdb|1VYA|J	35.294	136	380	149	1.90e-19	82.0	35
8GLV_Gy	pdb|1VYA|I	35.294	136	380	149	1.90e-19	82.0	35
8GLV_Gy	pdb|1VYA|H	35.294	136	380	149	1.90e-19	82.0	35
8GLV_Gy	pdb|1VYA|G	35.294	136	380	149	1.90e-19	82.0	35
8GLV_Gy	pdb|1VYA|F	35.294	136	380	149	1.90e-19	82.0	35
8GLV_Gy	pdb|1VYA|E	35.294	136	380	149	1.90e-19	82.0	35
8GLV_Gy	pdb|1VYA|D	35.294	136	380	149	1.90e-19	82.0	35
8GLV_Gy	pdb|1VYA|C	35.294	136	380	149	1.90e-19	82.0	35
8GLV_Gy	pdb|1VYA|B	35.294	136	380	149	1.90e-19	82.0	35
8GLV_Gy	pdb|1VYA|A	35.294	136	380	149	1.90e-19	82.0	35
8GLV_Gy	pdb|1U8W|F	33.824	136	380	149	2.27e-16	73.6	35
8GLV_Gy	pdb|1U8W|E	33.824	136	380	149	2.27e-16	73.6	35
8GLV_Gy	pdb|1U8W|D	33.824	136	380	149	2.27e-16	73.6	35
8GLV_Gy	pdb|1U8W|C	33.824	136	380	149	2.27e-16	73.6	35
8GLV_Gy	pdb|1U8W|B	33.824	136	380	149	2.27e-16	73.6	35
8GLV_Gy	pdb|1U8W|A	33.824	136	380	149	2.27e-16	73.6	35
8GLV_Gz	pdb|1VYA|L	35.294	136	380	149	1.90e-19	82.0	35
8GLV_Gz	pdb|1VYA|K	35.294	136	380	149	1.90e-19	82.0	35
8GLV_Gz	pdb|1VYA|J	35.294	136	380	149	1.90e-19	82.0	35
8GLV_Gz	pdb|1VYA|I	35.294	136	380	149	1.90e-19	82.0	35
8GLV_Gz	pdb|1VYA|H	35.294	136	380	149	1.90e-19	82.0	35
8GLV_Gz	pdb|1VYA|G	35.294	136	380	149	1.90e-19	82.0	35
8GLV_Gz	pdb|1VYA|F	35.294	136	380	149	1.90e-19	82.0	35
8GLV_Gz	pdb|1VYA|E	35.294	136	380	149	1.90e-19	82.0	35
8GLV_Gz	pdb|1VYA|D	35.294	136	380	149	1.90e-19	82.0	35
8GLV_Gz	pdb|1VYA|C	35.294	136	380	149	1.90e-19	82.0	35
8GLV_Gz	pdb|1VYA|B	35.294	136	380	149	1.90e-19	82.0	35
8GLV_Gz	pdb|1VYA|A	35.294	136	380	149	1.90e-19	82.0	35
8GLV_Gz	pdb|1U8W|F	33.824	136	380	149	2.27e-16	73.6	35
8GLV_Gz	pdb|1U8W|E	33.824	136	380	149	2.27e-16	73.6	35
8GLV_Gz	pdb|1U8W|D	33.824	136	380	149	2.27e-16	73.6	35
8GLV_Gz	pdb|1U8W|C	33.824	136	380	149	2.27e-16	73.6	35
8GLV_Gz	pdb|1U8W|B	33.824	136	380	149	2.27e-16	73.6	35
8GLV_Gz	pdb|1U8W|A	33.824	136	380	149	2.27e-16	73.6	35
8GLV_HF	pdb|9KCV|D	30.070	143	166	798	3.97e-12	60.8	86
8GLV_HF	pdb|9KCV|C	30.070	143	166	798	3.97e-12	60.8	86
8GLV_HF	pdb|9KCV|B	30.070	143	166	798	3.97e-12	60.8	86
8GLV_HF	pdb|9KCV|A	30.070	143	166	798	3.97e-12	60.8	86
8GLV_HM	pdb|9KCV|D	30.070	143	166	798	3.97e-12	60.8	86
8GLV_HM	pdb|9KCV|C	30.070	143	166	798	3.97e-12	60.8	86
8GLV_HM	pdb|9KCV|B	30.070	143	166	798	3.97e-12	60.8	86
8GLV_HM	pdb|9KCV|A	30.070	143	166	798	3.97e-12	60.8	86
8GLV_Md	pdb|9KCV|D	52.113	142	169	798	1.15e-42	148	85
8GLV_Md	pdb|9KCV|D	48.333	60	169	798	1.93e-11	58.9	85
8GLV_Md	pdb|9KCV|D	44.928	69	169	798	4.48e-11	58.2	85
8GLV_Md	pdb|9KCV|C	52.113	142	169	798	1.15e-42	148	85
8GLV_Md	pdb|9KCV|C	48.333	60	169	798	1.93e-11	58.9	85
8GLV_Md	pdb|9KCV|C	44.928	69	169	798	4.48e-11	58.2	85
8GLV_Md	pdb|9KCV|B	52.113	142	169	798	1.15e-42	148	85
8GLV_Md	pdb|9KCV|B	48.333	60	169	798	1.93e-11	58.9	85
8GLV_Md	pdb|9KCV|B	44.928	69	169	798	4.48e-11	58.2	85
8GLV_Md	pdb|9KCV|A	52.113	142	169	798	1.15e-42	148	85
8GLV_Md	pdb|9KCV|A	48.333	60	169	798	1.93e-11	58.9	85
8GLV_Md	pdb|9KCV|A	44.928	69	169	798	4.48e-11	58.2	85
8GLV_Md	pdb|9VHW|A	34.483	145	169	537	4.29e-21	86.7	85
8GLV_Md	pdb|9VHU|D	34.483	145	169	537	4.29e-21	86.7	85
8GLV_Md	pdb|9VHU|C	34.483	145	169	537	4.29e-21	86.7	85
8GLV_Md	pdb|9VHU|B	34.483	145	169	537	4.29e-21	86.7	85
8GLV_Md	pdb|9VHU|A	34.483	145	169	537	4.29e-21	86.7	85
8GLV_Md	pdb|3H4S|E	32.558	86	169	135	2.19e-07	45.4	50
8GLV_Ml	pdb|9KCV|D	52.113	142	169	798	1.15e-42	148	85
8GLV_Ml	pdb|9KCV|D	48.333	60	169	798	1.93e-11	58.9	85
8GLV_Ml	pdb|9KCV|D	44.928	69	169	798	4.48e-11	58.2	85
8GLV_Ml	pdb|9KCV|C	52.113	142	169	798	1.15e-42	148	85
8GLV_Ml	pdb|9KCV|C	48.333	60	169	798	1.93e-11	58.9	85
8GLV_Ml	pdb|9KCV|C	44.928	69	169	798	4.48e-11	58.2	85
8GLV_Ml	pdb|9KCV|B	52.113	142	169	798	1.15e-42	148	85
8GLV_Ml	pdb|9KCV|B	48.333	60	169	798	1.93e-11	58.9	85
8GLV_Ml	pdb|9KCV|B	44.928	69	169	798	4.48e-11	58.2	85
8GLV_Ml	pdb|9KCV|A	52.113	142	169	798	1.15e-42	148	85
8GLV_Ml	pdb|9KCV|A	48.333	60	169	798	1.93e-11	58.9	85
8GLV_Ml	pdb|9KCV|A	44.928	69	169	798	4.48e-11	58.2	85
8GLV_Ml	pdb|9VHW|A	34.483	145	169	537	4.29e-21	86.7	85
8GLV_Ml	pdb|9VHU|D	34.483	145	169	537	4.29e-21	86.7	85
8GLV_Ml	pdb|9VHU|C	34.483	145	169	537	4.29e-21	86.7	85
8GLV_Ml	pdb|9VHU|B	34.483	145	169	537	4.29e-21	86.7	85
8GLV_Ml	pdb|9VHU|A	34.483	145	169	537	4.29e-21	86.7	85
8GLV_Ml	pdb|3H4S|E	32.558	86	169	135	2.19e-07	45.4	50
8GLV_OY	pdb|1VYA|L	35.294	136	380	149	1.90e-19	82.0	35
8GLV_OY	pdb|1VYA|K	35.294	136	380	149	1.90e-19	82.0	35
8GLV_OY	pdb|1VYA|J	35.294	136	380	149	1.90e-19	82.0	35
8GLV_OY	pdb|1VYA|I	35.294	136	380	149	1.90e-19	82.0	35
8GLV_OY	pdb|1VYA|H	35.294	136	380	149	1.90e-19	82.0	35
8GLV_OY	pdb|1VYA|G	35.294	136	380	149	1.90e-19	82.0	35
8GLV_OY	pdb|1VYA|F	35.294	136	380	149	1.90e-19	82.0	35
8GLV_OY	pdb|1VYA|E	35.294	136	380	149	1.90e-19	82.0	35
8GLV_OY	pdb|1VYA|D	35.294	136	380	149	1.90e-19	82.0	35
8GLV_OY	pdb|1VYA|C	35.294	136	380	149	1.90e-19	82.0	35
8GLV_OY	pdb|1VYA|B	35.294	136	380	149	1.90e-19	82.0	35
8GLV_OY	pdb|1VYA|A	35.294	136	380	149	1.90e-19	82.0	35
8GLV_OY	pdb|1U8W|F	33.824	136	380	149	2.27e-16	73.6	35
8GLV_OY	pdb|1U8W|E	33.824	136	380	149	2.27e-16	73.6	35
8GLV_OY	pdb|1U8W|D	33.824	136	380	149	2.27e-16	73.6	35
8GLV_OY	pdb|1U8W|C	33.824	136	380	149	2.27e-16	73.6	35
8GLV_OY	pdb|1U8W|B	33.824	136	380	149	2.27e-16	73.6	35
8GLV_OY	pdb|1U8W|A	33.824	136	380	149	2.27e-16	73.6	35
8RX8_A	pdb|9KCV|D	44.521	146	165	798	3.22e-35	127	88
8RX8_A	pdb|9KCV|C	44.521	146	165	798	3.22e-35	127	88
8RX8_A	pdb|9KCV|B	44.521	146	165	798	3.22e-35	127	88
8RX8_A	pdb|9KCV|A	44.521	146	165	798	3.22e-35	127	88
8RX8_A	pdb|9VHW|A	33.333	141	165	537	7.78e-17	74.3	86
8RX8_A	pdb|9VHW|A	41.667	60	165	537	9.70e-10	53.9	86
8RX8_A	pdb|9VHU|D	33.333	141	165	537	7.78e-17	74.3	86
8RX8_A	pdb|9VHU|D	41.667	60	165	537	9.70e-10	53.9	86
8RX8_A	pdb|9VHU|C	33.333	141	165	537	7.78e-17	74.3	86
8RX8_A	pdb|9VHU|C	41.667	60	165	537	9.70e-10	53.9	86
8RX8_A	pdb|9VHU|B	33.333	141	165	537	7.78e-17	74.3	86
8RX8_A	pdb|9VHU|B	41.667	60	165	537	9.70e-10	53.9	86
8RX8_A	pdb|9VHU|A	33.333	141	165	537	7.78e-17	74.3	86
8RX8_A	pdb|9VHU|A	41.667	60	165	537	9.70e-10	53.9	86
8RX8_A	pdb|2EHB|A	28.431	102	165	207	8.38e-05	38.9	57
8RX8_A	pdb|1V1G|A	28.431	102	165	222	9.07e-05	38.9	57
8RX8_A	pdb|1V1F|A	28.431	102	165	222	9.07e-05	38.9	57
9QT9_E	pdb|9KCV|D	96.774	155	177	798	3.81e-101	306	87
9QT9_E	pdb|9KCV|C	96.774	155	177	798	3.81e-101	306	87
9QT9_E	pdb|9KCV|B	96.774	155	177	798	3.81e-101	306	87
9QT9_E	pdb|9KCV|A	96.774	155	177	798	3.81e-101	306	87
9QT9_E	pdb|9VHW|A	39.189	148	177	537	3.66e-26	101	83
9QT9_E	pdb|9VHW|A	40.789	76	177	537	1.16e-11	60.1	83
9QT9_E	pdb|9VHW|A	36.667	60	177	537	7.30e-05	40.0	83
9QT9_E	pdb|9VHU|D	39.189	148	177	537	3.66e-26	101	83
9QT9_E	pdb|9VHU|D	40.789	76	177	537	1.16e-11	60.1	83
9QT9_E	pdb|9VHU|D	36.667	60	177	537	7.30e-05	40.0	83
9QT9_E	pdb|9VHU|C	39.189	148	177	537	3.66e-26	101	83
9QT9_E	pdb|9VHU|C	40.789	76	177	537	1.16e-11	60.1	83
9QT9_E	pdb|9VHU|C	36.667	60	177	537	7.30e-05	40.0	83
9QT9_E	pdb|9VHU|B	39.189	148	177	537	3.66e-26	101	83
9QT9_E	pdb|9VHU|B	40.789	76	177	537	1.16e-11	60.1	83
9QT9_E	pdb|9VHU|B	36.667	60	177	537	7.30e-05	40.0	83
9QT9_E	pdb|9VHU|A	39.189	148	177	537	3.66e-26	101	83
9QT9_E	pdb|9VHU|A	40.789	76	177	537	1.16e-11	60.1	83
9QT9_E	pdb|9VHU|A	36.667	60	177	537	7.30e-05	40.0	83
9QT9_E	pdb|3H4S|E	31.429	105	177	135	2.63e-08	48.1	59
9QT9_E	pdb|8GQE|A	100.000	19	177	369	1.01e-06	45.4	11
9QT9_E	pdb|2ZFD|A	26.627	169	177	226	1.05e-06	45.1	85
9QT9_E	pdb|2EHB|A	27.389	157	177	207	4.32e-06	43.1	80
9QT9_E	pdb|1V1G|A	27.389	157	177	222	7.56e-06	42.4	80
9QT9_E	pdb|1V1F|A	27.389	157	177	222	7.56e-06	42.4	80
9QT9_F	pdb|9KCV|D	96.774	155	177	798	3.81e-101	306	87
9QT9_F	pdb|9KCV|C	96.774	155	177	798	3.81e-101	306	87
9QT9_F	pdb|9KCV|B	96.774	155	177	798	3.81e-101	306	87
9QT9_F	pdb|9KCV|A	96.774	155	177	798	3.81e-101	306	87
9QT9_F	pdb|9VHW|A	39.189	148	177	537	3.66e-26	101	83
9QT9_F	pdb|9VHW|A	40.789	76	177	537	1.16e-11	60.1	83
9QT9_F	pdb|9VHW|A	36.667	60	177	537	7.30e-05	40.0	83
9QT9_F	pdb|9VHU|D	39.189	148	177	537	3.66e-26	101	83
9QT9_F	pdb|9VHU|D	40.789	76	177	537	1.16e-11	60.1	83
9QT9_F	pdb|9VHU|D	36.667	60	177	537	7.30e-05	40.0	83
9QT9_F	pdb|9VHU|C	39.189	148	177	537	3.66e-26	101	83
9QT9_F	pdb|9VHU|C	40.789	76	177	537	1.16e-11	60.1	83
9QT9_F	pdb|9VHU|C	36.667	60	177	537	7.30e-05	40.0	83
9QT9_F	pdb|9VHU|B	39.189	148	177	537	3.66e-26	101	83
9QT9_F	pdb|9VHU|B	40.789	76	177	537	1.16e-11	60.1	83
9QT9_F	pdb|9VHU|B	36.667	60	177	537	7.30e-05	40.0	83
9QT9_F	pdb|9VHU|A	39.189	148	177	537	3.66e-26	101	83
9QT9_F	pdb|9VHU|A	40.789	76	177	537	1.16e-11	60.1	83
9QT9_F	pdb|9VHU|A	36.667	60	177	537	7.30e-05	40.0	83
9QT9_F	pdb|3H4S|E	31.429	105	177	135	2.63e-08	48.1	59
9QT9_F	pdb|8GQE|A	100.000	19	177	369	1.01e-06	45.4	11
9QT9_F	pdb|2ZFD|A	26.627	169	177	226	1.05e-06	45.1	85
9QT9_F	pdb|2EHB|A	27.389	157	177	207	4.32e-06	43.1	80
9QT9_F	pdb|1V1G|A	27.389	157	177	222	7.56e-06	42.4	80
9QT9_F	pdb|1V1F|A	27.389	157	177	222	7.56e-06	42.4	80
8JEC_A	pdb|7XUF|D	34.357	684	828	857	8.37e-132	412	82
8JEC_A	pdb|7XUF|B	34.357	684	828	857	8.37e-132	412	82
8JEC_A	pdb|7T4X|D	34.357	684	828	857	8.37e-132	412	82
8JEC_A	pdb|7T4X|C	34.357	684	828	857	8.37e-132	412	82
8JEC_A	pdb|7T4X|B	34.357	684	828	857	8.37e-132	412	82
8JEC_A	pdb|7T4X|A	34.357	684	828	857	8.37e-132	412	82
8JEC_A	pdb|7WSW|D	34.357	684	828	879	1.02e-131	412	82
8JEC_A	pdb|7WSW|C	34.357	684	828	879	1.02e-131	412	82
8JEC_A	pdb|7WSW|B	34.357	684	828	879	1.02e-131	412	82
8JEC_A	pdb|7WSW|A	34.357	684	828	879	1.02e-131	412	82
8JEC_A	pdb|9IS8|D	34.357	684	828	885	1.79e-131	412	82
8JEC_A	pdb|9IS8|C	34.357	684	828	885	1.79e-131	412	82
8JEC_A	pdb|9IS8|A	34.357	684	828	885	1.79e-131	412	82
8JEC_A	pdb|7WM1|C	34.357	684	828	885	1.79e-131	412	82
8JEC_A	pdb|7WM1|A	34.357	684	828	885	1.79e-131	412	82
8JEC_A	pdb|7WM2|D	34.357	684	828	895	2.26e-131	412	82
8JEC_A	pdb|7WM2|C	34.357	684	828	895	2.26e-131	412	82
8JEC_A	pdb|7WM2|B	34.357	684	828	895	2.26e-131	412	82
8JEC_A	pdb|7WM2|A	34.357	684	828	895	2.26e-131	412	82
8JEC_A	pdb|7FCV|D	34.357	684	828	857	2.43e-131	410	82
8JEC_A	pdb|7FCV|C	34.357	684	828	857	2.43e-131	410	82
8JEC_A	pdb|7FCV|B	34.357	684	828	857	2.43e-131	410	82
8JEC_A	pdb|7FCV|A	34.357	684	828	857	2.43e-131	410	82
8JEC_A	pdb|7CAL|D	35.102	490	828	677	1.29e-96	314	66
8JEC_A	pdb|7CAL|D	33.803	71	828	677	2.56e-04	42.0	66
8JEC_A	pdb|7CAL|C	35.102	490	828	677	1.29e-96	314	66
8JEC_A	pdb|7CAL|C	33.803	71	828	677	2.56e-04	42.0	66
8JEC_A	pdb|7CAL|B	35.102	490	828	677	1.29e-96	314	66
8JEC_A	pdb|7CAL|B	33.803	71	828	677	2.56e-04	42.0	66
8JEC_A	pdb|7CAL|A	35.102	490	828	677	1.29e-96	314	66
8JEC_A	pdb|7CAL|A	33.803	71	828	677	2.56e-04	42.0	66
8JEC_A	pdb|7XUF|C	36.735	441	828	662	4.33e-83	277	52
8JEC_A	pdb|7XUF|A	36.735	441	828	662	4.33e-83	277	52
8JEC_A	pdb|7WM1|D	36.735	441	828	690	7.37e-83	277	52
8JEC_A	pdb|7WM1|B	36.735	441	828	690	7.37e-83	277	52
8JEC_A	pdb|9IS8|B	36.735	441	828	710	8.22e-83	278	52
8JEC_A	pdb|9KCV|D	21.368	468	828	798	8.42e-17	82.8	47
8JEC_A	pdb|9KCV|C	21.368	468	828	798	8.42e-17	82.8	47
8JEC_A	pdb|9KCV|B	21.368	468	828	798	8.42e-17	82.8	47
8JEC_A	pdb|9KCV|A	21.368	468	828	798	8.42e-17	82.8	47
8JEC_A	pdb|9KCU|D	21.368	468	828	662	3.62e-16	80.5	47
8JEC_A	pdb|9KCU|C	21.368	468	828	662	3.62e-16	80.5	47
8JEC_A	pdb|9KCU|B	21.368	468	828	662	3.62e-16	80.5	47
8JEC_A	pdb|9KCU|A	21.368	468	828	662	3.62e-16	80.5	47
8JEC_A	pdb|9J36|D	26.203	187	828	726	1.59e-14	75.1	22
8JEC_A	pdb|9J36|C	26.203	187	828	726	1.59e-14	75.1	22
8JEC_A	pdb|9J36|B	26.203	187	828	726	1.59e-14	75.1	22
8JEC_A	pdb|9J36|A	26.203	187	828	726	1.59e-14	75.1	22
8JEC_A	pdb|9J35|D	26.203	187	828	726	1.59e-14	75.1	22
8JEC_A	pdb|9J35|C	26.203	187	828	726	1.59e-14	75.1	22
8JEC_A	pdb|9J35|B	26.203	187	828	726	1.59e-14	75.1	22
8JEC_A	pdb|9J35|A	26.203	187	828	726	1.59e-14	75.1	22
8JEC_A	pdb|9J34|D	21.485	377	828	716	3.45e-12	67.8	38
8JEC_A	pdb|9J34|C	21.485	377	828	716	3.45e-12	67.8	38
8JEC_B	pdb|7XUF|D	34.357	684	828	857	8.37e-132	412	82
8JEC_B	pdb|7XUF|B	34.357	684	828	857	8.37e-132	412	82
8JEC_B	pdb|7T4X|D	34.357	684	828	857	8.37e-132	412	82
8JEC_B	pdb|7T4X|C	34.357	684	828	857	8.37e-132	412	82
8JEC_B	pdb|7T4X|B	34.357	684	828	857	8.37e-132	412	82
8JEC_B	pdb|7T4X|A	34.357	684	828	857	8.37e-132	412	82
8JEC_B	pdb|7WSW|D	34.357	684	828	879	1.02e-131	412	82
8JEC_B	pdb|7WSW|C	34.357	684	828	879	1.02e-131	412	82
8JEC_B	pdb|7WSW|B	34.357	684	828	879	1.02e-131	412	82
8JEC_B	pdb|7WSW|A	34.357	684	828	879	1.02e-131	412	82
8JEC_B	pdb|9IS8|D	34.357	684	828	885	1.79e-131	412	82
8JEC_B	pdb|9IS8|C	34.357	684	828	885	1.79e-131	412	82
8JEC_B	pdb|9IS8|A	34.357	684	828	885	1.79e-131	412	82
8JEC_B	pdb|7WM1|C	34.357	684	828	885	1.79e-131	412	82
8JEC_B	pdb|7WM1|A	34.357	684	828	885	1.79e-131	412	82
8JEC_B	pdb|7WM2|D	34.357	684	828	895	2.26e-131	412	82
8JEC_B	pdb|7WM2|C	34.357	684	828	895	2.26e-131	412	82
8JEC_B	pdb|7WM2|B	34.357	684	828	895	2.26e-131	412	82
8JEC_B	pdb|7WM2|A	34.357	684	828	895	2.26e-131	412	82
8JEC_B	pdb|7FCV|D	34.357	684	828	857	2.43e-131	410	82
8JEC_B	pdb|7FCV|C	34.357	684	828	857	2.43e-131	410	82
8JEC_B	pdb|7FCV|B	34.357	684	828	857	2.43e-131	410	82
8JEC_B	pdb|7FCV|A	34.357	684	828	857	2.43e-131	410	82
8JEC_B	pdb|7CAL|D	35.102	490	828	677	1.29e-96	314	66
8JEC_B	pdb|7CAL|D	33.803	71	828	677	2.56e-04	42.0	66
8JEC_B	pdb|7CAL|C	35.102	490	828	677	1.29e-96	314	66
8JEC_B	pdb|7CAL|C	33.803	71	828	677	2.56e-04	42.0	66
8JEC_B	pdb|7CAL|B	35.102	490	828	677	1.29e-96	314	66
8JEC_B	pdb|7CAL|B	33.803	71	828	677	2.56e-04	42.0	66
8JEC_B	pdb|7CAL|A	35.102	490	828	677	1.29e-96	314	66
8JEC_B	pdb|7CAL|A	33.803	71	828	677	2.56e-04	42.0	66
8JEC_B	pdb|7XUF|C	36.735	441	828	662	4.33e-83	277	52
8JEC_B	pdb|7XUF|A	36.735	441	828	662	4.33e-83	277	52
8JEC_B	pdb|7WM1|D	36.735	441	828	690	7.37e-83	277	52
8JEC_B	pdb|7WM1|B	36.735	441	828	690	7.37e-83	277	52
8JEC_B	pdb|9IS8|B	36.735	441	828	710	8.22e-83	278	52
8JEC_B	pdb|9KCV|D	21.368	468	828	798	8.42e-17	82.8	47
8JEC_B	pdb|9KCV|C	21.368	468	828	798	8.42e-17	82.8	47
8JEC_B	pdb|9KCV|B	21.368	468	828	798	8.42e-17	82.8	47
8JEC_B	pdb|9KCV|A	21.368	468	828	798	8.42e-17	82.8	47
8JEC_B	pdb|9KCU|D	21.368	468	828	662	3.62e-16	80.5	47
8JEC_B	pdb|9KCU|C	21.368	468	828	662	3.62e-16	80.5	47
8JEC_B	pdb|9KCU|B	21.368	468	828	662	3.62e-16	80.5	47
8JEC_B	pdb|9KCU|A	21.368	468	828	662	3.62e-16	80.5	47
8JEC_B	pdb|9J36|D	26.203	187	828	726	1.59e-14	75.1	22
8JEC_B	pdb|9J36|C	26.203	187	828	726	1.59e-14	75.1	22
8JEC_B	pdb|9J36|B	26.203	187	828	726	1.59e-14	75.1	22
8JEC_B	pdb|9J36|A	26.203	187	828	726	1.59e-14	75.1	22
8JEC_B	pdb|9J35|D	26.203	187	828	726	1.59e-14	75.1	22
8JEC_B	pdb|9J35|C	26.203	187	828	726	1.59e-14	75.1	22
8JEC_B	pdb|9J35|B	26.203	187	828	726	1.59e-14	75.1	22
8JEC_B	pdb|9J35|A	26.203	187	828	726	1.59e-14	75.1	22
8JEC_B	pdb|9J34|D	21.485	377	828	716	3.45e-12	67.8	38
8JEC_B	pdb|9J34|C	21.485	377	828	716	3.45e-12	67.8	38
8JEC_C	pdb|7XUF|D	34.357	684	828	857	8.37e-132	412	82
8JEC_C	pdb|7XUF|B	34.357	684	828	857	8.37e-132	412	82
8JEC_C	pdb|7T4X|D	34.357	684	828	857	8.37e-132	412	82
8JEC_C	pdb|7T4X|C	34.357	684	828	857	8.37e-132	412	82
8JEC_C	pdb|7T4X|B	34.357	684	828	857	8.37e-132	412	82
8JEC_C	pdb|7T4X|A	34.357	684	828	857	8.37e-132	412	82
8JEC_C	pdb|7WSW|D	34.357	684	828	879	1.02e-131	412	82
8JEC_C	pdb|7WSW|C	34.357	684	828	879	1.02e-131	412	82
8JEC_C	pdb|7WSW|B	34.357	684	828	879	1.02e-131	412	82
8JEC_C	pdb|7WSW|A	34.357	684	828	879	1.02e-131	412	82
8JEC_C	pdb|9IS8|D	34.357	684	828	885	1.79e-131	412	82
8JEC_C	pdb|9IS8|C	34.357	684	828	885	1.79e-131	412	82
8JEC_C	pdb|9IS8|A	34.357	684	828	885	1.79e-131	412	82
8JEC_C	pdb|7WM1|C	34.357	684	828	885	1.79e-131	412	82
8JEC_C	pdb|7WM1|A	34.357	684	828	885	1.79e-131	412	82
8JEC_C	pdb|7WM2|D	34.357	684	828	895	2.26e-131	412	82
8JEC_C	pdb|7WM2|C	34.357	684	828	895	2.26e-131	412	82
8JEC_C	pdb|7WM2|B	34.357	684	828	895	2.26e-131	412	82
8JEC_C	pdb|7WM2|A	34.357	684	828	895	2.26e-131	412	82
8JEC_C	pdb|7FCV|D	34.357	684	828	857	2.43e-131	410	82
8JEC_C	pdb|7FCV|C	34.357	684	828	857	2.43e-131	410	82
8JEC_C	pdb|7FCV|B	34.357	684	828	857	2.43e-131	410	82
8JEC_C	pdb|7FCV|A	34.357	684	828	857	2.43e-131	410	82
8JEC_C	pdb|7CAL|D	35.102	490	828	677	1.29e-96	314	66
8JEC_C	pdb|7CAL|D	33.803	71	828	677	2.56e-04	42.0	66
8JEC_C	pdb|7CAL|C	35.102	490	828	677	1.29e-96	314	66
8JEC_C	pdb|7CAL|C	33.803	71	828	677	2.56e-04	42.0	66
8JEC_C	pdb|7CAL|B	35.102	490	828	677	1.29e-96	314	66
8JEC_C	pdb|7CAL|B	33.803	71	828	677	2.56e-04	42.0	66
8JEC_C	pdb|7CAL|A	35.102	490	828	677	1.29e-96	314	66
8JEC_C	pdb|7CAL|A	33.803	71	828	677	2.56e-04	42.0	66
8JEC_C	pdb|7XUF|C	36.735	441	828	662	4.33e-83	277	52
8JEC_C	pdb|7XUF|A	36.735	441	828	662	4.33e-83	277	52
8JEC_C	pdb|7WM1|D	36.735	441	828	690	7.37e-83	277	52
8JEC_C	pdb|7WM1|B	36.735	441	828	690	7.37e-83	277	52
8JEC_C	pdb|9IS8|B	36.735	441	828	710	8.22e-83	278	52
8JEC_C	pdb|9KCV|D	21.368	468	828	798	8.42e-17	82.8	47
8JEC_C	pdb|9KCV|C	21.368	468	828	798	8.42e-17	82.8	47
8JEC_C	pdb|9KCV|B	21.368	468	828	798	8.42e-17	82.8	47
8JEC_C	pdb|9KCV|A	21.368	468	828	798	8.42e-17	82.8	47
8JEC_C	pdb|9KCU|D	21.368	468	828	662	3.62e-16	80.5	47
8JEC_C	pdb|9KCU|C	21.368	468	828	662	3.62e-16	80.5	47
8JEC_C	pdb|9KCU|B	21.368	468	828	662	3.62e-16	80.5	47
8JEC_C	pdb|9KCU|A	21.368	468	828	662	3.62e-16	80.5	47
8JEC_C	pdb|9J36|D	26.203	187	828	726	1.59e-14	75.1	22
8JEC_C	pdb|9J36|C	26.203	187	828	726	1.59e-14	75.1	22
8JEC_C	pdb|9J36|B	26.203	187	828	726	1.59e-14	75.1	22
8JEC_C	pdb|9J36|A	26.203	187	828	726	1.59e-14	75.1	22
8JEC_C	pdb|9J35|D	26.203	187	828	726	1.59e-14	75.1	22
8JEC_C	pdb|9J35|C	26.203	187	828	726	1.59e-14	75.1	22
8JEC_C	pdb|9J35|B	26.203	187	828	726	1.59e-14	75.1	22
8JEC_C	pdb|9J35|A	26.203	187	828	726	1.59e-14	75.1	22
8JEC_C	pdb|9J34|D	21.485	377	828	716	3.45e-12	67.8	38
8JEC_C	pdb|9J34|C	21.485	377	828	716	3.45e-12	67.8	38
8JEC_D	pdb|7XUF|D	34.357	684	828	857	8.37e-132	412	82
8JEC_D	pdb|7XUF|B	34.357	684	828	857	8.37e-132	412	82
8JEC_D	pdb|7T4X|D	34.357	684	828	857	8.37e-132	412	82
8JEC_D	pdb|7T4X|C	34.357	684	828	857	8.37e-132	412	82
8JEC_D	pdb|7T4X|B	34.357	684	828	857	8.37e-132	412	82
8JEC_D	pdb|7T4X|A	34.357	684	828	857	8.37e-132	412	82
8JEC_D	pdb|7WSW|D	34.357	684	828	879	1.02e-131	412	82
8JEC_D	pdb|7WSW|C	34.357	684	828	879	1.02e-131	412	82
8JEC_D	pdb|7WSW|B	34.357	684	828	879	1.02e-131	412	82
8JEC_D	pdb|7WSW|A	34.357	684	828	879	1.02e-131	412	82
8JEC_D	pdb|9IS8|D	34.357	684	828	885	1.79e-131	412	82
8JEC_D	pdb|9IS8|C	34.357	684	828	885	1.79e-131	412	82
8JEC_D	pdb|9IS8|A	34.357	684	828	885	1.79e-131	412	82
8JEC_D	pdb|7WM1|C	34.357	684	828	885	1.79e-131	412	82
8JEC_D	pdb|7WM1|A	34.357	684	828	885	1.79e-131	412	82
8JEC_D	pdb|7WM2|D	34.357	684	828	895	2.26e-131	412	82
8JEC_D	pdb|7WM2|C	34.357	684	828	895	2.26e-131	412	82
8JEC_D	pdb|7WM2|B	34.357	684	828	895	2.26e-131	412	82
8JEC_D	pdb|7WM2|A	34.357	684	828	895	2.26e-131	412	82
8JEC_D	pdb|7FCV|D	34.357	684	828	857	2.43e-131	410	82
8JEC_D	pdb|7FCV|C	34.357	684	828	857	2.43e-131	410	82
8JEC_D	pdb|7FCV|B	34.357	684	828	857	2.43e-131	410	82
8JEC_D	pdb|7FCV|A	34.357	684	828	857	2.43e-131	410	82
8JEC_D	pdb|7CAL|D	35.102	490	828	677	1.29e-96	314	66
8JEC_D	pdb|7CAL|D	33.803	71	828	677	2.56e-04	42.0	66
8JEC_D	pdb|7CAL|C	35.102	490	828	677	1.29e-96	314	66
8JEC_D	pdb|7CAL|C	33.803	71	828	677	2.56e-04	42.0	66
8JEC_D	pdb|7CAL|B	35.102	490	828	677	1.29e-96	314	66
8JEC_D	pdb|7CAL|B	33.803	71	828	677	2.56e-04	42.0	66
8JEC_D	pdb|7CAL|A	35.102	490	828	677	1.29e-96	314	66
8JEC_D	pdb|7CAL|A	33.803	71	828	677	2.56e-04	42.0	66
8JEC_D	pdb|7XUF|C	36.735	441	828	662	4.33e-83	277	52
8JEC_D	pdb|7XUF|A	36.735	441	828	662	4.33e-83	277	52
8JEC_D	pdb|7WM1|D	36.735	441	828	690	7.37e-83	277	52
8JEC_D	pdb|7WM1|B	36.735	441	828	690	7.37e-83	277	52
8JEC_D	pdb|9IS8|B	36.735	441	828	710	8.22e-83	278	52
8JEC_D	pdb|9KCV|D	21.368	468	828	798	8.42e-17	82.8	47
8JEC_D	pdb|9KCV|C	21.368	468	828	798	8.42e-17	82.8	47
8JEC_D	pdb|9KCV|B	21.368	468	828	798	8.42e-17	82.8	47
8JEC_D	pdb|9KCV|A	21.368	468	828	798	8.42e-17	82.8	47
8JEC_D	pdb|9KCU|D	21.368	468	828	662	3.62e-16	80.5	47
8JEC_D	pdb|9KCU|C	21.368	468	828	662	3.62e-16	80.5	47
8JEC_D	pdb|9KCU|B	21.368	468	828	662	3.62e-16	80.5	47
8JEC_D	pdb|9KCU|A	21.368	468	828	662	3.62e-16	80.5	47
8JEC_D	pdb|9J36|D	26.203	187	828	726	1.59e-14	75.1	22
8JEC_D	pdb|9J36|C	26.203	187	828	726	1.59e-14	75.1	22
8JEC_D	pdb|9J36|B	26.203	187	828	726	1.59e-14	75.1	22
8JEC_D	pdb|9J36|A	26.203	187	828	726	1.59e-14	75.1	22
8JEC_D	pdb|9J35|D	26.203	187	828	726	1.59e-14	75.1	22
8JEC_D	pdb|9J35|C	26.203	187	828	726	1.59e-14	75.1	22
8JEC_D	pdb|9J35|B	26.203	187	828	726	1.59e-14	75.1	22
8JEC_D	pdb|9J35|A	26.203	187	828	726	1.59e-14	75.1	22
8JEC_D	pdb|9J34|D	21.485	377	828	716	3.45e-12	67.8	38
8JEC_D	pdb|9J34|C	21.485	377	828	716	3.45e-12	67.8	38
8JET_A	pdb|7XUF|D	34.357	684	828	857	4.73e-132	412	82
8JET_A	pdb|7XUF|B	34.357	684	828	857	4.73e-132	412	82
8JET_A	pdb|7T4X|D	34.357	684	828	857	4.73e-132	412	82
8JET_A	pdb|7T4X|C	34.357	684	828	857	4.73e-132	412	82
8JET_A	pdb|7T4X|B	34.357	684	828	857	4.73e-132	412	82
8JET_A	pdb|7T4X|A	34.357	684	828	857	4.73e-132	412	82
8JET_A	pdb|7WSW|D	34.357	684	828	879	5.73e-132	413	82
8JET_A	pdb|7WSW|C	34.357	684	828	879	5.73e-132	413	82
8JET_A	pdb|7WSW|B	34.357	684	828	879	5.73e-132	413	82
8JET_A	pdb|7WSW|A	34.357	684	828	879	5.73e-132	413	82
8JET_A	pdb|9IS8|D	34.357	684	828	885	6.37e-132	413	82
8JET_A	pdb|9IS8|C	34.357	684	828	885	6.37e-132	413	82
8JET_A	pdb|9IS8|A	34.357	684	828	885	6.37e-132	413	82
8JET_A	pdb|7WM1|C	34.357	684	828	885	6.37e-132	413	82
8JET_A	pdb|7WM1|A	34.357	684	828	885	6.37e-132	413	82
8JET_A	pdb|7WM2|D	34.357	684	828	895	7.56e-132	413	82
8JET_A	pdb|7WM2|C	34.357	684	828	895	7.56e-132	413	82
8JET_A	pdb|7WM2|B	34.357	684	828	895	7.56e-132	413	82
8JET_A	pdb|7WM2|A	34.357	684	828	895	7.56e-132	413	82
8JET_A	pdb|7FCV|D	34.357	684	828	857	9.80e-132	412	82
8JET_A	pdb|7FCV|C	34.357	684	828	857	9.80e-132	412	82
8JET_A	pdb|7FCV|B	34.357	684	828	857	9.80e-132	412	82
8JET_A	pdb|7FCV|A	34.357	684	828	857	9.80e-132	412	82
8JET_A	pdb|7CAL|D	35.102	490	828	677	4.54e-97	315	66
8JET_A	pdb|7CAL|D	33.803	71	828	677	2.67e-04	42.0	66
8JET_A	pdb|7CAL|C	35.102	490	828	677	4.54e-97	315	66
8JET_A	pdb|7CAL|C	33.803	71	828	677	2.67e-04	42.0	66
8JET_A	pdb|7CAL|B	35.102	490	828	677	4.54e-97	315	66
8JET_A	pdb|7CAL|B	33.803	71	828	677	2.67e-04	42.0	66
8JET_A	pdb|7CAL|A	35.102	490	828	677	4.54e-97	315	66
8JET_A	pdb|7CAL|A	33.803	71	828	677	2.67e-04	42.0	66
8JET_A	pdb|7XUF|C	36.508	441	828	662	5.94e-83	276	52
8JET_A	pdb|7XUF|A	36.508	441	828	662	5.94e-83	276	52
8JET_A	pdb|7WM1|D	36.508	441	828	690	1.31e-82	276	52
8JET_A	pdb|7WM1|B	36.508	441	828	690	1.31e-82	276	52
8JET_A	pdb|9IS8|B	36.508	441	828	710	1.65e-82	276	52
8JET_A	pdb|9KCV|D	21.368	468	828	798	3.79e-17	84.0	47
8JET_A	pdb|9KCV|C	21.368	468	828	798	3.79e-17	84.0	47
8JET_A	pdb|9KCV|B	21.368	468	828	798	3.79e-17	84.0	47
8JET_A	pdb|9KCV|A	21.368	468	828	798	3.79e-17	84.0	47
8JET_A	pdb|9KCU|D	21.368	468	828	662	2.12e-16	81.3	47
8JET_A	pdb|9KCU|C	21.368	468	828	662	2.12e-16	81.3	47
8JET_A	pdb|9KCU|B	21.368	468	828	662	2.12e-16	81.3	47
8JET_A	pdb|9KCU|A	21.368	468	828	662	2.12e-16	81.3	47
8JET_A	pdb|9J36|D	26.203	187	828	726	2.30e-14	74.7	22
8JET_A	pdb|9J36|C	26.203	187	828	726	2.30e-14	74.7	22
8JET_A	pdb|9J36|B	26.203	187	828	726	2.30e-14	74.7	22
8JET_A	pdb|9J36|A	26.203	187	828	726	2.30e-14	74.7	22
8JET_A	pdb|9J35|D	26.203	187	828	726	2.30e-14	74.7	22
8JET_A	pdb|9J35|C	26.203	187	828	726	2.30e-14	74.7	22
8JET_A	pdb|9J35|B	26.203	187	828	726	2.30e-14	74.7	22
8JET_A	pdb|9J35|A	26.203	187	828	726	2.30e-14	74.7	22
8JET_A	pdb|9J34|D	24.479	192	828	716	1.21e-11	65.9	23
8JET_A	pdb|9J34|C	24.479	192	828	716	1.21e-11	65.9	23
8JET_B	pdb|7XUF|D	34.357	684	828	857	4.73e-132	412	82
8JET_B	pdb|7XUF|B	34.357	684	828	857	4.73e-132	412	82
8JET_B	pdb|7T4X|D	34.357	684	828	857	4.73e-132	412	82
8JET_B	pdb|7T4X|C	34.357	684	828	857	4.73e-132	412	82
8JET_B	pdb|7T4X|B	34.357	684	828	857	4.73e-132	412	82
8JET_B	pdb|7T4X|A	34.357	684	828	857	4.73e-132	412	82
8JET_B	pdb|7WSW|D	34.357	684	828	879	5.73e-132	413	82
8JET_B	pdb|7WSW|C	34.357	684	828	879	5.73e-132	413	82
8JET_B	pdb|7WSW|B	34.357	684	828	879	5.73e-132	413	82
8JET_B	pdb|7WSW|A	34.357	684	828	879	5.73e-132	413	82
8JET_B	pdb|9IS8|D	34.357	684	828	885	6.37e-132	413	82
8JET_B	pdb|9IS8|C	34.357	684	828	885	6.37e-132	413	82
8JET_B	pdb|9IS8|A	34.357	684	828	885	6.37e-132	413	82
8JET_B	pdb|7WM1|C	34.357	684	828	885	6.37e-132	413	82
8JET_B	pdb|7WM1|A	34.357	684	828	885	6.37e-132	413	82
8JET_B	pdb|7WM2|D	34.357	684	828	895	7.56e-132	413	82
8JET_B	pdb|7WM2|C	34.357	684	828	895	7.56e-132	413	82
8JET_B	pdb|7WM2|B	34.357	684	828	895	7.56e-132	413	82
8JET_B	pdb|7WM2|A	34.357	684	828	895	7.56e-132	413	82
8JET_B	pdb|7FCV|D	34.357	684	828	857	9.80e-132	412	82
8JET_B	pdb|7FCV|C	34.357	684	828	857	9.80e-132	412	82
8JET_B	pdb|7FCV|B	34.357	684	828	857	9.80e-132	412	82
8JET_B	pdb|7FCV|A	34.357	684	828	857	9.80e-132	412	82
8JET_B	pdb|7CAL|D	35.102	490	828	677	4.54e-97	315	66
8JET_B	pdb|7CAL|D	33.803	71	828	677	2.67e-04	42.0	66
8JET_B	pdb|7CAL|C	35.102	490	828	677	4.54e-97	315	66
8JET_B	pdb|7CAL|C	33.803	71	828	677	2.67e-04	42.0	66
8JET_B	pdb|7CAL|B	35.102	490	828	677	4.54e-97	315	66
8JET_B	pdb|7CAL|B	33.803	71	828	677	2.67e-04	42.0	66
8JET_B	pdb|7CAL|A	35.102	490	828	677	4.54e-97	315	66
8JET_B	pdb|7CAL|A	33.803	71	828	677	2.67e-04	42.0	66
8JET_B	pdb|7XUF|C	36.508	441	828	662	5.94e-83	276	52
8JET_B	pdb|7XUF|A	36.508	441	828	662	5.94e-83	276	52
8JET_B	pdb|7WM1|D	36.508	441	828	690	1.31e-82	276	52
8JET_B	pdb|7WM1|B	36.508	441	828	690	1.31e-82	276	52
8JET_B	pdb|9IS8|B	36.508	441	828	710	1.65e-82	276	52
8JET_B	pdb|9KCV|D	21.368	468	828	798	3.79e-17	84.0	47
8JET_B	pdb|9KCV|C	21.368	468	828	798	3.79e-17	84.0	47
8JET_B	pdb|9KCV|B	21.368	468	828	798	3.79e-17	84.0	47
8JET_B	pdb|9KCV|A	21.368	468	828	798	3.79e-17	84.0	47
8JET_B	pdb|9KCU|D	21.368	468	828	662	2.12e-16	81.3	47
8JET_B	pdb|9KCU|C	21.368	468	828	662	2.12e-16	81.3	47
8JET_B	pdb|9KCU|B	21.368	468	828	662	2.12e-16	81.3	47
8JET_B	pdb|9KCU|A	21.368	468	828	662	2.12e-16	81.3	47
8JET_B	pdb|9J36|D	26.203	187	828	726	2.30e-14	74.7	22
8JET_B	pdb|9J36|C	26.203	187	828	726	2.30e-14	74.7	22
8JET_B	pdb|9J36|B	26.203	187	828	726	2.30e-14	74.7	22
8JET_B	pdb|9J36|A	26.203	187	828	726	2.30e-14	74.7	22
8JET_B	pdb|9J35|D	26.203	187	828	726	2.30e-14	74.7	22
8JET_B	pdb|9J35|C	26.203	187	828	726	2.30e-14	74.7	22
8JET_B	pdb|9J35|B	26.203	187	828	726	2.30e-14	74.7	22
8JET_B	pdb|9J35|A	26.203	187	828	726	2.30e-14	74.7	22
8JET_B	pdb|9J34|D	24.479	192	828	716	1.21e-11	65.9	23
8JET_B	pdb|9J34|C	24.479	192	828	716	1.21e-11	65.9	23
8JET_C	pdb|7XUF|D	34.357	684	828	857	4.73e-132	412	82
8JET_C	pdb|7XUF|B	34.357	684	828	857	4.73e-132	412	82
8JET_C	pdb|7T4X|D	34.357	684	828	857	4.73e-132	412	82
8JET_C	pdb|7T4X|C	34.357	684	828	857	4.73e-132	412	82
8JET_C	pdb|7T4X|B	34.357	684	828	857	4.73e-132	412	82
8JET_C	pdb|7T4X|A	34.357	684	828	857	4.73e-132	412	82
8JET_C	pdb|7WSW|D	34.357	684	828	879	5.73e-132	413	82
8JET_C	pdb|7WSW|C	34.357	684	828	879	5.73e-132	413	82
8JET_C	pdb|7WSW|B	34.357	684	828	879	5.73e-132	413	82
8JET_C	pdb|7WSW|A	34.357	684	828	879	5.73e-132	413	82
8JET_C	pdb|9IS8|D	34.357	684	828	885	6.37e-132	413	82
8JET_C	pdb|9IS8|C	34.357	684	828	885	6.37e-132	413	82
8JET_C	pdb|9IS8|A	34.357	684	828	885	6.37e-132	413	82
8JET_C	pdb|7WM1|C	34.357	684	828	885	6.37e-132	413	82
8JET_C	pdb|7WM1|A	34.357	684	828	885	6.37e-132	413	82
8JET_C	pdb|7WM2|D	34.357	684	828	895	7.56e-132	413	82
8JET_C	pdb|7WM2|C	34.357	684	828	895	7.56e-132	413	82
8JET_C	pdb|7WM2|B	34.357	684	828	895	7.56e-132	413	82
8JET_C	pdb|7WM2|A	34.357	684	828	895	7.56e-132	413	82
8JET_C	pdb|7FCV|D	34.357	684	828	857	9.80e-132	412	82
8JET_C	pdb|7FCV|C	34.357	684	828	857	9.80e-132	412	82
8JET_C	pdb|7FCV|B	34.357	684	828	857	9.80e-132	412	82
8JET_C	pdb|7FCV|A	34.357	684	828	857	9.80e-132	412	82
8JET_C	pdb|7CAL|D	35.102	490	828	677	4.54e-97	315	66
8JET_C	pdb|7CAL|D	33.803	71	828	677	2.67e-04	42.0	66
8JET_C	pdb|7CAL|C	35.102	490	828	677	4.54e-97	315	66
8JET_C	pdb|7CAL|C	33.803	71	828	677	2.67e-04	42.0	66
8JET_C	pdb|7CAL|B	35.102	490	828	677	4.54e-97	315	66
8JET_C	pdb|7CAL|B	33.803	71	828	677	2.67e-04	42.0	66
8JET_C	pdb|7CAL|A	35.102	490	828	677	4.54e-97	315	66
8JET_C	pdb|7CAL|A	33.803	71	828	677	2.67e-04	42.0	66
8JET_C	pdb|7XUF|C	36.508	441	828	662	5.94e-83	276	52
8JET_C	pdb|7XUF|A	36.508	441	828	662	5.94e-83	276	52
8JET_C	pdb|7WM1|D	36.508	441	828	690	1.31e-82	276	52
8JET_C	pdb|7WM1|B	36.508	441	828	690	1.31e-82	276	52
8JET_C	pdb|9IS8|B	36.508	441	828	710	1.65e-82	276	52
8JET_C	pdb|9KCV|D	21.368	468	828	798	3.79e-17	84.0	47
8JET_C	pdb|9KCV|C	21.368	468	828	798	3.79e-17	84.0	47
8JET_C	pdb|9KCV|B	21.368	468	828	798	3.79e-17	84.0	47
8JET_C	pdb|9KCV|A	21.368	468	828	798	3.79e-17	84.0	47
8JET_C	pdb|9KCU|D	21.368	468	828	662	2.12e-16	81.3	47
8JET_C	pdb|9KCU|C	21.368	468	828	662	2.12e-16	81.3	47
8JET_C	pdb|9KCU|B	21.368	468	828	662	2.12e-16	81.3	47
8JET_C	pdb|9KCU|A	21.368	468	828	662	2.12e-16	81.3	47
8JET_C	pdb|9J36|D	26.203	187	828	726	2.30e-14	74.7	22
8JET_C	pdb|9J36|C	26.203	187	828	726	2.30e-14	74.7	22
8JET_C	pdb|9J36|B	26.203	187	828	726	2.30e-14	74.7	22
8JET_C	pdb|9J36|A	26.203	187	828	726	2.30e-14	74.7	22
8JET_C	pdb|9J35|D	26.203	187	828	726	2.30e-14	74.7	22
8JET_C	pdb|9J35|C	26.203	187	828	726	2.30e-14	74.7	22
8JET_C	pdb|9J35|B	26.203	187	828	726	2.30e-14	74.7	22
8JET_C	pdb|9J35|A	26.203	187	828	726	2.30e-14	74.7	22
8JET_C	pdb|9J34|D	24.479	192	828	716	1.21e-11	65.9	23
8JET_C	pdb|9J34|C	24.479	192	828	716	1.21e-11	65.9	23
8JET_D	pdb|7XUF|D	34.357	684	828	857	4.73e-132	412	82
8JET_D	pdb|7XUF|B	34.357	684	828	857	4.73e-132	412	82
8JET_D	pdb|7T4X|D	34.357	684	828	857	4.73e-132	412	82
8JET_D	pdb|7T4X|C	34.357	684	828	857	4.73e-132	412	82
8JET_D	pdb|7T4X|B	34.357	684	828	857	4.73e-132	412	82
8JET_D	pdb|7T4X|A	34.357	684	828	857	4.73e-132	412	82
8JET_D	pdb|7WSW|D	34.357	684	828	879	5.73e-132	413	82
8JET_D	pdb|7WSW|C	34.357	684	828	879	5.73e-132	413	82
8JET_D	pdb|7WSW|B	34.357	684	828	879	5.73e-132	413	82
8JET_D	pdb|7WSW|A	34.357	684	828	879	5.73e-132	413	82
8JET_D	pdb|9IS8|D	34.357	684	828	885	6.37e-132	413	82
8JET_D	pdb|9IS8|C	34.357	684	828	885	6.37e-132	413	82
8JET_D	pdb|9IS8|A	34.357	684	828	885	6.37e-132	413	82
8JET_D	pdb|7WM1|C	34.357	684	828	885	6.37e-132	413	82
8JET_D	pdb|7WM1|A	34.357	684	828	885	6.37e-132	413	82
8JET_D	pdb|7WM2|D	34.357	684	828	895	7.56e-132	413	82
8JET_D	pdb|7WM2|C	34.357	684	828	895	7.56e-132	413	82
8JET_D	pdb|7WM2|B	34.357	684	828	895	7.56e-132	413	82
8JET_D	pdb|7WM2|A	34.357	684	828	895	7.56e-132	413	82
8JET_D	pdb|7FCV|D	34.357	684	828	857	9.80e-132	412	82
8JET_D	pdb|7FCV|C	34.357	684	828	857	9.80e-132	412	82
8JET_D	pdb|7FCV|B	34.357	684	828	857	9.80e-132	412	82
8JET_D	pdb|7FCV|A	34.357	684	828	857	9.80e-132	412	82
8JET_D	pdb|7CAL|D	35.102	490	828	677	4.54e-97	315	66
8JET_D	pdb|7CAL|D	33.803	71	828	677	2.67e-04	42.0	66
8JET_D	pdb|7CAL|C	35.102	490	828	677	4.54e-97	315	66
8JET_D	pdb|7CAL|C	33.803	71	828	677	2.67e-04	42.0	66
8JET_D	pdb|7CAL|B	35.102	490	828	677	4.54e-97	315	66
8JET_D	pdb|7CAL|B	33.803	71	828	677	2.67e-04	42.0	66
8JET_D	pdb|7CAL|A	35.102	490	828	677	4.54e-97	315	66
8JET_D	pdb|7CAL|A	33.803	71	828	677	2.67e-04	42.0	66
8JET_D	pdb|7XUF|C	36.508	441	828	662	5.94e-83	276	52
8JET_D	pdb|7XUF|A	36.508	441	828	662	5.94e-83	276	52
8JET_D	pdb|7WM1|D	36.508	441	828	690	1.31e-82	276	52
8JET_D	pdb|7WM1|B	36.508	441	828	690	1.31e-82	276	52
8JET_D	pdb|9IS8|B	36.508	441	828	710	1.65e-82	276	52
8JET_D	pdb|9KCV|D	21.368	468	828	798	3.79e-17	84.0	47
8JET_D	pdb|9KCV|C	21.368	468	828	798	3.79e-17	84.0	47
8JET_D	pdb|9KCV|B	21.368	468	828	798	3.79e-17	84.0	47
8JET_D	pdb|9KCV|A	21.368	468	828	798	3.79e-17	84.0	47
8JET_D	pdb|9KCU|D	21.368	468	828	662	2.12e-16	81.3	47
8JET_D	pdb|9KCU|C	21.368	468	828	662	2.12e-16	81.3	47
8JET_D	pdb|9KCU|B	21.368	468	828	662	2.12e-16	81.3	47
8JET_D	pdb|9KCU|A	21.368	468	828	662	2.12e-16	81.3	47
8JET_D	pdb|9J36|D	26.203	187	828	726	2.30e-14	74.7	22
8JET_D	pdb|9J36|C	26.203	187	828	726	2.30e-14	74.7	22
8JET_D	pdb|9J36|B	26.203	187	828	726	2.30e-14	74.7	22
8JET_D	pdb|9J36|A	26.203	187	828	726	2.30e-14	74.7	22
8JET_D	pdb|9J35|D	26.203	187	828	726	2.30e-14	74.7	22
8JET_D	pdb|9J35|C	26.203	187	828	726	2.30e-14	74.7	22
8JET_D	pdb|9J35|B	26.203	187	828	726	2.30e-14	74.7	22
8JET_D	pdb|9J35|A	26.203	187	828	726	2.30e-14	74.7	22
8JET_D	pdb|9J34|D	24.479	192	828	716	1.21e-11	65.9	23
8JET_D	pdb|9J34|C	24.479	192	828	716	1.21e-11	65.9	23
8JEU_A	pdb|7XUF|D	34.357	684	828	857	4.73e-132	412	82
8JEU_A	pdb|7XUF|B	34.357	684	828	857	4.73e-132	412	82
8JEU_A	pdb|7T4X|D	34.357	684	828	857	4.73e-132	412	82
8JEU_A	pdb|7T4X|C	34.357	684	828	857	4.73e-132	412	82
8JEU_A	pdb|7T4X|B	34.357	684	828	857	4.73e-132	412	82
8JEU_A	pdb|7T4X|A	34.357	684	828	857	4.73e-132	412	82
8JEU_A	pdb|7WSW|D	34.357	684	828	879	5.73e-132	413	82
8JEU_A	pdb|7WSW|C	34.357	684	828	879	5.73e-132	413	82
8JEU_A	pdb|7WSW|B	34.357	684	828	879	5.73e-132	413	82
8JEU_A	pdb|7WSW|A	34.357	684	828	879	5.73e-132	413	82
8JEU_A	pdb|9IS8|D	34.357	684	828	885	6.37e-132	413	82
8JEU_A	pdb|9IS8|C	34.357	684	828	885	6.37e-132	413	82
8JEU_A	pdb|9IS8|A	34.357	684	828	885	6.37e-132	413	82
8JEU_A	pdb|7WM1|C	34.357	684	828	885	6.37e-132	413	82
8JEU_A	pdb|7WM1|A	34.357	684	828	885	6.37e-132	413	82
8JEU_A	pdb|7WM2|D	34.357	684	828	895	7.56e-132	413	82
8JEU_A	pdb|7WM2|C	34.357	684	828	895	7.56e-132	413	82
8JEU_A	pdb|7WM2|B	34.357	684	828	895	7.56e-132	413	82
8JEU_A	pdb|7WM2|A	34.357	684	828	895	7.56e-132	413	82
8JEU_A	pdb|7FCV|D	34.357	684	828	857	9.80e-132	412	82
8JEU_A	pdb|7FCV|C	34.357	684	828	857	9.80e-132	412	82
8JEU_A	pdb|7FCV|B	34.357	684	828	857	9.80e-132	412	82
8JEU_A	pdb|7FCV|A	34.357	684	828	857	9.80e-132	412	82
8JEU_A	pdb|7CAL|D	35.102	490	828	677	4.54e-97	315	66
8JEU_A	pdb|7CAL|D	33.803	71	828	677	2.67e-04	42.0	66
8JEU_A	pdb|7CAL|C	35.102	490	828	677	4.54e-97	315	66
8JEU_A	pdb|7CAL|C	33.803	71	828	677	2.67e-04	42.0	66
8JEU_A	pdb|7CAL|B	35.102	490	828	677	4.54e-97	315	66
8JEU_A	pdb|7CAL|B	33.803	71	828	677	2.67e-04	42.0	66
8JEU_A	pdb|7CAL|A	35.102	490	828	677	4.54e-97	315	66
8JEU_A	pdb|7CAL|A	33.803	71	828	677	2.67e-04	42.0	66
8JEU_A	pdb|7XUF|C	36.508	441	828	662	5.94e-83	276	52
8JEU_A	pdb|7XUF|A	36.508	441	828	662	5.94e-83	276	52
8JEU_A	pdb|7WM1|D	36.508	441	828	690	1.31e-82	276	52
8JEU_A	pdb|7WM1|B	36.508	441	828	690	1.31e-82	276	52
8JEU_A	pdb|9IS8|B	36.508	441	828	710	1.65e-82	276	52
8JEU_A	pdb|9KCV|D	21.368	468	828	798	3.79e-17	84.0	47
8JEU_A	pdb|9KCV|C	21.368	468	828	798	3.79e-17	84.0	47
8JEU_A	pdb|9KCV|B	21.368	468	828	798	3.79e-17	84.0	47
8JEU_A	pdb|9KCV|A	21.368	468	828	798	3.79e-17	84.0	47
8JEU_A	pdb|9KCU|D	21.368	468	828	662	2.12e-16	81.3	47
8JEU_A	pdb|9KCU|C	21.368	468	828	662	2.12e-16	81.3	47
8JEU_A	pdb|9KCU|B	21.368	468	828	662	2.12e-16	81.3	47
8JEU_A	pdb|9KCU|A	21.368	468	828	662	2.12e-16	81.3	47
8JEU_A	pdb|9J36|D	26.203	187	828	726	2.30e-14	74.7	22
8JEU_A	pdb|9J36|C	26.203	187	828	726	2.30e-14	74.7	22
8JEU_A	pdb|9J36|B	26.203	187	828	726	2.30e-14	74.7	22
8JEU_A	pdb|9J36|A	26.203	187	828	726	2.30e-14	74.7	22
8JEU_A	pdb|9J35|D	26.203	187	828	726	2.30e-14	74.7	22
8JEU_A	pdb|9J35|C	26.203	187	828	726	2.30e-14	74.7	22
8JEU_A	pdb|9J35|B	26.203	187	828	726	2.30e-14	74.7	22
8JEU_A	pdb|9J35|A	26.203	187	828	726	2.30e-14	74.7	22
8JEU_A	pdb|9J34|D	24.479	192	828	716	1.21e-11	65.9	23
8JEU_A	pdb|9J34|C	24.479	192	828	716	1.21e-11	65.9	23
8JEU_B	pdb|7XUF|D	34.357	684	828	857	4.73e-132	412	82
8JEU_B	pdb|7XUF|B	34.357	684	828	857	4.73e-132	412	82
8JEU_B	pdb|7T4X|D	34.357	684	828	857	4.73e-132	412	82
8JEU_B	pdb|7T4X|C	34.357	684	828	857	4.73e-132	412	82
8JEU_B	pdb|7T4X|B	34.357	684	828	857	4.73e-132	412	82
8JEU_B	pdb|7T4X|A	34.357	684	828	857	4.73e-132	412	82
8JEU_B	pdb|7WSW|D	34.357	684	828	879	5.73e-132	413	82
8JEU_B	pdb|7WSW|C	34.357	684	828	879	5.73e-132	413	82
8JEU_B	pdb|7WSW|B	34.357	684	828	879	5.73e-132	413	82
8JEU_B	pdb|7WSW|A	34.357	684	828	879	5.73e-132	413	82
8JEU_B	pdb|9IS8|D	34.357	684	828	885	6.37e-132	413	82
8JEU_B	pdb|9IS8|C	34.357	684	828	885	6.37e-132	413	82
8JEU_B	pdb|9IS8|A	34.357	684	828	885	6.37e-132	413	82
8JEU_B	pdb|7WM1|C	34.357	684	828	885	6.37e-132	413	82
8JEU_B	pdb|7WM1|A	34.357	684	828	885	6.37e-132	413	82
8JEU_B	pdb|7WM2|D	34.357	684	828	895	7.56e-132	413	82
8JEU_B	pdb|7WM2|C	34.357	684	828	895	7.56e-132	413	82
8JEU_B	pdb|7WM2|B	34.357	684	828	895	7.56e-132	413	82
8JEU_B	pdb|7WM2|A	34.357	684	828	895	7.56e-132	413	82
8JEU_B	pdb|7FCV|D	34.357	684	828	857	9.80e-132	412	82
8JEU_B	pdb|7FCV|C	34.357	684	828	857	9.80e-132	412	82
8JEU_B	pdb|7FCV|B	34.357	684	828	857	9.80e-132	412	82
8JEU_B	pdb|7FCV|A	34.357	684	828	857	9.80e-132	412	82
8JEU_B	pdb|7CAL|D	35.102	490	828	677	4.54e-97	315	66
8JEU_B	pdb|7CAL|D	33.803	71	828	677	2.67e-04	42.0	66
8JEU_B	pdb|7CAL|C	35.102	490	828	677	4.54e-97	315	66
8JEU_B	pdb|7CAL|C	33.803	71	828	677	2.67e-04	42.0	66
8JEU_B	pdb|7CAL|B	35.102	490	828	677	4.54e-97	315	66
8JEU_B	pdb|7CAL|B	33.803	71	828	677	2.67e-04	42.0	66
8JEU_B	pdb|7CAL|A	35.102	490	828	677	4.54e-97	315	66
8JEU_B	pdb|7CAL|A	33.803	71	828	677	2.67e-04	42.0	66
8JEU_B	pdb|7XUF|C	36.508	441	828	662	5.94e-83	276	52
8JEU_B	pdb|7XUF|A	36.508	441	828	662	5.94e-83	276	52
8JEU_B	pdb|7WM1|D	36.508	441	828	690	1.31e-82	276	52
8JEU_B	pdb|7WM1|B	36.508	441	828	690	1.31e-82	276	52
8JEU_B	pdb|9IS8|B	36.508	441	828	710	1.65e-82	276	52
8JEU_B	pdb|9KCV|D	21.368	468	828	798	3.79e-17	84.0	47
8JEU_B	pdb|9KCV|C	21.368	468	828	798	3.79e-17	84.0	47
8JEU_B	pdb|9KCV|B	21.368	468	828	798	3.79e-17	84.0	47
8JEU_B	pdb|9KCV|A	21.368	468	828	798	3.79e-17	84.0	47
8JEU_B	pdb|9KCU|D	21.368	468	828	662	2.12e-16	81.3	47
8JEU_B	pdb|9KCU|C	21.368	468	828	662	2.12e-16	81.3	47
8JEU_B	pdb|9KCU|B	21.368	468	828	662	2.12e-16	81.3	47
8JEU_B	pdb|9KCU|A	21.368	468	828	662	2.12e-16	81.3	47
8JEU_B	pdb|9J36|D	26.203	187	828	726	2.30e-14	74.7	22
8JEU_B	pdb|9J36|C	26.203	187	828	726	2.30e-14	74.7	22
8JEU_B	pdb|9J36|B	26.203	187	828	726	2.30e-14	74.7	22
8JEU_B	pdb|9J36|A	26.203	187	828	726	2.30e-14	74.7	22
8JEU_B	pdb|9J35|D	26.203	187	828	726	2.30e-14	74.7	22
8JEU_B	pdb|9J35|C	26.203	187	828	726	2.30e-14	74.7	22
8JEU_B	pdb|9J35|B	26.203	187	828	726	2.30e-14	74.7	22
8JEU_B	pdb|9J35|A	26.203	187	828	726	2.30e-14	74.7	22
8JEU_B	pdb|9J34|D	24.479	192	828	716	1.21e-11	65.9	23
8JEU_B	pdb|9J34|C	24.479	192	828	716	1.21e-11	65.9	23
8JEU_C	pdb|7XUF|D	34.357	684	828	857	4.73e-132	412	82
8JEU_C	pdb|7XUF|B	34.357	684	828	857	4.73e-132	412	82
8JEU_C	pdb|7T4X|D	34.357	684	828	857	4.73e-132	412	82
8JEU_C	pdb|7T4X|C	34.357	684	828	857	4.73e-132	412	82
8JEU_C	pdb|7T4X|B	34.357	684	828	857	4.73e-132	412	82
8JEU_C	pdb|7T4X|A	34.357	684	828	857	4.73e-132	412	82
8JEU_C	pdb|7WSW|D	34.357	684	828	879	5.73e-132	413	82
8JEU_C	pdb|7WSW|C	34.357	684	828	879	5.73e-132	413	82
8JEU_C	pdb|7WSW|B	34.357	684	828	879	5.73e-132	413	82
8JEU_C	pdb|7WSW|A	34.357	684	828	879	5.73e-132	413	82
8JEU_C	pdb|9IS8|D	34.357	684	828	885	6.37e-132	413	82
8JEU_C	pdb|9IS8|C	34.357	684	828	885	6.37e-132	413	82
8JEU_C	pdb|9IS8|A	34.357	684	828	885	6.37e-132	413	82
8JEU_C	pdb|7WM1|C	34.357	684	828	885	6.37e-132	413	82
8JEU_C	pdb|7WM1|A	34.357	684	828	885	6.37e-132	413	82
8JEU_C	pdb|7WM2|D	34.357	684	828	895	7.56e-132	413	82
8JEU_C	pdb|7WM2|C	34.357	684	828	895	7.56e-132	413	82
8JEU_C	pdb|7WM2|B	34.357	684	828	895	7.56e-132	413	82
8JEU_C	pdb|7WM2|A	34.357	684	828	895	7.56e-132	413	82
8JEU_C	pdb|7FCV|D	34.357	684	828	857	9.80e-132	412	82
8JEU_C	pdb|7FCV|C	34.357	684	828	857	9.80e-132	412	82
8JEU_C	pdb|7FCV|B	34.357	684	828	857	9.80e-132	412	82
8JEU_C	pdb|7FCV|A	34.357	684	828	857	9.80e-132	412	82
8JEU_C	pdb|7CAL|D	35.102	490	828	677	4.54e-97	315	66
8JEU_C	pdb|7CAL|D	33.803	71	828	677	2.67e-04	42.0	66
8JEU_C	pdb|7CAL|C	35.102	490	828	677	4.54e-97	315	66
8JEU_C	pdb|7CAL|C	33.803	71	828	677	2.67e-04	42.0	66
8JEU_C	pdb|7CAL|B	35.102	490	828	677	4.54e-97	315	66
8JEU_C	pdb|7CAL|B	33.803	71	828	677	2.67e-04	42.0	66
8JEU_C	pdb|7CAL|A	35.102	490	828	677	4.54e-97	315	66
8JEU_C	pdb|7CAL|A	33.803	71	828	677	2.67e-04	42.0	66
8JEU_C	pdb|7XUF|C	36.508	441	828	662	5.94e-83	276	52
8JEU_C	pdb|7XUF|A	36.508	441	828	662	5.94e-83	276	52
8JEU_C	pdb|7WM1|D	36.508	441	828	690	1.31e-82	276	52
8JEU_C	pdb|7WM1|B	36.508	441	828	690	1.31e-82	276	52
8JEU_C	pdb|9IS8|B	36.508	441	828	710	1.65e-82	276	52
8JEU_C	pdb|9KCV|D	21.368	468	828	798	3.79e-17	84.0	47
8JEU_C	pdb|9KCV|C	21.368	468	828	798	3.79e-17	84.0	47
8JEU_C	pdb|9KCV|B	21.368	468	828	798	3.79e-17	84.0	47
8JEU_C	pdb|9KCV|A	21.368	468	828	798	3.79e-17	84.0	47
8JEU_C	pdb|9KCU|D	21.368	468	828	662	2.12e-16	81.3	47
8JEU_C	pdb|9KCU|C	21.368	468	828	662	2.12e-16	81.3	47
8JEU_C	pdb|9KCU|B	21.368	468	828	662	2.12e-16	81.3	47
8JEU_C	pdb|9KCU|A	21.368	468	828	662	2.12e-16	81.3	47
8JEU_C	pdb|9J36|D	26.203	187	828	726	2.30e-14	74.7	22
8JEU_C	pdb|9J36|C	26.203	187	828	726	2.30e-14	74.7	22
8JEU_C	pdb|9J36|B	26.203	187	828	726	2.30e-14	74.7	22
8JEU_C	pdb|9J36|A	26.203	187	828	726	2.30e-14	74.7	22
8JEU_C	pdb|9J35|D	26.203	187	828	726	2.30e-14	74.7	22
8JEU_C	pdb|9J35|C	26.203	187	828	726	2.30e-14	74.7	22
8JEU_C	pdb|9J35|B	26.203	187	828	726	2.30e-14	74.7	22
8JEU_C	pdb|9J35|A	26.203	187	828	726	2.30e-14	74.7	22
8JEU_C	pdb|9J34|D	24.479	192	828	716	1.21e-11	65.9	23
8JEU_C	pdb|9J34|C	24.479	192	828	716	1.21e-11	65.9	23
8JEU_D	pdb|7XUF|D	34.357	684	828	857	4.73e-132	412	82
8JEU_D	pdb|7XUF|B	34.357	684	828	857	4.73e-132	412	82
8JEU_D	pdb|7T4X|D	34.357	684	828	857	4.73e-132	412	82
8JEU_D	pdb|7T4X|C	34.357	684	828	857	4.73e-132	412	82
8JEU_D	pdb|7T4X|B	34.357	684	828	857	4.73e-132	412	82
8JEU_D	pdb|7T4X|A	34.357	684	828	857	4.73e-132	412	82
8JEU_D	pdb|7WSW|D	34.357	684	828	879	5.73e-132	413	82
8JEU_D	pdb|7WSW|C	34.357	684	828	879	5.73e-132	413	82
8JEU_D	pdb|7WSW|B	34.357	684	828	879	5.73e-132	413	82
8JEU_D	pdb|7WSW|A	34.357	684	828	879	5.73e-132	413	82
8JEU_D	pdb|9IS8|D	34.357	684	828	885	6.37e-132	413	82
8JEU_D	pdb|9IS8|C	34.357	684	828	885	6.37e-132	413	82
8JEU_D	pdb|9IS8|A	34.357	684	828	885	6.37e-132	413	82
8JEU_D	pdb|7WM1|C	34.357	684	828	885	6.37e-132	413	82
8JEU_D	pdb|7WM1|A	34.357	684	828	885	6.37e-132	413	82
8JEU_D	pdb|7WM2|D	34.357	684	828	895	7.56e-132	413	82
8JEU_D	pdb|7WM2|C	34.357	684	828	895	7.56e-132	413	82
8JEU_D	pdb|7WM2|B	34.357	684	828	895	7.56e-132	413	82
8JEU_D	pdb|7WM2|A	34.357	684	828	895	7.56e-132	413	82
8JEU_D	pdb|7FCV|D	34.357	684	828	857	9.80e-132	412	82
8JEU_D	pdb|7FCV|C	34.357	684	828	857	9.80e-132	412	82
8JEU_D	pdb|7FCV|B	34.357	684	828	857	9.80e-132	412	82
8JEU_D	pdb|7FCV|A	34.357	684	828	857	9.80e-132	412	82
8JEU_D	pdb|7CAL|D	35.102	490	828	677	4.54e-97	315	66
8JEU_D	pdb|7CAL|D	33.803	71	828	677	2.67e-04	42.0	66
8JEU_D	pdb|7CAL|C	35.102	490	828	677	4.54e-97	315	66
8JEU_D	pdb|7CAL|C	33.803	71	828	677	2.67e-04	42.0	66
8JEU_D	pdb|7CAL|B	35.102	490	828	677	4.54e-97	315	66
8JEU_D	pdb|7CAL|B	33.803	71	828	677	2.67e-04	42.0	66
8JEU_D	pdb|7CAL|A	35.102	490	828	677	4.54e-97	315	66
8JEU_D	pdb|7CAL|A	33.803	71	828	677	2.67e-04	42.0	66
8JEU_D	pdb|7XUF|C	36.508	441	828	662	5.94e-83	276	52
8JEU_D	pdb|7XUF|A	36.508	441	828	662	5.94e-83	276	52
8JEU_D	pdb|7WM1|D	36.508	441	828	690	1.31e-82	276	52
8JEU_D	pdb|7WM1|B	36.508	441	828	690	1.31e-82	276	52
8JEU_D	pdb|9IS8|B	36.508	441	828	710	1.65e-82	276	52
8JEU_D	pdb|9KCV|D	21.368	468	828	798	3.79e-17	84.0	47
8JEU_D	pdb|9KCV|C	21.368	468	828	798	3.79e-17	84.0	47
8JEU_D	pdb|9KCV|B	21.368	468	828	798	3.79e-17	84.0	47
8JEU_D	pdb|9KCV|A	21.368	468	828	798	3.79e-17	84.0	47
8JEU_D	pdb|9KCU|D	21.368	468	828	662	2.12e-16	81.3	47
8JEU_D	pdb|9KCU|C	21.368	468	828	662	2.12e-16	81.3	47
8JEU_D	pdb|9KCU|B	21.368	468	828	662	2.12e-16	81.3	47
8JEU_D	pdb|9KCU|A	21.368	468	828	662	2.12e-16	81.3	47
8JEU_D	pdb|9J36|D	26.203	187	828	726	2.30e-14	74.7	22
8JEU_D	pdb|9J36|C	26.203	187	828	726	2.30e-14	74.7	22
8JEU_D	pdb|9J36|B	26.203	187	828	726	2.30e-14	74.7	22
8JEU_D	pdb|9J36|A	26.203	187	828	726	2.30e-14	74.7	22
8JEU_D	pdb|9J35|D	26.203	187	828	726	2.30e-14	74.7	22
8JEU_D	pdb|9J35|C	26.203	187	828	726	2.30e-14	74.7	22
8JEU_D	pdb|9J35|B	26.203	187	828	726	2.30e-14	74.7	22
8JEU_D	pdb|9J35|A	26.203	187	828	726	2.30e-14	74.7	22
8JEU_D	pdb|9J34|D	24.479	192	828	716	1.21e-11	65.9	23
8JEU_D	pdb|9J34|C	24.479	192	828	716	1.21e-11	65.9	23
8WFZ_A	pdb|9IS8|D	31.807	830	820	885	2.01e-130	409	93
8WFZ_A	pdb|9IS8|C	31.807	830	820	885	2.01e-130	409	93
8WFZ_A	pdb|9IS8|A	31.807	830	820	885	2.01e-130	409	93
8WFZ_A	pdb|7WM1|C	31.807	830	820	885	2.01e-130	409	93
8WFZ_A	pdb|7WM1|A	31.807	830	820	885	2.01e-130	409	93
8WFZ_A	pdb|7WM2|D	31.807	830	820	895	2.36e-130	409	93
8WFZ_A	pdb|7WM2|C	31.807	830	820	895	2.36e-130	409	93
8WFZ_A	pdb|7WM2|B	31.807	830	820	895	2.36e-130	409	93
8WFZ_A	pdb|7WM2|A	31.807	830	820	895	2.36e-130	409	93
8WFZ_A	pdb|7WSW|D	31.807	830	820	879	2.39e-130	408	93
8WFZ_A	pdb|7WSW|C	31.807	830	820	879	2.39e-130	408	93
8WFZ_A	pdb|7WSW|B	31.807	830	820	879	2.39e-130	408	93
8WFZ_A	pdb|7WSW|A	31.807	830	820	879	2.39e-130	408	93
8WFZ_A	pdb|7XUF|D	31.807	830	820	857	2.78e-130	407	93
8WFZ_A	pdb|7XUF|B	31.807	830	820	857	2.78e-130	407	93
8WFZ_A	pdb|7T4X|D	31.807	830	820	857	2.78e-130	407	93
8WFZ_A	pdb|7T4X|C	31.807	830	820	857	2.78e-130	407	93
8WFZ_A	pdb|7T4X|B	31.807	830	820	857	2.78e-130	407	93
8WFZ_A	pdb|7T4X|A	31.807	830	820	857	2.78e-130	407	93
8WFZ_A	pdb|7FCV|D	31.807	830	820	857	5.40e-130	407	93
8WFZ_A	pdb|7FCV|C	31.807	830	820	857	5.40e-130	407	93
8WFZ_A	pdb|7FCV|B	31.807	830	820	857	5.40e-130	407	93
8WFZ_A	pdb|7FCV|A	31.807	830	820	857	5.40e-130	407	93
8WFZ_A	pdb|7CAL|D	36.076	474	820	677	9.30e-94	306	57
8WFZ_A	pdb|7CAL|C	36.076	474	820	677	9.30e-94	306	57
8WFZ_A	pdb|7CAL|B	36.076	474	820	677	9.30e-94	306	57
8WFZ_A	pdb|7CAL|A	36.076	474	820	677	9.30e-94	306	57
8WFZ_A	pdb|7XUF|C	35.699	479	820	662	2.41e-82	275	57
8WFZ_A	pdb|7XUF|A	35.699	479	820	662	2.41e-82	275	57
8WFZ_A	pdb|7WM1|D	35.699	479	820	690	4.48e-82	275	57
8WFZ_A	pdb|7WM1|B	35.699	479	820	690	4.48e-82	275	57
8WFZ_A	pdb|9IS8|B	35.699	479	820	710	7.11e-82	275	57
8WFZ_A	pdb|9J36|D	26.728	217	820	726	1.99e-14	74.7	26
8WFZ_A	pdb|9J36|C	26.728	217	820	726	1.99e-14	74.7	26
8WFZ_A	pdb|9J36|B	26.728	217	820	726	1.99e-14	74.7	26
8WFZ_A	pdb|9J36|A	26.728	217	820	726	1.99e-14	74.7	26
8WFZ_A	pdb|9J35|D	26.728	217	820	726	1.99e-14	74.7	26
8WFZ_A	pdb|9J35|C	26.728	217	820	726	1.99e-14	74.7	26
8WFZ_A	pdb|9J35|B	26.728	217	820	726	1.99e-14	74.7	26
8WFZ_A	pdb|9J35|A	26.728	217	820	726	1.99e-14	74.7	26
8WFZ_A	pdb|9KCV|D	19.079	456	820	798	1.29e-13	72.4	47
8WFZ_A	pdb|9KCV|C	19.079	456	820	798	1.29e-13	72.4	47
8WFZ_A	pdb|9KCV|B	19.079	456	820	798	1.29e-13	72.4	47
8WFZ_A	pdb|9KCV|A	19.079	456	820	798	1.29e-13	72.4	47
8WFZ_A	pdb|9KCU|D	19.079	456	820	662	1.03e-12	69.3	47
8WFZ_A	pdb|9KCU|C	19.079	456	820	662	1.03e-12	69.3	47
8WFZ_A	pdb|9KCU|B	19.079	456	820	662	1.03e-12	69.3	47
8WFZ_A	pdb|9KCU|A	19.079	456	820	662	1.03e-12	69.3	47
8WFZ_A	pdb|9J34|D	23.280	189	820	716	1.23e-09	59.3	22
8WFZ_A	pdb|9J34|C	23.280	189	820	716	1.23e-09	59.3	22
8WFZ_B	pdb|9IS8|D	31.807	830	820	885	2.01e-130	409	93
8WFZ_B	pdb|9IS8|C	31.807	830	820	885	2.01e-130	409	93
8WFZ_B	pdb|9IS8|A	31.807	830	820	885	2.01e-130	409	93
8WFZ_B	pdb|7WM1|C	31.807	830	820	885	2.01e-130	409	93
8WFZ_B	pdb|7WM1|A	31.807	830	820	885	2.01e-130	409	93
8WFZ_B	pdb|7WM2|D	31.807	830	820	895	2.36e-130	409	93
8WFZ_B	pdb|7WM2|C	31.807	830	820	895	2.36e-130	409	93
8WFZ_B	pdb|7WM2|B	31.807	830	820	895	2.36e-130	409	93
8WFZ_B	pdb|7WM2|A	31.807	830	820	895	2.36e-130	409	93
8WFZ_B	pdb|7WSW|D	31.807	830	820	879	2.39e-130	408	93
8WFZ_B	pdb|7WSW|C	31.807	830	820	879	2.39e-130	408	93
8WFZ_B	pdb|7WSW|B	31.807	830	820	879	2.39e-130	408	93
8WFZ_B	pdb|7WSW|A	31.807	830	820	879	2.39e-130	408	93
8WFZ_B	pdb|7XUF|D	31.807	830	820	857	2.78e-130	407	93
8WFZ_B	pdb|7XUF|B	31.807	830	820	857	2.78e-130	407	93
8WFZ_B	pdb|7T4X|D	31.807	830	820	857	2.78e-130	407	93
8WFZ_B	pdb|7T4X|C	31.807	830	820	857	2.78e-130	407	93
8WFZ_B	pdb|7T4X|B	31.807	830	820	857	2.78e-130	407	93
8WFZ_B	pdb|7T4X|A	31.807	830	820	857	2.78e-130	407	93
8WFZ_B	pdb|7FCV|D	31.807	830	820	857	5.40e-130	407	93
8WFZ_B	pdb|7FCV|C	31.807	830	820	857	5.40e-130	407	93
8WFZ_B	pdb|7FCV|B	31.807	830	820	857	5.40e-130	407	93
8WFZ_B	pdb|7FCV|A	31.807	830	820	857	5.40e-130	407	93
8WFZ_B	pdb|7CAL|D	36.076	474	820	677	9.30e-94	306	57
8WFZ_B	pdb|7CAL|C	36.076	474	820	677	9.30e-94	306	57
8WFZ_B	pdb|7CAL|B	36.076	474	820	677	9.30e-94	306	57
8WFZ_B	pdb|7CAL|A	36.076	474	820	677	9.30e-94	306	57
8WFZ_B	pdb|7XUF|C	35.699	479	820	662	2.41e-82	275	57
8WFZ_B	pdb|7XUF|A	35.699	479	820	662	2.41e-82	275	57
8WFZ_B	pdb|7WM1|D	35.699	479	820	690	4.48e-82	275	57
8WFZ_B	pdb|7WM1|B	35.699	479	820	690	4.48e-82	275	57
8WFZ_B	pdb|9IS8|B	35.699	479	820	710	7.11e-82	275	57
8WFZ_B	pdb|9J36|D	26.728	217	820	726	1.99e-14	74.7	26
8WFZ_B	pdb|9J36|C	26.728	217	820	726	1.99e-14	74.7	26
8WFZ_B	pdb|9J36|B	26.728	217	820	726	1.99e-14	74.7	26
8WFZ_B	pdb|9J36|A	26.728	217	820	726	1.99e-14	74.7	26
8WFZ_B	pdb|9J35|D	26.728	217	820	726	1.99e-14	74.7	26
8WFZ_B	pdb|9J35|C	26.728	217	820	726	1.99e-14	74.7	26
8WFZ_B	pdb|9J35|B	26.728	217	820	726	1.99e-14	74.7	26
8WFZ_B	pdb|9J35|A	26.728	217	820	726	1.99e-14	74.7	26
8WFZ_B	pdb|9KCV|D	19.079	456	820	798	1.29e-13	72.4	47
8WFZ_B	pdb|9KCV|C	19.079	456	820	798	1.29e-13	72.4	47
8WFZ_B	pdb|9KCV|B	19.079	456	820	798	1.29e-13	72.4	47
8WFZ_B	pdb|9KCV|A	19.079	456	820	798	1.29e-13	72.4	47
8WFZ_B	pdb|9KCU|D	19.079	456	820	662	1.03e-12	69.3	47
8WFZ_B	pdb|9KCU|C	19.079	456	820	662	1.03e-12	69.3	47
8WFZ_B	pdb|9KCU|B	19.079	456	820	662	1.03e-12	69.3	47
8WFZ_B	pdb|9KCU|A	19.079	456	820	662	1.03e-12	69.3	47
8WFZ_B	pdb|9J34|D	23.280	189	820	716	1.23e-09	59.3	22
8WFZ_B	pdb|9J34|C	23.280	189	820	716	1.23e-09	59.3	22
8WFZ_C	pdb|9IS8|D	31.807	830	820	885	2.01e-130	409	93
8WFZ_C	pdb|9IS8|C	31.807	830	820	885	2.01e-130	409	93
8WFZ_C	pdb|9IS8|A	31.807	830	820	885	2.01e-130	409	93
8WFZ_C	pdb|7WM1|C	31.807	830	820	885	2.01e-130	409	93
8WFZ_C	pdb|7WM1|A	31.807	830	820	885	2.01e-130	409	93
8WFZ_C	pdb|7WM2|D	31.807	830	820	895	2.36e-130	409	93
8WFZ_C	pdb|7WM2|C	31.807	830	820	895	2.36e-130	409	93
8WFZ_C	pdb|7WM2|B	31.807	830	820	895	2.36e-130	409	93
8WFZ_C	pdb|7WM2|A	31.807	830	820	895	2.36e-130	409	93
8WFZ_C	pdb|7WSW|D	31.807	830	820	879	2.39e-130	408	93
8WFZ_C	pdb|7WSW|C	31.807	830	820	879	2.39e-130	408	93
8WFZ_C	pdb|7WSW|B	31.807	830	820	879	2.39e-130	408	93
8WFZ_C	pdb|7WSW|A	31.807	830	820	879	2.39e-130	408	93
8WFZ_C	pdb|7XUF|D	31.807	830	820	857	2.78e-130	407	93
8WFZ_C	pdb|7XUF|B	31.807	830	820	857	2.78e-130	407	93
8WFZ_C	pdb|7T4X|D	31.807	830	820	857	2.78e-130	407	93
8WFZ_C	pdb|7T4X|C	31.807	830	820	857	2.78e-130	407	93
8WFZ_C	pdb|7T4X|B	31.807	830	820	857	2.78e-130	407	93
8WFZ_C	pdb|7T4X|A	31.807	830	820	857	2.78e-130	407	93
8WFZ_C	pdb|7FCV|D	31.807	830	820	857	5.40e-130	407	93
8WFZ_C	pdb|7FCV|C	31.807	830	820	857	5.40e-130	407	93
8WFZ_C	pdb|7FCV|B	31.807	830	820	857	5.40e-130	407	93
8WFZ_C	pdb|7FCV|A	31.807	830	820	857	5.40e-130	407	93
8WFZ_C	pdb|7CAL|D	36.076	474	820	677	9.30e-94	306	57
8WFZ_C	pdb|7CAL|C	36.076	474	820	677	9.30e-94	306	57
8WFZ_C	pdb|7CAL|B	36.076	474	820	677	9.30e-94	306	57
8WFZ_C	pdb|7CAL|A	36.076	474	820	677	9.30e-94	306	57
8WFZ_C	pdb|7XUF|C	35.699	479	820	662	2.41e-82	275	57
8WFZ_C	pdb|7XUF|A	35.699	479	820	662	2.41e-82	275	57
8WFZ_C	pdb|7WM1|D	35.699	479	820	690	4.48e-82	275	57
8WFZ_C	pdb|7WM1|B	35.699	479	820	690	4.48e-82	275	57
8WFZ_C	pdb|9IS8|B	35.699	479	820	710	7.11e-82	275	57
8WFZ_C	pdb|9J36|D	26.728	217	820	726	1.99e-14	74.7	26
8WFZ_C	pdb|9J36|C	26.728	217	820	726	1.99e-14	74.7	26
8WFZ_C	pdb|9J36|B	26.728	217	820	726	1.99e-14	74.7	26
8WFZ_C	pdb|9J36|A	26.728	217	820	726	1.99e-14	74.7	26
8WFZ_C	pdb|9J35|D	26.728	217	820	726	1.99e-14	74.7	26
8WFZ_C	pdb|9J35|C	26.728	217	820	726	1.99e-14	74.7	26
8WFZ_C	pdb|9J35|B	26.728	217	820	726	1.99e-14	74.7	26
8WFZ_C	pdb|9J35|A	26.728	217	820	726	1.99e-14	74.7	26
8WFZ_C	pdb|9KCV|D	19.079	456	820	798	1.29e-13	72.4	47
8WFZ_C	pdb|9KCV|C	19.079	456	820	798	1.29e-13	72.4	47
8WFZ_C	pdb|9KCV|B	19.079	456	820	798	1.29e-13	72.4	47
8WFZ_C	pdb|9KCV|A	19.079	456	820	798	1.29e-13	72.4	47
8WFZ_C	pdb|9KCU|D	19.079	456	820	662	1.03e-12	69.3	47
8WFZ_C	pdb|9KCU|C	19.079	456	820	662	1.03e-12	69.3	47
8WFZ_C	pdb|9KCU|B	19.079	456	820	662	1.03e-12	69.3	47
8WFZ_C	pdb|9KCU|A	19.079	456	820	662	1.03e-12	69.3	47
8WFZ_C	pdb|9J34|D	23.280	189	820	716	1.23e-09	59.3	22
8WFZ_C	pdb|9J34|C	23.280	189	820	716	1.23e-09	59.3	22
8WFZ_D	pdb|9IS8|D	31.807	830	820	885	2.01e-130	409	93
8WFZ_D	pdb|9IS8|C	31.807	830	820	885	2.01e-130	409	93
8WFZ_D	pdb|9IS8|A	31.807	830	820	885	2.01e-130	409	93
8WFZ_D	pdb|7WM1|C	31.807	830	820	885	2.01e-130	409	93
8WFZ_D	pdb|7WM1|A	31.807	830	820	885	2.01e-130	409	93
8WFZ_D	pdb|7WM2|D	31.807	830	820	895	2.36e-130	409	93
8WFZ_D	pdb|7WM2|C	31.807	830	820	895	2.36e-130	409	93
8WFZ_D	pdb|7WM2|B	31.807	830	820	895	2.36e-130	409	93
8WFZ_D	pdb|7WM2|A	31.807	830	820	895	2.36e-130	409	93
8WFZ_D	pdb|7WSW|D	31.807	830	820	879	2.39e-130	408	93
8WFZ_D	pdb|7WSW|C	31.807	830	820	879	2.39e-130	408	93
8WFZ_D	pdb|7WSW|B	31.807	830	820	879	2.39e-130	408	93
8WFZ_D	pdb|7WSW|A	31.807	830	820	879	2.39e-130	408	93
8WFZ_D	pdb|7XUF|D	31.807	830	820	857	2.78e-130	407	93
8WFZ_D	pdb|7XUF|B	31.807	830	820	857	2.78e-130	407	93
8WFZ_D	pdb|7T4X|D	31.807	830	820	857	2.78e-130	407	93
8WFZ_D	pdb|7T4X|C	31.807	830	820	857	2.78e-130	407	93
8WFZ_D	pdb|7T4X|B	31.807	830	820	857	2.78e-130	407	93
8WFZ_D	pdb|7T4X|A	31.807	830	820	857	2.78e-130	407	93
8WFZ_D	pdb|7FCV|D	31.807	830	820	857	5.40e-130	407	93
8WFZ_D	pdb|7FCV|C	31.807	830	820	857	5.40e-130	407	93
8WFZ_D	pdb|7FCV|B	31.807	830	820	857	5.40e-130	407	93
8WFZ_D	pdb|7FCV|A	31.807	830	820	857	5.40e-130	407	93
8WFZ_D	pdb|7CAL|D	36.076	474	820	677	9.30e-94	306	57
8WFZ_D	pdb|7CAL|C	36.076	474	820	677	9.30e-94	306	57
8WFZ_D	pdb|7CAL|B	36.076	474	820	677	9.30e-94	306	57
8WFZ_D	pdb|7CAL|A	36.076	474	820	677	9.30e-94	306	57
8WFZ_D	pdb|7XUF|C	35.699	479	820	662	2.41e-82	275	57
8WFZ_D	pdb|7XUF|A	35.699	479	820	662	2.41e-82	275	57
8WFZ_D	pdb|7WM1|D	35.699	479	820	690	4.48e-82	275	57
8WFZ_D	pdb|7WM1|B	35.699	479	820	690	4.48e-82	275	57
8WFZ_D	pdb|9IS8|B	35.699	479	820	710	7.11e-82	275	57
8WFZ_D	pdb|9J36|D	26.728	217	820	726	1.99e-14	74.7	26
8WFZ_D	pdb|9J36|C	26.728	217	820	726	1.99e-14	74.7	26
8WFZ_D	pdb|9J36|B	26.728	217	820	726	1.99e-14	74.7	26
8WFZ_D	pdb|9J36|A	26.728	217	820	726	1.99e-14	74.7	26
8WFZ_D	pdb|9J35|D	26.728	217	820	726	1.99e-14	74.7	26
8WFZ_D	pdb|9J35|C	26.728	217	820	726	1.99e-14	74.7	26
8WFZ_D	pdb|9J35|B	26.728	217	820	726	1.99e-14	74.7	26
8WFZ_D	pdb|9J35|A	26.728	217	820	726	1.99e-14	74.7	26
8WFZ_D	pdb|9KCV|D	19.079	456	820	798	1.29e-13	72.4	47
8WFZ_D	pdb|9KCV|C	19.079	456	820	798	1.29e-13	72.4	47
8WFZ_D	pdb|9KCV|B	19.079	456	820	798	1.29e-13	72.4	47
8WFZ_D	pdb|9KCV|A	19.079	456	820	798	1.29e-13	72.4	47
8WFZ_D	pdb|9KCU|D	19.079	456	820	662	1.03e-12	69.3	47
8WFZ_D	pdb|9KCU|C	19.079	456	820	662	1.03e-12	69.3	47
8WFZ_D	pdb|9KCU|B	19.079	456	820	662	1.03e-12	69.3	47
8WFZ_D	pdb|9KCU|A	19.079	456	820	662	1.03e-12	69.3	47
8WFZ_D	pdb|9J34|D	23.280	189	820	716	1.23e-09	59.3	22
8WFZ_D	pdb|9J34|C	23.280	189	820	716	1.23e-09	59.3	22
8WTZ_A	pdb|7WSW|D	33.074	771	837	879	5.80e-135	421	90
8WTZ_A	pdb|7WSW|C	33.074	771	837	879	5.80e-135	421	90
8WTZ_A	pdb|7WSW|B	33.074	771	837	879	5.80e-135	421	90
8WTZ_A	pdb|7WSW|A	33.074	771	837	879	5.80e-135	421	90
8WTZ_A	pdb|9IS8|D	34.357	684	837	885	7.15e-132	413	81
8WTZ_A	pdb|9IS8|C	34.357	684	837	885	7.15e-132	413	81
8WTZ_A	pdb|9IS8|A	34.357	684	837	885	7.15e-132	413	81
8WTZ_A	pdb|7WM1|C	34.357	684	837	885	7.15e-132	413	81
8WTZ_A	pdb|7WM1|A	34.357	684	837	885	7.15e-132	413	81
8WTZ_A	pdb|7XUF|D	34.357	684	837	857	7.44e-132	412	81
8WTZ_A	pdb|7XUF|B	34.357	684	837	857	7.44e-132	412	81
8WTZ_A	pdb|7T4X|D	34.357	684	837	857	7.44e-132	412	81
8WTZ_A	pdb|7T4X|C	34.357	684	837	857	7.44e-132	412	81
8WTZ_A	pdb|7T4X|B	34.357	684	837	857	7.44e-132	412	81
8WTZ_A	pdb|7T4X|A	34.357	684	837	857	7.44e-132	412	81
8WTZ_A	pdb|7WM2|D	34.357	684	837	895	1.02e-131	413	81
8WTZ_A	pdb|7WM2|C	34.357	684	837	895	1.02e-131	413	81
8WTZ_A	pdb|7WM2|B	34.357	684	837	895	1.02e-131	413	81
8WTZ_A	pdb|7WM2|A	34.357	684	837	895	1.02e-131	413	81
8WTZ_A	pdb|7FCV|D	34.357	684	837	857	1.99e-131	411	81
8WTZ_A	pdb|7FCV|C	34.357	684	837	857	1.99e-131	411	81
8WTZ_A	pdb|7FCV|B	34.357	684	837	857	1.99e-131	411	81
8WTZ_A	pdb|7FCV|A	34.357	684	837	857	1.99e-131	411	81
8WTZ_A	pdb|7CAL|D	35.102	490	837	677	4.08e-97	315	65
8WTZ_A	pdb|7CAL|D	33.803	71	837	677	2.75e-04	42.0	65
8WTZ_A	pdb|7CAL|C	35.102	490	837	677	4.08e-97	315	65
8WTZ_A	pdb|7CAL|C	33.803	71	837	677	2.75e-04	42.0	65
8WTZ_A	pdb|7CAL|B	35.102	490	837	677	4.08e-97	315	65
8WTZ_A	pdb|7CAL|B	33.803	71	837	677	2.75e-04	42.0	65
8WTZ_A	pdb|7CAL|A	35.102	490	837	677	4.08e-97	315	65
8WTZ_A	pdb|7CAL|A	33.803	71	837	677	2.75e-04	42.0	65
8WTZ_A	pdb|7XUF|C	36.508	441	837	662	8.27e-83	276	52
8WTZ_A	pdb|7XUF|A	36.508	441	837	662	8.27e-83	276	52
8WTZ_A	pdb|7WM1|D	36.508	441	837	690	1.24e-82	277	52
8WTZ_A	pdb|7WM1|B	36.508	441	837	690	1.24e-82	277	52
8WTZ_A	pdb|9IS8|B	36.508	441	837	710	1.40e-82	277	52
8WTZ_A	pdb|9KCV|D	21.368	468	837	798	3.45e-17	84.0	46
8WTZ_A	pdb|9KCV|C	21.368	468	837	798	3.45e-17	84.0	46
8WTZ_A	pdb|9KCV|B	21.368	468	837	798	3.45e-17	84.0	46
8WTZ_A	pdb|9KCV|A	21.368	468	837	798	3.45e-17	84.0	46
8WTZ_A	pdb|9KCU|D	21.368	468	837	662	1.91e-16	81.3	46
8WTZ_A	pdb|9KCU|C	21.368	468	837	662	1.91e-16	81.3	46
8WTZ_A	pdb|9KCU|B	21.368	468	837	662	1.91e-16	81.3	46
8WTZ_A	pdb|9KCU|A	21.368	468	837	662	1.91e-16	81.3	46
8WTZ_A	pdb|9J36|D	26.203	187	837	726	2.73e-14	74.3	22
8WTZ_A	pdb|9J36|C	26.203	187	837	726	2.73e-14	74.3	22
8WTZ_A	pdb|9J36|B	26.203	187	837	726	2.73e-14	74.3	22
8WTZ_A	pdb|9J36|A	26.203	187	837	726	2.73e-14	74.3	22
8WTZ_A	pdb|9J35|D	26.203	187	837	726	2.73e-14	74.3	22
8WTZ_A	pdb|9J35|C	26.203	187	837	726	2.73e-14	74.3	22
8WTZ_A	pdb|9J35|B	26.203	187	837	726	2.73e-14	74.3	22
8WTZ_A	pdb|9J35|A	26.203	187	837	726	2.73e-14	74.3	22
8WTZ_A	pdb|9J34|D	24.479	192	837	716	1.53e-11	65.5	22
8WTZ_A	pdb|9J34|C	24.479	192	837	716	1.53e-11	65.5	22
8WTZ_B	pdb|7WSW|D	33.074	771	837	879	5.80e-135	421	90
8WTZ_B	pdb|7WSW|C	33.074	771	837	879	5.80e-135	421	90
8WTZ_B	pdb|7WSW|B	33.074	771	837	879	5.80e-135	421	90
8WTZ_B	pdb|7WSW|A	33.074	771	837	879	5.80e-135	421	90
8WTZ_B	pdb|9IS8|D	34.357	684	837	885	7.15e-132	413	81
8WTZ_B	pdb|9IS8|C	34.357	684	837	885	7.15e-132	413	81
8WTZ_B	pdb|9IS8|A	34.357	684	837	885	7.15e-132	413	81
8WTZ_B	pdb|7WM1|C	34.357	684	837	885	7.15e-132	413	81
8WTZ_B	pdb|7WM1|A	34.357	684	837	885	7.15e-132	413	81
8WTZ_B	pdb|7XUF|D	34.357	684	837	857	7.44e-132	412	81
8WTZ_B	pdb|7XUF|B	34.357	684	837	857	7.44e-132	412	81
8WTZ_B	pdb|7T4X|D	34.357	684	837	857	7.44e-132	412	81
8WTZ_B	pdb|7T4X|C	34.357	684	837	857	7.44e-132	412	81
8WTZ_B	pdb|7T4X|B	34.357	684	837	857	7.44e-132	412	81
8WTZ_B	pdb|7T4X|A	34.357	684	837	857	7.44e-132	412	81
8WTZ_B	pdb|7WM2|D	34.357	684	837	895	1.02e-131	413	81
8WTZ_B	pdb|7WM2|C	34.357	684	837	895	1.02e-131	413	81
8WTZ_B	pdb|7WM2|B	34.357	684	837	895	1.02e-131	413	81
8WTZ_B	pdb|7WM2|A	34.357	684	837	895	1.02e-131	413	81
8WTZ_B	pdb|7FCV|D	34.357	684	837	857	1.99e-131	411	81
8WTZ_B	pdb|7FCV|C	34.357	684	837	857	1.99e-131	411	81
8WTZ_B	pdb|7FCV|B	34.357	684	837	857	1.99e-131	411	81
8WTZ_B	pdb|7FCV|A	34.357	684	837	857	1.99e-131	411	81
8WTZ_B	pdb|7CAL|D	35.102	490	837	677	4.08e-97	315	65
8WTZ_B	pdb|7CAL|D	33.803	71	837	677	2.75e-04	42.0	65
8WTZ_B	pdb|7CAL|C	35.102	490	837	677	4.08e-97	315	65
8WTZ_B	pdb|7CAL|C	33.803	71	837	677	2.75e-04	42.0	65
8WTZ_B	pdb|7CAL|B	35.102	490	837	677	4.08e-97	315	65
8WTZ_B	pdb|7CAL|B	33.803	71	837	677	2.75e-04	42.0	65
8WTZ_B	pdb|7CAL|A	35.102	490	837	677	4.08e-97	315	65
8WTZ_B	pdb|7CAL|A	33.803	71	837	677	2.75e-04	42.0	65
8WTZ_B	pdb|7XUF|C	36.508	441	837	662	8.27e-83	276	52
8WTZ_B	pdb|7XUF|A	36.508	441	837	662	8.27e-83	276	52
8WTZ_B	pdb|7WM1|D	36.508	441	837	690	1.24e-82	277	52
8WTZ_B	pdb|7WM1|B	36.508	441	837	690	1.24e-82	277	52
8WTZ_B	pdb|9IS8|B	36.508	441	837	710	1.40e-82	277	52
8WTZ_B	pdb|9KCV|D	21.368	468	837	798	3.45e-17	84.0	46
8WTZ_B	pdb|9KCV|C	21.368	468	837	798	3.45e-17	84.0	46
8WTZ_B	pdb|9KCV|B	21.368	468	837	798	3.45e-17	84.0	46
8WTZ_B	pdb|9KCV|A	21.368	468	837	798	3.45e-17	84.0	46
8WTZ_B	pdb|9KCU|D	21.368	468	837	662	1.91e-16	81.3	46
8WTZ_B	pdb|9KCU|C	21.368	468	837	662	1.91e-16	81.3	46
8WTZ_B	pdb|9KCU|B	21.368	468	837	662	1.91e-16	81.3	46
8WTZ_B	pdb|9KCU|A	21.368	468	837	662	1.91e-16	81.3	46
8WTZ_B	pdb|9J36|D	26.203	187	837	726	2.73e-14	74.3	22
8WTZ_B	pdb|9J36|C	26.203	187	837	726	2.73e-14	74.3	22
8WTZ_B	pdb|9J36|B	26.203	187	837	726	2.73e-14	74.3	22
8WTZ_B	pdb|9J36|A	26.203	187	837	726	2.73e-14	74.3	22
8WTZ_B	pdb|9J35|D	26.203	187	837	726	2.73e-14	74.3	22
8WTZ_B	pdb|9J35|C	26.203	187	837	726	2.73e-14	74.3	22
8WTZ_B	pdb|9J35|B	26.203	187	837	726	2.73e-14	74.3	22
8WTZ_B	pdb|9J35|A	26.203	187	837	726	2.73e-14	74.3	22
8WTZ_B	pdb|9J34|D	24.479	192	837	716	1.53e-11	65.5	22
8WTZ_B	pdb|9J34|C	24.479	192	837	716	1.53e-11	65.5	22
8WTZ_C	pdb|7WSW|D	33.074	771	837	879	5.80e-135	421	90
8WTZ_C	pdb|7WSW|C	33.074	771	837	879	5.80e-135	421	90
8WTZ_C	pdb|7WSW|B	33.074	771	837	879	5.80e-135	421	90
8WTZ_C	pdb|7WSW|A	33.074	771	837	879	5.80e-135	421	90
8WTZ_C	pdb|9IS8|D	34.357	684	837	885	7.15e-132	413	81
8WTZ_C	pdb|9IS8|C	34.357	684	837	885	7.15e-132	413	81
8WTZ_C	pdb|9IS8|A	34.357	684	837	885	7.15e-132	413	81
8WTZ_C	pdb|7WM1|C	34.357	684	837	885	7.15e-132	413	81
8WTZ_C	pdb|7WM1|A	34.357	684	837	885	7.15e-132	413	81
8WTZ_C	pdb|7XUF|D	34.357	684	837	857	7.44e-132	412	81
8WTZ_C	pdb|7XUF|B	34.357	684	837	857	7.44e-132	412	81
8WTZ_C	pdb|7T4X|D	34.357	684	837	857	7.44e-132	412	81
8WTZ_C	pdb|7T4X|C	34.357	684	837	857	7.44e-132	412	81
8WTZ_C	pdb|7T4X|B	34.357	684	837	857	7.44e-132	412	81
8WTZ_C	pdb|7T4X|A	34.357	684	837	857	7.44e-132	412	81
8WTZ_C	pdb|7WM2|D	34.357	684	837	895	1.02e-131	413	81
8WTZ_C	pdb|7WM2|C	34.357	684	837	895	1.02e-131	413	81
8WTZ_C	pdb|7WM2|B	34.357	684	837	895	1.02e-131	413	81
8WTZ_C	pdb|7WM2|A	34.357	684	837	895	1.02e-131	413	81
8WTZ_C	pdb|7FCV|D	34.357	684	837	857	1.99e-131	411	81
8WTZ_C	pdb|7FCV|C	34.357	684	837	857	1.99e-131	411	81
8WTZ_C	pdb|7FCV|B	34.357	684	837	857	1.99e-131	411	81
8WTZ_C	pdb|7FCV|A	34.357	684	837	857	1.99e-131	411	81
8WTZ_C	pdb|7CAL|D	35.102	490	837	677	4.08e-97	315	65
8WTZ_C	pdb|7CAL|D	33.803	71	837	677	2.75e-04	42.0	65
8WTZ_C	pdb|7CAL|C	35.102	490	837	677	4.08e-97	315	65
8WTZ_C	pdb|7CAL|C	33.803	71	837	677	2.75e-04	42.0	65
8WTZ_C	pdb|7CAL|B	35.102	490	837	677	4.08e-97	315	65
8WTZ_C	pdb|7CAL|B	33.803	71	837	677	2.75e-04	42.0	65
8WTZ_C	pdb|7CAL|A	35.102	490	837	677	4.08e-97	315	65
8WTZ_C	pdb|7CAL|A	33.803	71	837	677	2.75e-04	42.0	65
8WTZ_C	pdb|7XUF|C	36.508	441	837	662	8.27e-83	276	52
8WTZ_C	pdb|7XUF|A	36.508	441	837	662	8.27e-83	276	52
8WTZ_C	pdb|7WM1|D	36.508	441	837	690	1.24e-82	277	52
8WTZ_C	pdb|7WM1|B	36.508	441	837	690	1.24e-82	277	52
8WTZ_C	pdb|9IS8|B	36.508	441	837	710	1.40e-82	277	52
8WTZ_C	pdb|9KCV|D	21.368	468	837	798	3.45e-17	84.0	46
8WTZ_C	pdb|9KCV|C	21.368	468	837	798	3.45e-17	84.0	46
8WTZ_C	pdb|9KCV|B	21.368	468	837	798	3.45e-17	84.0	46
8WTZ_C	pdb|9KCV|A	21.368	468	837	798	3.45e-17	84.0	46
8WTZ_C	pdb|9KCU|D	21.368	468	837	662	1.91e-16	81.3	46
8WTZ_C	pdb|9KCU|C	21.368	468	837	662	1.91e-16	81.3	46
8WTZ_C	pdb|9KCU|B	21.368	468	837	662	1.91e-16	81.3	46
8WTZ_C	pdb|9KCU|A	21.368	468	837	662	1.91e-16	81.3	46
8WTZ_C	pdb|9J36|D	26.203	187	837	726	2.73e-14	74.3	22
8WTZ_C	pdb|9J36|C	26.203	187	837	726	2.73e-14	74.3	22
8WTZ_C	pdb|9J36|B	26.203	187	837	726	2.73e-14	74.3	22
8WTZ_C	pdb|9J36|A	26.203	187	837	726	2.73e-14	74.3	22
8WTZ_C	pdb|9J35|D	26.203	187	837	726	2.73e-14	74.3	22
8WTZ_C	pdb|9J35|C	26.203	187	837	726	2.73e-14	74.3	22
8WTZ_C	pdb|9J35|B	26.203	187	837	726	2.73e-14	74.3	22
8WTZ_C	pdb|9J35|A	26.203	187	837	726	2.73e-14	74.3	22
8WTZ_C	pdb|9J34|D	24.479	192	837	716	1.53e-11	65.5	22
8WTZ_C	pdb|9J34|C	24.479	192	837	716	1.53e-11	65.5	22
8WTZ_D	pdb|7WSW|D	33.074	771	837	879	5.80e-135	421	90
8WTZ_D	pdb|7WSW|C	33.074	771	837	879	5.80e-135	421	90
8WTZ_D	pdb|7WSW|B	33.074	771	837	879	5.80e-135	421	90
8WTZ_D	pdb|7WSW|A	33.074	771	837	879	5.80e-135	421	90
8WTZ_D	pdb|9IS8|D	34.357	684	837	885	7.15e-132	413	81
8WTZ_D	pdb|9IS8|C	34.357	684	837	885	7.15e-132	413	81
8WTZ_D	pdb|9IS8|A	34.357	684	837	885	7.15e-132	413	81
8WTZ_D	pdb|7WM1|C	34.357	684	837	885	7.15e-132	413	81
8WTZ_D	pdb|7WM1|A	34.357	684	837	885	7.15e-132	413	81
8WTZ_D	pdb|7XUF|D	34.357	684	837	857	7.44e-132	412	81
8WTZ_D	pdb|7XUF|B	34.357	684	837	857	7.44e-132	412	81
8WTZ_D	pdb|7T4X|D	34.357	684	837	857	7.44e-132	412	81
8WTZ_D	pdb|7T4X|C	34.357	684	837	857	7.44e-132	412	81
8WTZ_D	pdb|7T4X|B	34.357	684	837	857	7.44e-132	412	81
8WTZ_D	pdb|7T4X|A	34.357	684	837	857	7.44e-132	412	81
8WTZ_D	pdb|7WM2|D	34.357	684	837	895	1.02e-131	413	81
8WTZ_D	pdb|7WM2|C	34.357	684	837	895	1.02e-131	413	81
8WTZ_D	pdb|7WM2|B	34.357	684	837	895	1.02e-131	413	81
8WTZ_D	pdb|7WM2|A	34.357	684	837	895	1.02e-131	413	81
8WTZ_D	pdb|7FCV|D	34.357	684	837	857	1.99e-131	411	81
8WTZ_D	pdb|7FCV|C	34.357	684	837	857	1.99e-131	411	81
8WTZ_D	pdb|7FCV|B	34.357	684	837	857	1.99e-131	411	81
8WTZ_D	pdb|7FCV|A	34.357	684	837	857	1.99e-131	411	81
8WTZ_D	pdb|7CAL|D	35.102	490	837	677	4.08e-97	315	65
8WTZ_D	pdb|7CAL|D	33.803	71	837	677	2.75e-04	42.0	65
8WTZ_D	pdb|7CAL|C	35.102	490	837	677	4.08e-97	315	65
8WTZ_D	pdb|7CAL|C	33.803	71	837	677	2.75e-04	42.0	65
8WTZ_D	pdb|7CAL|B	35.102	490	837	677	4.08e-97	315	65
8WTZ_D	pdb|7CAL|B	33.803	71	837	677	2.75e-04	42.0	65
8WTZ_D	pdb|7CAL|A	35.102	490	837	677	4.08e-97	315	65
8WTZ_D	pdb|7CAL|A	33.803	71	837	677	2.75e-04	42.0	65
8WTZ_D	pdb|7XUF|C	36.508	441	837	662	8.27e-83	276	52
8WTZ_D	pdb|7XUF|A	36.508	441	837	662	8.27e-83	276	52
8WTZ_D	pdb|7WM1|D	36.508	441	837	690	1.24e-82	277	52
8WTZ_D	pdb|7WM1|B	36.508	441	837	690	1.24e-82	277	52
8WTZ_D	pdb|9IS8|B	36.508	441	837	710	1.40e-82	277	52
8WTZ_D	pdb|9KCV|D	21.368	468	837	798	3.45e-17	84.0	46
8WTZ_D	pdb|9KCV|C	21.368	468	837	798	3.45e-17	84.0	46
8WTZ_D	pdb|9KCV|B	21.368	468	837	798	3.45e-17	84.0	46
8WTZ_D	pdb|9KCV|A	21.368	468	837	798	3.45e-17	84.0	46
8WTZ_D	pdb|9KCU|D	21.368	468	837	662	1.91e-16	81.3	46
8WTZ_D	pdb|9KCU|C	21.368	468	837	662	1.91e-16	81.3	46
8WTZ_D	pdb|9KCU|B	21.368	468	837	662	1.91e-16	81.3	46
8WTZ_D	pdb|9KCU|A	21.368	468	837	662	1.91e-16	81.3	46
8WTZ_D	pdb|9J36|D	26.203	187	837	726	2.73e-14	74.3	22
8WTZ_D	pdb|9J36|C	26.203	187	837	726	2.73e-14	74.3	22
8WTZ_D	pdb|9J36|B	26.203	187	837	726	2.73e-14	74.3	22
8WTZ_D	pdb|9J36|A	26.203	187	837	726	2.73e-14	74.3	22
8WTZ_D	pdb|9J35|D	26.203	187	837	726	2.73e-14	74.3	22
8WTZ_D	pdb|9J35|C	26.203	187	837	726	2.73e-14	74.3	22
8WTZ_D	pdb|9J35|B	26.203	187	837	726	2.73e-14	74.3	22
8WTZ_D	pdb|9J35|A	26.203	187	837	726	2.73e-14	74.3	22
8WTZ_D	pdb|9J34|D	24.479	192	837	716	1.53e-11	65.5	22
8WTZ_D	pdb|9J34|C	24.479	192	837	716	1.53e-11	65.5	22
8WUI_A	pdb|7WSW|D	33.074	771	838	879	1.81e-134	420	90
8WUI_A	pdb|7WSW|C	33.074	771	838	879	1.81e-134	420	90
8WUI_A	pdb|7WSW|B	33.074	771	838	879	1.81e-134	420	90
8WUI_A	pdb|7WSW|A	33.074	771	838	879	1.81e-134	420	90
8WUI_A	pdb|7XUF|D	34.357	684	838	857	1.50e-131	411	81
8WUI_A	pdb|7XUF|B	34.357	684	838	857	1.50e-131	411	81
8WUI_A	pdb|7T4X|D	34.357	684	838	857	1.50e-131	411	81
8WUI_A	pdb|7T4X|C	34.357	684	838	857	1.50e-131	411	81
8WUI_A	pdb|7T4X|B	34.357	684	838	857	1.50e-131	411	81
8WUI_A	pdb|7T4X|A	34.357	684	838	857	1.50e-131	411	81
8WUI_A	pdb|9IS8|D	34.357	684	838	885	2.58e-131	412	81
8WUI_A	pdb|9IS8|C	34.357	684	838	885	2.58e-131	412	81
8WUI_A	pdb|9IS8|A	34.357	684	838	885	2.58e-131	412	81
8WUI_A	pdb|7WM1|C	34.357	684	838	885	2.58e-131	412	81
8WUI_A	pdb|7WM1|A	34.357	684	838	885	2.58e-131	412	81
8WUI_A	pdb|7WM2|D	34.357	684	838	895	3.19e-131	412	81
8WUI_A	pdb|7WM2|C	34.357	684	838	895	3.19e-131	412	81
8WUI_A	pdb|7WM2|B	34.357	684	838	895	3.19e-131	412	81
8WUI_A	pdb|7WM2|A	34.357	684	838	895	3.19e-131	412	81
8WUI_A	pdb|7FCV|D	34.357	684	838	857	3.28e-131	410	81
8WUI_A	pdb|7FCV|C	34.357	684	838	857	3.28e-131	410	81
8WUI_A	pdb|7FCV|B	34.357	684	838	857	3.28e-131	410	81
8WUI_A	pdb|7FCV|A	34.357	684	838	857	3.28e-131	410	81
8WUI_A	pdb|7CAL|D	35.102	490	838	677	9.67e-97	314	65
8WUI_A	pdb|7CAL|D	33.803	71	838	677	2.73e-04	42.0	65
8WUI_A	pdb|7CAL|C	35.102	490	838	677	9.67e-97	314	65
8WUI_A	pdb|7CAL|C	33.803	71	838	677	2.73e-04	42.0	65
8WUI_A	pdb|7CAL|B	35.102	490	838	677	9.67e-97	314	65
8WUI_A	pdb|7CAL|B	33.803	71	838	677	2.73e-04	42.0	65
8WUI_A	pdb|7CAL|A	35.102	490	838	677	9.67e-97	314	65
8WUI_A	pdb|7CAL|A	33.803	71	838	677	2.73e-04	42.0	65
8WUI_A	pdb|7XUF|C	36.735	441	838	662	4.37e-83	277	52
8WUI_A	pdb|7XUF|A	36.735	441	838	662	4.37e-83	277	52
8WUI_A	pdb|7WM1|D	36.735	441	838	690	7.92e-83	277	52
8WUI_A	pdb|7WM1|B	36.735	441	838	690	7.92e-83	277	52
8WUI_A	pdb|9IS8|B	36.735	441	838	710	9.58e-83	278	52
8WUI_A	pdb|9KCV|D	21.368	468	838	798	6.20e-17	83.2	46
8WUI_A	pdb|9KCV|C	21.368	468	838	798	6.20e-17	83.2	46
8WUI_A	pdb|9KCV|B	21.368	468	838	798	6.20e-17	83.2	46
8WUI_A	pdb|9KCV|A	21.368	468	838	798	6.20e-17	83.2	46
8WUI_A	pdb|9KCU|D	21.368	468	838	662	4.78e-16	80.1	46
8WUI_A	pdb|9KCU|C	21.368	468	838	662	4.78e-16	80.1	46
8WUI_A	pdb|9KCU|B	21.368	468	838	662	4.78e-16	80.1	46
8WUI_A	pdb|9KCU|A	21.368	468	838	662	4.78e-16	80.1	46
8WUI_A	pdb|9J36|D	26.203	187	838	726	1.94e-14	75.1	22
8WUI_A	pdb|9J36|C	26.203	187	838	726	1.94e-14	75.1	22
8WUI_A	pdb|9J36|B	26.203	187	838	726	1.94e-14	75.1	22
8WUI_A	pdb|9J36|A	26.203	187	838	726	1.94e-14	75.1	22
8WUI_A	pdb|9J35|D	26.203	187	838	726	1.94e-14	75.1	22
8WUI_A	pdb|9J35|C	26.203	187	838	726	1.94e-14	75.1	22
8WUI_A	pdb|9J35|B	26.203	187	838	726	1.94e-14	75.1	22
8WUI_A	pdb|9J35|A	26.203	187	838	726	1.94e-14	75.1	22
8WUI_A	pdb|9J34|D	21.485	377	838	716	4.51e-12	67.4	37
8WUI_A	pdb|9J34|C	21.485	377	838	716	4.51e-12	67.4	37
8WUI_B	pdb|7WSW|D	33.074	771	838	879	1.81e-134	420	90
8WUI_B	pdb|7WSW|C	33.074	771	838	879	1.81e-134	420	90
8WUI_B	pdb|7WSW|B	33.074	771	838	879	1.81e-134	420	90
8WUI_B	pdb|7WSW|A	33.074	771	838	879	1.81e-134	420	90
8WUI_B	pdb|7XUF|D	34.357	684	838	857	1.50e-131	411	81
8WUI_B	pdb|7XUF|B	34.357	684	838	857	1.50e-131	411	81
8WUI_B	pdb|7T4X|D	34.357	684	838	857	1.50e-131	411	81
8WUI_B	pdb|7T4X|C	34.357	684	838	857	1.50e-131	411	81
8WUI_B	pdb|7T4X|B	34.357	684	838	857	1.50e-131	411	81
8WUI_B	pdb|7T4X|A	34.357	684	838	857	1.50e-131	411	81
8WUI_B	pdb|9IS8|D	34.357	684	838	885	2.58e-131	412	81
8WUI_B	pdb|9IS8|C	34.357	684	838	885	2.58e-131	412	81
8WUI_B	pdb|9IS8|A	34.357	684	838	885	2.58e-131	412	81
8WUI_B	pdb|7WM1|C	34.357	684	838	885	2.58e-131	412	81
8WUI_B	pdb|7WM1|A	34.357	684	838	885	2.58e-131	412	81
8WUI_B	pdb|7WM2|D	34.357	684	838	895	3.19e-131	412	81
8WUI_B	pdb|7WM2|C	34.357	684	838	895	3.19e-131	412	81
8WUI_B	pdb|7WM2|B	34.357	684	838	895	3.19e-131	412	81
8WUI_B	pdb|7WM2|A	34.357	684	838	895	3.19e-131	412	81
8WUI_B	pdb|7FCV|D	34.357	684	838	857	3.28e-131	410	81
8WUI_B	pdb|7FCV|C	34.357	684	838	857	3.28e-131	410	81
8WUI_B	pdb|7FCV|B	34.357	684	838	857	3.28e-131	410	81
8WUI_B	pdb|7FCV|A	34.357	684	838	857	3.28e-131	410	81
8WUI_B	pdb|7CAL|D	35.102	490	838	677	9.67e-97	314	65
8WUI_B	pdb|7CAL|D	33.803	71	838	677	2.73e-04	42.0	65
8WUI_B	pdb|7CAL|C	35.102	490	838	677	9.67e-97	314	65
8WUI_B	pdb|7CAL|C	33.803	71	838	677	2.73e-04	42.0	65
8WUI_B	pdb|7CAL|B	35.102	490	838	677	9.67e-97	314	65
8WUI_B	pdb|7CAL|B	33.803	71	838	677	2.73e-04	42.0	65
8WUI_B	pdb|7CAL|A	35.102	490	838	677	9.67e-97	314	65
8WUI_B	pdb|7CAL|A	33.803	71	838	677	2.73e-04	42.0	65
8WUI_B	pdb|7XUF|C	36.735	441	838	662	4.37e-83	277	52
8WUI_B	pdb|7XUF|A	36.735	441	838	662	4.37e-83	277	52
8WUI_B	pdb|7WM1|D	36.735	441	838	690	7.92e-83	277	52
8WUI_B	pdb|7WM1|B	36.735	441	838	690	7.92e-83	277	52
8WUI_B	pdb|9IS8|B	36.735	441	838	710	9.58e-83	278	52
8WUI_B	pdb|9KCV|D	21.368	468	838	798	6.20e-17	83.2	46
8WUI_B	pdb|9KCV|C	21.368	468	838	798	6.20e-17	83.2	46
8WUI_B	pdb|9KCV|B	21.368	468	838	798	6.20e-17	83.2	46
8WUI_B	pdb|9KCV|A	21.368	468	838	798	6.20e-17	83.2	46
8WUI_B	pdb|9KCU|D	21.368	468	838	662	4.78e-16	80.1	46
8WUI_B	pdb|9KCU|C	21.368	468	838	662	4.78e-16	80.1	46
8WUI_B	pdb|9KCU|B	21.368	468	838	662	4.78e-16	80.1	46
8WUI_B	pdb|9KCU|A	21.368	468	838	662	4.78e-16	80.1	46
8WUI_B	pdb|9J36|D	26.203	187	838	726	1.94e-14	75.1	22
8WUI_B	pdb|9J36|C	26.203	187	838	726	1.94e-14	75.1	22
8WUI_B	pdb|9J36|B	26.203	187	838	726	1.94e-14	75.1	22
8WUI_B	pdb|9J36|A	26.203	187	838	726	1.94e-14	75.1	22
8WUI_B	pdb|9J35|D	26.203	187	838	726	1.94e-14	75.1	22
8WUI_B	pdb|9J35|C	26.203	187	838	726	1.94e-14	75.1	22
8WUI_B	pdb|9J35|B	26.203	187	838	726	1.94e-14	75.1	22
8WUI_B	pdb|9J35|A	26.203	187	838	726	1.94e-14	75.1	22
8WUI_B	pdb|9J34|D	21.485	377	838	716	4.51e-12	67.4	37
8WUI_B	pdb|9J34|C	21.485	377	838	716	4.51e-12	67.4	37
8WUI_C	pdb|7WSW|D	33.074	771	838	879	1.81e-134	420	90
8WUI_C	pdb|7WSW|C	33.074	771	838	879	1.81e-134	420	90
8WUI_C	pdb|7WSW|B	33.074	771	838	879	1.81e-134	420	90
8WUI_C	pdb|7WSW|A	33.074	771	838	879	1.81e-134	420	90
8WUI_C	pdb|7XUF|D	34.357	684	838	857	1.50e-131	411	81
8WUI_C	pdb|7XUF|B	34.357	684	838	857	1.50e-131	411	81
8WUI_C	pdb|7T4X|D	34.357	684	838	857	1.50e-131	411	81
8WUI_C	pdb|7T4X|C	34.357	684	838	857	1.50e-131	411	81
8WUI_C	pdb|7T4X|B	34.357	684	838	857	1.50e-131	411	81
8WUI_C	pdb|7T4X|A	34.357	684	838	857	1.50e-131	411	81
8WUI_C	pdb|9IS8|D	34.357	684	838	885	2.58e-131	412	81
8WUI_C	pdb|9IS8|C	34.357	684	838	885	2.58e-131	412	81
8WUI_C	pdb|9IS8|A	34.357	684	838	885	2.58e-131	412	81
8WUI_C	pdb|7WM1|C	34.357	684	838	885	2.58e-131	412	81
8WUI_C	pdb|7WM1|A	34.357	684	838	885	2.58e-131	412	81
8WUI_C	pdb|7WM2|D	34.357	684	838	895	3.19e-131	412	81
8WUI_C	pdb|7WM2|C	34.357	684	838	895	3.19e-131	412	81
8WUI_C	pdb|7WM2|B	34.357	684	838	895	3.19e-131	412	81
8WUI_C	pdb|7WM2|A	34.357	684	838	895	3.19e-131	412	81
8WUI_C	pdb|7FCV|D	34.357	684	838	857	3.28e-131	410	81
8WUI_C	pdb|7FCV|C	34.357	684	838	857	3.28e-131	410	81
8WUI_C	pdb|7FCV|B	34.357	684	838	857	3.28e-131	410	81
8WUI_C	pdb|7FCV|A	34.357	684	838	857	3.28e-131	410	81
8WUI_C	pdb|7CAL|D	35.102	490	838	677	9.67e-97	314	65
8WUI_C	pdb|7CAL|D	33.803	71	838	677	2.73e-04	42.0	65
8WUI_C	pdb|7CAL|C	35.102	490	838	677	9.67e-97	314	65
8WUI_C	pdb|7CAL|C	33.803	71	838	677	2.73e-04	42.0	65
8WUI_C	pdb|7CAL|B	35.102	490	838	677	9.67e-97	314	65
8WUI_C	pdb|7CAL|B	33.803	71	838	677	2.73e-04	42.0	65
8WUI_C	pdb|7CAL|A	35.102	490	838	677	9.67e-97	314	65
8WUI_C	pdb|7CAL|A	33.803	71	838	677	2.73e-04	42.0	65
8WUI_C	pdb|7XUF|C	36.735	441	838	662	4.37e-83	277	52
8WUI_C	pdb|7XUF|A	36.735	441	838	662	4.37e-83	277	52
8WUI_C	pdb|7WM1|D	36.735	441	838	690	7.92e-83	277	52
8WUI_C	pdb|7WM1|B	36.735	441	838	690	7.92e-83	277	52
8WUI_C	pdb|9IS8|B	36.735	441	838	710	9.58e-83	278	52
8WUI_C	pdb|9KCV|D	21.368	468	838	798	6.20e-17	83.2	46
8WUI_C	pdb|9KCV|C	21.368	468	838	798	6.20e-17	83.2	46
8WUI_C	pdb|9KCV|B	21.368	468	838	798	6.20e-17	83.2	46
8WUI_C	pdb|9KCV|A	21.368	468	838	798	6.20e-17	83.2	46
8WUI_C	pdb|9KCU|D	21.368	468	838	662	4.78e-16	80.1	46
8WUI_C	pdb|9KCU|C	21.368	468	838	662	4.78e-16	80.1	46
8WUI_C	pdb|9KCU|B	21.368	468	838	662	4.78e-16	80.1	46
8WUI_C	pdb|9KCU|A	21.368	468	838	662	4.78e-16	80.1	46
8WUI_C	pdb|9J36|D	26.203	187	838	726	1.94e-14	75.1	22
8WUI_C	pdb|9J36|C	26.203	187	838	726	1.94e-14	75.1	22
8WUI_C	pdb|9J36|B	26.203	187	838	726	1.94e-14	75.1	22
8WUI_C	pdb|9J36|A	26.203	187	838	726	1.94e-14	75.1	22
8WUI_C	pdb|9J35|D	26.203	187	838	726	1.94e-14	75.1	22
8WUI_C	pdb|9J35|C	26.203	187	838	726	1.94e-14	75.1	22
8WUI_C	pdb|9J35|B	26.203	187	838	726	1.94e-14	75.1	22
8WUI_C	pdb|9J35|A	26.203	187	838	726	1.94e-14	75.1	22
8WUI_C	pdb|9J34|D	21.485	377	838	716	4.51e-12	67.4	37
8WUI_C	pdb|9J34|C	21.485	377	838	716	4.51e-12	67.4	37
8WUI_D	pdb|7WSW|D	33.074	771	838	879	1.81e-134	420	90
8WUI_D	pdb|7WSW|C	33.074	771	838	879	1.81e-134	420	90
8WUI_D	pdb|7WSW|B	33.074	771	838	879	1.81e-134	420	90
8WUI_D	pdb|7WSW|A	33.074	771	838	879	1.81e-134	420	90
8WUI_D	pdb|7XUF|D	34.357	684	838	857	1.50e-131	411	81
8WUI_D	pdb|7XUF|B	34.357	684	838	857	1.50e-131	411	81
8WUI_D	pdb|7T4X|D	34.357	684	838	857	1.50e-131	411	81
8WUI_D	pdb|7T4X|C	34.357	684	838	857	1.50e-131	411	81
8WUI_D	pdb|7T4X|B	34.357	684	838	857	1.50e-131	411	81
8WUI_D	pdb|7T4X|A	34.357	684	838	857	1.50e-131	411	81
8WUI_D	pdb|9IS8|D	34.357	684	838	885	2.58e-131	412	81
8WUI_D	pdb|9IS8|C	34.357	684	838	885	2.58e-131	412	81
8WUI_D	pdb|9IS8|A	34.357	684	838	885	2.58e-131	412	81
8WUI_D	pdb|7WM1|C	34.357	684	838	885	2.58e-131	412	81
8WUI_D	pdb|7WM1|A	34.357	684	838	885	2.58e-131	412	81
8WUI_D	pdb|7WM2|D	34.357	684	838	895	3.19e-131	412	81
8WUI_D	pdb|7WM2|C	34.357	684	838	895	3.19e-131	412	81
8WUI_D	pdb|7WM2|B	34.357	684	838	895	3.19e-131	412	81
8WUI_D	pdb|7WM2|A	34.357	684	838	895	3.19e-131	412	81
8WUI_D	pdb|7FCV|D	34.357	684	838	857	3.28e-131	410	81
8WUI_D	pdb|7FCV|C	34.357	684	838	857	3.28e-131	410	81
8WUI_D	pdb|7FCV|B	34.357	684	838	857	3.28e-131	410	81
8WUI_D	pdb|7FCV|A	34.357	684	838	857	3.28e-131	410	81
8WUI_D	pdb|7CAL|D	35.102	490	838	677	9.67e-97	314	65
8WUI_D	pdb|7CAL|D	33.803	71	838	677	2.73e-04	42.0	65
8WUI_D	pdb|7CAL|C	35.102	490	838	677	9.67e-97	314	65
8WUI_D	pdb|7CAL|C	33.803	71	838	677	2.73e-04	42.0	65
8WUI_D	pdb|7CAL|B	35.102	490	838	677	9.67e-97	314	65
8WUI_D	pdb|7CAL|B	33.803	71	838	677	2.73e-04	42.0	65
8WUI_D	pdb|7CAL|A	35.102	490	838	677	9.67e-97	314	65
8WUI_D	pdb|7CAL|A	33.803	71	838	677	2.73e-04	42.0	65
8WUI_D	pdb|7XUF|C	36.735	441	838	662	4.37e-83	277	52
8WUI_D	pdb|7XUF|A	36.735	441	838	662	4.37e-83	277	52
8WUI_D	pdb|7WM1|D	36.735	441	838	690	7.92e-83	277	52
8WUI_D	pdb|7WM1|B	36.735	441	838	690	7.92e-83	277	52
8WUI_D	pdb|9IS8|B	36.735	441	838	710	9.58e-83	278	52
8WUI_D	pdb|9KCV|D	21.368	468	838	798	6.20e-17	83.2	46
8WUI_D	pdb|9KCV|C	21.368	468	838	798	6.20e-17	83.2	46
8WUI_D	pdb|9KCV|B	21.368	468	838	798	6.20e-17	83.2	46
8WUI_D	pdb|9KCV|A	21.368	468	838	798	6.20e-17	83.2	46
8WUI_D	pdb|9KCU|D	21.368	468	838	662	4.78e-16	80.1	46
8WUI_D	pdb|9KCU|C	21.368	468	838	662	4.78e-16	80.1	46
8WUI_D	pdb|9KCU|B	21.368	468	838	662	4.78e-16	80.1	46
8WUI_D	pdb|9KCU|A	21.368	468	838	662	4.78e-16	80.1	46
8WUI_D	pdb|9J36|D	26.203	187	838	726	1.94e-14	75.1	22
8WUI_D	pdb|9J36|C	26.203	187	838	726	1.94e-14	75.1	22
8WUI_D	pdb|9J36|B	26.203	187	838	726	1.94e-14	75.1	22
8WUI_D	pdb|9J36|A	26.203	187	838	726	1.94e-14	75.1	22
8WUI_D	pdb|9J35|D	26.203	187	838	726	1.94e-14	75.1	22
8WUI_D	pdb|9J35|C	26.203	187	838	726	1.94e-14	75.1	22
8WUI_D	pdb|9J35|B	26.203	187	838	726	1.94e-14	75.1	22
8WUI_D	pdb|9J35|A	26.203	187	838	726	1.94e-14	75.1	22
8WUI_D	pdb|9J34|D	21.485	377	838	716	4.51e-12	67.4	37
8WUI_D	pdb|9J34|C	21.485	377	838	716	4.51e-12	67.4	37
9J0X_A	pdb|9IS8|D	31.807	830	820	885	2.01e-130	409	93
9J0X_A	pdb|9IS8|C	31.807	830	820	885	2.01e-130	409	93
9J0X_A	pdb|9IS8|A	31.807	830	820	885	2.01e-130	409	93
9J0X_A	pdb|7WM1|C	31.807	830	820	885	2.01e-130	409	93
9J0X_A	pdb|7WM1|A	31.807	830	820	885	2.01e-130	409	93
9J0X_A	pdb|7WM2|D	31.807	830	820	895	2.36e-130	409	93
9J0X_A	pdb|7WM2|C	31.807	830	820	895	2.36e-130	409	93
9J0X_A	pdb|7WM2|B	31.807	830	820	895	2.36e-130	409	93
9J0X_A	pdb|7WM2|A	31.807	830	820	895	2.36e-130	409	93
9J0X_A	pdb|7WSW|D	31.807	830	820	879	2.39e-130	408	93
9J0X_A	pdb|7WSW|C	31.807	830	820	879	2.39e-130	408	93
9J0X_A	pdb|7WSW|B	31.807	830	820	879	2.39e-130	408	93
9J0X_A	pdb|7WSW|A	31.807	830	820	879	2.39e-130	408	93
9J0X_A	pdb|7XUF|D	31.807	830	820	857	2.78e-130	407	93
9J0X_A	pdb|7XUF|B	31.807	830	820	857	2.78e-130	407	93
9J0X_A	pdb|7T4X|D	31.807	830	820	857	2.78e-130	407	93
9J0X_A	pdb|7T4X|C	31.807	830	820	857	2.78e-130	407	93
9J0X_A	pdb|7T4X|B	31.807	830	820	857	2.78e-130	407	93
9J0X_A	pdb|7T4X|A	31.807	830	820	857	2.78e-130	407	93
9J0X_A	pdb|7FCV|D	31.807	830	820	857	5.40e-130	407	93
9J0X_A	pdb|7FCV|C	31.807	830	820	857	5.40e-130	407	93
9J0X_A	pdb|7FCV|B	31.807	830	820	857	5.40e-130	407	93
9J0X_A	pdb|7FCV|A	31.807	830	820	857	5.40e-130	407	93
9J0X_A	pdb|7CAL|D	36.076	474	820	677	9.30e-94	306	57
9J0X_A	pdb|7CAL|C	36.076	474	820	677	9.30e-94	306	57
9J0X_A	pdb|7CAL|B	36.076	474	820	677	9.30e-94	306	57
9J0X_A	pdb|7CAL|A	36.076	474	820	677	9.30e-94	306	57
9J0X_A	pdb|7XUF|C	35.699	479	820	662	2.41e-82	275	57
9J0X_A	pdb|7XUF|A	35.699	479	820	662	2.41e-82	275	57
9J0X_A	pdb|7WM1|D	35.699	479	820	690	4.48e-82	275	57
9J0X_A	pdb|7WM1|B	35.699	479	820	690	4.48e-82	275	57
9J0X_A	pdb|9IS8|B	35.699	479	820	710	7.11e-82	275	57
9J0X_A	pdb|9J36|D	26.728	217	820	726	1.99e-14	74.7	26
9J0X_A	pdb|9J36|C	26.728	217	820	726	1.99e-14	74.7	26
9J0X_A	pdb|9J36|B	26.728	217	820	726	1.99e-14	74.7	26
9J0X_A	pdb|9J36|A	26.728	217	820	726	1.99e-14	74.7	26
9J0X_A	pdb|9J35|D	26.728	217	820	726	1.99e-14	74.7	26
9J0X_A	pdb|9J35|C	26.728	217	820	726	1.99e-14	74.7	26
9J0X_A	pdb|9J35|B	26.728	217	820	726	1.99e-14	74.7	26
9J0X_A	pdb|9J35|A	26.728	217	820	726	1.99e-14	74.7	26
9J0X_A	pdb|9KCV|D	19.079	456	820	798	1.29e-13	72.4	47
9J0X_A	pdb|9KCV|C	19.079	456	820	798	1.29e-13	72.4	47
9J0X_A	pdb|9KCV|B	19.079	456	820	798	1.29e-13	72.4	47
9J0X_A	pdb|9KCV|A	19.079	456	820	798	1.29e-13	72.4	47
9J0X_A	pdb|9KCU|D	19.079	456	820	662	1.03e-12	69.3	47
9J0X_A	pdb|9KCU|C	19.079	456	820	662	1.03e-12	69.3	47
9J0X_A	pdb|9KCU|B	19.079	456	820	662	1.03e-12	69.3	47
9J0X_A	pdb|9KCU|A	19.079	456	820	662	1.03e-12	69.3	47
9J0X_A	pdb|9J34|D	23.280	189	820	716	1.23e-09	59.3	22
9J0X_A	pdb|9J34|C	23.280	189	820	716	1.23e-09	59.3	22
9J0X_B	pdb|9IS8|D	31.807	830	820	885	2.01e-130	409	93
9J0X_B	pdb|9IS8|C	31.807	830	820	885	2.01e-130	409	93
9J0X_B	pdb|9IS8|A	31.807	830	820	885	2.01e-130	409	93
9J0X_B	pdb|7WM1|C	31.807	830	820	885	2.01e-130	409	93
9J0X_B	pdb|7WM1|A	31.807	830	820	885	2.01e-130	409	93
9J0X_B	pdb|7WM2|D	31.807	830	820	895	2.36e-130	409	93
9J0X_B	pdb|7WM2|C	31.807	830	820	895	2.36e-130	409	93
9J0X_B	pdb|7WM2|B	31.807	830	820	895	2.36e-130	409	93
9J0X_B	pdb|7WM2|A	31.807	830	820	895	2.36e-130	409	93
9J0X_B	pdb|7WSW|D	31.807	830	820	879	2.39e-130	408	93
9J0X_B	pdb|7WSW|C	31.807	830	820	879	2.39e-130	408	93
9J0X_B	pdb|7WSW|B	31.807	830	820	879	2.39e-130	408	93
9J0X_B	pdb|7WSW|A	31.807	830	820	879	2.39e-130	408	93
9J0X_B	pdb|7XUF|D	31.807	830	820	857	2.78e-130	407	93
9J0X_B	pdb|7XUF|B	31.807	830	820	857	2.78e-130	407	93
9J0X_B	pdb|7T4X|D	31.807	830	820	857	2.78e-130	407	93
9J0X_B	pdb|7T4X|C	31.807	830	820	857	2.78e-130	407	93
9J0X_B	pdb|7T4X|B	31.807	830	820	857	2.78e-130	407	93
9J0X_B	pdb|7T4X|A	31.807	830	820	857	2.78e-130	407	93
9J0X_B	pdb|7FCV|D	31.807	830	820	857	5.40e-130	407	93
9J0X_B	pdb|7FCV|C	31.807	830	820	857	5.40e-130	407	93
9J0X_B	pdb|7FCV|B	31.807	830	820	857	5.40e-130	407	93
9J0X_B	pdb|7FCV|A	31.807	830	820	857	5.40e-130	407	93
9J0X_B	pdb|7CAL|D	36.076	474	820	677	9.30e-94	306	57
9J0X_B	pdb|7CAL|C	36.076	474	820	677	9.30e-94	306	57
9J0X_B	pdb|7CAL|B	36.076	474	820	677	9.30e-94	306	57
9J0X_B	pdb|7CAL|A	36.076	474	820	677	9.30e-94	306	57
9J0X_B	pdb|7XUF|C	35.699	479	820	662	2.41e-82	275	57
9J0X_B	pdb|7XUF|A	35.699	479	820	662	2.41e-82	275	57
9J0X_B	pdb|7WM1|D	35.699	479	820	690	4.48e-82	275	57
9J0X_B	pdb|7WM1|B	35.699	479	820	690	4.48e-82	275	57
9J0X_B	pdb|9IS8|B	35.699	479	820	710	7.11e-82	275	57
9J0X_B	pdb|9J36|D	26.728	217	820	726	1.99e-14	74.7	26
9J0X_B	pdb|9J36|C	26.728	217	820	726	1.99e-14	74.7	26
9J0X_B	pdb|9J36|B	26.728	217	820	726	1.99e-14	74.7	26
9J0X_B	pdb|9J36|A	26.728	217	820	726	1.99e-14	74.7	26
9J0X_B	pdb|9J35|D	26.728	217	820	726	1.99e-14	74.7	26
9J0X_B	pdb|9J35|C	26.728	217	820	726	1.99e-14	74.7	26
9J0X_B	pdb|9J35|B	26.728	217	820	726	1.99e-14	74.7	26
9J0X_B	pdb|9J35|A	26.728	217	820	726	1.99e-14	74.7	26
9J0X_B	pdb|9KCV|D	19.079	456	820	798	1.29e-13	72.4	47
9J0X_B	pdb|9KCV|C	19.079	456	820	798	1.29e-13	72.4	47
9J0X_B	pdb|9KCV|B	19.079	456	820	798	1.29e-13	72.4	47
9J0X_B	pdb|9KCV|A	19.079	456	820	798	1.29e-13	72.4	47
9J0X_B	pdb|9KCU|D	19.079	456	820	662	1.03e-12	69.3	47
9J0X_B	pdb|9KCU|C	19.079	456	820	662	1.03e-12	69.3	47
9J0X_B	pdb|9KCU|B	19.079	456	820	662	1.03e-12	69.3	47
9J0X_B	pdb|9KCU|A	19.079	456	820	662	1.03e-12	69.3	47
9J0X_B	pdb|9J34|D	23.280	189	820	716	1.23e-09	59.3	22
9J0X_B	pdb|9J34|C	23.280	189	820	716	1.23e-09	59.3	22
9J0X_C	pdb|9IS8|D	31.807	830	820	885	2.01e-130	409	93
9J0X_C	pdb|9IS8|C	31.807	830	820	885	2.01e-130	409	93
9J0X_C	pdb|9IS8|A	31.807	830	820	885	2.01e-130	409	93
9J0X_C	pdb|7WM1|C	31.807	830	820	885	2.01e-130	409	93
9J0X_C	pdb|7WM1|A	31.807	830	820	885	2.01e-130	409	93
9J0X_C	pdb|7WM2|D	31.807	830	820	895	2.36e-130	409	93
9J0X_C	pdb|7WM2|C	31.807	830	820	895	2.36e-130	409	93
9J0X_C	pdb|7WM2|B	31.807	830	820	895	2.36e-130	409	93
9J0X_C	pdb|7WM2|A	31.807	830	820	895	2.36e-130	409	93
9J0X_C	pdb|7WSW|D	31.807	830	820	879	2.39e-130	408	93
9J0X_C	pdb|7WSW|C	31.807	830	820	879	2.39e-130	408	93
9J0X_C	pdb|7WSW|B	31.807	830	820	879	2.39e-130	408	93
9J0X_C	pdb|7WSW|A	31.807	830	820	879	2.39e-130	408	93
9J0X_C	pdb|7XUF|D	31.807	830	820	857	2.78e-130	407	93
9J0X_C	pdb|7XUF|B	31.807	830	820	857	2.78e-130	407	93
9J0X_C	pdb|7T4X|D	31.807	830	820	857	2.78e-130	407	93
9J0X_C	pdb|7T4X|C	31.807	830	820	857	2.78e-130	407	93
9J0X_C	pdb|7T4X|B	31.807	830	820	857	2.78e-130	407	93
9J0X_C	pdb|7T4X|A	31.807	830	820	857	2.78e-130	407	93
9J0X_C	pdb|7FCV|D	31.807	830	820	857	5.40e-130	407	93
9J0X_C	pdb|7FCV|C	31.807	830	820	857	5.40e-130	407	93
9J0X_C	pdb|7FCV|B	31.807	830	820	857	5.40e-130	407	93
9J0X_C	pdb|7FCV|A	31.807	830	820	857	5.40e-130	407	93
9J0X_C	pdb|7CAL|D	36.076	474	820	677	9.30e-94	306	57
9J0X_C	pdb|7CAL|C	36.076	474	820	677	9.30e-94	306	57
9J0X_C	pdb|7CAL|B	36.076	474	820	677	9.30e-94	306	57
9J0X_C	pdb|7CAL|A	36.076	474	820	677	9.30e-94	306	57
9J0X_C	pdb|7XUF|C	35.699	479	820	662	2.41e-82	275	57
9J0X_C	pdb|7XUF|A	35.699	479	820	662	2.41e-82	275	57
9J0X_C	pdb|7WM1|D	35.699	479	820	690	4.48e-82	275	57
9J0X_C	pdb|7WM1|B	35.699	479	820	690	4.48e-82	275	57
9J0X_C	pdb|9IS8|B	35.699	479	820	710	7.11e-82	275	57
9J0X_C	pdb|9J36|D	26.728	217	820	726	1.99e-14	74.7	26
9J0X_C	pdb|9J36|C	26.728	217	820	726	1.99e-14	74.7	26
9J0X_C	pdb|9J36|B	26.728	217	820	726	1.99e-14	74.7	26
9J0X_C	pdb|9J36|A	26.728	217	820	726	1.99e-14	74.7	26
9J0X_C	pdb|9J35|D	26.728	217	820	726	1.99e-14	74.7	26
9J0X_C	pdb|9J35|C	26.728	217	820	726	1.99e-14	74.7	26
9J0X_C	pdb|9J35|B	26.728	217	820	726	1.99e-14	74.7	26
9J0X_C	pdb|9J35|A	26.728	217	820	726	1.99e-14	74.7	26
9J0X_C	pdb|9KCV|D	19.079	456	820	798	1.29e-13	72.4	47
9J0X_C	pdb|9KCV|C	19.079	456	820	798	1.29e-13	72.4	47
9J0X_C	pdb|9KCV|B	19.079	456	820	798	1.29e-13	72.4	47
9J0X_C	pdb|9KCV|A	19.079	456	820	798	1.29e-13	72.4	47
9J0X_C	pdb|9KCU|D	19.079	456	820	662	1.03e-12	69.3	47
9J0X_C	pdb|9KCU|C	19.079	456	820	662	1.03e-12	69.3	47
9J0X_C	pdb|9KCU|B	19.079	456	820	662	1.03e-12	69.3	47
9J0X_C	pdb|9KCU|A	19.079	456	820	662	1.03e-12	69.3	47
9J0X_C	pdb|9J34|D	23.280	189	820	716	1.23e-09	59.3	22
9J0X_C	pdb|9J34|C	23.280	189	820	716	1.23e-09	59.3	22
9J0X_D	pdb|9IS8|D	31.807	830	820	885	2.01e-130	409	93
9J0X_D	pdb|9IS8|C	31.807	830	820	885	2.01e-130	409	93
9J0X_D	pdb|9IS8|A	31.807	830	820	885	2.01e-130	409	93
9J0X_D	pdb|7WM1|C	31.807	830	820	885	2.01e-130	409	93
9J0X_D	pdb|7WM1|A	31.807	830	820	885	2.01e-130	409	93
9J0X_D	pdb|7WM2|D	31.807	830	820	895	2.36e-130	409	93
9J0X_D	pdb|7WM2|C	31.807	830	820	895	2.36e-130	409	93
9J0X_D	pdb|7WM2|B	31.807	830	820	895	2.36e-130	409	93
9J0X_D	pdb|7WM2|A	31.807	830	820	895	2.36e-130	409	93
9J0X_D	pdb|7WSW|D	31.807	830	820	879	2.39e-130	408	93
9J0X_D	pdb|7WSW|C	31.807	830	820	879	2.39e-130	408	93
9J0X_D	pdb|7WSW|B	31.807	830	820	879	2.39e-130	408	93
9J0X_D	pdb|7WSW|A	31.807	830	820	879	2.39e-130	408	93
9J0X_D	pdb|7XUF|D	31.807	830	820	857	2.78e-130	407	93
9J0X_D	pdb|7XUF|B	31.807	830	820	857	2.78e-130	407	93
9J0X_D	pdb|7T4X|D	31.807	830	820	857	2.78e-130	407	93
9J0X_D	pdb|7T4X|C	31.807	830	820	857	2.78e-130	407	93
9J0X_D	pdb|7T4X|B	31.807	830	820	857	2.78e-130	407	93
9J0X_D	pdb|7T4X|A	31.807	830	820	857	2.78e-130	407	93
9J0X_D	pdb|7FCV|D	31.807	830	820	857	5.40e-130	407	93
9J0X_D	pdb|7FCV|C	31.807	830	820	857	5.40e-130	407	93
9J0X_D	pdb|7FCV|B	31.807	830	820	857	5.40e-130	407	93
9J0X_D	pdb|7FCV|A	31.807	830	820	857	5.40e-130	407	93
9J0X_D	pdb|7CAL|D	36.076	474	820	677	9.30e-94	306	57
9J0X_D	pdb|7CAL|C	36.076	474	820	677	9.30e-94	306	57
9J0X_D	pdb|7CAL|B	36.076	474	820	677	9.30e-94	306	57
9J0X_D	pdb|7CAL|A	36.076	474	820	677	9.30e-94	306	57
9J0X_D	pdb|7XUF|C	35.699	479	820	662	2.41e-82	275	57
9J0X_D	pdb|7XUF|A	35.699	479	820	662	2.41e-82	275	57
9J0X_D	pdb|7WM1|D	35.699	479	820	690	4.48e-82	275	57
9J0X_D	pdb|7WM1|B	35.699	479	820	690	4.48e-82	275	57
9J0X_D	pdb|9IS8|B	35.699	479	820	710	7.11e-82	275	57
9J0X_D	pdb|9J36|D	26.728	217	820	726	1.99e-14	74.7	26
9J0X_D	pdb|9J36|C	26.728	217	820	726	1.99e-14	74.7	26
9J0X_D	pdb|9J36|B	26.728	217	820	726	1.99e-14	74.7	26
9J0X_D	pdb|9J36|A	26.728	217	820	726	1.99e-14	74.7	26
9J0X_D	pdb|9J35|D	26.728	217	820	726	1.99e-14	74.7	26
9J0X_D	pdb|9J35|C	26.728	217	820	726	1.99e-14	74.7	26
9J0X_D	pdb|9J35|B	26.728	217	820	726	1.99e-14	74.7	26
9J0X_D	pdb|9J35|A	26.728	217	820	726	1.99e-14	74.7	26
9J0X_D	pdb|9KCV|D	19.079	456	820	798	1.29e-13	72.4	47
9J0X_D	pdb|9KCV|C	19.079	456	820	798	1.29e-13	72.4	47
9J0X_D	pdb|9KCV|B	19.079	456	820	798	1.29e-13	72.4	47
9J0X_D	pdb|9KCV|A	19.079	456	820	798	1.29e-13	72.4	47
9J0X_D	pdb|9KCU|D	19.079	456	820	662	1.03e-12	69.3	47
9J0X_D	pdb|9KCU|C	19.079	456	820	662	1.03e-12	69.3	47
9J0X_D	pdb|9KCU|B	19.079	456	820	662	1.03e-12	69.3	47
9J0X_D	pdb|9KCU|A	19.079	456	820	662	1.03e-12	69.3	47
9J0X_D	pdb|9J34|D	23.280	189	820	716	1.23e-09	59.3	22
9J0X_D	pdb|9J34|C	23.280	189	820	716	1.23e-09	59.3	22
9J0Y_A	pdb|7WM2|D	31.687	830	820	895	5.02e-129	405	93
9J0Y_A	pdb|7WM2|C	31.687	830	820	895	5.02e-129	405	93
9J0Y_A	pdb|7WM2|B	31.687	830	820	895	5.02e-129	405	93
9J0Y_A	pdb|7WM2|A	31.687	830	820	895	5.02e-129	405	93
9J0Y_A	pdb|7WSW|D	31.687	830	820	879	5.47e-129	405	93
9J0Y_A	pdb|7WSW|C	31.687	830	820	879	5.47e-129	405	93
9J0Y_A	pdb|7WSW|B	31.687	830	820	879	5.47e-129	405	93
9J0Y_A	pdb|7WSW|A	31.687	830	820	879	5.47e-129	405	93
9J0Y_A	pdb|7XUF|D	31.687	830	820	857	5.50e-129	404	93
9J0Y_A	pdb|7XUF|B	31.687	830	820	857	5.50e-129	404	93
9J0Y_A	pdb|7T4X|D	31.687	830	820	857	5.50e-129	404	93
9J0Y_A	pdb|7T4X|C	31.687	830	820	857	5.50e-129	404	93
9J0Y_A	pdb|7T4X|B	31.687	830	820	857	5.50e-129	404	93
9J0Y_A	pdb|7T4X|A	31.687	830	820	857	5.50e-129	404	93
9J0Y_A	pdb|9IS8|D	31.687	830	820	885	6.01e-129	405	93
9J0Y_A	pdb|9IS8|C	31.687	830	820	885	6.01e-129	405	93
9J0Y_A	pdb|9IS8|A	31.687	830	820	885	6.01e-129	405	93
9J0Y_A	pdb|7WM1|C	31.687	830	820	885	6.01e-129	405	93
9J0Y_A	pdb|7WM1|A	31.687	830	820	885	6.01e-129	405	93
9J0Y_A	pdb|7FCV|D	31.687	830	820	857	1.42e-128	403	93
9J0Y_A	pdb|7FCV|C	31.687	830	820	857	1.42e-128	403	93
9J0Y_A	pdb|7FCV|B	31.687	830	820	857	1.42e-128	403	93
9J0Y_A	pdb|7FCV|A	31.687	830	820	857	1.42e-128	403	93
9J0Y_A	pdb|7CAL|D	35.654	474	820	677	1.92e-92	302	57
9J0Y_A	pdb|7CAL|C	35.654	474	820	677	1.92e-92	302	57
9J0Y_A	pdb|7CAL|B	35.654	474	820	677	1.92e-92	302	57
9J0Y_A	pdb|7CAL|A	35.654	474	820	677	1.92e-92	302	57
9J0Y_A	pdb|7XUF|C	35.699	479	820	662	9.57e-83	276	57
9J0Y_A	pdb|7XUF|A	35.699	479	820	662	9.57e-83	276	57
9J0Y_A	pdb|7WM1|D	35.699	479	820	690	1.90e-82	276	57
9J0Y_A	pdb|7WM1|B	35.699	479	820	690	1.90e-82	276	57
9J0Y_A	pdb|9IS8|B	35.699	479	820	710	2.81e-82	276	57
9J0Y_A	pdb|9J36|D	26.484	219	820	726	4.24e-14	73.9	26
9J0Y_A	pdb|9J36|C	26.484	219	820	726	4.24e-14	73.9	26
9J0Y_A	pdb|9J36|B	26.484	219	820	726	4.24e-14	73.9	26
9J0Y_A	pdb|9J36|A	26.484	219	820	726	4.24e-14	73.9	26
9J0Y_A	pdb|9J35|D	26.484	219	820	726	4.24e-14	73.9	26
9J0Y_A	pdb|9J35|C	26.484	219	820	726	4.24e-14	73.9	26
9J0Y_A	pdb|9J35|B	26.484	219	820	726	4.24e-14	73.9	26
9J0Y_A	pdb|9J35|A	26.484	219	820	726	4.24e-14	73.9	26
9J0Y_A	pdb|9KCV|D	18.996	458	820	798	1.72e-13	72.0	47
9J0Y_A	pdb|9KCV|C	18.996	458	820	798	1.72e-13	72.0	47
9J0Y_A	pdb|9KCV|B	18.996	458	820	798	1.72e-13	72.0	47
9J0Y_A	pdb|9KCV|A	18.996	458	820	798	1.72e-13	72.0	47
9J0Y_A	pdb|9KCU|D	18.996	458	820	662	1.49e-12	68.9	47
9J0Y_A	pdb|9KCU|C	18.996	458	820	662	1.49e-12	68.9	47
9J0Y_A	pdb|9KCU|B	18.996	458	820	662	1.49e-12	68.9	47
9J0Y_A	pdb|9KCU|A	18.996	458	820	662	1.49e-12	68.9	47
9J0Y_A	pdb|9J34|D	22.751	189	820	716	2.68e-09	58.2	22
9J0Y_A	pdb|9J34|C	22.751	189	820	716	2.68e-09	58.2	22
9J0Y_B	pdb|7WM2|D	31.687	830	820	895	5.02e-129	405	93
9J0Y_B	pdb|7WM2|C	31.687	830	820	895	5.02e-129	405	93
9J0Y_B	pdb|7WM2|B	31.687	830	820	895	5.02e-129	405	93
9J0Y_B	pdb|7WM2|A	31.687	830	820	895	5.02e-129	405	93
9J0Y_B	pdb|7WSW|D	31.687	830	820	879	5.47e-129	405	93
9J0Y_B	pdb|7WSW|C	31.687	830	820	879	5.47e-129	405	93
9J0Y_B	pdb|7WSW|B	31.687	830	820	879	5.47e-129	405	93
9J0Y_B	pdb|7WSW|A	31.687	830	820	879	5.47e-129	405	93
9J0Y_B	pdb|7XUF|D	31.687	830	820	857	5.50e-129	404	93
9J0Y_B	pdb|7XUF|B	31.687	830	820	857	5.50e-129	404	93
9J0Y_B	pdb|7T4X|D	31.687	830	820	857	5.50e-129	404	93
9J0Y_B	pdb|7T4X|C	31.687	830	820	857	5.50e-129	404	93
9J0Y_B	pdb|7T4X|B	31.687	830	820	857	5.50e-129	404	93
9J0Y_B	pdb|7T4X|A	31.687	830	820	857	5.50e-129	404	93
9J0Y_B	pdb|9IS8|D	31.687	830	820	885	6.01e-129	405	93
9J0Y_B	pdb|9IS8|C	31.687	830	820	885	6.01e-129	405	93
9J0Y_B	pdb|9IS8|A	31.687	830	820	885	6.01e-129	405	93
9J0Y_B	pdb|7WM1|C	31.687	830	820	885	6.01e-129	405	93
9J0Y_B	pdb|7WM1|A	31.687	830	820	885	6.01e-129	405	93
9J0Y_B	pdb|7FCV|D	31.687	830	820	857	1.42e-128	403	93
9J0Y_B	pdb|7FCV|C	31.687	830	820	857	1.42e-128	403	93
9J0Y_B	pdb|7FCV|B	31.687	830	820	857	1.42e-128	403	93
9J0Y_B	pdb|7FCV|A	31.687	830	820	857	1.42e-128	403	93
9J0Y_B	pdb|7CAL|D	35.654	474	820	677	1.92e-92	302	57
9J0Y_B	pdb|7CAL|C	35.654	474	820	677	1.92e-92	302	57
9J0Y_B	pdb|7CAL|B	35.654	474	820	677	1.92e-92	302	57
9J0Y_B	pdb|7CAL|A	35.654	474	820	677	1.92e-92	302	57
9J0Y_B	pdb|7XUF|C	35.699	479	820	662	9.57e-83	276	57
9J0Y_B	pdb|7XUF|A	35.699	479	820	662	9.57e-83	276	57
9J0Y_B	pdb|7WM1|D	35.699	479	820	690	1.90e-82	276	57
9J0Y_B	pdb|7WM1|B	35.699	479	820	690	1.90e-82	276	57
9J0Y_B	pdb|9IS8|B	35.699	479	820	710	2.81e-82	276	57
9J0Y_B	pdb|9J36|D	26.484	219	820	726	4.24e-14	73.9	26
9J0Y_B	pdb|9J36|C	26.484	219	820	726	4.24e-14	73.9	26
9J0Y_B	pdb|9J36|B	26.484	219	820	726	4.24e-14	73.9	26
9J0Y_B	pdb|9J36|A	26.484	219	820	726	4.24e-14	73.9	26
9J0Y_B	pdb|9J35|D	26.484	219	820	726	4.24e-14	73.9	26
9J0Y_B	pdb|9J35|C	26.484	219	820	726	4.24e-14	73.9	26
9J0Y_B	pdb|9J35|B	26.484	219	820	726	4.24e-14	73.9	26
9J0Y_B	pdb|9J35|A	26.484	219	820	726	4.24e-14	73.9	26
9J0Y_B	pdb|9KCV|D	18.996	458	820	798	1.72e-13	72.0	47
9J0Y_B	pdb|9KCV|C	18.996	458	820	798	1.72e-13	72.0	47
9J0Y_B	pdb|9KCV|B	18.996	458	820	798	1.72e-13	72.0	47
9J0Y_B	pdb|9KCV|A	18.996	458	820	798	1.72e-13	72.0	47
9J0Y_B	pdb|9KCU|D	18.996	458	820	662	1.49e-12	68.9	47
9J0Y_B	pdb|9KCU|C	18.996	458	820	662	1.49e-12	68.9	47
9J0Y_B	pdb|9KCU|B	18.996	458	820	662	1.49e-12	68.9	47
9J0Y_B	pdb|9KCU|A	18.996	458	820	662	1.49e-12	68.9	47
9J0Y_B	pdb|9J34|D	22.751	189	820	716	2.68e-09	58.2	22
9J0Y_B	pdb|9J34|C	22.751	189	820	716	2.68e-09	58.2	22
9J0Y_C	pdb|7WM2|D	31.687	830	820	895	5.02e-129	405	93
9J0Y_C	pdb|7WM2|C	31.687	830	820	895	5.02e-129	405	93
9J0Y_C	pdb|7WM2|B	31.687	830	820	895	5.02e-129	405	93
9J0Y_C	pdb|7WM2|A	31.687	830	820	895	5.02e-129	405	93
9J0Y_C	pdb|7WSW|D	31.687	830	820	879	5.47e-129	405	93
9J0Y_C	pdb|7WSW|C	31.687	830	820	879	5.47e-129	405	93
9J0Y_C	pdb|7WSW|B	31.687	830	820	879	5.47e-129	405	93
9J0Y_C	pdb|7WSW|A	31.687	830	820	879	5.47e-129	405	93
9J0Y_C	pdb|7XUF|D	31.687	830	820	857	5.50e-129	404	93
9J0Y_C	pdb|7XUF|B	31.687	830	820	857	5.50e-129	404	93
9J0Y_C	pdb|7T4X|D	31.687	830	820	857	5.50e-129	404	93
9J0Y_C	pdb|7T4X|C	31.687	830	820	857	5.50e-129	404	93
9J0Y_C	pdb|7T4X|B	31.687	830	820	857	5.50e-129	404	93
9J0Y_C	pdb|7T4X|A	31.687	830	820	857	5.50e-129	404	93
9J0Y_C	pdb|9IS8|D	31.687	830	820	885	6.01e-129	405	93
9J0Y_C	pdb|9IS8|C	31.687	830	820	885	6.01e-129	405	93
9J0Y_C	pdb|9IS8|A	31.687	830	820	885	6.01e-129	405	93
9J0Y_C	pdb|7WM1|C	31.687	830	820	885	6.01e-129	405	93
9J0Y_C	pdb|7WM1|A	31.687	830	820	885	6.01e-129	405	93
9J0Y_C	pdb|7FCV|D	31.687	830	820	857	1.42e-128	403	93
9J0Y_C	pdb|7FCV|C	31.687	830	820	857	1.42e-128	403	93
9J0Y_C	pdb|7FCV|B	31.687	830	820	857	1.42e-128	403	93
9J0Y_C	pdb|7FCV|A	31.687	830	820	857	1.42e-128	403	93
9J0Y_C	pdb|7CAL|D	35.654	474	820	677	1.92e-92	302	57
9J0Y_C	pdb|7CAL|C	35.654	474	820	677	1.92e-92	302	57
9J0Y_C	pdb|7CAL|B	35.654	474	820	677	1.92e-92	302	57
9J0Y_C	pdb|7CAL|A	35.654	474	820	677	1.92e-92	302	57
9J0Y_C	pdb|7XUF|C	35.699	479	820	662	9.57e-83	276	57
9J0Y_C	pdb|7XUF|A	35.699	479	820	662	9.57e-83	276	57
9J0Y_C	pdb|7WM1|D	35.699	479	820	690	1.90e-82	276	57
9J0Y_C	pdb|7WM1|B	35.699	479	820	690	1.90e-82	276	57
9J0Y_C	pdb|9IS8|B	35.699	479	820	710	2.81e-82	276	57
9J0Y_C	pdb|9J36|D	26.484	219	820	726	4.24e-14	73.9	26
9J0Y_C	pdb|9J36|C	26.484	219	820	726	4.24e-14	73.9	26
9J0Y_C	pdb|9J36|B	26.484	219	820	726	4.24e-14	73.9	26
9J0Y_C	pdb|9J36|A	26.484	219	820	726	4.24e-14	73.9	26
9J0Y_C	pdb|9J35|D	26.484	219	820	726	4.24e-14	73.9	26
9J0Y_C	pdb|9J35|C	26.484	219	820	726	4.24e-14	73.9	26
9J0Y_C	pdb|9J35|B	26.484	219	820	726	4.24e-14	73.9	26
9J0Y_C	pdb|9J35|A	26.484	219	820	726	4.24e-14	73.9	26
9J0Y_C	pdb|9KCV|D	18.996	458	820	798	1.72e-13	72.0	47
9J0Y_C	pdb|9KCV|C	18.996	458	820	798	1.72e-13	72.0	47
9J0Y_C	pdb|9KCV|B	18.996	458	820	798	1.72e-13	72.0	47
9J0Y_C	pdb|9KCV|A	18.996	458	820	798	1.72e-13	72.0	47
9J0Y_C	pdb|9KCU|D	18.996	458	820	662	1.49e-12	68.9	47
9J0Y_C	pdb|9KCU|C	18.996	458	820	662	1.49e-12	68.9	47
9J0Y_C	pdb|9KCU|B	18.996	458	820	662	1.49e-12	68.9	47
9J0Y_C	pdb|9KCU|A	18.996	458	820	662	1.49e-12	68.9	47
9J0Y_C	pdb|9J34|D	22.751	189	820	716	2.68e-09	58.2	22
9J0Y_C	pdb|9J34|C	22.751	189	820	716	2.68e-09	58.2	22
9J0Y_D	pdb|7WM2|D	31.687	830	820	895	5.02e-129	405	93
9J0Y_D	pdb|7WM2|C	31.687	830	820	895	5.02e-129	405	93
9J0Y_D	pdb|7WM2|B	31.687	830	820	895	5.02e-129	405	93
9J0Y_D	pdb|7WM2|A	31.687	830	820	895	5.02e-129	405	93
9J0Y_D	pdb|7WSW|D	31.687	830	820	879	5.47e-129	405	93
9J0Y_D	pdb|7WSW|C	31.687	830	820	879	5.47e-129	405	93
9J0Y_D	pdb|7WSW|B	31.687	830	820	879	5.47e-129	405	93
9J0Y_D	pdb|7WSW|A	31.687	830	820	879	5.47e-129	405	93
9J0Y_D	pdb|7XUF|D	31.687	830	820	857	5.50e-129	404	93
9J0Y_D	pdb|7XUF|B	31.687	830	820	857	5.50e-129	404	93
9J0Y_D	pdb|7T4X|D	31.687	830	820	857	5.50e-129	404	93
9J0Y_D	pdb|7T4X|C	31.687	830	820	857	5.50e-129	404	93
9J0Y_D	pdb|7T4X|B	31.687	830	820	857	5.50e-129	404	93
9J0Y_D	pdb|7T4X|A	31.687	830	820	857	5.50e-129	404	93
9J0Y_D	pdb|9IS8|D	31.687	830	820	885	6.01e-129	405	93
9J0Y_D	pdb|9IS8|C	31.687	830	820	885	6.01e-129	405	93
9J0Y_D	pdb|9IS8|A	31.687	830	820	885	6.01e-129	405	93
9J0Y_D	pdb|7WM1|C	31.687	830	820	885	6.01e-129	405	93
9J0Y_D	pdb|7WM1|A	31.687	830	820	885	6.01e-129	405	93
9J0Y_D	pdb|7FCV|D	31.687	830	820	857	1.42e-128	403	93
9J0Y_D	pdb|7FCV|C	31.687	830	820	857	1.42e-128	403	93
9J0Y_D	pdb|7FCV|B	31.687	830	820	857	1.42e-128	403	93
9J0Y_D	pdb|7FCV|A	31.687	830	820	857	1.42e-128	403	93
9J0Y_D	pdb|7CAL|D	35.654	474	820	677	1.92e-92	302	57
9J0Y_D	pdb|7CAL|C	35.654	474	820	677	1.92e-92	302	57
9J0Y_D	pdb|7CAL|B	35.654	474	820	677	1.92e-92	302	57
9J0Y_D	pdb|7CAL|A	35.654	474	820	677	1.92e-92	302	57
9J0Y_D	pdb|7XUF|C	35.699	479	820	662	9.57e-83	276	57
9J0Y_D	pdb|7XUF|A	35.699	479	820	662	9.57e-83	276	57
9J0Y_D	pdb|7WM1|D	35.699	479	820	690	1.90e-82	276	57
9J0Y_D	pdb|7WM1|B	35.699	479	820	690	1.90e-82	276	57
9J0Y_D	pdb|9IS8|B	35.699	479	820	710	2.81e-82	276	57
9J0Y_D	pdb|9J36|D	26.484	219	820	726	4.24e-14	73.9	26
9J0Y_D	pdb|9J36|C	26.484	219	820	726	4.24e-14	73.9	26
9J0Y_D	pdb|9J36|B	26.484	219	820	726	4.24e-14	73.9	26
9J0Y_D	pdb|9J36|A	26.484	219	820	726	4.24e-14	73.9	26
9J0Y_D	pdb|9J35|D	26.484	219	820	726	4.24e-14	73.9	26
9J0Y_D	pdb|9J35|C	26.484	219	820	726	4.24e-14	73.9	26
9J0Y_D	pdb|9J35|B	26.484	219	820	726	4.24e-14	73.9	26
9J0Y_D	pdb|9J35|A	26.484	219	820	726	4.24e-14	73.9	26
9J0Y_D	pdb|9KCV|D	18.996	458	820	798	1.72e-13	72.0	47
9J0Y_D	pdb|9KCV|C	18.996	458	820	798	1.72e-13	72.0	47
9J0Y_D	pdb|9KCV|B	18.996	458	820	798	1.72e-13	72.0	47
9J0Y_D	pdb|9KCV|A	18.996	458	820	798	1.72e-13	72.0	47
9J0Y_D	pdb|9KCU|D	18.996	458	820	662	1.49e-12	68.9	47
9J0Y_D	pdb|9KCU|C	18.996	458	820	662	1.49e-12	68.9	47
9J0Y_D	pdb|9KCU|B	18.996	458	820	662	1.49e-12	68.9	47
9J0Y_D	pdb|9KCU|A	18.996	458	820	662	1.49e-12	68.9	47
9J0Y_D	pdb|9J34|D	22.751	189	820	716	2.68e-09	58.2	22
9J0Y_D	pdb|9J34|C	22.751	189	820	716	2.68e-09	58.2	22
9J0Z_A	pdb|7XUF|D	31.807	830	770	857	6.57e-131	407	99
9J0Z_A	pdb|7XUF|B	31.807	830	770	857	6.57e-131	407	99
9J0Z_A	pdb|7T4X|D	31.807	830	770	857	6.57e-131	407	99
9J0Z_A	pdb|7T4X|C	31.807	830	770	857	6.57e-131	407	99
9J0Z_A	pdb|7T4X|B	31.807	830	770	857	6.57e-131	407	99
9J0Z_A	pdb|7T4X|A	31.807	830	770	857	6.57e-131	407	99
9J0Z_A	pdb|7FCV|D	31.807	830	770	857	8.83e-131	407	99
9J0Z_A	pdb|7FCV|C	31.807	830	770	857	8.83e-131	407	99
9J0Z_A	pdb|7FCV|B	31.807	830	770	857	8.83e-131	407	99
9J0Z_A	pdb|7FCV|A	31.807	830	770	857	8.83e-131	407	99
9J0Z_A	pdb|7WSW|D	31.807	830	770	879	8.88e-131	408	99
9J0Z_A	pdb|7WSW|C	31.807	830	770	879	8.88e-131	408	99
9J0Z_A	pdb|7WSW|B	31.807	830	770	879	8.88e-131	408	99
9J0Z_A	pdb|7WSW|A	31.807	830	770	879	8.88e-131	408	99
9J0Z_A	pdb|7WM2|D	31.807	830	770	895	9.77e-131	408	99
9J0Z_A	pdb|7WM2|C	31.807	830	770	895	9.77e-131	408	99
9J0Z_A	pdb|7WM2|B	31.807	830	770	895	9.77e-131	408	99
9J0Z_A	pdb|7WM2|A	31.807	830	770	895	9.77e-131	408	99
9J0Z_A	pdb|9IS8|D	31.807	830	770	885	1.03e-130	408	99
9J0Z_A	pdb|9IS8|C	31.807	830	770	885	1.03e-130	408	99
9J0Z_A	pdb|9IS8|A	31.807	830	770	885	1.03e-130	408	99
9J0Z_A	pdb|7WM1|C	31.807	830	770	885	1.03e-130	408	99
9J0Z_A	pdb|7WM1|A	31.807	830	770	885	1.03e-130	408	99
9J0Z_A	pdb|7CAL|D	36.076	474	770	677	5.87e-94	305	61
9J0Z_A	pdb|7CAL|C	36.076	474	770	677	5.87e-94	305	61
9J0Z_A	pdb|7CAL|B	36.076	474	770	677	5.87e-94	305	61
9J0Z_A	pdb|7CAL|A	36.076	474	770	677	5.87e-94	305	61
9J0Z_A	pdb|7XUF|C	35.821	469	770	662	4.51e-81	270	60
9J0Z_A	pdb|7XUF|A	35.821	469	770	662	4.51e-81	270	60
9J0Z_A	pdb|7WM1|D	35.821	469	770	690	1.19e-80	270	60
9J0Z_A	pdb|7WM1|B	35.821	469	770	690	1.19e-80	270	60
9J0Z_A	pdb|9IS8|B	35.821	469	770	710	1.62e-80	270	60
9J0Z_A	pdb|9J36|D	26.728	217	770	726	1.39e-14	75.1	27
9J0Z_A	pdb|9J36|C	26.728	217	770	726	1.39e-14	75.1	27
9J0Z_A	pdb|9J36|B	26.728	217	770	726	1.39e-14	75.1	27
9J0Z_A	pdb|9J36|A	26.728	217	770	726	1.39e-14	75.1	27
9J0Z_A	pdb|9J35|D	26.728	217	770	726	1.39e-14	75.1	27
9J0Z_A	pdb|9J35|C	26.728	217	770	726	1.39e-14	75.1	27
9J0Z_A	pdb|9J35|B	26.728	217	770	726	1.39e-14	75.1	27
9J0Z_A	pdb|9J35|A	26.728	217	770	726	1.39e-14	75.1	27
9J0Z_A	pdb|9KCV|D	19.079	456	770	798	1.72e-13	71.6	50
9J0Z_A	pdb|9KCV|C	19.079	456	770	798	1.72e-13	71.6	50
9J0Z_A	pdb|9KCV|B	19.079	456	770	798	1.72e-13	71.6	50
9J0Z_A	pdb|9KCV|A	19.079	456	770	798	1.72e-13	71.6	50
9J0Z_A	pdb|9KCU|D	19.079	456	770	662	6.63e-13	69.7	50
9J0Z_A	pdb|9KCU|C	19.079	456	770	662	6.63e-13	69.7	50
9J0Z_A	pdb|9KCU|B	19.079	456	770	662	6.63e-13	69.7	50
9J0Z_A	pdb|9KCU|A	19.079	456	770	662	6.63e-13	69.7	50
9J0Z_A	pdb|9J34|D	23.280	189	770	716	8.18e-10	59.7	24
9J0Z_A	pdb|9J34|C	23.280	189	770	716	8.18e-10	59.7	24
9J0Z_B	pdb|7XUF|D	31.807	830	770	857	6.57e-131	407	99
9J0Z_B	pdb|7XUF|B	31.807	830	770	857	6.57e-131	407	99
9J0Z_B	pdb|7T4X|D	31.807	830	770	857	6.57e-131	407	99
9J0Z_B	pdb|7T4X|C	31.807	830	770	857	6.57e-131	407	99
9J0Z_B	pdb|7T4X|B	31.807	830	770	857	6.57e-131	407	99
9J0Z_B	pdb|7T4X|A	31.807	830	770	857	6.57e-131	407	99
9J0Z_B	pdb|7FCV|D	31.807	830	770	857	8.83e-131	407	99
9J0Z_B	pdb|7FCV|C	31.807	830	770	857	8.83e-131	407	99
9J0Z_B	pdb|7FCV|B	31.807	830	770	857	8.83e-131	407	99
9J0Z_B	pdb|7FCV|A	31.807	830	770	857	8.83e-131	407	99
9J0Z_B	pdb|7WSW|D	31.807	830	770	879	8.88e-131	408	99
9J0Z_B	pdb|7WSW|C	31.807	830	770	879	8.88e-131	408	99
9J0Z_B	pdb|7WSW|B	31.807	830	770	879	8.88e-131	408	99
9J0Z_B	pdb|7WSW|A	31.807	830	770	879	8.88e-131	408	99
9J0Z_B	pdb|7WM2|D	31.807	830	770	895	9.77e-131	408	99
9J0Z_B	pdb|7WM2|C	31.807	830	770	895	9.77e-131	408	99
9J0Z_B	pdb|7WM2|B	31.807	830	770	895	9.77e-131	408	99
9J0Z_B	pdb|7WM2|A	31.807	830	770	895	9.77e-131	408	99
9J0Z_B	pdb|9IS8|D	31.807	830	770	885	1.03e-130	408	99
9J0Z_B	pdb|9IS8|C	31.807	830	770	885	1.03e-130	408	99
9J0Z_B	pdb|9IS8|A	31.807	830	770	885	1.03e-130	408	99
9J0Z_B	pdb|7WM1|C	31.807	830	770	885	1.03e-130	408	99
9J0Z_B	pdb|7WM1|A	31.807	830	770	885	1.03e-130	408	99
9J0Z_B	pdb|7CAL|D	36.076	474	770	677	5.87e-94	305	61
9J0Z_B	pdb|7CAL|C	36.076	474	770	677	5.87e-94	305	61
9J0Z_B	pdb|7CAL|B	36.076	474	770	677	5.87e-94	305	61
9J0Z_B	pdb|7CAL|A	36.076	474	770	677	5.87e-94	305	61
9J0Z_B	pdb|7XUF|C	35.821	469	770	662	4.51e-81	270	60
9J0Z_B	pdb|7XUF|A	35.821	469	770	662	4.51e-81	270	60
9J0Z_B	pdb|7WM1|D	35.821	469	770	690	1.19e-80	270	60
9J0Z_B	pdb|7WM1|B	35.821	469	770	690	1.19e-80	270	60
9J0Z_B	pdb|9IS8|B	35.821	469	770	710	1.62e-80	270	60
9J0Z_B	pdb|9J36|D	26.728	217	770	726	1.39e-14	75.1	27
9J0Z_B	pdb|9J36|C	26.728	217	770	726	1.39e-14	75.1	27
9J0Z_B	pdb|9J36|B	26.728	217	770	726	1.39e-14	75.1	27
9J0Z_B	pdb|9J36|A	26.728	217	770	726	1.39e-14	75.1	27
9J0Z_B	pdb|9J35|D	26.728	217	770	726	1.39e-14	75.1	27
9J0Z_B	pdb|9J35|C	26.728	217	770	726	1.39e-14	75.1	27
9J0Z_B	pdb|9J35|B	26.728	217	770	726	1.39e-14	75.1	27
9J0Z_B	pdb|9J35|A	26.728	217	770	726	1.39e-14	75.1	27
9J0Z_B	pdb|9KCV|D	19.079	456	770	798	1.72e-13	71.6	50
9J0Z_B	pdb|9KCV|C	19.079	456	770	798	1.72e-13	71.6	50
9J0Z_B	pdb|9KCV|B	19.079	456	770	798	1.72e-13	71.6	50
9J0Z_B	pdb|9KCV|A	19.079	456	770	798	1.72e-13	71.6	50
9J0Z_B	pdb|9KCU|D	19.079	456	770	662	6.63e-13	69.7	50
9J0Z_B	pdb|9KCU|C	19.079	456	770	662	6.63e-13	69.7	50
9J0Z_B	pdb|9KCU|B	19.079	456	770	662	6.63e-13	69.7	50
9J0Z_B	pdb|9KCU|A	19.079	456	770	662	6.63e-13	69.7	50
9J0Z_B	pdb|9J34|D	23.280	189	770	716	8.18e-10	59.7	24
9J0Z_B	pdb|9J34|C	23.280	189	770	716	8.18e-10	59.7	24
9J0Z_C	pdb|7XUF|D	31.807	830	770	857	6.57e-131	407	99
9J0Z_C	pdb|7XUF|B	31.807	830	770	857	6.57e-131	407	99
9J0Z_C	pdb|7T4X|D	31.807	830	770	857	6.57e-131	407	99
9J0Z_C	pdb|7T4X|C	31.807	830	770	857	6.57e-131	407	99
9J0Z_C	pdb|7T4X|B	31.807	830	770	857	6.57e-131	407	99
9J0Z_C	pdb|7T4X|A	31.807	830	770	857	6.57e-131	407	99
9J0Z_C	pdb|7FCV|D	31.807	830	770	857	8.83e-131	407	99
9J0Z_C	pdb|7FCV|C	31.807	830	770	857	8.83e-131	407	99
9J0Z_C	pdb|7FCV|B	31.807	830	770	857	8.83e-131	407	99
9J0Z_C	pdb|7FCV|A	31.807	830	770	857	8.83e-131	407	99
9J0Z_C	pdb|7WSW|D	31.807	830	770	879	8.88e-131	408	99
9J0Z_C	pdb|7WSW|C	31.807	830	770	879	8.88e-131	408	99
9J0Z_C	pdb|7WSW|B	31.807	830	770	879	8.88e-131	408	99
9J0Z_C	pdb|7WSW|A	31.807	830	770	879	8.88e-131	408	99
9J0Z_C	pdb|7WM2|D	31.807	830	770	895	9.77e-131	408	99
9J0Z_C	pdb|7WM2|C	31.807	830	770	895	9.77e-131	408	99
9J0Z_C	pdb|7WM2|B	31.807	830	770	895	9.77e-131	408	99
9J0Z_C	pdb|7WM2|A	31.807	830	770	895	9.77e-131	408	99
9J0Z_C	pdb|9IS8|D	31.807	830	770	885	1.03e-130	408	99
9J0Z_C	pdb|9IS8|C	31.807	830	770	885	1.03e-130	408	99
9J0Z_C	pdb|9IS8|A	31.807	830	770	885	1.03e-130	408	99
9J0Z_C	pdb|7WM1|C	31.807	830	770	885	1.03e-130	408	99
9J0Z_C	pdb|7WM1|A	31.807	830	770	885	1.03e-130	408	99
9J0Z_C	pdb|7CAL|D	36.076	474	770	677	5.87e-94	305	61
9J0Z_C	pdb|7CAL|C	36.076	474	770	677	5.87e-94	305	61
9J0Z_C	pdb|7CAL|B	36.076	474	770	677	5.87e-94	305	61
9J0Z_C	pdb|7CAL|A	36.076	474	770	677	5.87e-94	305	61
9J0Z_C	pdb|7XUF|C	35.821	469	770	662	4.51e-81	270	60
9J0Z_C	pdb|7XUF|A	35.821	469	770	662	4.51e-81	270	60
9J0Z_C	pdb|7WM1|D	35.821	469	770	690	1.19e-80	270	60
9J0Z_C	pdb|7WM1|B	35.821	469	770	690	1.19e-80	270	60
9J0Z_C	pdb|9IS8|B	35.821	469	770	710	1.62e-80	270	60
9J0Z_C	pdb|9J36|D	26.728	217	770	726	1.39e-14	75.1	27
9J0Z_C	pdb|9J36|C	26.728	217	770	726	1.39e-14	75.1	27
9J0Z_C	pdb|9J36|B	26.728	217	770	726	1.39e-14	75.1	27
9J0Z_C	pdb|9J36|A	26.728	217	770	726	1.39e-14	75.1	27
9J0Z_C	pdb|9J35|D	26.728	217	770	726	1.39e-14	75.1	27
9J0Z_C	pdb|9J35|C	26.728	217	770	726	1.39e-14	75.1	27
9J0Z_C	pdb|9J35|B	26.728	217	770	726	1.39e-14	75.1	27
9J0Z_C	pdb|9J35|A	26.728	217	770	726	1.39e-14	75.1	27
9J0Z_C	pdb|9KCV|D	19.079	456	770	798	1.72e-13	71.6	50
9J0Z_C	pdb|9KCV|C	19.079	456	770	798	1.72e-13	71.6	50
9J0Z_C	pdb|9KCV|B	19.079	456	770	798	1.72e-13	71.6	50
9J0Z_C	pdb|9KCV|A	19.079	456	770	798	1.72e-13	71.6	50
9J0Z_C	pdb|9KCU|D	19.079	456	770	662	6.63e-13	69.7	50
9J0Z_C	pdb|9KCU|C	19.079	456	770	662	6.63e-13	69.7	50
9J0Z_C	pdb|9KCU|B	19.079	456	770	662	6.63e-13	69.7	50
9J0Z_C	pdb|9KCU|A	19.079	456	770	662	6.63e-13	69.7	50
9J0Z_C	pdb|9J34|D	23.280	189	770	716	8.18e-10	59.7	24
9J0Z_C	pdb|9J34|C	23.280	189	770	716	8.18e-10	59.7	24
9J0Z_D	pdb|7XUF|D	31.807	830	770	857	6.57e-131	407	99
9J0Z_D	pdb|7XUF|B	31.807	830	770	857	6.57e-131	407	99
9J0Z_D	pdb|7T4X|D	31.807	830	770	857	6.57e-131	407	99
9J0Z_D	pdb|7T4X|C	31.807	830	770	857	6.57e-131	407	99
9J0Z_D	pdb|7T4X|B	31.807	830	770	857	6.57e-131	407	99
9J0Z_D	pdb|7T4X|A	31.807	830	770	857	6.57e-131	407	99
9J0Z_D	pdb|7FCV|D	31.807	830	770	857	8.83e-131	407	99
9J0Z_D	pdb|7FCV|C	31.807	830	770	857	8.83e-131	407	99
9J0Z_D	pdb|7FCV|B	31.807	830	770	857	8.83e-131	407	99
9J0Z_D	pdb|7FCV|A	31.807	830	770	857	8.83e-131	407	99
9J0Z_D	pdb|7WSW|D	31.807	830	770	879	8.88e-131	408	99
9J0Z_D	pdb|7WSW|C	31.807	830	770	879	8.88e-131	408	99
9J0Z_D	pdb|7WSW|B	31.807	830	770	879	8.88e-131	408	99
9J0Z_D	pdb|7WSW|A	31.807	830	770	879	8.88e-131	408	99
9J0Z_D	pdb|7WM2|D	31.807	830	770	895	9.77e-131	408	99
9J0Z_D	pdb|7WM2|C	31.807	830	770	895	9.77e-131	408	99
9J0Z_D	pdb|7WM2|B	31.807	830	770	895	9.77e-131	408	99
9J0Z_D	pdb|7WM2|A	31.807	830	770	895	9.77e-131	408	99
9J0Z_D	pdb|9IS8|D	31.807	830	770	885	1.03e-130	408	99
9J0Z_D	pdb|9IS8|C	31.807	830	770	885	1.03e-130	408	99
9J0Z_D	pdb|9IS8|A	31.807	830	770	885	1.03e-130	408	99
9J0Z_D	pdb|7WM1|C	31.807	830	770	885	1.03e-130	408	99
9J0Z_D	pdb|7WM1|A	31.807	830	770	885	1.03e-130	408	99
9J0Z_D	pdb|7CAL|D	36.076	474	770	677	5.87e-94	305	61
9J0Z_D	pdb|7CAL|C	36.076	474	770	677	5.87e-94	305	61
9J0Z_D	pdb|7CAL|B	36.076	474	770	677	5.87e-94	305	61
9J0Z_D	pdb|7CAL|A	36.076	474	770	677	5.87e-94	305	61
9J0Z_D	pdb|7XUF|C	35.821	469	770	662	4.51e-81	270	60
9J0Z_D	pdb|7XUF|A	35.821	469	770	662	4.51e-81	270	60
9J0Z_D	pdb|7WM1|D	35.821	469	770	690	1.19e-80	270	60
9J0Z_D	pdb|7WM1|B	35.821	469	770	690	1.19e-80	270	60
9J0Z_D	pdb|9IS8|B	35.821	469	770	710	1.62e-80	270	60
9J0Z_D	pdb|9J36|D	26.728	217	770	726	1.39e-14	75.1	27
9J0Z_D	pdb|9J36|C	26.728	217	770	726	1.39e-14	75.1	27
9J0Z_D	pdb|9J36|B	26.728	217	770	726	1.39e-14	75.1	27
9J0Z_D	pdb|9J36|A	26.728	217	770	726	1.39e-14	75.1	27
9J0Z_D	pdb|9J35|D	26.728	217	770	726	1.39e-14	75.1	27
9J0Z_D	pdb|9J35|C	26.728	217	770	726	1.39e-14	75.1	27
9J0Z_D	pdb|9J35|B	26.728	217	770	726	1.39e-14	75.1	27
9J0Z_D	pdb|9J35|A	26.728	217	770	726	1.39e-14	75.1	27
9J0Z_D	pdb|9KCV|D	19.079	456	770	798	1.72e-13	71.6	50
9J0Z_D	pdb|9KCV|C	19.079	456	770	798	1.72e-13	71.6	50
9J0Z_D	pdb|9KCV|B	19.079	456	770	798	1.72e-13	71.6	50
9J0Z_D	pdb|9KCV|A	19.079	456	770	798	1.72e-13	71.6	50
9J0Z_D	pdb|9KCU|D	19.079	456	770	662	6.63e-13	69.7	50
9J0Z_D	pdb|9KCU|C	19.079	456	770	662	6.63e-13	69.7	50
9J0Z_D	pdb|9KCU|B	19.079	456	770	662	6.63e-13	69.7	50
9J0Z_D	pdb|9KCU|A	19.079	456	770	662	6.63e-13	69.7	50
9J0Z_D	pdb|9J34|D	23.280	189	770	716	8.18e-10	59.7	24
9J0Z_D	pdb|9J34|C	23.280	189	770	716	8.18e-10	59.7	24
9J10_A	pdb|9IS8|D	31.807	830	820	885	2.01e-130	409	93
9J10_A	pdb|9IS8|C	31.807	830	820	885	2.01e-130	409	93
9J10_A	pdb|9IS8|A	31.807	830	820	885	2.01e-130	409	93
9J10_A	pdb|7WM1|C	31.807	830	820	885	2.01e-130	409	93
9J10_A	pdb|7WM1|A	31.807	830	820	885	2.01e-130	409	93
9J10_A	pdb|7WM2|D	31.807	830	820	895	2.36e-130	409	93
9J10_A	pdb|7WM2|C	31.807	830	820	895	2.36e-130	409	93
9J10_A	pdb|7WM2|B	31.807	830	820	895	2.36e-130	409	93
9J10_A	pdb|7WM2|A	31.807	830	820	895	2.36e-130	409	93
9J10_A	pdb|7WSW|D	31.807	830	820	879	2.39e-130	408	93
9J10_A	pdb|7WSW|C	31.807	830	820	879	2.39e-130	408	93
9J10_A	pdb|7WSW|B	31.807	830	820	879	2.39e-130	408	93
9J10_A	pdb|7WSW|A	31.807	830	820	879	2.39e-130	408	93
9J10_A	pdb|7XUF|D	31.807	830	820	857	2.78e-130	407	93
9J10_A	pdb|7XUF|B	31.807	830	820	857	2.78e-130	407	93
9J10_A	pdb|7T4X|D	31.807	830	820	857	2.78e-130	407	93
9J10_A	pdb|7T4X|C	31.807	830	820	857	2.78e-130	407	93
9J10_A	pdb|7T4X|B	31.807	830	820	857	2.78e-130	407	93
9J10_A	pdb|7T4X|A	31.807	830	820	857	2.78e-130	407	93
9J10_A	pdb|7FCV|D	31.807	830	820	857	5.40e-130	407	93
9J10_A	pdb|7FCV|C	31.807	830	820	857	5.40e-130	407	93
9J10_A	pdb|7FCV|B	31.807	830	820	857	5.40e-130	407	93
9J10_A	pdb|7FCV|A	31.807	830	820	857	5.40e-130	407	93
9J10_A	pdb|7CAL|D	36.076	474	820	677	9.30e-94	306	57
9J10_A	pdb|7CAL|C	36.076	474	820	677	9.30e-94	306	57
9J10_A	pdb|7CAL|B	36.076	474	820	677	9.30e-94	306	57
9J10_A	pdb|7CAL|A	36.076	474	820	677	9.30e-94	306	57
9J10_A	pdb|7XUF|C	35.699	479	820	662	2.41e-82	275	57
9J10_A	pdb|7XUF|A	35.699	479	820	662	2.41e-82	275	57
9J10_A	pdb|7WM1|D	35.699	479	820	690	4.48e-82	275	57
9J10_A	pdb|7WM1|B	35.699	479	820	690	4.48e-82	275	57
9J10_A	pdb|9IS8|B	35.699	479	820	710	7.11e-82	275	57
9J10_A	pdb|9J36|D	26.728	217	820	726	1.99e-14	74.7	26
9J10_A	pdb|9J36|C	26.728	217	820	726	1.99e-14	74.7	26
9J10_A	pdb|9J36|B	26.728	217	820	726	1.99e-14	74.7	26
9J10_A	pdb|9J36|A	26.728	217	820	726	1.99e-14	74.7	26
9J10_A	pdb|9J35|D	26.728	217	820	726	1.99e-14	74.7	26
9J10_A	pdb|9J35|C	26.728	217	820	726	1.99e-14	74.7	26
9J10_A	pdb|9J35|B	26.728	217	820	726	1.99e-14	74.7	26
9J10_A	pdb|9J35|A	26.728	217	820	726	1.99e-14	74.7	26
9J10_A	pdb|9KCV|D	19.079	456	820	798	1.29e-13	72.4	47
9J10_A	pdb|9KCV|C	19.079	456	820	798	1.29e-13	72.4	47
9J10_A	pdb|9KCV|B	19.079	456	820	798	1.29e-13	72.4	47
9J10_A	pdb|9KCV|A	19.079	456	820	798	1.29e-13	72.4	47
9J10_A	pdb|9KCU|D	19.079	456	820	662	1.03e-12	69.3	47
9J10_A	pdb|9KCU|C	19.079	456	820	662	1.03e-12	69.3	47
9J10_A	pdb|9KCU|B	19.079	456	820	662	1.03e-12	69.3	47
9J10_A	pdb|9KCU|A	19.079	456	820	662	1.03e-12	69.3	47
9J10_A	pdb|9J34|D	23.280	189	820	716	1.23e-09	59.3	22
9J10_A	pdb|9J34|C	23.280	189	820	716	1.23e-09	59.3	22
9J10_B	pdb|9IS8|D	31.807	830	820	885	2.01e-130	409	93
9J10_B	pdb|9IS8|C	31.807	830	820	885	2.01e-130	409	93
9J10_B	pdb|9IS8|A	31.807	830	820	885	2.01e-130	409	93
9J10_B	pdb|7WM1|C	31.807	830	820	885	2.01e-130	409	93
9J10_B	pdb|7WM1|A	31.807	830	820	885	2.01e-130	409	93
9J10_B	pdb|7WM2|D	31.807	830	820	895	2.36e-130	409	93
9J10_B	pdb|7WM2|C	31.807	830	820	895	2.36e-130	409	93
9J10_B	pdb|7WM2|B	31.807	830	820	895	2.36e-130	409	93
9J10_B	pdb|7WM2|A	31.807	830	820	895	2.36e-130	409	93
9J10_B	pdb|7WSW|D	31.807	830	820	879	2.39e-130	408	93
9J10_B	pdb|7WSW|C	31.807	830	820	879	2.39e-130	408	93
9J10_B	pdb|7WSW|B	31.807	830	820	879	2.39e-130	408	93
9J10_B	pdb|7WSW|A	31.807	830	820	879	2.39e-130	408	93
9J10_B	pdb|7XUF|D	31.807	830	820	857	2.78e-130	407	93
9J10_B	pdb|7XUF|B	31.807	830	820	857	2.78e-130	407	93
9J10_B	pdb|7T4X|D	31.807	830	820	857	2.78e-130	407	93
9J10_B	pdb|7T4X|C	31.807	830	820	857	2.78e-130	407	93
9J10_B	pdb|7T4X|B	31.807	830	820	857	2.78e-130	407	93
9J10_B	pdb|7T4X|A	31.807	830	820	857	2.78e-130	407	93
9J10_B	pdb|7FCV|D	31.807	830	820	857	5.40e-130	407	93
9J10_B	pdb|7FCV|C	31.807	830	820	857	5.40e-130	407	93
9J10_B	pdb|7FCV|B	31.807	830	820	857	5.40e-130	407	93
9J10_B	pdb|7FCV|A	31.807	830	820	857	5.40e-130	407	93
9J10_B	pdb|7CAL|D	36.076	474	820	677	9.30e-94	306	57
9J10_B	pdb|7CAL|C	36.076	474	820	677	9.30e-94	306	57
9J10_B	pdb|7CAL|B	36.076	474	820	677	9.30e-94	306	57
9J10_B	pdb|7CAL|A	36.076	474	820	677	9.30e-94	306	57
9J10_B	pdb|7XUF|C	35.699	479	820	662	2.41e-82	275	57
9J10_B	pdb|7XUF|A	35.699	479	820	662	2.41e-82	275	57
9J10_B	pdb|7WM1|D	35.699	479	820	690	4.48e-82	275	57
9J10_B	pdb|7WM1|B	35.699	479	820	690	4.48e-82	275	57
9J10_B	pdb|9IS8|B	35.699	479	820	710	7.11e-82	275	57
9J10_B	pdb|9J36|D	26.728	217	820	726	1.99e-14	74.7	26
9J10_B	pdb|9J36|C	26.728	217	820	726	1.99e-14	74.7	26
9J10_B	pdb|9J36|B	26.728	217	820	726	1.99e-14	74.7	26
9J10_B	pdb|9J36|A	26.728	217	820	726	1.99e-14	74.7	26
9J10_B	pdb|9J35|D	26.728	217	820	726	1.99e-14	74.7	26
9J10_B	pdb|9J35|C	26.728	217	820	726	1.99e-14	74.7	26
9J10_B	pdb|9J35|B	26.728	217	820	726	1.99e-14	74.7	26
9J10_B	pdb|9J35|A	26.728	217	820	726	1.99e-14	74.7	26
9J10_B	pdb|9KCV|D	19.079	456	820	798	1.29e-13	72.4	47
9J10_B	pdb|9KCV|C	19.079	456	820	798	1.29e-13	72.4	47
9J10_B	pdb|9KCV|B	19.079	456	820	798	1.29e-13	72.4	47
9J10_B	pdb|9KCV|A	19.079	456	820	798	1.29e-13	72.4	47
9J10_B	pdb|9KCU|D	19.079	456	820	662	1.03e-12	69.3	47
9J10_B	pdb|9KCU|C	19.079	456	820	662	1.03e-12	69.3	47
9J10_B	pdb|9KCU|B	19.079	456	820	662	1.03e-12	69.3	47
9J10_B	pdb|9KCU|A	19.079	456	820	662	1.03e-12	69.3	47
9J10_B	pdb|9J34|D	23.280	189	820	716	1.23e-09	59.3	22
9J10_B	pdb|9J34|C	23.280	189	820	716	1.23e-09	59.3	22
9J10_C	pdb|9IS8|D	31.807	830	820	885	2.01e-130	409	93
9J10_C	pdb|9IS8|C	31.807	830	820	885	2.01e-130	409	93
9J10_C	pdb|9IS8|A	31.807	830	820	885	2.01e-130	409	93
9J10_C	pdb|7WM1|C	31.807	830	820	885	2.01e-130	409	93
9J10_C	pdb|7WM1|A	31.807	830	820	885	2.01e-130	409	93
9J10_C	pdb|7WM2|D	31.807	830	820	895	2.36e-130	409	93
9J10_C	pdb|7WM2|C	31.807	830	820	895	2.36e-130	409	93
9J10_C	pdb|7WM2|B	31.807	830	820	895	2.36e-130	409	93
9J10_C	pdb|7WM2|A	31.807	830	820	895	2.36e-130	409	93
9J10_C	pdb|7WSW|D	31.807	830	820	879	2.39e-130	408	93
9J10_C	pdb|7WSW|C	31.807	830	820	879	2.39e-130	408	93
9J10_C	pdb|7WSW|B	31.807	830	820	879	2.39e-130	408	93
9J10_C	pdb|7WSW|A	31.807	830	820	879	2.39e-130	408	93
9J10_C	pdb|7XUF|D	31.807	830	820	857	2.78e-130	407	93
9J10_C	pdb|7XUF|B	31.807	830	820	857	2.78e-130	407	93
9J10_C	pdb|7T4X|D	31.807	830	820	857	2.78e-130	407	93
9J10_C	pdb|7T4X|C	31.807	830	820	857	2.78e-130	407	93
9J10_C	pdb|7T4X|B	31.807	830	820	857	2.78e-130	407	93
9J10_C	pdb|7T4X|A	31.807	830	820	857	2.78e-130	407	93
9J10_C	pdb|7FCV|D	31.807	830	820	857	5.40e-130	407	93
9J10_C	pdb|7FCV|C	31.807	830	820	857	5.40e-130	407	93
9J10_C	pdb|7FCV|B	31.807	830	820	857	5.40e-130	407	93
9J10_C	pdb|7FCV|A	31.807	830	820	857	5.40e-130	407	93
9J10_C	pdb|7CAL|D	36.076	474	820	677	9.30e-94	306	57
9J10_C	pdb|7CAL|C	36.076	474	820	677	9.30e-94	306	57
9J10_C	pdb|7CAL|B	36.076	474	820	677	9.30e-94	306	57
9J10_C	pdb|7CAL|A	36.076	474	820	677	9.30e-94	306	57
9J10_C	pdb|7XUF|C	35.699	479	820	662	2.41e-82	275	57
9J10_C	pdb|7XUF|A	35.699	479	820	662	2.41e-82	275	57
9J10_C	pdb|7WM1|D	35.699	479	820	690	4.48e-82	275	57
9J10_C	pdb|7WM1|B	35.699	479	820	690	4.48e-82	275	57
9J10_C	pdb|9IS8|B	35.699	479	820	710	7.11e-82	275	57
9J10_C	pdb|9J36|D	26.728	217	820	726	1.99e-14	74.7	26
9J10_C	pdb|9J36|C	26.728	217	820	726	1.99e-14	74.7	26
9J10_C	pdb|9J36|B	26.728	217	820	726	1.99e-14	74.7	26
9J10_C	pdb|9J36|A	26.728	217	820	726	1.99e-14	74.7	26
9J10_C	pdb|9J35|D	26.728	217	820	726	1.99e-14	74.7	26
9J10_C	pdb|9J35|C	26.728	217	820	726	1.99e-14	74.7	26
9J10_C	pdb|9J35|B	26.728	217	820	726	1.99e-14	74.7	26
9J10_C	pdb|9J35|A	26.728	217	820	726	1.99e-14	74.7	26
9J10_C	pdb|9KCV|D	19.079	456	820	798	1.29e-13	72.4	47
9J10_C	pdb|9KCV|C	19.079	456	820	798	1.29e-13	72.4	47
9J10_C	pdb|9KCV|B	19.079	456	820	798	1.29e-13	72.4	47
9J10_C	pdb|9KCV|A	19.079	456	820	798	1.29e-13	72.4	47
9J10_C	pdb|9KCU|D	19.079	456	820	662	1.03e-12	69.3	47
9J10_C	pdb|9KCU|C	19.079	456	820	662	1.03e-12	69.3	47
9J10_C	pdb|9KCU|B	19.079	456	820	662	1.03e-12	69.3	47
9J10_C	pdb|9KCU|A	19.079	456	820	662	1.03e-12	69.3	47
9J10_C	pdb|9J34|D	23.280	189	820	716	1.23e-09	59.3	22
9J10_C	pdb|9J34|C	23.280	189	820	716	1.23e-09	59.3	22
9J10_D	pdb|9IS8|D	31.807	830	820	885	2.01e-130	409	93
9J10_D	pdb|9IS8|C	31.807	830	820	885	2.01e-130	409	93
9J10_D	pdb|9IS8|A	31.807	830	820	885	2.01e-130	409	93
9J10_D	pdb|7WM1|C	31.807	830	820	885	2.01e-130	409	93
9J10_D	pdb|7WM1|A	31.807	830	820	885	2.01e-130	409	93
9J10_D	pdb|7WM2|D	31.807	830	820	895	2.36e-130	409	93
9J10_D	pdb|7WM2|C	31.807	830	820	895	2.36e-130	409	93
9J10_D	pdb|7WM2|B	31.807	830	820	895	2.36e-130	409	93
9J10_D	pdb|7WM2|A	31.807	830	820	895	2.36e-130	409	93
9J10_D	pdb|7WSW|D	31.807	830	820	879	2.39e-130	408	93
9J10_D	pdb|7WSW|C	31.807	830	820	879	2.39e-130	408	93
9J10_D	pdb|7WSW|B	31.807	830	820	879	2.39e-130	408	93
9J10_D	pdb|7WSW|A	31.807	830	820	879	2.39e-130	408	93
9J10_D	pdb|7XUF|D	31.807	830	820	857	2.78e-130	407	93
9J10_D	pdb|7XUF|B	31.807	830	820	857	2.78e-130	407	93
9J10_D	pdb|7T4X|D	31.807	830	820	857	2.78e-130	407	93
9J10_D	pdb|7T4X|C	31.807	830	820	857	2.78e-130	407	93
9J10_D	pdb|7T4X|B	31.807	830	820	857	2.78e-130	407	93
9J10_D	pdb|7T4X|A	31.807	830	820	857	2.78e-130	407	93
9J10_D	pdb|7FCV|D	31.807	830	820	857	5.40e-130	407	93
9J10_D	pdb|7FCV|C	31.807	830	820	857	5.40e-130	407	93
9J10_D	pdb|7FCV|B	31.807	830	820	857	5.40e-130	407	93
9J10_D	pdb|7FCV|A	31.807	830	820	857	5.40e-130	407	93
9J10_D	pdb|7CAL|D	36.076	474	820	677	9.30e-94	306	57
9J10_D	pdb|7CAL|C	36.076	474	820	677	9.30e-94	306	57
9J10_D	pdb|7CAL|B	36.076	474	820	677	9.30e-94	306	57
9J10_D	pdb|7CAL|A	36.076	474	820	677	9.30e-94	306	57
9J10_D	pdb|7XUF|C	35.699	479	820	662	2.41e-82	275	57
9J10_D	pdb|7XUF|A	35.699	479	820	662	2.41e-82	275	57
9J10_D	pdb|7WM1|D	35.699	479	820	690	4.48e-82	275	57
9J10_D	pdb|7WM1|B	35.699	479	820	690	4.48e-82	275	57
9J10_D	pdb|9IS8|B	35.699	479	820	710	7.11e-82	275	57
9J10_D	pdb|9J36|D	26.728	217	820	726	1.99e-14	74.7	26
9J10_D	pdb|9J36|C	26.728	217	820	726	1.99e-14	74.7	26
9J10_D	pdb|9J36|B	26.728	217	820	726	1.99e-14	74.7	26
9J10_D	pdb|9J36|A	26.728	217	820	726	1.99e-14	74.7	26
9J10_D	pdb|9J35|D	26.728	217	820	726	1.99e-14	74.7	26
9J10_D	pdb|9J35|C	26.728	217	820	726	1.99e-14	74.7	26
9J10_D	pdb|9J35|B	26.728	217	820	726	1.99e-14	74.7	26
9J10_D	pdb|9J35|A	26.728	217	820	726	1.99e-14	74.7	26
9J10_D	pdb|9KCV|D	19.079	456	820	798	1.29e-13	72.4	47
9J10_D	pdb|9KCV|C	19.079	456	820	798	1.29e-13	72.4	47
9J10_D	pdb|9KCV|B	19.079	456	820	798	1.29e-13	72.4	47
9J10_D	pdb|9KCV|A	19.079	456	820	798	1.29e-13	72.4	47
9J10_D	pdb|9KCU|D	19.079	456	820	662	1.03e-12	69.3	47
9J10_D	pdb|9KCU|C	19.079	456	820	662	1.03e-12	69.3	47
9J10_D	pdb|9KCU|B	19.079	456	820	662	1.03e-12	69.3	47
9J10_D	pdb|9KCU|A	19.079	456	820	662	1.03e-12	69.3	47
9J10_D	pdb|9J34|D	23.280	189	820	716	1.23e-09	59.3	22
9J10_D	pdb|9J34|C	23.280	189	820	716	1.23e-09	59.3	22
9KHF_A	pdb|7XUF|D	31.923	827	763	857	3.90e-130	405	99
9KHF_A	pdb|7XUF|B	31.923	827	763	857	3.90e-130	405	99
9KHF_A	pdb|7T4X|D	31.923	827	763	857	3.90e-130	405	99
9KHF_A	pdb|7T4X|C	31.923	827	763	857	3.90e-130	405	99
9KHF_A	pdb|7T4X|B	31.923	827	763	857	3.90e-130	405	99
9KHF_A	pdb|7T4X|A	31.923	827	763	857	3.90e-130	405	99
9KHF_A	pdb|7WSW|D	31.923	827	763	879	9.42e-130	405	99
9KHF_A	pdb|7WSW|C	31.923	827	763	879	9.42e-130	405	99
9KHF_A	pdb|7WSW|B	31.923	827	763	879	9.42e-130	405	99
9KHF_A	pdb|7WSW|A	31.923	827	763	879	9.42e-130	405	99
9KHF_A	pdb|7FCV|D	31.923	827	763	857	1.03e-129	404	99
9KHF_A	pdb|7FCV|C	31.923	827	763	857	1.03e-129	404	99
9KHF_A	pdb|7FCV|B	31.923	827	763	857	1.03e-129	404	99
9KHF_A	pdb|7FCV|A	31.923	827	763	857	1.03e-129	404	99
9KHF_A	pdb|9IS8|D	31.923	827	763	885	1.05e-129	405	99
9KHF_A	pdb|9IS8|C	31.923	827	763	885	1.05e-129	405	99
9KHF_A	pdb|9IS8|A	31.923	827	763	885	1.05e-129	405	99
9KHF_A	pdb|7WM1|C	31.923	827	763	885	1.05e-129	405	99
9KHF_A	pdb|7WM1|A	31.923	827	763	885	1.05e-129	405	99
9KHF_A	pdb|7WM2|D	31.923	827	763	895	1.22e-129	405	99
9KHF_A	pdb|7WM2|C	31.923	827	763	895	1.22e-129	405	99
9KHF_A	pdb|7WM2|B	31.923	827	763	895	1.22e-129	405	99
9KHF_A	pdb|7WM2|A	31.923	827	763	895	1.22e-129	405	99
9KHF_A	pdb|7CAL|D	35.881	471	763	677	1.92e-92	301	61
9KHF_A	pdb|7CAL|C	35.881	471	763	677	1.92e-92	301	61
9KHF_A	pdb|7CAL|B	35.881	471	763	677	1.92e-92	301	61
9KHF_A	pdb|7CAL|A	35.881	471	763	677	1.92e-92	301	61
9KHF_A	pdb|7XUF|C	36.069	463	763	662	5.29e-81	270	60
9KHF_A	pdb|7XUF|A	36.069	463	763	662	5.29e-81	270	60
9KHF_A	pdb|7WM1|D	36.069	463	763	690	8.78e-81	270	60
9KHF_A	pdb|7WM1|B	36.069	463	763	690	8.78e-81	270	60
9KHF_A	pdb|9IS8|B	36.069	463	763	710	1.40e-80	270	60
9KHF_A	pdb|9J36|D	26.728	217	763	726	1.38e-14	75.1	28
9KHF_A	pdb|9J36|C	26.728	217	763	726	1.38e-14	75.1	28
9KHF_A	pdb|9J36|B	26.728	217	763	726	1.38e-14	75.1	28
9KHF_A	pdb|9J36|A	26.728	217	763	726	1.38e-14	75.1	28
9KHF_A	pdb|9J35|D	26.728	217	763	726	1.38e-14	75.1	28
9KHF_A	pdb|9J35|C	26.728	217	763	726	1.38e-14	75.1	28
9KHF_A	pdb|9J35|B	26.728	217	763	726	1.38e-14	75.1	28
9KHF_A	pdb|9J35|A	26.728	217	763	726	1.38e-14	75.1	28
9KHF_A	pdb|9KCV|D	19.069	451	763	798	4.44e-13	70.5	49
9KHF_A	pdb|9KCV|C	19.069	451	763	798	4.44e-13	70.5	49
9KHF_A	pdb|9KCV|B	19.069	451	763	798	4.44e-13	70.5	49
9KHF_A	pdb|9KCV|A	19.069	451	763	798	4.44e-13	70.5	49
9KHF_A	pdb|9KCU|D	19.107	403	763	662	1.25e-12	68.9	45
9KHF_A	pdb|9KCU|C	19.107	403	763	662	1.25e-12	68.9	45
9KHF_A	pdb|9KCU|B	19.107	403	763	662	1.25e-12	68.9	45
9KHF_A	pdb|9KCU|A	19.107	403	763	662	1.25e-12	68.9	45
9KHF_A	pdb|9J34|D	23.280	189	763	716	7.35e-10	60.1	24
9KHF_A	pdb|9J34|C	23.280	189	763	716	7.35e-10	60.1	24
9KHF_B	pdb|7XUF|D	31.923	827	763	857	3.90e-130	405	99
9KHF_B	pdb|7XUF|B	31.923	827	763	857	3.90e-130	405	99
9KHF_B	pdb|7T4X|D	31.923	827	763	857	3.90e-130	405	99
9KHF_B	pdb|7T4X|C	31.923	827	763	857	3.90e-130	405	99
9KHF_B	pdb|7T4X|B	31.923	827	763	857	3.90e-130	405	99
9KHF_B	pdb|7T4X|A	31.923	827	763	857	3.90e-130	405	99
9KHF_B	pdb|7WSW|D	31.923	827	763	879	9.42e-130	405	99
9KHF_B	pdb|7WSW|C	31.923	827	763	879	9.42e-130	405	99
9KHF_B	pdb|7WSW|B	31.923	827	763	879	9.42e-130	405	99
9KHF_B	pdb|7WSW|A	31.923	827	763	879	9.42e-130	405	99
9KHF_B	pdb|7FCV|D	31.923	827	763	857	1.03e-129	404	99
9KHF_B	pdb|7FCV|C	31.923	827	763	857	1.03e-129	404	99
9KHF_B	pdb|7FCV|B	31.923	827	763	857	1.03e-129	404	99
9KHF_B	pdb|7FCV|A	31.923	827	763	857	1.03e-129	404	99
9KHF_B	pdb|9IS8|D	31.923	827	763	885	1.05e-129	405	99
9KHF_B	pdb|9IS8|C	31.923	827	763	885	1.05e-129	405	99
9KHF_B	pdb|9IS8|A	31.923	827	763	885	1.05e-129	405	99
9KHF_B	pdb|7WM1|C	31.923	827	763	885	1.05e-129	405	99
9KHF_B	pdb|7WM1|A	31.923	827	763	885	1.05e-129	405	99
9KHF_B	pdb|7WM2|D	31.923	827	763	895	1.22e-129	405	99
9KHF_B	pdb|7WM2|C	31.923	827	763	895	1.22e-129	405	99
9KHF_B	pdb|7WM2|B	31.923	827	763	895	1.22e-129	405	99
9KHF_B	pdb|7WM2|A	31.923	827	763	895	1.22e-129	405	99
9KHF_B	pdb|7CAL|D	35.881	471	763	677	1.92e-92	301	61
9KHF_B	pdb|7CAL|C	35.881	471	763	677	1.92e-92	301	61
9KHF_B	pdb|7CAL|B	35.881	471	763	677	1.92e-92	301	61
9KHF_B	pdb|7CAL|A	35.881	471	763	677	1.92e-92	301	61
9KHF_B	pdb|7XUF|C	36.069	463	763	662	5.29e-81	270	60
9KHF_B	pdb|7XUF|A	36.069	463	763	662	5.29e-81	270	60
9KHF_B	pdb|7WM1|D	36.069	463	763	690	8.78e-81	270	60
9KHF_B	pdb|7WM1|B	36.069	463	763	690	8.78e-81	270	60
9KHF_B	pdb|9IS8|B	36.069	463	763	710	1.40e-80	270	60
9KHF_B	pdb|9J36|D	26.728	217	763	726	1.38e-14	75.1	28
9KHF_B	pdb|9J36|C	26.728	217	763	726	1.38e-14	75.1	28
9KHF_B	pdb|9J36|B	26.728	217	763	726	1.38e-14	75.1	28
9KHF_B	pdb|9J36|A	26.728	217	763	726	1.38e-14	75.1	28
9KHF_B	pdb|9J35|D	26.728	217	763	726	1.38e-14	75.1	28
9KHF_B	pdb|9J35|C	26.728	217	763	726	1.38e-14	75.1	28
9KHF_B	pdb|9J35|B	26.728	217	763	726	1.38e-14	75.1	28
9KHF_B	pdb|9J35|A	26.728	217	763	726	1.38e-14	75.1	28
9KHF_B	pdb|9KCV|D	19.069	451	763	798	4.44e-13	70.5	49
9KHF_B	pdb|9KCV|C	19.069	451	763	798	4.44e-13	70.5	49
9KHF_B	pdb|9KCV|B	19.069	451	763	798	4.44e-13	70.5	49
9KHF_B	pdb|9KCV|A	19.069	451	763	798	4.44e-13	70.5	49
9KHF_B	pdb|9KCU|D	19.107	403	763	662	1.25e-12	68.9	45
9KHF_B	pdb|9KCU|C	19.107	403	763	662	1.25e-12	68.9	45
9KHF_B	pdb|9KCU|B	19.107	403	763	662	1.25e-12	68.9	45
9KHF_B	pdb|9KCU|A	19.107	403	763	662	1.25e-12	68.9	45
9KHF_B	pdb|9J34|D	23.280	189	763	716	7.35e-10	60.1	24
9KHF_B	pdb|9J34|C	23.280	189	763	716	7.35e-10	60.1	24
9KHF_C	pdb|7XUF|D	31.923	827	763	857	3.90e-130	405	99
9KHF_C	pdb|7XUF|B	31.923	827	763	857	3.90e-130	405	99
9KHF_C	pdb|7T4X|D	31.923	827	763	857	3.90e-130	405	99
9KHF_C	pdb|7T4X|C	31.923	827	763	857	3.90e-130	405	99
9KHF_C	pdb|7T4X|B	31.923	827	763	857	3.90e-130	405	99
9KHF_C	pdb|7T4X|A	31.923	827	763	857	3.90e-130	405	99
9KHF_C	pdb|7WSW|D	31.923	827	763	879	9.42e-130	405	99
9KHF_C	pdb|7WSW|C	31.923	827	763	879	9.42e-130	405	99
9KHF_C	pdb|7WSW|B	31.923	827	763	879	9.42e-130	405	99
9KHF_C	pdb|7WSW|A	31.923	827	763	879	9.42e-130	405	99
9KHF_C	pdb|7FCV|D	31.923	827	763	857	1.03e-129	404	99
9KHF_C	pdb|7FCV|C	31.923	827	763	857	1.03e-129	404	99
9KHF_C	pdb|7FCV|B	31.923	827	763	857	1.03e-129	404	99
9KHF_C	pdb|7FCV|A	31.923	827	763	857	1.03e-129	404	99
9KHF_C	pdb|9IS8|D	31.923	827	763	885	1.05e-129	405	99
9KHF_C	pdb|9IS8|C	31.923	827	763	885	1.05e-129	405	99
9KHF_C	pdb|9IS8|A	31.923	827	763	885	1.05e-129	405	99
9KHF_C	pdb|7WM1|C	31.923	827	763	885	1.05e-129	405	99
9KHF_C	pdb|7WM1|A	31.923	827	763	885	1.05e-129	405	99
9KHF_C	pdb|7WM2|D	31.923	827	763	895	1.22e-129	405	99
9KHF_C	pdb|7WM2|C	31.923	827	763	895	1.22e-129	405	99
9KHF_C	pdb|7WM2|B	31.923	827	763	895	1.22e-129	405	99
9KHF_C	pdb|7WM2|A	31.923	827	763	895	1.22e-129	405	99
9KHF_C	pdb|7CAL|D	35.881	471	763	677	1.92e-92	301	61
9KHF_C	pdb|7CAL|C	35.881	471	763	677	1.92e-92	301	61
9KHF_C	pdb|7CAL|B	35.881	471	763	677	1.92e-92	301	61
9KHF_C	pdb|7CAL|A	35.881	471	763	677	1.92e-92	301	61
9KHF_C	pdb|7XUF|C	36.069	463	763	662	5.29e-81	270	60
9KHF_C	pdb|7XUF|A	36.069	463	763	662	5.29e-81	270	60
9KHF_C	pdb|7WM1|D	36.069	463	763	690	8.78e-81	270	60
9KHF_C	pdb|7WM1|B	36.069	463	763	690	8.78e-81	270	60
9KHF_C	pdb|9IS8|B	36.069	463	763	710	1.40e-80	270	60
9KHF_C	pdb|9J36|D	26.728	217	763	726	1.38e-14	75.1	28
9KHF_C	pdb|9J36|C	26.728	217	763	726	1.38e-14	75.1	28
9KHF_C	pdb|9J36|B	26.728	217	763	726	1.38e-14	75.1	28
9KHF_C	pdb|9J36|A	26.728	217	763	726	1.38e-14	75.1	28
9KHF_C	pdb|9J35|D	26.728	217	763	726	1.38e-14	75.1	28
9KHF_C	pdb|9J35|C	26.728	217	763	726	1.38e-14	75.1	28
9KHF_C	pdb|9J35|B	26.728	217	763	726	1.38e-14	75.1	28
9KHF_C	pdb|9J35|A	26.728	217	763	726	1.38e-14	75.1	28
9KHF_C	pdb|9KCV|D	19.069	451	763	798	4.44e-13	70.5	49
9KHF_C	pdb|9KCV|C	19.069	451	763	798	4.44e-13	70.5	49
9KHF_C	pdb|9KCV|B	19.069	451	763	798	4.44e-13	70.5	49
9KHF_C	pdb|9KCV|A	19.069	451	763	798	4.44e-13	70.5	49
9KHF_C	pdb|9KCU|D	19.107	403	763	662	1.25e-12	68.9	45
9KHF_C	pdb|9KCU|C	19.107	403	763	662	1.25e-12	68.9	45
9KHF_C	pdb|9KCU|B	19.107	403	763	662	1.25e-12	68.9	45
9KHF_C	pdb|9KCU|A	19.107	403	763	662	1.25e-12	68.9	45
9KHF_C	pdb|9J34|D	23.280	189	763	716	7.35e-10	60.1	24
9KHF_C	pdb|9J34|C	23.280	189	763	716	7.35e-10	60.1	24
9KHF_D	pdb|7XUF|D	31.923	827	763	857	3.90e-130	405	99
9KHF_D	pdb|7XUF|B	31.923	827	763	857	3.90e-130	405	99
9KHF_D	pdb|7T4X|D	31.923	827	763	857	3.90e-130	405	99
9KHF_D	pdb|7T4X|C	31.923	827	763	857	3.90e-130	405	99
9KHF_D	pdb|7T4X|B	31.923	827	763	857	3.90e-130	405	99
9KHF_D	pdb|7T4X|A	31.923	827	763	857	3.90e-130	405	99
9KHF_D	pdb|7WSW|D	31.923	827	763	879	9.42e-130	405	99
9KHF_D	pdb|7WSW|C	31.923	827	763	879	9.42e-130	405	99
9KHF_D	pdb|7WSW|B	31.923	827	763	879	9.42e-130	405	99
9KHF_D	pdb|7WSW|A	31.923	827	763	879	9.42e-130	405	99
9KHF_D	pdb|7FCV|D	31.923	827	763	857	1.03e-129	404	99
9KHF_D	pdb|7FCV|C	31.923	827	763	857	1.03e-129	404	99
9KHF_D	pdb|7FCV|B	31.923	827	763	857	1.03e-129	404	99
9KHF_D	pdb|7FCV|A	31.923	827	763	857	1.03e-129	404	99
9KHF_D	pdb|9IS8|D	31.923	827	763	885	1.05e-129	405	99
9KHF_D	pdb|9IS8|C	31.923	827	763	885	1.05e-129	405	99
9KHF_D	pdb|9IS8|A	31.923	827	763	885	1.05e-129	405	99
9KHF_D	pdb|7WM1|C	31.923	827	763	885	1.05e-129	405	99
9KHF_D	pdb|7WM1|A	31.923	827	763	885	1.05e-129	405	99
9KHF_D	pdb|7WM2|D	31.923	827	763	895	1.22e-129	405	99
9KHF_D	pdb|7WM2|C	31.923	827	763	895	1.22e-129	405	99
9KHF_D	pdb|7WM2|B	31.923	827	763	895	1.22e-129	405	99
9KHF_D	pdb|7WM2|A	31.923	827	763	895	1.22e-129	405	99
9KHF_D	pdb|7CAL|D	35.881	471	763	677	1.92e-92	301	61
9KHF_D	pdb|7CAL|C	35.881	471	763	677	1.92e-92	301	61
9KHF_D	pdb|7CAL|B	35.881	471	763	677	1.92e-92	301	61
9KHF_D	pdb|7CAL|A	35.881	471	763	677	1.92e-92	301	61
9KHF_D	pdb|7XUF|C	36.069	463	763	662	5.29e-81	270	60
9KHF_D	pdb|7XUF|A	36.069	463	763	662	5.29e-81	270	60
9KHF_D	pdb|7WM1|D	36.069	463	763	690	8.78e-81	270	60
9KHF_D	pdb|7WM1|B	36.069	463	763	690	8.78e-81	270	60
9KHF_D	pdb|9IS8|B	36.069	463	763	710	1.40e-80	270	60
9KHF_D	pdb|9J36|D	26.728	217	763	726	1.38e-14	75.1	28
9KHF_D	pdb|9J36|C	26.728	217	763	726	1.38e-14	75.1	28
9KHF_D	pdb|9J36|B	26.728	217	763	726	1.38e-14	75.1	28
9KHF_D	pdb|9J36|A	26.728	217	763	726	1.38e-14	75.1	28
9KHF_D	pdb|9J35|D	26.728	217	763	726	1.38e-14	75.1	28
9KHF_D	pdb|9J35|C	26.728	217	763	726	1.38e-14	75.1	28
9KHF_D	pdb|9J35|B	26.728	217	763	726	1.38e-14	75.1	28
9KHF_D	pdb|9J35|A	26.728	217	763	726	1.38e-14	75.1	28
9KHF_D	pdb|9KCV|D	19.069	451	763	798	4.44e-13	70.5	49
9KHF_D	pdb|9KCV|C	19.069	451	763	798	4.44e-13	70.5	49
9KHF_D	pdb|9KCV|B	19.069	451	763	798	4.44e-13	70.5	49
9KHF_D	pdb|9KCV|A	19.069	451	763	798	4.44e-13	70.5	49
9KHF_D	pdb|9KCU|D	19.107	403	763	662	1.25e-12	68.9	45
9KHF_D	pdb|9KCU|C	19.107	403	763	662	1.25e-12	68.9	45
9KHF_D	pdb|9KCU|B	19.107	403	763	662	1.25e-12	68.9	45
9KHF_D	pdb|9KCU|A	19.107	403	763	662	1.25e-12	68.9	45
9KHF_D	pdb|9J34|D	23.280	189	763	716	7.35e-10	60.1	24
9KHF_D	pdb|9J34|C	23.280	189	763	716	7.35e-10	60.1	24
9L9U_A	pdb|7WSW|D	31.000	900	834	879	2.25e-132	414	99
9L9U_A	pdb|7WSW|C	31.000	900	834	879	2.25e-132	414	99
9L9U_A	pdb|7WSW|B	31.000	900	834	879	2.25e-132	414	99
9L9U_A	pdb|7WSW|A	31.000	900	834	879	2.25e-132	414	99
9L9U_A	pdb|7XUF|D	31.807	830	834	857	2.88e-130	408	91
9L9U_A	pdb|7XUF|B	31.807	830	834	857	2.88e-130	408	91
9L9U_A	pdb|7T4X|D	31.807	830	834	857	2.88e-130	408	91
9L9U_A	pdb|7T4X|C	31.807	830	834	857	2.88e-130	408	91
9L9U_A	pdb|7T4X|B	31.807	830	834	857	2.88e-130	408	91
9L9U_A	pdb|7T4X|A	31.807	830	834	857	2.88e-130	408	91
9L9U_A	pdb|7WM2|D	31.807	830	834	895	6.97e-130	408	91
9L9U_A	pdb|7WM2|C	31.807	830	834	895	6.97e-130	408	91
9L9U_A	pdb|7WM2|B	31.807	830	834	895	6.97e-130	408	91
9L9U_A	pdb|7WM2|A	31.807	830	834	895	6.97e-130	408	91
9L9U_A	pdb|9IS8|D	31.807	830	834	885	7.91e-130	407	91
9L9U_A	pdb|9IS8|C	31.807	830	834	885	7.91e-130	407	91
9L9U_A	pdb|9IS8|A	31.807	830	834	885	7.91e-130	407	91
9L9U_A	pdb|7WM1|C	31.807	830	834	885	7.91e-130	407	91
9L9U_A	pdb|7WM1|A	31.807	830	834	885	7.91e-130	407	91
9L9U_A	pdb|7FCV|D	31.807	830	834	857	8.92e-130	407	91
9L9U_A	pdb|7FCV|C	31.807	830	834	857	8.92e-130	407	91
9L9U_A	pdb|7FCV|B	31.807	830	834	857	8.92e-130	407	91
9L9U_A	pdb|7FCV|A	31.807	830	834	857	8.92e-130	407	91
9L9U_A	pdb|7CAL|D	36.076	474	834	677	1.43e-93	306	56
9L9U_A	pdb|7CAL|C	36.076	474	834	677	1.43e-93	306	56
9L9U_A	pdb|7CAL|B	36.076	474	834	677	1.43e-93	306	56
9L9U_A	pdb|7CAL|A	36.076	474	834	677	1.43e-93	306	56
9L9U_A	pdb|7XUF|C	35.699	479	834	662	4.28e-82	275	56
9L9U_A	pdb|7XUF|A	35.699	479	834	662	4.28e-82	275	56
9L9U_A	pdb|7WM1|D	35.699	479	834	690	6.17e-82	275	56
9L9U_A	pdb|7WM1|B	35.699	479	834	690	6.17e-82	275	56
9L9U_A	pdb|9IS8|B	35.699	479	834	710	1.25e-81	275	56
9L9U_A	pdb|9KCV|D	19.694	523	834	798	5.45e-16	80.1	53
9L9U_A	pdb|9KCV|C	19.694	523	834	798	5.45e-16	80.1	53
9L9U_A	pdb|9KCV|B	19.694	523	834	798	5.45e-16	80.1	53
9L9U_A	pdb|9KCV|A	19.694	523	834	798	5.45e-16	80.1	53
9L9U_A	pdb|9J36|D	26.728	217	834	726	1.99e-14	75.1	25
9L9U_A	pdb|9J36|C	26.728	217	834	726	1.99e-14	75.1	25
9L9U_A	pdb|9J36|B	26.728	217	834	726	1.99e-14	75.1	25
9L9U_A	pdb|9J36|A	26.728	217	834	726	1.99e-14	75.1	25
9L9U_A	pdb|9J35|D	26.728	217	834	726	1.99e-14	75.1	25
9L9U_A	pdb|9J35|C	26.728	217	834	726	1.99e-14	75.1	25
9L9U_A	pdb|9J35|B	26.728	217	834	726	1.99e-14	75.1	25
9L9U_A	pdb|9J35|A	26.728	217	834	726	1.99e-14	75.1	25
9L9U_A	pdb|9KCU|D	19.079	456	834	662	1.14e-12	69.3	46
9L9U_A	pdb|9KCU|C	19.079	456	834	662	1.14e-12	69.3	46
9L9U_A	pdb|9KCU|B	19.079	456	834	662	1.14e-12	69.3	46
9L9U_A	pdb|9KCU|A	19.079	456	834	662	1.14e-12	69.3	46
9L9U_A	pdb|9J34|D	23.280	189	834	716	1.28e-09	59.3	22
9L9U_A	pdb|9J34|C	23.280	189	834	716	1.28e-09	59.3	22
9L9U_B	pdb|7WSW|D	31.000	900	834	879	2.25e-132	414	99
9L9U_B	pdb|7WSW|C	31.000	900	834	879	2.25e-132	414	99
9L9U_B	pdb|7WSW|B	31.000	900	834	879	2.25e-132	414	99
9L9U_B	pdb|7WSW|A	31.000	900	834	879	2.25e-132	414	99
9L9U_B	pdb|7XUF|D	31.807	830	834	857	2.88e-130	408	91
9L9U_B	pdb|7XUF|B	31.807	830	834	857	2.88e-130	408	91
9L9U_B	pdb|7T4X|D	31.807	830	834	857	2.88e-130	408	91
9L9U_B	pdb|7T4X|C	31.807	830	834	857	2.88e-130	408	91
9L9U_B	pdb|7T4X|B	31.807	830	834	857	2.88e-130	408	91
9L9U_B	pdb|7T4X|A	31.807	830	834	857	2.88e-130	408	91
9L9U_B	pdb|7WM2|D	31.807	830	834	895	6.97e-130	408	91
9L9U_B	pdb|7WM2|C	31.807	830	834	895	6.97e-130	408	91
9L9U_B	pdb|7WM2|B	31.807	830	834	895	6.97e-130	408	91
9L9U_B	pdb|7WM2|A	31.807	830	834	895	6.97e-130	408	91
9L9U_B	pdb|9IS8|D	31.807	830	834	885	7.91e-130	407	91
9L9U_B	pdb|9IS8|C	31.807	830	834	885	7.91e-130	407	91
9L9U_B	pdb|9IS8|A	31.807	830	834	885	7.91e-130	407	91
9L9U_B	pdb|7WM1|C	31.807	830	834	885	7.91e-130	407	91
9L9U_B	pdb|7WM1|A	31.807	830	834	885	7.91e-130	407	91
9L9U_B	pdb|7FCV|D	31.807	830	834	857	8.92e-130	407	91
9L9U_B	pdb|7FCV|C	31.807	830	834	857	8.92e-130	407	91
9L9U_B	pdb|7FCV|B	31.807	830	834	857	8.92e-130	407	91
9L9U_B	pdb|7FCV|A	31.807	830	834	857	8.92e-130	407	91
9L9U_B	pdb|7CAL|D	36.076	474	834	677	1.43e-93	306	56
9L9U_B	pdb|7CAL|C	36.076	474	834	677	1.43e-93	306	56
9L9U_B	pdb|7CAL|B	36.076	474	834	677	1.43e-93	306	56
9L9U_B	pdb|7CAL|A	36.076	474	834	677	1.43e-93	306	56
9L9U_B	pdb|7XUF|C	35.699	479	834	662	4.28e-82	275	56
9L9U_B	pdb|7XUF|A	35.699	479	834	662	4.28e-82	275	56
9L9U_B	pdb|7WM1|D	35.699	479	834	690	6.17e-82	275	56
9L9U_B	pdb|7WM1|B	35.699	479	834	690	6.17e-82	275	56
9L9U_B	pdb|9IS8|B	35.699	479	834	710	1.25e-81	275	56
9L9U_B	pdb|9KCV|D	19.694	523	834	798	5.45e-16	80.1	53
9L9U_B	pdb|9KCV|C	19.694	523	834	798	5.45e-16	80.1	53
9L9U_B	pdb|9KCV|B	19.694	523	834	798	5.45e-16	80.1	53
9L9U_B	pdb|9KCV|A	19.694	523	834	798	5.45e-16	80.1	53
9L9U_B	pdb|9J36|D	26.728	217	834	726	1.99e-14	75.1	25
9L9U_B	pdb|9J36|C	26.728	217	834	726	1.99e-14	75.1	25
9L9U_B	pdb|9J36|B	26.728	217	834	726	1.99e-14	75.1	25
9L9U_B	pdb|9J36|A	26.728	217	834	726	1.99e-14	75.1	25
9L9U_B	pdb|9J35|D	26.728	217	834	726	1.99e-14	75.1	25
9L9U_B	pdb|9J35|C	26.728	217	834	726	1.99e-14	75.1	25
9L9U_B	pdb|9J35|B	26.728	217	834	726	1.99e-14	75.1	25
9L9U_B	pdb|9J35|A	26.728	217	834	726	1.99e-14	75.1	25
9L9U_B	pdb|9KCU|D	19.079	456	834	662	1.14e-12	69.3	46
9L9U_B	pdb|9KCU|C	19.079	456	834	662	1.14e-12	69.3	46
9L9U_B	pdb|9KCU|B	19.079	456	834	662	1.14e-12	69.3	46
9L9U_B	pdb|9KCU|A	19.079	456	834	662	1.14e-12	69.3	46
9L9U_B	pdb|9J34|D	23.280	189	834	716	1.28e-09	59.3	22
9L9U_B	pdb|9J34|C	23.280	189	834	716	1.28e-09	59.3	22
9L9U_C	pdb|7WSW|D	31.000	900	834	879	2.25e-132	414	99
9L9U_C	pdb|7WSW|C	31.000	900	834	879	2.25e-132	414	99
9L9U_C	pdb|7WSW|B	31.000	900	834	879	2.25e-132	414	99
9L9U_C	pdb|7WSW|A	31.000	900	834	879	2.25e-132	414	99
9L9U_C	pdb|7XUF|D	31.807	830	834	857	2.88e-130	408	91
9L9U_C	pdb|7XUF|B	31.807	830	834	857	2.88e-130	408	91
9L9U_C	pdb|7T4X|D	31.807	830	834	857	2.88e-130	408	91
9L9U_C	pdb|7T4X|C	31.807	830	834	857	2.88e-130	408	91
9L9U_C	pdb|7T4X|B	31.807	830	834	857	2.88e-130	408	91
9L9U_C	pdb|7T4X|A	31.807	830	834	857	2.88e-130	408	91
9L9U_C	pdb|7WM2|D	31.807	830	834	895	6.97e-130	408	91
9L9U_C	pdb|7WM2|C	31.807	830	834	895	6.97e-130	408	91
9L9U_C	pdb|7WM2|B	31.807	830	834	895	6.97e-130	408	91
9L9U_C	pdb|7WM2|A	31.807	830	834	895	6.97e-130	408	91
9L9U_C	pdb|9IS8|D	31.807	830	834	885	7.91e-130	407	91
9L9U_C	pdb|9IS8|C	31.807	830	834	885	7.91e-130	407	91
9L9U_C	pdb|9IS8|A	31.807	830	834	885	7.91e-130	407	91
9L9U_C	pdb|7WM1|C	31.807	830	834	885	7.91e-130	407	91
9L9U_C	pdb|7WM1|A	31.807	830	834	885	7.91e-130	407	91
9L9U_C	pdb|7FCV|D	31.807	830	834	857	8.92e-130	407	91
9L9U_C	pdb|7FCV|C	31.807	830	834	857	8.92e-130	407	91
9L9U_C	pdb|7FCV|B	31.807	830	834	857	8.92e-130	407	91
9L9U_C	pdb|7FCV|A	31.807	830	834	857	8.92e-130	407	91
9L9U_C	pdb|7CAL|D	36.076	474	834	677	1.43e-93	306	56
9L9U_C	pdb|7CAL|C	36.076	474	834	677	1.43e-93	306	56
9L9U_C	pdb|7CAL|B	36.076	474	834	677	1.43e-93	306	56
9L9U_C	pdb|7CAL|A	36.076	474	834	677	1.43e-93	306	56
9L9U_C	pdb|7XUF|C	35.699	479	834	662	4.28e-82	275	56
9L9U_C	pdb|7XUF|A	35.699	479	834	662	4.28e-82	275	56
9L9U_C	pdb|7WM1|D	35.699	479	834	690	6.17e-82	275	56
9L9U_C	pdb|7WM1|B	35.699	479	834	690	6.17e-82	275	56
9L9U_C	pdb|9IS8|B	35.699	479	834	710	1.25e-81	275	56
9L9U_C	pdb|9KCV|D	19.694	523	834	798	5.45e-16	80.1	53
9L9U_C	pdb|9KCV|C	19.694	523	834	798	5.45e-16	80.1	53
9L9U_C	pdb|9KCV|B	19.694	523	834	798	5.45e-16	80.1	53
9L9U_C	pdb|9KCV|A	19.694	523	834	798	5.45e-16	80.1	53
9L9U_C	pdb|9J36|D	26.728	217	834	726	1.99e-14	75.1	25
9L9U_C	pdb|9J36|C	26.728	217	834	726	1.99e-14	75.1	25
9L9U_C	pdb|9J36|B	26.728	217	834	726	1.99e-14	75.1	25
9L9U_C	pdb|9J36|A	26.728	217	834	726	1.99e-14	75.1	25
9L9U_C	pdb|9J35|D	26.728	217	834	726	1.99e-14	75.1	25
9L9U_C	pdb|9J35|C	26.728	217	834	726	1.99e-14	75.1	25
9L9U_C	pdb|9J35|B	26.728	217	834	726	1.99e-14	75.1	25
9L9U_C	pdb|9J35|A	26.728	217	834	726	1.99e-14	75.1	25
9L9U_C	pdb|9KCU|D	19.079	456	834	662	1.14e-12	69.3	46
9L9U_C	pdb|9KCU|C	19.079	456	834	662	1.14e-12	69.3	46
9L9U_C	pdb|9KCU|B	19.079	456	834	662	1.14e-12	69.3	46
9L9U_C	pdb|9KCU|A	19.079	456	834	662	1.14e-12	69.3	46
9L9U_C	pdb|9J34|D	23.280	189	834	716	1.28e-09	59.3	22
9L9U_C	pdb|9J34|C	23.280	189	834	716	1.28e-09	59.3	22
9L9U_D	pdb|7WSW|D	31.000	900	834	879	2.25e-132	414	99
9L9U_D	pdb|7WSW|C	31.000	900	834	879	2.25e-132	414	99
9L9U_D	pdb|7WSW|B	31.000	900	834	879	2.25e-132	414	99
9L9U_D	pdb|7WSW|A	31.000	900	834	879	2.25e-132	414	99
9L9U_D	pdb|7XUF|D	31.807	830	834	857	2.88e-130	408	91
9L9U_D	pdb|7XUF|B	31.807	830	834	857	2.88e-130	408	91
9L9U_D	pdb|7T4X|D	31.807	830	834	857	2.88e-130	408	91
9L9U_D	pdb|7T4X|C	31.807	830	834	857	2.88e-130	408	91
9L9U_D	pdb|7T4X|B	31.807	830	834	857	2.88e-130	408	91
9L9U_D	pdb|7T4X|A	31.807	830	834	857	2.88e-130	408	91
9L9U_D	pdb|7WM2|D	31.807	830	834	895	6.97e-130	408	91
9L9U_D	pdb|7WM2|C	31.807	830	834	895	6.97e-130	408	91
9L9U_D	pdb|7WM2|B	31.807	830	834	895	6.97e-130	408	91
9L9U_D	pdb|7WM2|A	31.807	830	834	895	6.97e-130	408	91
9L9U_D	pdb|9IS8|D	31.807	830	834	885	7.91e-130	407	91
9L9U_D	pdb|9IS8|C	31.807	830	834	885	7.91e-130	407	91
9L9U_D	pdb|9IS8|A	31.807	830	834	885	7.91e-130	407	91
9L9U_D	pdb|7WM1|C	31.807	830	834	885	7.91e-130	407	91
9L9U_D	pdb|7WM1|A	31.807	830	834	885	7.91e-130	407	91
9L9U_D	pdb|7FCV|D	31.807	830	834	857	8.92e-130	407	91
9L9U_D	pdb|7FCV|C	31.807	830	834	857	8.92e-130	407	91
9L9U_D	pdb|7FCV|B	31.807	830	834	857	8.92e-130	407	91
9L9U_D	pdb|7FCV|A	31.807	830	834	857	8.92e-130	407	91
9L9U_D	pdb|7CAL|D	36.076	474	834	677	1.43e-93	306	56
9L9U_D	pdb|7CAL|C	36.076	474	834	677	1.43e-93	306	56
9L9U_D	pdb|7CAL|B	36.076	474	834	677	1.43e-93	306	56
9L9U_D	pdb|7CAL|A	36.076	474	834	677	1.43e-93	306	56
9L9U_D	pdb|7XUF|C	35.699	479	834	662	4.28e-82	275	56
9L9U_D	pdb|7XUF|A	35.699	479	834	662	4.28e-82	275	56
9L9U_D	pdb|7WM1|D	35.699	479	834	690	6.17e-82	275	56
9L9U_D	pdb|7WM1|B	35.699	479	834	690	6.17e-82	275	56
9L9U_D	pdb|9IS8|B	35.699	479	834	710	1.25e-81	275	56
9L9U_D	pdb|9KCV|D	19.694	523	834	798	5.45e-16	80.1	53
9L9U_D	pdb|9KCV|C	19.694	523	834	798	5.45e-16	80.1	53
9L9U_D	pdb|9KCV|B	19.694	523	834	798	5.45e-16	80.1	53
9L9U_D	pdb|9KCV|A	19.694	523	834	798	5.45e-16	80.1	53
9L9U_D	pdb|9J36|D	26.728	217	834	726	1.99e-14	75.1	25
9L9U_D	pdb|9J36|C	26.728	217	834	726	1.99e-14	75.1	25
9L9U_D	pdb|9J36|B	26.728	217	834	726	1.99e-14	75.1	25
9L9U_D	pdb|9J36|A	26.728	217	834	726	1.99e-14	75.1	25
9L9U_D	pdb|9J35|D	26.728	217	834	726	1.99e-14	75.1	25
9L9U_D	pdb|9J35|C	26.728	217	834	726	1.99e-14	75.1	25
9L9U_D	pdb|9J35|B	26.728	217	834	726	1.99e-14	75.1	25
9L9U_D	pdb|9J35|A	26.728	217	834	726	1.99e-14	75.1	25
9L9U_D	pdb|9KCU|D	19.079	456	834	662	1.14e-12	69.3	46
9L9U_D	pdb|9KCU|C	19.079	456	834	662	1.14e-12	69.3	46
9L9U_D	pdb|9KCU|B	19.079	456	834	662	1.14e-12	69.3	46
9L9U_D	pdb|9KCU|A	19.079	456	834	662	1.14e-12	69.3	46
9L9U_D	pdb|9J34|D	23.280	189	834	716	1.28e-09	59.3	22
9L9U_D	pdb|9J34|C	23.280	189	834	716	1.28e-09	59.3	22
9LA0_A	pdb|7WSW|D	31.000	900	834	879	2.25e-132	414	99
9LA0_A	pdb|7WSW|C	31.000	900	834	879	2.25e-132	414	99
9LA0_A	pdb|7WSW|B	31.000	900	834	879	2.25e-132	414	99
9LA0_A	pdb|7WSW|A	31.000	900	834	879	2.25e-132	414	99
9LA0_A	pdb|7XUF|D	31.807	830	834	857	2.88e-130	408	91
9LA0_A	pdb|7XUF|B	31.807	830	834	857	2.88e-130	408	91
9LA0_A	pdb|7T4X|D	31.807	830	834	857	2.88e-130	408	91
9LA0_A	pdb|7T4X|C	31.807	830	834	857	2.88e-130	408	91
9LA0_A	pdb|7T4X|B	31.807	830	834	857	2.88e-130	408	91
9LA0_A	pdb|7T4X|A	31.807	830	834	857	2.88e-130	408	91
9LA0_A	pdb|7WM2|D	31.807	830	834	895	6.97e-130	408	91
9LA0_A	pdb|7WM2|C	31.807	830	834	895	6.97e-130	408	91
9LA0_A	pdb|7WM2|B	31.807	830	834	895	6.97e-130	408	91
9LA0_A	pdb|7WM2|A	31.807	830	834	895	6.97e-130	408	91
9LA0_A	pdb|9IS8|D	31.807	830	834	885	7.91e-130	407	91
9LA0_A	pdb|9IS8|C	31.807	830	834	885	7.91e-130	407	91
9LA0_A	pdb|9IS8|A	31.807	830	834	885	7.91e-130	407	91
9LA0_A	pdb|7WM1|C	31.807	830	834	885	7.91e-130	407	91
9LA0_A	pdb|7WM1|A	31.807	830	834	885	7.91e-130	407	91
9LA0_A	pdb|7FCV|D	31.807	830	834	857	8.92e-130	407	91
9LA0_A	pdb|7FCV|C	31.807	830	834	857	8.92e-130	407	91
9LA0_A	pdb|7FCV|B	31.807	830	834	857	8.92e-130	407	91
9LA0_A	pdb|7FCV|A	31.807	830	834	857	8.92e-130	407	91
9LA0_A	pdb|7CAL|D	36.076	474	834	677	1.43e-93	306	56
9LA0_A	pdb|7CAL|C	36.076	474	834	677	1.43e-93	306	56
9LA0_A	pdb|7CAL|B	36.076	474	834	677	1.43e-93	306	56
9LA0_A	pdb|7CAL|A	36.076	474	834	677	1.43e-93	306	56
9LA0_A	pdb|7XUF|C	35.699	479	834	662	4.28e-82	275	56
9LA0_A	pdb|7XUF|A	35.699	479	834	662	4.28e-82	275	56
9LA0_A	pdb|7WM1|D	35.699	479	834	690	6.17e-82	275	56
9LA0_A	pdb|7WM1|B	35.699	479	834	690	6.17e-82	275	56
9LA0_A	pdb|9IS8|B	35.699	479	834	710	1.25e-81	275	56
9LA0_A	pdb|9KCV|D	19.694	523	834	798	5.45e-16	80.1	53
9LA0_A	pdb|9KCV|C	19.694	523	834	798	5.45e-16	80.1	53
9LA0_A	pdb|9KCV|B	19.694	523	834	798	5.45e-16	80.1	53
9LA0_A	pdb|9KCV|A	19.694	523	834	798	5.45e-16	80.1	53
9LA0_A	pdb|9J36|D	26.728	217	834	726	1.99e-14	75.1	25
9LA0_A	pdb|9J36|C	26.728	217	834	726	1.99e-14	75.1	25
9LA0_A	pdb|9J36|B	26.728	217	834	726	1.99e-14	75.1	25
9LA0_A	pdb|9J36|A	26.728	217	834	726	1.99e-14	75.1	25
9LA0_A	pdb|9J35|D	26.728	217	834	726	1.99e-14	75.1	25
9LA0_A	pdb|9J35|C	26.728	217	834	726	1.99e-14	75.1	25
9LA0_A	pdb|9J35|B	26.728	217	834	726	1.99e-14	75.1	25
9LA0_A	pdb|9J35|A	26.728	217	834	726	1.99e-14	75.1	25
9LA0_A	pdb|9KCU|D	19.079	456	834	662	1.14e-12	69.3	46
9LA0_A	pdb|9KCU|C	19.079	456	834	662	1.14e-12	69.3	46
9LA0_A	pdb|9KCU|B	19.079	456	834	662	1.14e-12	69.3	46
9LA0_A	pdb|9KCU|A	19.079	456	834	662	1.14e-12	69.3	46
9LA0_A	pdb|9J34|D	23.280	189	834	716	1.28e-09	59.3	22
9LA0_A	pdb|9J34|C	23.280	189	834	716	1.28e-09	59.3	22
9LA0_B	pdb|7WSW|D	31.000	900	834	879	2.25e-132	414	99
9LA0_B	pdb|7WSW|C	31.000	900	834	879	2.25e-132	414	99
9LA0_B	pdb|7WSW|B	31.000	900	834	879	2.25e-132	414	99
9LA0_B	pdb|7WSW|A	31.000	900	834	879	2.25e-132	414	99
9LA0_B	pdb|7XUF|D	31.807	830	834	857	2.88e-130	408	91
9LA0_B	pdb|7XUF|B	31.807	830	834	857	2.88e-130	408	91
9LA0_B	pdb|7T4X|D	31.807	830	834	857	2.88e-130	408	91
9LA0_B	pdb|7T4X|C	31.807	830	834	857	2.88e-130	408	91
9LA0_B	pdb|7T4X|B	31.807	830	834	857	2.88e-130	408	91
9LA0_B	pdb|7T4X|A	31.807	830	834	857	2.88e-130	408	91
9LA0_B	pdb|7WM2|D	31.807	830	834	895	6.97e-130	408	91
9LA0_B	pdb|7WM2|C	31.807	830	834	895	6.97e-130	408	91
9LA0_B	pdb|7WM2|B	31.807	830	834	895	6.97e-130	408	91
9LA0_B	pdb|7WM2|A	31.807	830	834	895	6.97e-130	408	91
9LA0_B	pdb|9IS8|D	31.807	830	834	885	7.91e-130	407	91
9LA0_B	pdb|9IS8|C	31.807	830	834	885	7.91e-130	407	91
9LA0_B	pdb|9IS8|A	31.807	830	834	885	7.91e-130	407	91
9LA0_B	pdb|7WM1|C	31.807	830	834	885	7.91e-130	407	91
9LA0_B	pdb|7WM1|A	31.807	830	834	885	7.91e-130	407	91
9LA0_B	pdb|7FCV|D	31.807	830	834	857	8.92e-130	407	91
9LA0_B	pdb|7FCV|C	31.807	830	834	857	8.92e-130	407	91
9LA0_B	pdb|7FCV|B	31.807	830	834	857	8.92e-130	407	91
9LA0_B	pdb|7FCV|A	31.807	830	834	857	8.92e-130	407	91
9LA0_B	pdb|7CAL|D	36.076	474	834	677	1.43e-93	306	56
9LA0_B	pdb|7CAL|C	36.076	474	834	677	1.43e-93	306	56
9LA0_B	pdb|7CAL|B	36.076	474	834	677	1.43e-93	306	56
9LA0_B	pdb|7CAL|A	36.076	474	834	677	1.43e-93	306	56
9LA0_B	pdb|7XUF|C	35.699	479	834	662	4.28e-82	275	56
9LA0_B	pdb|7XUF|A	35.699	479	834	662	4.28e-82	275	56
9LA0_B	pdb|7WM1|D	35.699	479	834	690	6.17e-82	275	56
9LA0_B	pdb|7WM1|B	35.699	479	834	690	6.17e-82	275	56
9LA0_B	pdb|9IS8|B	35.699	479	834	710	1.25e-81	275	56
9LA0_B	pdb|9KCV|D	19.694	523	834	798	5.45e-16	80.1	53
9LA0_B	pdb|9KCV|C	19.694	523	834	798	5.45e-16	80.1	53
9LA0_B	pdb|9KCV|B	19.694	523	834	798	5.45e-16	80.1	53
9LA0_B	pdb|9KCV|A	19.694	523	834	798	5.45e-16	80.1	53
9LA0_B	pdb|9J36|D	26.728	217	834	726	1.99e-14	75.1	25
9LA0_B	pdb|9J36|C	26.728	217	834	726	1.99e-14	75.1	25
9LA0_B	pdb|9J36|B	26.728	217	834	726	1.99e-14	75.1	25
9LA0_B	pdb|9J36|A	26.728	217	834	726	1.99e-14	75.1	25
9LA0_B	pdb|9J35|D	26.728	217	834	726	1.99e-14	75.1	25
9LA0_B	pdb|9J35|C	26.728	217	834	726	1.99e-14	75.1	25
9LA0_B	pdb|9J35|B	26.728	217	834	726	1.99e-14	75.1	25
9LA0_B	pdb|9J35|A	26.728	217	834	726	1.99e-14	75.1	25
9LA0_B	pdb|9KCU|D	19.079	456	834	662	1.14e-12	69.3	46
9LA0_B	pdb|9KCU|C	19.079	456	834	662	1.14e-12	69.3	46
9LA0_B	pdb|9KCU|B	19.079	456	834	662	1.14e-12	69.3	46
9LA0_B	pdb|9KCU|A	19.079	456	834	662	1.14e-12	69.3	46
9LA0_B	pdb|9J34|D	23.280	189	834	716	1.28e-09	59.3	22
9LA0_B	pdb|9J34|C	23.280	189	834	716	1.28e-09	59.3	22
9LA0_C	pdb|7WSW|D	31.000	900	834	879	2.25e-132	414	99
9LA0_C	pdb|7WSW|C	31.000	900	834	879	2.25e-132	414	99
9LA0_C	pdb|7WSW|B	31.000	900	834	879	2.25e-132	414	99
9LA0_C	pdb|7WSW|A	31.000	900	834	879	2.25e-132	414	99
9LA0_C	pdb|7XUF|D	31.807	830	834	857	2.88e-130	408	91
9LA0_C	pdb|7XUF|B	31.807	830	834	857	2.88e-130	408	91
9LA0_C	pdb|7T4X|D	31.807	830	834	857	2.88e-130	408	91
9LA0_C	pdb|7T4X|C	31.807	830	834	857	2.88e-130	408	91
9LA0_C	pdb|7T4X|B	31.807	830	834	857	2.88e-130	408	91
9LA0_C	pdb|7T4X|A	31.807	830	834	857	2.88e-130	408	91
9LA0_C	pdb|7WM2|D	31.807	830	834	895	6.97e-130	408	91
9LA0_C	pdb|7WM2|C	31.807	830	834	895	6.97e-130	408	91
9LA0_C	pdb|7WM2|B	31.807	830	834	895	6.97e-130	408	91
9LA0_C	pdb|7WM2|A	31.807	830	834	895	6.97e-130	408	91
9LA0_C	pdb|9IS8|D	31.807	830	834	885	7.91e-130	407	91
9LA0_C	pdb|9IS8|C	31.807	830	834	885	7.91e-130	407	91
9LA0_C	pdb|9IS8|A	31.807	830	834	885	7.91e-130	407	91
9LA0_C	pdb|7WM1|C	31.807	830	834	885	7.91e-130	407	91
9LA0_C	pdb|7WM1|A	31.807	830	834	885	7.91e-130	407	91
9LA0_C	pdb|7FCV|D	31.807	830	834	857	8.92e-130	407	91
9LA0_C	pdb|7FCV|C	31.807	830	834	857	8.92e-130	407	91
9LA0_C	pdb|7FCV|B	31.807	830	834	857	8.92e-130	407	91
9LA0_C	pdb|7FCV|A	31.807	830	834	857	8.92e-130	407	91
9LA0_C	pdb|7CAL|D	36.076	474	834	677	1.43e-93	306	56
9LA0_C	pdb|7CAL|C	36.076	474	834	677	1.43e-93	306	56
9LA0_C	pdb|7CAL|B	36.076	474	834	677	1.43e-93	306	56
9LA0_C	pdb|7CAL|A	36.076	474	834	677	1.43e-93	306	56
9LA0_C	pdb|7XUF|C	35.699	479	834	662	4.28e-82	275	56
9LA0_C	pdb|7XUF|A	35.699	479	834	662	4.28e-82	275	56
9LA0_C	pdb|7WM1|D	35.699	479	834	690	6.17e-82	275	56
9LA0_C	pdb|7WM1|B	35.699	479	834	690	6.17e-82	275	56
9LA0_C	pdb|9IS8|B	35.699	479	834	710	1.25e-81	275	56
9LA0_C	pdb|9KCV|D	19.694	523	834	798	5.45e-16	80.1	53
9LA0_C	pdb|9KCV|C	19.694	523	834	798	5.45e-16	80.1	53
9LA0_C	pdb|9KCV|B	19.694	523	834	798	5.45e-16	80.1	53
9LA0_C	pdb|9KCV|A	19.694	523	834	798	5.45e-16	80.1	53
9LA0_C	pdb|9J36|D	26.728	217	834	726	1.99e-14	75.1	25
9LA0_C	pdb|9J36|C	26.728	217	834	726	1.99e-14	75.1	25
9LA0_C	pdb|9J36|B	26.728	217	834	726	1.99e-14	75.1	25
9LA0_C	pdb|9J36|A	26.728	217	834	726	1.99e-14	75.1	25
9LA0_C	pdb|9J35|D	26.728	217	834	726	1.99e-14	75.1	25
9LA0_C	pdb|9J35|C	26.728	217	834	726	1.99e-14	75.1	25
9LA0_C	pdb|9J35|B	26.728	217	834	726	1.99e-14	75.1	25
9LA0_C	pdb|9J35|A	26.728	217	834	726	1.99e-14	75.1	25
9LA0_C	pdb|9KCU|D	19.079	456	834	662	1.14e-12	69.3	46
9LA0_C	pdb|9KCU|C	19.079	456	834	662	1.14e-12	69.3	46
9LA0_C	pdb|9KCU|B	19.079	456	834	662	1.14e-12	69.3	46
9LA0_C	pdb|9KCU|A	19.079	456	834	662	1.14e-12	69.3	46
9LA0_C	pdb|9J34|D	23.280	189	834	716	1.28e-09	59.3	22
9LA0_C	pdb|9J34|C	23.280	189	834	716	1.28e-09	59.3	22
9LA0_D	pdb|7WSW|D	31.000	900	834	879	2.25e-132	414	99
9LA0_D	pdb|7WSW|C	31.000	900	834	879	2.25e-132	414	99
9LA0_D	pdb|7WSW|B	31.000	900	834	879	2.25e-132	414	99
9LA0_D	pdb|7WSW|A	31.000	900	834	879	2.25e-132	414	99
9LA0_D	pdb|7XUF|D	31.807	830	834	857	2.88e-130	408	91
9LA0_D	pdb|7XUF|B	31.807	830	834	857	2.88e-130	408	91
9LA0_D	pdb|7T4X|D	31.807	830	834	857	2.88e-130	408	91
9LA0_D	pdb|7T4X|C	31.807	830	834	857	2.88e-130	408	91
9LA0_D	pdb|7T4X|B	31.807	830	834	857	2.88e-130	408	91
9LA0_D	pdb|7T4X|A	31.807	830	834	857	2.88e-130	408	91
9LA0_D	pdb|7WM2|D	31.807	830	834	895	6.97e-130	408	91
9LA0_D	pdb|7WM2|C	31.807	830	834	895	6.97e-130	408	91
9LA0_D	pdb|7WM2|B	31.807	830	834	895	6.97e-130	408	91
9LA0_D	pdb|7WM2|A	31.807	830	834	895	6.97e-130	408	91
9LA0_D	pdb|9IS8|D	31.807	830	834	885	7.91e-130	407	91
9LA0_D	pdb|9IS8|C	31.807	830	834	885	7.91e-130	407	91
9LA0_D	pdb|9IS8|A	31.807	830	834	885	7.91e-130	407	91
9LA0_D	pdb|7WM1|C	31.807	830	834	885	7.91e-130	407	91
9LA0_D	pdb|7WM1|A	31.807	830	834	885	7.91e-130	407	91
9LA0_D	pdb|7FCV|D	31.807	830	834	857	8.92e-130	407	91
9LA0_D	pdb|7FCV|C	31.807	830	834	857	8.92e-130	407	91
9LA0_D	pdb|7FCV|B	31.807	830	834	857	8.92e-130	407	91
9LA0_D	pdb|7FCV|A	31.807	830	834	857	8.92e-130	407	91
9LA0_D	pdb|7CAL|D	36.076	474	834	677	1.43e-93	306	56
9LA0_D	pdb|7CAL|C	36.076	474	834	677	1.43e-93	306	56
9LA0_D	pdb|7CAL|B	36.076	474	834	677	1.43e-93	306	56
9LA0_D	pdb|7CAL|A	36.076	474	834	677	1.43e-93	306	56
9LA0_D	pdb|7XUF|C	35.699	479	834	662	4.28e-82	275	56
9LA0_D	pdb|7XUF|A	35.699	479	834	662	4.28e-82	275	56
9LA0_D	pdb|7WM1|D	35.699	479	834	690	6.17e-82	275	56
9LA0_D	pdb|7WM1|B	35.699	479	834	690	6.17e-82	275	56
9LA0_D	pdb|9IS8|B	35.699	479	834	710	1.25e-81	275	56
9LA0_D	pdb|9KCV|D	19.694	523	834	798	5.45e-16	80.1	53
9LA0_D	pdb|9KCV|C	19.694	523	834	798	5.45e-16	80.1	53
9LA0_D	pdb|9KCV|B	19.694	523	834	798	5.45e-16	80.1	53
9LA0_D	pdb|9KCV|A	19.694	523	834	798	5.45e-16	80.1	53
9LA0_D	pdb|9J36|D	26.728	217	834	726	1.99e-14	75.1	25
9LA0_D	pdb|9J36|C	26.728	217	834	726	1.99e-14	75.1	25
9LA0_D	pdb|9J36|B	26.728	217	834	726	1.99e-14	75.1	25
9LA0_D	pdb|9J36|A	26.728	217	834	726	1.99e-14	75.1	25
9LA0_D	pdb|9J35|D	26.728	217	834	726	1.99e-14	75.1	25
9LA0_D	pdb|9J35|C	26.728	217	834	726	1.99e-14	75.1	25
9LA0_D	pdb|9J35|B	26.728	217	834	726	1.99e-14	75.1	25
9LA0_D	pdb|9J35|A	26.728	217	834	726	1.99e-14	75.1	25
9LA0_D	pdb|9KCU|D	19.079	456	834	662	1.14e-12	69.3	46
9LA0_D	pdb|9KCU|C	19.079	456	834	662	1.14e-12	69.3	46
9LA0_D	pdb|9KCU|B	19.079	456	834	662	1.14e-12	69.3	46
9LA0_D	pdb|9KCU|A	19.079	456	834	662	1.14e-12	69.3	46
9LA0_D	pdb|9J34|D	23.280	189	834	716	1.28e-09	59.3	22
9LA0_D	pdb|9J34|C	23.280	189	834	716	1.28e-09	59.3	22
9LA1_A	pdb|7WSW|D	31.000	900	834	879	2.25e-132	414	99
9LA1_A	pdb|7WSW|C	31.000	900	834	879	2.25e-132	414	99
9LA1_A	pdb|7WSW|B	31.000	900	834	879	2.25e-132	414	99
9LA1_A	pdb|7WSW|A	31.000	900	834	879	2.25e-132	414	99
9LA1_A	pdb|7XUF|D	31.807	830	834	857	2.88e-130	408	91
9LA1_A	pdb|7XUF|B	31.807	830	834	857	2.88e-130	408	91
9LA1_A	pdb|7T4X|D	31.807	830	834	857	2.88e-130	408	91
9LA1_A	pdb|7T4X|C	31.807	830	834	857	2.88e-130	408	91
9LA1_A	pdb|7T4X|B	31.807	830	834	857	2.88e-130	408	91
9LA1_A	pdb|7T4X|A	31.807	830	834	857	2.88e-130	408	91
9LA1_A	pdb|7WM2|D	31.807	830	834	895	6.97e-130	408	91
9LA1_A	pdb|7WM2|C	31.807	830	834	895	6.97e-130	408	91
9LA1_A	pdb|7WM2|B	31.807	830	834	895	6.97e-130	408	91
9LA1_A	pdb|7WM2|A	31.807	830	834	895	6.97e-130	408	91
9LA1_A	pdb|9IS8|D	31.807	830	834	885	7.91e-130	407	91
9LA1_A	pdb|9IS8|C	31.807	830	834	885	7.91e-130	407	91
9LA1_A	pdb|9IS8|A	31.807	830	834	885	7.91e-130	407	91
9LA1_A	pdb|7WM1|C	31.807	830	834	885	7.91e-130	407	91
9LA1_A	pdb|7WM1|A	31.807	830	834	885	7.91e-130	407	91
9LA1_A	pdb|7FCV|D	31.807	830	834	857	8.92e-130	407	91
9LA1_A	pdb|7FCV|C	31.807	830	834	857	8.92e-130	407	91
9LA1_A	pdb|7FCV|B	31.807	830	834	857	8.92e-130	407	91
9LA1_A	pdb|7FCV|A	31.807	830	834	857	8.92e-130	407	91
9LA1_A	pdb|7CAL|D	36.076	474	834	677	1.43e-93	306	56
9LA1_A	pdb|7CAL|C	36.076	474	834	677	1.43e-93	306	56
9LA1_A	pdb|7CAL|B	36.076	474	834	677	1.43e-93	306	56
9LA1_A	pdb|7CAL|A	36.076	474	834	677	1.43e-93	306	56
9LA1_A	pdb|7XUF|C	35.699	479	834	662	4.28e-82	275	56
9LA1_A	pdb|7XUF|A	35.699	479	834	662	4.28e-82	275	56
9LA1_A	pdb|7WM1|D	35.699	479	834	690	6.17e-82	275	56
9LA1_A	pdb|7WM1|B	35.699	479	834	690	6.17e-82	275	56
9LA1_A	pdb|9IS8|B	35.699	479	834	710	1.25e-81	275	56
9LA1_A	pdb|9KCV|D	19.694	523	834	798	5.45e-16	80.1	53
9LA1_A	pdb|9KCV|C	19.694	523	834	798	5.45e-16	80.1	53
9LA1_A	pdb|9KCV|B	19.694	523	834	798	5.45e-16	80.1	53
9LA1_A	pdb|9KCV|A	19.694	523	834	798	5.45e-16	80.1	53
9LA1_A	pdb|9J36|D	26.728	217	834	726	1.99e-14	75.1	25
9LA1_A	pdb|9J36|C	26.728	217	834	726	1.99e-14	75.1	25
9LA1_A	pdb|9J36|B	26.728	217	834	726	1.99e-14	75.1	25
9LA1_A	pdb|9J36|A	26.728	217	834	726	1.99e-14	75.1	25
9LA1_A	pdb|9J35|D	26.728	217	834	726	1.99e-14	75.1	25
9LA1_A	pdb|9J35|C	26.728	217	834	726	1.99e-14	75.1	25
9LA1_A	pdb|9J35|B	26.728	217	834	726	1.99e-14	75.1	25
9LA1_A	pdb|9J35|A	26.728	217	834	726	1.99e-14	75.1	25
9LA1_A	pdb|9KCU|D	19.079	456	834	662	1.14e-12	69.3	46
9LA1_A	pdb|9KCU|C	19.079	456	834	662	1.14e-12	69.3	46
9LA1_A	pdb|9KCU|B	19.079	456	834	662	1.14e-12	69.3	46
9LA1_A	pdb|9KCU|A	19.079	456	834	662	1.14e-12	69.3	46
9LA1_A	pdb|9J34|D	23.280	189	834	716	1.28e-09	59.3	22
9LA1_A	pdb|9J34|C	23.280	189	834	716	1.28e-09	59.3	22
9LA1_B	pdb|7WSW|D	31.000	900	834	879	2.25e-132	414	99
9LA1_B	pdb|7WSW|C	31.000	900	834	879	2.25e-132	414	99
9LA1_B	pdb|7WSW|B	31.000	900	834	879	2.25e-132	414	99
9LA1_B	pdb|7WSW|A	31.000	900	834	879	2.25e-132	414	99
9LA1_B	pdb|7XUF|D	31.807	830	834	857	2.88e-130	408	91
9LA1_B	pdb|7XUF|B	31.807	830	834	857	2.88e-130	408	91
9LA1_B	pdb|7T4X|D	31.807	830	834	857	2.88e-130	408	91
9LA1_B	pdb|7T4X|C	31.807	830	834	857	2.88e-130	408	91
9LA1_B	pdb|7T4X|B	31.807	830	834	857	2.88e-130	408	91
9LA1_B	pdb|7T4X|A	31.807	830	834	857	2.88e-130	408	91
9LA1_B	pdb|7WM2|D	31.807	830	834	895	6.97e-130	408	91
9LA1_B	pdb|7WM2|C	31.807	830	834	895	6.97e-130	408	91
9LA1_B	pdb|7WM2|B	31.807	830	834	895	6.97e-130	408	91
9LA1_B	pdb|7WM2|A	31.807	830	834	895	6.97e-130	408	91
9LA1_B	pdb|9IS8|D	31.807	830	834	885	7.91e-130	407	91
9LA1_B	pdb|9IS8|C	31.807	830	834	885	7.91e-130	407	91
9LA1_B	pdb|9IS8|A	31.807	830	834	885	7.91e-130	407	91
9LA1_B	pdb|7WM1|C	31.807	830	834	885	7.91e-130	407	91
9LA1_B	pdb|7WM1|A	31.807	830	834	885	7.91e-130	407	91
9LA1_B	pdb|7FCV|D	31.807	830	834	857	8.92e-130	407	91
9LA1_B	pdb|7FCV|C	31.807	830	834	857	8.92e-130	407	91
9LA1_B	pdb|7FCV|B	31.807	830	834	857	8.92e-130	407	91
9LA1_B	pdb|7FCV|A	31.807	830	834	857	8.92e-130	407	91
9LA1_B	pdb|7CAL|D	36.076	474	834	677	1.43e-93	306	56
9LA1_B	pdb|7CAL|C	36.076	474	834	677	1.43e-93	306	56
9LA1_B	pdb|7CAL|B	36.076	474	834	677	1.43e-93	306	56
9LA1_B	pdb|7CAL|A	36.076	474	834	677	1.43e-93	306	56
9LA1_B	pdb|7XUF|C	35.699	479	834	662	4.28e-82	275	56
9LA1_B	pdb|7XUF|A	35.699	479	834	662	4.28e-82	275	56
9LA1_B	pdb|7WM1|D	35.699	479	834	690	6.17e-82	275	56
9LA1_B	pdb|7WM1|B	35.699	479	834	690	6.17e-82	275	56
9LA1_B	pdb|9IS8|B	35.699	479	834	710	1.25e-81	275	56
9LA1_B	pdb|9KCV|D	19.694	523	834	798	5.45e-16	80.1	53
9LA1_B	pdb|9KCV|C	19.694	523	834	798	5.45e-16	80.1	53
9LA1_B	pdb|9KCV|B	19.694	523	834	798	5.45e-16	80.1	53
9LA1_B	pdb|9KCV|A	19.694	523	834	798	5.45e-16	80.1	53
9LA1_B	pdb|9J36|D	26.728	217	834	726	1.99e-14	75.1	25
9LA1_B	pdb|9J36|C	26.728	217	834	726	1.99e-14	75.1	25
9LA1_B	pdb|9J36|B	26.728	217	834	726	1.99e-14	75.1	25
9LA1_B	pdb|9J36|A	26.728	217	834	726	1.99e-14	75.1	25
9LA1_B	pdb|9J35|D	26.728	217	834	726	1.99e-14	75.1	25
9LA1_B	pdb|9J35|C	26.728	217	834	726	1.99e-14	75.1	25
9LA1_B	pdb|9J35|B	26.728	217	834	726	1.99e-14	75.1	25
9LA1_B	pdb|9J35|A	26.728	217	834	726	1.99e-14	75.1	25
9LA1_B	pdb|9KCU|D	19.079	456	834	662	1.14e-12	69.3	46
9LA1_B	pdb|9KCU|C	19.079	456	834	662	1.14e-12	69.3	46
9LA1_B	pdb|9KCU|B	19.079	456	834	662	1.14e-12	69.3	46
9LA1_B	pdb|9KCU|A	19.079	456	834	662	1.14e-12	69.3	46
9LA1_B	pdb|9J34|D	23.280	189	834	716	1.28e-09	59.3	22
9LA1_B	pdb|9J34|C	23.280	189	834	716	1.28e-09	59.3	22
9LA1_C	pdb|7WSW|D	31.000	900	834	879	2.25e-132	414	99
9LA1_C	pdb|7WSW|C	31.000	900	834	879	2.25e-132	414	99
9LA1_C	pdb|7WSW|B	31.000	900	834	879	2.25e-132	414	99
9LA1_C	pdb|7WSW|A	31.000	900	834	879	2.25e-132	414	99
9LA1_C	pdb|7XUF|D	31.807	830	834	857	2.88e-130	408	91
9LA1_C	pdb|7XUF|B	31.807	830	834	857	2.88e-130	408	91
9LA1_C	pdb|7T4X|D	31.807	830	834	857	2.88e-130	408	91
9LA1_C	pdb|7T4X|C	31.807	830	834	857	2.88e-130	408	91
9LA1_C	pdb|7T4X|B	31.807	830	834	857	2.88e-130	408	91
9LA1_C	pdb|7T4X|A	31.807	830	834	857	2.88e-130	408	91
9LA1_C	pdb|7WM2|D	31.807	830	834	895	6.97e-130	408	91
9LA1_C	pdb|7WM2|C	31.807	830	834	895	6.97e-130	408	91
9LA1_C	pdb|7WM2|B	31.807	830	834	895	6.97e-130	408	91
9LA1_C	pdb|7WM2|A	31.807	830	834	895	6.97e-130	408	91
9LA1_C	pdb|9IS8|D	31.807	830	834	885	7.91e-130	407	91
9LA1_C	pdb|9IS8|C	31.807	830	834	885	7.91e-130	407	91
9LA1_C	pdb|9IS8|A	31.807	830	834	885	7.91e-130	407	91
9LA1_C	pdb|7WM1|C	31.807	830	834	885	7.91e-130	407	91
9LA1_C	pdb|7WM1|A	31.807	830	834	885	7.91e-130	407	91
9LA1_C	pdb|7FCV|D	31.807	830	834	857	8.92e-130	407	91
9LA1_C	pdb|7FCV|C	31.807	830	834	857	8.92e-130	407	91
9LA1_C	pdb|7FCV|B	31.807	830	834	857	8.92e-130	407	91
9LA1_C	pdb|7FCV|A	31.807	830	834	857	8.92e-130	407	91
9LA1_C	pdb|7CAL|D	36.076	474	834	677	1.43e-93	306	56
9LA1_C	pdb|7CAL|C	36.076	474	834	677	1.43e-93	306	56
9LA1_C	pdb|7CAL|B	36.076	474	834	677	1.43e-93	306	56
9LA1_C	pdb|7CAL|A	36.076	474	834	677	1.43e-93	306	56
9LA1_C	pdb|7XUF|C	35.699	479	834	662	4.28e-82	275	56
9LA1_C	pdb|7XUF|A	35.699	479	834	662	4.28e-82	275	56
9LA1_C	pdb|7WM1|D	35.699	479	834	690	6.17e-82	275	56
9LA1_C	pdb|7WM1|B	35.699	479	834	690	6.17e-82	275	56
9LA1_C	pdb|9IS8|B	35.699	479	834	710	1.25e-81	275	56
9LA1_C	pdb|9KCV|D	19.694	523	834	798	5.45e-16	80.1	53
9LA1_C	pdb|9KCV|C	19.694	523	834	798	5.45e-16	80.1	53
9LA1_C	pdb|9KCV|B	19.694	523	834	798	5.45e-16	80.1	53
9LA1_C	pdb|9KCV|A	19.694	523	834	798	5.45e-16	80.1	53
9LA1_C	pdb|9J36|D	26.728	217	834	726	1.99e-14	75.1	25
9LA1_C	pdb|9J36|C	26.728	217	834	726	1.99e-14	75.1	25
9LA1_C	pdb|9J36|B	26.728	217	834	726	1.99e-14	75.1	25
9LA1_C	pdb|9J36|A	26.728	217	834	726	1.99e-14	75.1	25
9LA1_C	pdb|9J35|D	26.728	217	834	726	1.99e-14	75.1	25
9LA1_C	pdb|9J35|C	26.728	217	834	726	1.99e-14	75.1	25
9LA1_C	pdb|9J35|B	26.728	217	834	726	1.99e-14	75.1	25
9LA1_C	pdb|9J35|A	26.728	217	834	726	1.99e-14	75.1	25
9LA1_C	pdb|9KCU|D	19.079	456	834	662	1.14e-12	69.3	46
9LA1_C	pdb|9KCU|C	19.079	456	834	662	1.14e-12	69.3	46
9LA1_C	pdb|9KCU|B	19.079	456	834	662	1.14e-12	69.3	46
9LA1_C	pdb|9KCU|A	19.079	456	834	662	1.14e-12	69.3	46
9LA1_C	pdb|9J34|D	23.280	189	834	716	1.28e-09	59.3	22
9LA1_C	pdb|9J34|C	23.280	189	834	716	1.28e-09	59.3	22
9LA1_D	pdb|7WSW|D	31.000	900	834	879	2.25e-132	414	99
9LA1_D	pdb|7WSW|C	31.000	900	834	879	2.25e-132	414	99
9LA1_D	pdb|7WSW|B	31.000	900	834	879	2.25e-132	414	99
9LA1_D	pdb|7WSW|A	31.000	900	834	879	2.25e-132	414	99
9LA1_D	pdb|7XUF|D	31.807	830	834	857	2.88e-130	408	91
9LA1_D	pdb|7XUF|B	31.807	830	834	857	2.88e-130	408	91
9LA1_D	pdb|7T4X|D	31.807	830	834	857	2.88e-130	408	91
9LA1_D	pdb|7T4X|C	31.807	830	834	857	2.88e-130	408	91
9LA1_D	pdb|7T4X|B	31.807	830	834	857	2.88e-130	408	91
9LA1_D	pdb|7T4X|A	31.807	830	834	857	2.88e-130	408	91
9LA1_D	pdb|7WM2|D	31.807	830	834	895	6.97e-130	408	91
9LA1_D	pdb|7WM2|C	31.807	830	834	895	6.97e-130	408	91
9LA1_D	pdb|7WM2|B	31.807	830	834	895	6.97e-130	408	91
9LA1_D	pdb|7WM2|A	31.807	830	834	895	6.97e-130	408	91
9LA1_D	pdb|9IS8|D	31.807	830	834	885	7.91e-130	407	91
9LA1_D	pdb|9IS8|C	31.807	830	834	885	7.91e-130	407	91
9LA1_D	pdb|9IS8|A	31.807	830	834	885	7.91e-130	407	91
9LA1_D	pdb|7WM1|C	31.807	830	834	885	7.91e-130	407	91
9LA1_D	pdb|7WM1|A	31.807	830	834	885	7.91e-130	407	91
9LA1_D	pdb|7FCV|D	31.807	830	834	857	8.92e-130	407	91
9LA1_D	pdb|7FCV|C	31.807	830	834	857	8.92e-130	407	91
9LA1_D	pdb|7FCV|B	31.807	830	834	857	8.92e-130	407	91
9LA1_D	pdb|7FCV|A	31.807	830	834	857	8.92e-130	407	91
9LA1_D	pdb|7CAL|D	36.076	474	834	677	1.43e-93	306	56
9LA1_D	pdb|7CAL|C	36.076	474	834	677	1.43e-93	306	56
9LA1_D	pdb|7CAL|B	36.076	474	834	677	1.43e-93	306	56
9LA1_D	pdb|7CAL|A	36.076	474	834	677	1.43e-93	306	56
9LA1_D	pdb|7XUF|C	35.699	479	834	662	4.28e-82	275	56
9LA1_D	pdb|7XUF|A	35.699	479	834	662	4.28e-82	275	56
9LA1_D	pdb|7WM1|D	35.699	479	834	690	6.17e-82	275	56
9LA1_D	pdb|7WM1|B	35.699	479	834	690	6.17e-82	275	56
9LA1_D	pdb|9IS8|B	35.699	479	834	710	1.25e-81	275	56
9LA1_D	pdb|9KCV|D	19.694	523	834	798	5.45e-16	80.1	53
9LA1_D	pdb|9KCV|C	19.694	523	834	798	5.45e-16	80.1	53
9LA1_D	pdb|9KCV|B	19.694	523	834	798	5.45e-16	80.1	53
9LA1_D	pdb|9KCV|A	19.694	523	834	798	5.45e-16	80.1	53
9LA1_D	pdb|9J36|D	26.728	217	834	726	1.99e-14	75.1	25
9LA1_D	pdb|9J36|C	26.728	217	834	726	1.99e-14	75.1	25
9LA1_D	pdb|9J36|B	26.728	217	834	726	1.99e-14	75.1	25
9LA1_D	pdb|9J36|A	26.728	217	834	726	1.99e-14	75.1	25
9LA1_D	pdb|9J35|D	26.728	217	834	726	1.99e-14	75.1	25
9LA1_D	pdb|9J35|C	26.728	217	834	726	1.99e-14	75.1	25
9LA1_D	pdb|9J35|B	26.728	217	834	726	1.99e-14	75.1	25
9LA1_D	pdb|9J35|A	26.728	217	834	726	1.99e-14	75.1	25
9LA1_D	pdb|9KCU|D	19.079	456	834	662	1.14e-12	69.3	46
9LA1_D	pdb|9KCU|C	19.079	456	834	662	1.14e-12	69.3	46
9LA1_D	pdb|9KCU|B	19.079	456	834	662	1.14e-12	69.3	46
9LA1_D	pdb|9KCU|A	19.079	456	834	662	1.14e-12	69.3	46
9LA1_D	pdb|9J34|D	23.280	189	834	716	1.28e-09	59.3	22
9LA1_D	pdb|9J34|C	23.280	189	834	716	1.28e-09	59.3	22
9LA2_A	pdb|7WSW|D	31.000	900	834	879	2.25e-132	414	99
9LA2_A	pdb|7WSW|C	31.000	900	834	879	2.25e-132	414	99
9LA2_A	pdb|7WSW|B	31.000	900	834	879	2.25e-132	414	99
9LA2_A	pdb|7WSW|A	31.000	900	834	879	2.25e-132	414	99
9LA2_A	pdb|7XUF|D	31.807	830	834	857	2.88e-130	408	91
9LA2_A	pdb|7XUF|B	31.807	830	834	857	2.88e-130	408	91
9LA2_A	pdb|7T4X|D	31.807	830	834	857	2.88e-130	408	91
9LA2_A	pdb|7T4X|C	31.807	830	834	857	2.88e-130	408	91
9LA2_A	pdb|7T4X|B	31.807	830	834	857	2.88e-130	408	91
9LA2_A	pdb|7T4X|A	31.807	830	834	857	2.88e-130	408	91
9LA2_A	pdb|7WM2|D	31.807	830	834	895	6.97e-130	408	91
9LA2_A	pdb|7WM2|C	31.807	830	834	895	6.97e-130	408	91
9LA2_A	pdb|7WM2|B	31.807	830	834	895	6.97e-130	408	91
9LA2_A	pdb|7WM2|A	31.807	830	834	895	6.97e-130	408	91
9LA2_A	pdb|9IS8|D	31.807	830	834	885	7.91e-130	407	91
9LA2_A	pdb|9IS8|C	31.807	830	834	885	7.91e-130	407	91
9LA2_A	pdb|9IS8|A	31.807	830	834	885	7.91e-130	407	91
9LA2_A	pdb|7WM1|C	31.807	830	834	885	7.91e-130	407	91
9LA2_A	pdb|7WM1|A	31.807	830	834	885	7.91e-130	407	91
9LA2_A	pdb|7FCV|D	31.807	830	834	857	8.92e-130	407	91
9LA2_A	pdb|7FCV|C	31.807	830	834	857	8.92e-130	407	91
9LA2_A	pdb|7FCV|B	31.807	830	834	857	8.92e-130	407	91
9LA2_A	pdb|7FCV|A	31.807	830	834	857	8.92e-130	407	91
9LA2_A	pdb|7CAL|D	36.076	474	834	677	1.43e-93	306	56
9LA2_A	pdb|7CAL|C	36.076	474	834	677	1.43e-93	306	56
9LA2_A	pdb|7CAL|B	36.076	474	834	677	1.43e-93	306	56
9LA2_A	pdb|7CAL|A	36.076	474	834	677	1.43e-93	306	56
9LA2_A	pdb|7XUF|C	35.699	479	834	662	4.28e-82	275	56
9LA2_A	pdb|7XUF|A	35.699	479	834	662	4.28e-82	275	56
9LA2_A	pdb|7WM1|D	35.699	479	834	690	6.17e-82	275	56
9LA2_A	pdb|7WM1|B	35.699	479	834	690	6.17e-82	275	56
9LA2_A	pdb|9IS8|B	35.699	479	834	710	1.25e-81	275	56
9LA2_A	pdb|9KCV|D	19.694	523	834	798	5.45e-16	80.1	53
9LA2_A	pdb|9KCV|C	19.694	523	834	798	5.45e-16	80.1	53
9LA2_A	pdb|9KCV|B	19.694	523	834	798	5.45e-16	80.1	53
9LA2_A	pdb|9KCV|A	19.694	523	834	798	5.45e-16	80.1	53
9LA2_A	pdb|9J36|D	26.728	217	834	726	1.99e-14	75.1	25
9LA2_A	pdb|9J36|C	26.728	217	834	726	1.99e-14	75.1	25
9LA2_A	pdb|9J36|B	26.728	217	834	726	1.99e-14	75.1	25
9LA2_A	pdb|9J36|A	26.728	217	834	726	1.99e-14	75.1	25
9LA2_A	pdb|9J35|D	26.728	217	834	726	1.99e-14	75.1	25
9LA2_A	pdb|9J35|C	26.728	217	834	726	1.99e-14	75.1	25
9LA2_A	pdb|9J35|B	26.728	217	834	726	1.99e-14	75.1	25
9LA2_A	pdb|9J35|A	26.728	217	834	726	1.99e-14	75.1	25
9LA2_A	pdb|9KCU|D	19.079	456	834	662	1.14e-12	69.3	46
9LA2_A	pdb|9KCU|C	19.079	456	834	662	1.14e-12	69.3	46
9LA2_A	pdb|9KCU|B	19.079	456	834	662	1.14e-12	69.3	46
9LA2_A	pdb|9KCU|A	19.079	456	834	662	1.14e-12	69.3	46
9LA2_A	pdb|9J34|D	23.280	189	834	716	1.28e-09	59.3	22
9LA2_A	pdb|9J34|C	23.280	189	834	716	1.28e-09	59.3	22
9LA2_B	pdb|7WSW|D	31.000	900	834	879	2.25e-132	414	99
9LA2_B	pdb|7WSW|C	31.000	900	834	879	2.25e-132	414	99
9LA2_B	pdb|7WSW|B	31.000	900	834	879	2.25e-132	414	99
9LA2_B	pdb|7WSW|A	31.000	900	834	879	2.25e-132	414	99
9LA2_B	pdb|7XUF|D	31.807	830	834	857	2.88e-130	408	91
9LA2_B	pdb|7XUF|B	31.807	830	834	857	2.88e-130	408	91
9LA2_B	pdb|7T4X|D	31.807	830	834	857	2.88e-130	408	91
9LA2_B	pdb|7T4X|C	31.807	830	834	857	2.88e-130	408	91
9LA2_B	pdb|7T4X|B	31.807	830	834	857	2.88e-130	408	91
9LA2_B	pdb|7T4X|A	31.807	830	834	857	2.88e-130	408	91
9LA2_B	pdb|7WM2|D	31.807	830	834	895	6.97e-130	408	91
9LA2_B	pdb|7WM2|C	31.807	830	834	895	6.97e-130	408	91
9LA2_B	pdb|7WM2|B	31.807	830	834	895	6.97e-130	408	91
9LA2_B	pdb|7WM2|A	31.807	830	834	895	6.97e-130	408	91
9LA2_B	pdb|9IS8|D	31.807	830	834	885	7.91e-130	407	91
9LA2_B	pdb|9IS8|C	31.807	830	834	885	7.91e-130	407	91
9LA2_B	pdb|9IS8|A	31.807	830	834	885	7.91e-130	407	91
9LA2_B	pdb|7WM1|C	31.807	830	834	885	7.91e-130	407	91
9LA2_B	pdb|7WM1|A	31.807	830	834	885	7.91e-130	407	91
9LA2_B	pdb|7FCV|D	31.807	830	834	857	8.92e-130	407	91
9LA2_B	pdb|7FCV|C	31.807	830	834	857	8.92e-130	407	91
9LA2_B	pdb|7FCV|B	31.807	830	834	857	8.92e-130	407	91
9LA2_B	pdb|7FCV|A	31.807	830	834	857	8.92e-130	407	91
9LA2_B	pdb|7CAL|D	36.076	474	834	677	1.43e-93	306	56
9LA2_B	pdb|7CAL|C	36.076	474	834	677	1.43e-93	306	56
9LA2_B	pdb|7CAL|B	36.076	474	834	677	1.43e-93	306	56
9LA2_B	pdb|7CAL|A	36.076	474	834	677	1.43e-93	306	56
9LA2_B	pdb|7XUF|C	35.699	479	834	662	4.28e-82	275	56
9LA2_B	pdb|7XUF|A	35.699	479	834	662	4.28e-82	275	56
9LA2_B	pdb|7WM1|D	35.699	479	834	690	6.17e-82	275	56
9LA2_B	pdb|7WM1|B	35.699	479	834	690	6.17e-82	275	56
9LA2_B	pdb|9IS8|B	35.699	479	834	710	1.25e-81	275	56
9LA2_B	pdb|9KCV|D	19.694	523	834	798	5.45e-16	80.1	53
9LA2_B	pdb|9KCV|C	19.694	523	834	798	5.45e-16	80.1	53
9LA2_B	pdb|9KCV|B	19.694	523	834	798	5.45e-16	80.1	53
9LA2_B	pdb|9KCV|A	19.694	523	834	798	5.45e-16	80.1	53
9LA2_B	pdb|9J36|D	26.728	217	834	726	1.99e-14	75.1	25
9LA2_B	pdb|9J36|C	26.728	217	834	726	1.99e-14	75.1	25
9LA2_B	pdb|9J36|B	26.728	217	834	726	1.99e-14	75.1	25
9LA2_B	pdb|9J36|A	26.728	217	834	726	1.99e-14	75.1	25
9LA2_B	pdb|9J35|D	26.728	217	834	726	1.99e-14	75.1	25
9LA2_B	pdb|9J35|C	26.728	217	834	726	1.99e-14	75.1	25
9LA2_B	pdb|9J35|B	26.728	217	834	726	1.99e-14	75.1	25
9LA2_B	pdb|9J35|A	26.728	217	834	726	1.99e-14	75.1	25
9LA2_B	pdb|9KCU|D	19.079	456	834	662	1.14e-12	69.3	46
9LA2_B	pdb|9KCU|C	19.079	456	834	662	1.14e-12	69.3	46
9LA2_B	pdb|9KCU|B	19.079	456	834	662	1.14e-12	69.3	46
9LA2_B	pdb|9KCU|A	19.079	456	834	662	1.14e-12	69.3	46
9LA2_B	pdb|9J34|D	23.280	189	834	716	1.28e-09	59.3	22
9LA2_B	pdb|9J34|C	23.280	189	834	716	1.28e-09	59.3	22
9LA2_C	pdb|7WSW|D	31.000	900	834	879	2.25e-132	414	99
9LA2_C	pdb|7WSW|C	31.000	900	834	879	2.25e-132	414	99
9LA2_C	pdb|7WSW|B	31.000	900	834	879	2.25e-132	414	99
9LA2_C	pdb|7WSW|A	31.000	900	834	879	2.25e-132	414	99
9LA2_C	pdb|7XUF|D	31.807	830	834	857	2.88e-130	408	91
9LA2_C	pdb|7XUF|B	31.807	830	834	857	2.88e-130	408	91
9LA2_C	pdb|7T4X|D	31.807	830	834	857	2.88e-130	408	91
9LA2_C	pdb|7T4X|C	31.807	830	834	857	2.88e-130	408	91
9LA2_C	pdb|7T4X|B	31.807	830	834	857	2.88e-130	408	91
9LA2_C	pdb|7T4X|A	31.807	830	834	857	2.88e-130	408	91
9LA2_C	pdb|7WM2|D	31.807	830	834	895	6.97e-130	408	91
9LA2_C	pdb|7WM2|C	31.807	830	834	895	6.97e-130	408	91
9LA2_C	pdb|7WM2|B	31.807	830	834	895	6.97e-130	408	91
9LA2_C	pdb|7WM2|A	31.807	830	834	895	6.97e-130	408	91
9LA2_C	pdb|9IS8|D	31.807	830	834	885	7.91e-130	407	91
9LA2_C	pdb|9IS8|C	31.807	830	834	885	7.91e-130	407	91
9LA2_C	pdb|9IS8|A	31.807	830	834	885	7.91e-130	407	91
9LA2_C	pdb|7WM1|C	31.807	830	834	885	7.91e-130	407	91
9LA2_C	pdb|7WM1|A	31.807	830	834	885	7.91e-130	407	91
9LA2_C	pdb|7FCV|D	31.807	830	834	857	8.92e-130	407	91
9LA2_C	pdb|7FCV|C	31.807	830	834	857	8.92e-130	407	91
9LA2_C	pdb|7FCV|B	31.807	830	834	857	8.92e-130	407	91
9LA2_C	pdb|7FCV|A	31.807	830	834	857	8.92e-130	407	91
9LA2_C	pdb|7CAL|D	36.076	474	834	677	1.43e-93	306	56
9LA2_C	pdb|7CAL|C	36.076	474	834	677	1.43e-93	306	56
9LA2_C	pdb|7CAL|B	36.076	474	834	677	1.43e-93	306	56
9LA2_C	pdb|7CAL|A	36.076	474	834	677	1.43e-93	306	56
9LA2_C	pdb|7XUF|C	35.699	479	834	662	4.28e-82	275	56
9LA2_C	pdb|7XUF|A	35.699	479	834	662	4.28e-82	275	56
9LA2_C	pdb|7WM1|D	35.699	479	834	690	6.17e-82	275	56
9LA2_C	pdb|7WM1|B	35.699	479	834	690	6.17e-82	275	56
9LA2_C	pdb|9IS8|B	35.699	479	834	710	1.25e-81	275	56
9LA2_C	pdb|9KCV|D	19.694	523	834	798	5.45e-16	80.1	53
9LA2_C	pdb|9KCV|C	19.694	523	834	798	5.45e-16	80.1	53
9LA2_C	pdb|9KCV|B	19.694	523	834	798	5.45e-16	80.1	53
9LA2_C	pdb|9KCV|A	19.694	523	834	798	5.45e-16	80.1	53
9LA2_C	pdb|9J36|D	26.728	217	834	726	1.99e-14	75.1	25
9LA2_C	pdb|9J36|C	26.728	217	834	726	1.99e-14	75.1	25
9LA2_C	pdb|9J36|B	26.728	217	834	726	1.99e-14	75.1	25
9LA2_C	pdb|9J36|A	26.728	217	834	726	1.99e-14	75.1	25
9LA2_C	pdb|9J35|D	26.728	217	834	726	1.99e-14	75.1	25
9LA2_C	pdb|9J35|C	26.728	217	834	726	1.99e-14	75.1	25
9LA2_C	pdb|9J35|B	26.728	217	834	726	1.99e-14	75.1	25
9LA2_C	pdb|9J35|A	26.728	217	834	726	1.99e-14	75.1	25
9LA2_C	pdb|9KCU|D	19.079	456	834	662	1.14e-12	69.3	46
9LA2_C	pdb|9KCU|C	19.079	456	834	662	1.14e-12	69.3	46
9LA2_C	pdb|9KCU|B	19.079	456	834	662	1.14e-12	69.3	46
9LA2_C	pdb|9KCU|A	19.079	456	834	662	1.14e-12	69.3	46
9LA2_C	pdb|9J34|D	23.280	189	834	716	1.28e-09	59.3	22
9LA2_C	pdb|9J34|C	23.280	189	834	716	1.28e-09	59.3	22
9LA2_D	pdb|7WSW|D	31.000	900	834	879	2.25e-132	414	99
9LA2_D	pdb|7WSW|C	31.000	900	834	879	2.25e-132	414	99
9LA2_D	pdb|7WSW|B	31.000	900	834	879	2.25e-132	414	99
9LA2_D	pdb|7WSW|A	31.000	900	834	879	2.25e-132	414	99
9LA2_D	pdb|7XUF|D	31.807	830	834	857	2.88e-130	408	91
9LA2_D	pdb|7XUF|B	31.807	830	834	857	2.88e-130	408	91
9LA2_D	pdb|7T4X|D	31.807	830	834	857	2.88e-130	408	91
9LA2_D	pdb|7T4X|C	31.807	830	834	857	2.88e-130	408	91
9LA2_D	pdb|7T4X|B	31.807	830	834	857	2.88e-130	408	91
9LA2_D	pdb|7T4X|A	31.807	830	834	857	2.88e-130	408	91
9LA2_D	pdb|7WM2|D	31.807	830	834	895	6.97e-130	408	91
9LA2_D	pdb|7WM2|C	31.807	830	834	895	6.97e-130	408	91
9LA2_D	pdb|7WM2|B	31.807	830	834	895	6.97e-130	408	91
9LA2_D	pdb|7WM2|A	31.807	830	834	895	6.97e-130	408	91
9LA2_D	pdb|9IS8|D	31.807	830	834	885	7.91e-130	407	91
9LA2_D	pdb|9IS8|C	31.807	830	834	885	7.91e-130	407	91
9LA2_D	pdb|9IS8|A	31.807	830	834	885	7.91e-130	407	91
9LA2_D	pdb|7WM1|C	31.807	830	834	885	7.91e-130	407	91
9LA2_D	pdb|7WM1|A	31.807	830	834	885	7.91e-130	407	91
9LA2_D	pdb|7FCV|D	31.807	830	834	857	8.92e-130	407	91
9LA2_D	pdb|7FCV|C	31.807	830	834	857	8.92e-130	407	91
9LA2_D	pdb|7FCV|B	31.807	830	834	857	8.92e-130	407	91
9LA2_D	pdb|7FCV|A	31.807	830	834	857	8.92e-130	407	91
9LA2_D	pdb|7CAL|D	36.076	474	834	677	1.43e-93	306	56
9LA2_D	pdb|7CAL|C	36.076	474	834	677	1.43e-93	306	56
9LA2_D	pdb|7CAL|B	36.076	474	834	677	1.43e-93	306	56
9LA2_D	pdb|7CAL|A	36.076	474	834	677	1.43e-93	306	56
9LA2_D	pdb|7XUF|C	35.699	479	834	662	4.28e-82	275	56
9LA2_D	pdb|7XUF|A	35.699	479	834	662	4.28e-82	275	56
9LA2_D	pdb|7WM1|D	35.699	479	834	690	6.17e-82	275	56
9LA2_D	pdb|7WM1|B	35.699	479	834	690	6.17e-82	275	56
9LA2_D	pdb|9IS8|B	35.699	479	834	710	1.25e-81	275	56
9LA2_D	pdb|9KCV|D	19.694	523	834	798	5.45e-16	80.1	53
9LA2_D	pdb|9KCV|C	19.694	523	834	798	5.45e-16	80.1	53
9LA2_D	pdb|9KCV|B	19.694	523	834	798	5.45e-16	80.1	53
9LA2_D	pdb|9KCV|A	19.694	523	834	798	5.45e-16	80.1	53
9LA2_D	pdb|9J36|D	26.728	217	834	726	1.99e-14	75.1	25
9LA2_D	pdb|9J36|C	26.728	217	834	726	1.99e-14	75.1	25
9LA2_D	pdb|9J36|B	26.728	217	834	726	1.99e-14	75.1	25
9LA2_D	pdb|9J36|A	26.728	217	834	726	1.99e-14	75.1	25
9LA2_D	pdb|9J35|D	26.728	217	834	726	1.99e-14	75.1	25
9LA2_D	pdb|9J35|C	26.728	217	834	726	1.99e-14	75.1	25
9LA2_D	pdb|9J35|B	26.728	217	834	726	1.99e-14	75.1	25
9LA2_D	pdb|9J35|A	26.728	217	834	726	1.99e-14	75.1	25
9LA2_D	pdb|9KCU|D	19.079	456	834	662	1.14e-12	69.3	46
9LA2_D	pdb|9KCU|C	19.079	456	834	662	1.14e-12	69.3	46
9LA2_D	pdb|9KCU|B	19.079	456	834	662	1.14e-12	69.3	46
9LA2_D	pdb|9KCU|A	19.079	456	834	662	1.14e-12	69.3	46
9LA2_D	pdb|9J34|D	23.280	189	834	716	1.28e-09	59.3	22
9LA2_D	pdb|9J34|C	23.280	189	834	716	1.28e-09	59.3	22
9LA3_A	pdb|7WSW|D	31.000	900	834	879	2.25e-132	414	99
9LA3_A	pdb|7WSW|C	31.000	900	834	879	2.25e-132	414	99
9LA3_A	pdb|7WSW|B	31.000	900	834	879	2.25e-132	414	99
9LA3_A	pdb|7WSW|A	31.000	900	834	879	2.25e-132	414	99
9LA3_A	pdb|7XUF|D	31.807	830	834	857	2.88e-130	408	91
9LA3_A	pdb|7XUF|B	31.807	830	834	857	2.88e-130	408	91
9LA3_A	pdb|7T4X|D	31.807	830	834	857	2.88e-130	408	91
9LA3_A	pdb|7T4X|C	31.807	830	834	857	2.88e-130	408	91
9LA3_A	pdb|7T4X|B	31.807	830	834	857	2.88e-130	408	91
9LA3_A	pdb|7T4X|A	31.807	830	834	857	2.88e-130	408	91
9LA3_A	pdb|7WM2|D	31.807	830	834	895	6.97e-130	408	91
9LA3_A	pdb|7WM2|C	31.807	830	834	895	6.97e-130	408	91
9LA3_A	pdb|7WM2|B	31.807	830	834	895	6.97e-130	408	91
9LA3_A	pdb|7WM2|A	31.807	830	834	895	6.97e-130	408	91
9LA3_A	pdb|9IS8|D	31.807	830	834	885	7.91e-130	407	91
9LA3_A	pdb|9IS8|C	31.807	830	834	885	7.91e-130	407	91
9LA3_A	pdb|9IS8|A	31.807	830	834	885	7.91e-130	407	91
9LA3_A	pdb|7WM1|C	31.807	830	834	885	7.91e-130	407	91
9LA3_A	pdb|7WM1|A	31.807	830	834	885	7.91e-130	407	91
9LA3_A	pdb|7FCV|D	31.807	830	834	857	8.92e-130	407	91
9LA3_A	pdb|7FCV|C	31.807	830	834	857	8.92e-130	407	91
9LA3_A	pdb|7FCV|B	31.807	830	834	857	8.92e-130	407	91
9LA3_A	pdb|7FCV|A	31.807	830	834	857	8.92e-130	407	91
9LA3_A	pdb|7CAL|D	36.076	474	834	677	1.43e-93	306	56
9LA3_A	pdb|7CAL|C	36.076	474	834	677	1.43e-93	306	56
9LA3_A	pdb|7CAL|B	36.076	474	834	677	1.43e-93	306	56
9LA3_A	pdb|7CAL|A	36.076	474	834	677	1.43e-93	306	56
9LA3_A	pdb|7XUF|C	35.699	479	834	662	4.28e-82	275	56
9LA3_A	pdb|7XUF|A	35.699	479	834	662	4.28e-82	275	56
9LA3_A	pdb|7WM1|D	35.699	479	834	690	6.17e-82	275	56
9LA3_A	pdb|7WM1|B	35.699	479	834	690	6.17e-82	275	56
9LA3_A	pdb|9IS8|B	35.699	479	834	710	1.25e-81	275	56
9LA3_A	pdb|9KCV|D	19.694	523	834	798	5.45e-16	80.1	53
9LA3_A	pdb|9KCV|C	19.694	523	834	798	5.45e-16	80.1	53
9LA3_A	pdb|9KCV|B	19.694	523	834	798	5.45e-16	80.1	53
9LA3_A	pdb|9KCV|A	19.694	523	834	798	5.45e-16	80.1	53
9LA3_A	pdb|9J36|D	26.728	217	834	726	1.99e-14	75.1	25
9LA3_A	pdb|9J36|C	26.728	217	834	726	1.99e-14	75.1	25
9LA3_A	pdb|9J36|B	26.728	217	834	726	1.99e-14	75.1	25
9LA3_A	pdb|9J36|A	26.728	217	834	726	1.99e-14	75.1	25
9LA3_A	pdb|9J35|D	26.728	217	834	726	1.99e-14	75.1	25
9LA3_A	pdb|9J35|C	26.728	217	834	726	1.99e-14	75.1	25
9LA3_A	pdb|9J35|B	26.728	217	834	726	1.99e-14	75.1	25
9LA3_A	pdb|9J35|A	26.728	217	834	726	1.99e-14	75.1	25
9LA3_A	pdb|9KCU|D	19.079	456	834	662	1.14e-12	69.3	46
9LA3_A	pdb|9KCU|C	19.079	456	834	662	1.14e-12	69.3	46
9LA3_A	pdb|9KCU|B	19.079	456	834	662	1.14e-12	69.3	46
9LA3_A	pdb|9KCU|A	19.079	456	834	662	1.14e-12	69.3	46
9LA3_A	pdb|9J34|D	23.280	189	834	716	1.28e-09	59.3	22
9LA3_A	pdb|9J34|C	23.280	189	834	716	1.28e-09	59.3	22
9LA3_B	pdb|7WSW|D	31.000	900	834	879	2.25e-132	414	99
9LA3_B	pdb|7WSW|C	31.000	900	834	879	2.25e-132	414	99
9LA3_B	pdb|7WSW|B	31.000	900	834	879	2.25e-132	414	99
9LA3_B	pdb|7WSW|A	31.000	900	834	879	2.25e-132	414	99
9LA3_B	pdb|7XUF|D	31.807	830	834	857	2.88e-130	408	91
9LA3_B	pdb|7XUF|B	31.807	830	834	857	2.88e-130	408	91
9LA3_B	pdb|7T4X|D	31.807	830	834	857	2.88e-130	408	91
9LA3_B	pdb|7T4X|C	31.807	830	834	857	2.88e-130	408	91
9LA3_B	pdb|7T4X|B	31.807	830	834	857	2.88e-130	408	91
9LA3_B	pdb|7T4X|A	31.807	830	834	857	2.88e-130	408	91
9LA3_B	pdb|7WM2|D	31.807	830	834	895	6.97e-130	408	91
9LA3_B	pdb|7WM2|C	31.807	830	834	895	6.97e-130	408	91
9LA3_B	pdb|7WM2|B	31.807	830	834	895	6.97e-130	408	91
9LA3_B	pdb|7WM2|A	31.807	830	834	895	6.97e-130	408	91
9LA3_B	pdb|9IS8|D	31.807	830	834	885	7.91e-130	407	91
9LA3_B	pdb|9IS8|C	31.807	830	834	885	7.91e-130	407	91
9LA3_B	pdb|9IS8|A	31.807	830	834	885	7.91e-130	407	91
9LA3_B	pdb|7WM1|C	31.807	830	834	885	7.91e-130	407	91
9LA3_B	pdb|7WM1|A	31.807	830	834	885	7.91e-130	407	91
9LA3_B	pdb|7FCV|D	31.807	830	834	857	8.92e-130	407	91
9LA3_B	pdb|7FCV|C	31.807	830	834	857	8.92e-130	407	91
9LA3_B	pdb|7FCV|B	31.807	830	834	857	8.92e-130	407	91
9LA3_B	pdb|7FCV|A	31.807	830	834	857	8.92e-130	407	91
9LA3_B	pdb|7CAL|D	36.076	474	834	677	1.43e-93	306	56
9LA3_B	pdb|7CAL|C	36.076	474	834	677	1.43e-93	306	56
9LA3_B	pdb|7CAL|B	36.076	474	834	677	1.43e-93	306	56
9LA3_B	pdb|7CAL|A	36.076	474	834	677	1.43e-93	306	56
9LA3_B	pdb|7XUF|C	35.699	479	834	662	4.28e-82	275	56
9LA3_B	pdb|7XUF|A	35.699	479	834	662	4.28e-82	275	56
9LA3_B	pdb|7WM1|D	35.699	479	834	690	6.17e-82	275	56
9LA3_B	pdb|7WM1|B	35.699	479	834	690	6.17e-82	275	56
9LA3_B	pdb|9IS8|B	35.699	479	834	710	1.25e-81	275	56
9LA3_B	pdb|9KCV|D	19.694	523	834	798	5.45e-16	80.1	53
9LA3_B	pdb|9KCV|C	19.694	523	834	798	5.45e-16	80.1	53
9LA3_B	pdb|9KCV|B	19.694	523	834	798	5.45e-16	80.1	53
9LA3_B	pdb|9KCV|A	19.694	523	834	798	5.45e-16	80.1	53
9LA3_B	pdb|9J36|D	26.728	217	834	726	1.99e-14	75.1	25
9LA3_B	pdb|9J36|C	26.728	217	834	726	1.99e-14	75.1	25
9LA3_B	pdb|9J36|B	26.728	217	834	726	1.99e-14	75.1	25
9LA3_B	pdb|9J36|A	26.728	217	834	726	1.99e-14	75.1	25
9LA3_B	pdb|9J35|D	26.728	217	834	726	1.99e-14	75.1	25
9LA3_B	pdb|9J35|C	26.728	217	834	726	1.99e-14	75.1	25
9LA3_B	pdb|9J35|B	26.728	217	834	726	1.99e-14	75.1	25
9LA3_B	pdb|9J35|A	26.728	217	834	726	1.99e-14	75.1	25
9LA3_B	pdb|9KCU|D	19.079	456	834	662	1.14e-12	69.3	46
9LA3_B	pdb|9KCU|C	19.079	456	834	662	1.14e-12	69.3	46
9LA3_B	pdb|9KCU|B	19.079	456	834	662	1.14e-12	69.3	46
9LA3_B	pdb|9KCU|A	19.079	456	834	662	1.14e-12	69.3	46
9LA3_B	pdb|9J34|D	23.280	189	834	716	1.28e-09	59.3	22
9LA3_B	pdb|9J34|C	23.280	189	834	716	1.28e-09	59.3	22
9LA3_C	pdb|7WSW|D	31.000	900	834	879	2.25e-132	414	99
9LA3_C	pdb|7WSW|C	31.000	900	834	879	2.25e-132	414	99
9LA3_C	pdb|7WSW|B	31.000	900	834	879	2.25e-132	414	99
9LA3_C	pdb|7WSW|A	31.000	900	834	879	2.25e-132	414	99
9LA3_C	pdb|7XUF|D	31.807	830	834	857	2.88e-130	408	91
9LA3_C	pdb|7XUF|B	31.807	830	834	857	2.88e-130	408	91
9LA3_C	pdb|7T4X|D	31.807	830	834	857	2.88e-130	408	91
9LA3_C	pdb|7T4X|C	31.807	830	834	857	2.88e-130	408	91
9LA3_C	pdb|7T4X|B	31.807	830	834	857	2.88e-130	408	91
9LA3_C	pdb|7T4X|A	31.807	830	834	857	2.88e-130	408	91
9LA3_C	pdb|7WM2|D	31.807	830	834	895	6.97e-130	408	91
9LA3_C	pdb|7WM2|C	31.807	830	834	895	6.97e-130	408	91
9LA3_C	pdb|7WM2|B	31.807	830	834	895	6.97e-130	408	91
9LA3_C	pdb|7WM2|A	31.807	830	834	895	6.97e-130	408	91
9LA3_C	pdb|9IS8|D	31.807	830	834	885	7.91e-130	407	91
9LA3_C	pdb|9IS8|C	31.807	830	834	885	7.91e-130	407	91
9LA3_C	pdb|9IS8|A	31.807	830	834	885	7.91e-130	407	91
9LA3_C	pdb|7WM1|C	31.807	830	834	885	7.91e-130	407	91
9LA3_C	pdb|7WM1|A	31.807	830	834	885	7.91e-130	407	91
9LA3_C	pdb|7FCV|D	31.807	830	834	857	8.92e-130	407	91
9LA3_C	pdb|7FCV|C	31.807	830	834	857	8.92e-130	407	91
9LA3_C	pdb|7FCV|B	31.807	830	834	857	8.92e-130	407	91
9LA3_C	pdb|7FCV|A	31.807	830	834	857	8.92e-130	407	91
9LA3_C	pdb|7CAL|D	36.076	474	834	677	1.43e-93	306	56
9LA3_C	pdb|7CAL|C	36.076	474	834	677	1.43e-93	306	56
9LA3_C	pdb|7CAL|B	36.076	474	834	677	1.43e-93	306	56
9LA3_C	pdb|7CAL|A	36.076	474	834	677	1.43e-93	306	56
9LA3_C	pdb|7XUF|C	35.699	479	834	662	4.28e-82	275	56
9LA3_C	pdb|7XUF|A	35.699	479	834	662	4.28e-82	275	56
9LA3_C	pdb|7WM1|D	35.699	479	834	690	6.17e-82	275	56
9LA3_C	pdb|7WM1|B	35.699	479	834	690	6.17e-82	275	56
9LA3_C	pdb|9IS8|B	35.699	479	834	710	1.25e-81	275	56
9LA3_C	pdb|9KCV|D	19.694	523	834	798	5.45e-16	80.1	53
9LA3_C	pdb|9KCV|C	19.694	523	834	798	5.45e-16	80.1	53
9LA3_C	pdb|9KCV|B	19.694	523	834	798	5.45e-16	80.1	53
9LA3_C	pdb|9KCV|A	19.694	523	834	798	5.45e-16	80.1	53
9LA3_C	pdb|9J36|D	26.728	217	834	726	1.99e-14	75.1	25
9LA3_C	pdb|9J36|C	26.728	217	834	726	1.99e-14	75.1	25
9LA3_C	pdb|9J36|B	26.728	217	834	726	1.99e-14	75.1	25
9LA3_C	pdb|9J36|A	26.728	217	834	726	1.99e-14	75.1	25
9LA3_C	pdb|9J35|D	26.728	217	834	726	1.99e-14	75.1	25
9LA3_C	pdb|9J35|C	26.728	217	834	726	1.99e-14	75.1	25
9LA3_C	pdb|9J35|B	26.728	217	834	726	1.99e-14	75.1	25
9LA3_C	pdb|9J35|A	26.728	217	834	726	1.99e-14	75.1	25
9LA3_C	pdb|9KCU|D	19.079	456	834	662	1.14e-12	69.3	46
9LA3_C	pdb|9KCU|C	19.079	456	834	662	1.14e-12	69.3	46
9LA3_C	pdb|9KCU|B	19.079	456	834	662	1.14e-12	69.3	46
9LA3_C	pdb|9KCU|A	19.079	456	834	662	1.14e-12	69.3	46
9LA3_C	pdb|9J34|D	23.280	189	834	716	1.28e-09	59.3	22
9LA3_C	pdb|9J34|C	23.280	189	834	716	1.28e-09	59.3	22
9LA3_D	pdb|7WSW|D	31.000	900	834	879	2.25e-132	414	99
9LA3_D	pdb|7WSW|C	31.000	900	834	879	2.25e-132	414	99
9LA3_D	pdb|7WSW|B	31.000	900	834	879	2.25e-132	414	99
9LA3_D	pdb|7WSW|A	31.000	900	834	879	2.25e-132	414	99
9LA3_D	pdb|7XUF|D	31.807	830	834	857	2.88e-130	408	91
9LA3_D	pdb|7XUF|B	31.807	830	834	857	2.88e-130	408	91
9LA3_D	pdb|7T4X|D	31.807	830	834	857	2.88e-130	408	91
9LA3_D	pdb|7T4X|C	31.807	830	834	857	2.88e-130	408	91
9LA3_D	pdb|7T4X|B	31.807	830	834	857	2.88e-130	408	91
9LA3_D	pdb|7T4X|A	31.807	830	834	857	2.88e-130	408	91
9LA3_D	pdb|7WM2|D	31.807	830	834	895	6.97e-130	408	91
9LA3_D	pdb|7WM2|C	31.807	830	834	895	6.97e-130	408	91
9LA3_D	pdb|7WM2|B	31.807	830	834	895	6.97e-130	408	91
9LA3_D	pdb|7WM2|A	31.807	830	834	895	6.97e-130	408	91
9LA3_D	pdb|9IS8|D	31.807	830	834	885	7.91e-130	407	91
9LA3_D	pdb|9IS8|C	31.807	830	834	885	7.91e-130	407	91
9LA3_D	pdb|9IS8|A	31.807	830	834	885	7.91e-130	407	91
9LA3_D	pdb|7WM1|C	31.807	830	834	885	7.91e-130	407	91
9LA3_D	pdb|7WM1|A	31.807	830	834	885	7.91e-130	407	91
9LA3_D	pdb|7FCV|D	31.807	830	834	857	8.92e-130	407	91
9LA3_D	pdb|7FCV|C	31.807	830	834	857	8.92e-130	407	91
9LA3_D	pdb|7FCV|B	31.807	830	834	857	8.92e-130	407	91
9LA3_D	pdb|7FCV|A	31.807	830	834	857	8.92e-130	407	91
9LA3_D	pdb|7CAL|D	36.076	474	834	677	1.43e-93	306	56
9LA3_D	pdb|7CAL|C	36.076	474	834	677	1.43e-93	306	56
9LA3_D	pdb|7CAL|B	36.076	474	834	677	1.43e-93	306	56
9LA3_D	pdb|7CAL|A	36.076	474	834	677	1.43e-93	306	56
9LA3_D	pdb|7XUF|C	35.699	479	834	662	4.28e-82	275	56
9LA3_D	pdb|7XUF|A	35.699	479	834	662	4.28e-82	275	56
9LA3_D	pdb|7WM1|D	35.699	479	834	690	6.17e-82	275	56
9LA3_D	pdb|7WM1|B	35.699	479	834	690	6.17e-82	275	56
9LA3_D	pdb|9IS8|B	35.699	479	834	710	1.25e-81	275	56
9LA3_D	pdb|9KCV|D	19.694	523	834	798	5.45e-16	80.1	53
9LA3_D	pdb|9KCV|C	19.694	523	834	798	5.45e-16	80.1	53
9LA3_D	pdb|9KCV|B	19.694	523	834	798	5.45e-16	80.1	53
9LA3_D	pdb|9KCV|A	19.694	523	834	798	5.45e-16	80.1	53
9LA3_D	pdb|9J36|D	26.728	217	834	726	1.99e-14	75.1	25
9LA3_D	pdb|9J36|C	26.728	217	834	726	1.99e-14	75.1	25
9LA3_D	pdb|9J36|B	26.728	217	834	726	1.99e-14	75.1	25
9LA3_D	pdb|9J36|A	26.728	217	834	726	1.99e-14	75.1	25
9LA3_D	pdb|9J35|D	26.728	217	834	726	1.99e-14	75.1	25
9LA3_D	pdb|9J35|C	26.728	217	834	726	1.99e-14	75.1	25
9LA3_D	pdb|9J35|B	26.728	217	834	726	1.99e-14	75.1	25
9LA3_D	pdb|9J35|A	26.728	217	834	726	1.99e-14	75.1	25
9LA3_D	pdb|9KCU|D	19.079	456	834	662	1.14e-12	69.3	46
9LA3_D	pdb|9KCU|C	19.079	456	834	662	1.14e-12	69.3	46
9LA3_D	pdb|9KCU|B	19.079	456	834	662	1.14e-12	69.3	46
9LA3_D	pdb|9KCU|A	19.079	456	834	662	1.14e-12	69.3	46
9LA3_D	pdb|9J34|D	23.280	189	834	716	1.28e-09	59.3	22
9LA3_D	pdb|9J34|C	23.280	189	834	716	1.28e-09	59.3	22
9LA7_A	pdb|7WSW|D	31.000	900	834	879	2.25e-132	414	99
9LA7_A	pdb|7WSW|C	31.000	900	834	879	2.25e-132	414	99
9LA7_A	pdb|7WSW|B	31.000	900	834	879	2.25e-132	414	99
9LA7_A	pdb|7WSW|A	31.000	900	834	879	2.25e-132	414	99
9LA7_A	pdb|7XUF|D	31.807	830	834	857	2.88e-130	408	91
9LA7_A	pdb|7XUF|B	31.807	830	834	857	2.88e-130	408	91
9LA7_A	pdb|7T4X|D	31.807	830	834	857	2.88e-130	408	91
9LA7_A	pdb|7T4X|C	31.807	830	834	857	2.88e-130	408	91
9LA7_A	pdb|7T4X|B	31.807	830	834	857	2.88e-130	408	91
9LA7_A	pdb|7T4X|A	31.807	830	834	857	2.88e-130	408	91
9LA7_A	pdb|7WM2|D	31.807	830	834	895	6.97e-130	408	91
9LA7_A	pdb|7WM2|C	31.807	830	834	895	6.97e-130	408	91
9LA7_A	pdb|7WM2|B	31.807	830	834	895	6.97e-130	408	91
9LA7_A	pdb|7WM2|A	31.807	830	834	895	6.97e-130	408	91
9LA7_A	pdb|9IS8|D	31.807	830	834	885	7.91e-130	407	91
9LA7_A	pdb|9IS8|C	31.807	830	834	885	7.91e-130	407	91
9LA7_A	pdb|9IS8|A	31.807	830	834	885	7.91e-130	407	91
9LA7_A	pdb|7WM1|C	31.807	830	834	885	7.91e-130	407	91
9LA7_A	pdb|7WM1|A	31.807	830	834	885	7.91e-130	407	91
9LA7_A	pdb|7FCV|D	31.807	830	834	857	8.92e-130	407	91
9LA7_A	pdb|7FCV|C	31.807	830	834	857	8.92e-130	407	91
9LA7_A	pdb|7FCV|B	31.807	830	834	857	8.92e-130	407	91
9LA7_A	pdb|7FCV|A	31.807	830	834	857	8.92e-130	407	91
9LA7_A	pdb|7CAL|D	36.076	474	834	677	1.43e-93	306	56
9LA7_A	pdb|7CAL|C	36.076	474	834	677	1.43e-93	306	56
9LA7_A	pdb|7CAL|B	36.076	474	834	677	1.43e-93	306	56
9LA7_A	pdb|7CAL|A	36.076	474	834	677	1.43e-93	306	56
9LA7_A	pdb|7XUF|C	35.699	479	834	662	4.28e-82	275	56
9LA7_A	pdb|7XUF|A	35.699	479	834	662	4.28e-82	275	56
9LA7_A	pdb|7WM1|D	35.699	479	834	690	6.17e-82	275	56
9LA7_A	pdb|7WM1|B	35.699	479	834	690	6.17e-82	275	56
9LA7_A	pdb|9IS8|B	35.699	479	834	710	1.25e-81	275	56
9LA7_A	pdb|9KCV|D	19.694	523	834	798	5.45e-16	80.1	53
9LA7_A	pdb|9KCV|C	19.694	523	834	798	5.45e-16	80.1	53
9LA7_A	pdb|9KCV|B	19.694	523	834	798	5.45e-16	80.1	53
9LA7_A	pdb|9KCV|A	19.694	523	834	798	5.45e-16	80.1	53
9LA7_A	pdb|9J36|D	26.728	217	834	726	1.99e-14	75.1	25
9LA7_A	pdb|9J36|C	26.728	217	834	726	1.99e-14	75.1	25
9LA7_A	pdb|9J36|B	26.728	217	834	726	1.99e-14	75.1	25
9LA7_A	pdb|9J36|A	26.728	217	834	726	1.99e-14	75.1	25
9LA7_A	pdb|9J35|D	26.728	217	834	726	1.99e-14	75.1	25
9LA7_A	pdb|9J35|C	26.728	217	834	726	1.99e-14	75.1	25
9LA7_A	pdb|9J35|B	26.728	217	834	726	1.99e-14	75.1	25
9LA7_A	pdb|9J35|A	26.728	217	834	726	1.99e-14	75.1	25
9LA7_A	pdb|9KCU|D	19.079	456	834	662	1.14e-12	69.3	46
9LA7_A	pdb|9KCU|C	19.079	456	834	662	1.14e-12	69.3	46
9LA7_A	pdb|9KCU|B	19.079	456	834	662	1.14e-12	69.3	46
9LA7_A	pdb|9KCU|A	19.079	456	834	662	1.14e-12	69.3	46
9LA7_A	pdb|9J34|D	23.280	189	834	716	1.28e-09	59.3	22
9LA7_A	pdb|9J34|C	23.280	189	834	716	1.28e-09	59.3	22
9LA7_B	pdb|7WSW|D	31.000	900	834	879	2.25e-132	414	99
9LA7_B	pdb|7WSW|C	31.000	900	834	879	2.25e-132	414	99
9LA7_B	pdb|7WSW|B	31.000	900	834	879	2.25e-132	414	99
9LA7_B	pdb|7WSW|A	31.000	900	834	879	2.25e-132	414	99
9LA7_B	pdb|7XUF|D	31.807	830	834	857	2.88e-130	408	91
9LA7_B	pdb|7XUF|B	31.807	830	834	857	2.88e-130	408	91
9LA7_B	pdb|7T4X|D	31.807	830	834	857	2.88e-130	408	91
9LA7_B	pdb|7T4X|C	31.807	830	834	857	2.88e-130	408	91
9LA7_B	pdb|7T4X|B	31.807	830	834	857	2.88e-130	408	91
9LA7_B	pdb|7T4X|A	31.807	830	834	857	2.88e-130	408	91
9LA7_B	pdb|7WM2|D	31.807	830	834	895	6.97e-130	408	91
9LA7_B	pdb|7WM2|C	31.807	830	834	895	6.97e-130	408	91
9LA7_B	pdb|7WM2|B	31.807	830	834	895	6.97e-130	408	91
9LA7_B	pdb|7WM2|A	31.807	830	834	895	6.97e-130	408	91
9LA7_B	pdb|9IS8|D	31.807	830	834	885	7.91e-130	407	91
9LA7_B	pdb|9IS8|C	31.807	830	834	885	7.91e-130	407	91
9LA7_B	pdb|9IS8|A	31.807	830	834	885	7.91e-130	407	91
9LA7_B	pdb|7WM1|C	31.807	830	834	885	7.91e-130	407	91
9LA7_B	pdb|7WM1|A	31.807	830	834	885	7.91e-130	407	91
9LA7_B	pdb|7FCV|D	31.807	830	834	857	8.92e-130	407	91
9LA7_B	pdb|7FCV|C	31.807	830	834	857	8.92e-130	407	91
9LA7_B	pdb|7FCV|B	31.807	830	834	857	8.92e-130	407	91
9LA7_B	pdb|7FCV|A	31.807	830	834	857	8.92e-130	407	91
9LA7_B	pdb|7CAL|D	36.076	474	834	677	1.43e-93	306	56
9LA7_B	pdb|7CAL|C	36.076	474	834	677	1.43e-93	306	56
9LA7_B	pdb|7CAL|B	36.076	474	834	677	1.43e-93	306	56
9LA7_B	pdb|7CAL|A	36.076	474	834	677	1.43e-93	306	56
9LA7_B	pdb|7XUF|C	35.699	479	834	662	4.28e-82	275	56
9LA7_B	pdb|7XUF|A	35.699	479	834	662	4.28e-82	275	56
9LA7_B	pdb|7WM1|D	35.699	479	834	690	6.17e-82	275	56
9LA7_B	pdb|7WM1|B	35.699	479	834	690	6.17e-82	275	56
9LA7_B	pdb|9IS8|B	35.699	479	834	710	1.25e-81	275	56
9LA7_B	pdb|9KCV|D	19.694	523	834	798	5.45e-16	80.1	53
9LA7_B	pdb|9KCV|C	19.694	523	834	798	5.45e-16	80.1	53
9LA7_B	pdb|9KCV|B	19.694	523	834	798	5.45e-16	80.1	53
9LA7_B	pdb|9KCV|A	19.694	523	834	798	5.45e-16	80.1	53
9LA7_B	pdb|9J36|D	26.728	217	834	726	1.99e-14	75.1	25
9LA7_B	pdb|9J36|C	26.728	217	834	726	1.99e-14	75.1	25
9LA7_B	pdb|9J36|B	26.728	217	834	726	1.99e-14	75.1	25
9LA7_B	pdb|9J36|A	26.728	217	834	726	1.99e-14	75.1	25
9LA7_B	pdb|9J35|D	26.728	217	834	726	1.99e-14	75.1	25
9LA7_B	pdb|9J35|C	26.728	217	834	726	1.99e-14	75.1	25
9LA7_B	pdb|9J35|B	26.728	217	834	726	1.99e-14	75.1	25
9LA7_B	pdb|9J35|A	26.728	217	834	726	1.99e-14	75.1	25
9LA7_B	pdb|9KCU|D	19.079	456	834	662	1.14e-12	69.3	46
9LA7_B	pdb|9KCU|C	19.079	456	834	662	1.14e-12	69.3	46
9LA7_B	pdb|9KCU|B	19.079	456	834	662	1.14e-12	69.3	46
9LA7_B	pdb|9KCU|A	19.079	456	834	662	1.14e-12	69.3	46
9LA7_B	pdb|9J34|D	23.280	189	834	716	1.28e-09	59.3	22
9LA7_B	pdb|9J34|C	23.280	189	834	716	1.28e-09	59.3	22
9LA7_C	pdb|7WSW|D	31.000	900	834	879	2.25e-132	414	99
9LA7_C	pdb|7WSW|C	31.000	900	834	879	2.25e-132	414	99
9LA7_C	pdb|7WSW|B	31.000	900	834	879	2.25e-132	414	99
9LA7_C	pdb|7WSW|A	31.000	900	834	879	2.25e-132	414	99
9LA7_C	pdb|7XUF|D	31.807	830	834	857	2.88e-130	408	91
9LA7_C	pdb|7XUF|B	31.807	830	834	857	2.88e-130	408	91
9LA7_C	pdb|7T4X|D	31.807	830	834	857	2.88e-130	408	91
9LA7_C	pdb|7T4X|C	31.807	830	834	857	2.88e-130	408	91
9LA7_C	pdb|7T4X|B	31.807	830	834	857	2.88e-130	408	91
9LA7_C	pdb|7T4X|A	31.807	830	834	857	2.88e-130	408	91
9LA7_C	pdb|7WM2|D	31.807	830	834	895	6.97e-130	408	91
9LA7_C	pdb|7WM2|C	31.807	830	834	895	6.97e-130	408	91
9LA7_C	pdb|7WM2|B	31.807	830	834	895	6.97e-130	408	91
9LA7_C	pdb|7WM2|A	31.807	830	834	895	6.97e-130	408	91
9LA7_C	pdb|9IS8|D	31.807	830	834	885	7.91e-130	407	91
9LA7_C	pdb|9IS8|C	31.807	830	834	885	7.91e-130	407	91
9LA7_C	pdb|9IS8|A	31.807	830	834	885	7.91e-130	407	91
9LA7_C	pdb|7WM1|C	31.807	830	834	885	7.91e-130	407	91
9LA7_C	pdb|7WM1|A	31.807	830	834	885	7.91e-130	407	91
9LA7_C	pdb|7FCV|D	31.807	830	834	857	8.92e-130	407	91
9LA7_C	pdb|7FCV|C	31.807	830	834	857	8.92e-130	407	91
9LA7_C	pdb|7FCV|B	31.807	830	834	857	8.92e-130	407	91
9LA7_C	pdb|7FCV|A	31.807	830	834	857	8.92e-130	407	91
9LA7_C	pdb|7CAL|D	36.076	474	834	677	1.43e-93	306	56
9LA7_C	pdb|7CAL|C	36.076	474	834	677	1.43e-93	306	56
9LA7_C	pdb|7CAL|B	36.076	474	834	677	1.43e-93	306	56
9LA7_C	pdb|7CAL|A	36.076	474	834	677	1.43e-93	306	56
9LA7_C	pdb|7XUF|C	35.699	479	834	662	4.28e-82	275	56
9LA7_C	pdb|7XUF|A	35.699	479	834	662	4.28e-82	275	56
9LA7_C	pdb|7WM1|D	35.699	479	834	690	6.17e-82	275	56
9LA7_C	pdb|7WM1|B	35.699	479	834	690	6.17e-82	275	56
9LA7_C	pdb|9IS8|B	35.699	479	834	710	1.25e-81	275	56
9LA7_C	pdb|9KCV|D	19.694	523	834	798	5.45e-16	80.1	53
9LA7_C	pdb|9KCV|C	19.694	523	834	798	5.45e-16	80.1	53
9LA7_C	pdb|9KCV|B	19.694	523	834	798	5.45e-16	80.1	53
9LA7_C	pdb|9KCV|A	19.694	523	834	798	5.45e-16	80.1	53
9LA7_C	pdb|9J36|D	26.728	217	834	726	1.99e-14	75.1	25
9LA7_C	pdb|9J36|C	26.728	217	834	726	1.99e-14	75.1	25
9LA7_C	pdb|9J36|B	26.728	217	834	726	1.99e-14	75.1	25
9LA7_C	pdb|9J36|A	26.728	217	834	726	1.99e-14	75.1	25
9LA7_C	pdb|9J35|D	26.728	217	834	726	1.99e-14	75.1	25
9LA7_C	pdb|9J35|C	26.728	217	834	726	1.99e-14	75.1	25
9LA7_C	pdb|9J35|B	26.728	217	834	726	1.99e-14	75.1	25
9LA7_C	pdb|9J35|A	26.728	217	834	726	1.99e-14	75.1	25
9LA7_C	pdb|9KCU|D	19.079	456	834	662	1.14e-12	69.3	46
9LA7_C	pdb|9KCU|C	19.079	456	834	662	1.14e-12	69.3	46
9LA7_C	pdb|9KCU|B	19.079	456	834	662	1.14e-12	69.3	46
9LA7_C	pdb|9KCU|A	19.079	456	834	662	1.14e-12	69.3	46
9LA7_C	pdb|9J34|D	23.280	189	834	716	1.28e-09	59.3	22
9LA7_C	pdb|9J34|C	23.280	189	834	716	1.28e-09	59.3	22
9LA7_D	pdb|7WSW|D	31.000	900	834	879	2.25e-132	414	99
9LA7_D	pdb|7WSW|C	31.000	900	834	879	2.25e-132	414	99
9LA7_D	pdb|7WSW|B	31.000	900	834	879	2.25e-132	414	99
9LA7_D	pdb|7WSW|A	31.000	900	834	879	2.25e-132	414	99
9LA7_D	pdb|7XUF|D	31.807	830	834	857	2.88e-130	408	91
9LA7_D	pdb|7XUF|B	31.807	830	834	857	2.88e-130	408	91
9LA7_D	pdb|7T4X|D	31.807	830	834	857	2.88e-130	408	91
9LA7_D	pdb|7T4X|C	31.807	830	834	857	2.88e-130	408	91
9LA7_D	pdb|7T4X|B	31.807	830	834	857	2.88e-130	408	91
9LA7_D	pdb|7T4X|A	31.807	830	834	857	2.88e-130	408	91
9LA7_D	pdb|7WM2|D	31.807	830	834	895	6.97e-130	408	91
9LA7_D	pdb|7WM2|C	31.807	830	834	895	6.97e-130	408	91
9LA7_D	pdb|7WM2|B	31.807	830	834	895	6.97e-130	408	91
9LA7_D	pdb|7WM2|A	31.807	830	834	895	6.97e-130	408	91
9LA7_D	pdb|9IS8|D	31.807	830	834	885	7.91e-130	407	91
9LA7_D	pdb|9IS8|C	31.807	830	834	885	7.91e-130	407	91
9LA7_D	pdb|9IS8|A	31.807	830	834	885	7.91e-130	407	91
9LA7_D	pdb|7WM1|C	31.807	830	834	885	7.91e-130	407	91
9LA7_D	pdb|7WM1|A	31.807	830	834	885	7.91e-130	407	91
9LA7_D	pdb|7FCV|D	31.807	830	834	857	8.92e-130	407	91
9LA7_D	pdb|7FCV|C	31.807	830	834	857	8.92e-130	407	91
9LA7_D	pdb|7FCV|B	31.807	830	834	857	8.92e-130	407	91
9LA7_D	pdb|7FCV|A	31.807	830	834	857	8.92e-130	407	91
9LA7_D	pdb|7CAL|D	36.076	474	834	677	1.43e-93	306	56
9LA7_D	pdb|7CAL|C	36.076	474	834	677	1.43e-93	306	56
9LA7_D	pdb|7CAL|B	36.076	474	834	677	1.43e-93	306	56
9LA7_D	pdb|7CAL|A	36.076	474	834	677	1.43e-93	306	56
9LA7_D	pdb|7XUF|C	35.699	479	834	662	4.28e-82	275	56
9LA7_D	pdb|7XUF|A	35.699	479	834	662	4.28e-82	275	56
9LA7_D	pdb|7WM1|D	35.699	479	834	690	6.17e-82	275	56
9LA7_D	pdb|7WM1|B	35.699	479	834	690	6.17e-82	275	56
9LA7_D	pdb|9IS8|B	35.699	479	834	710	1.25e-81	275	56
9LA7_D	pdb|9KCV|D	19.694	523	834	798	5.45e-16	80.1	53
9LA7_D	pdb|9KCV|C	19.694	523	834	798	5.45e-16	80.1	53
9LA7_D	pdb|9KCV|B	19.694	523	834	798	5.45e-16	80.1	53
9LA7_D	pdb|9KCV|A	19.694	523	834	798	5.45e-16	80.1	53
9LA7_D	pdb|9J36|D	26.728	217	834	726	1.99e-14	75.1	25
9LA7_D	pdb|9J36|C	26.728	217	834	726	1.99e-14	75.1	25
9LA7_D	pdb|9J36|B	26.728	217	834	726	1.99e-14	75.1	25
9LA7_D	pdb|9J36|A	26.728	217	834	726	1.99e-14	75.1	25
9LA7_D	pdb|9J35|D	26.728	217	834	726	1.99e-14	75.1	25
9LA7_D	pdb|9J35|C	26.728	217	834	726	1.99e-14	75.1	25
9LA7_D	pdb|9J35|B	26.728	217	834	726	1.99e-14	75.1	25
9LA7_D	pdb|9J35|A	26.728	217	834	726	1.99e-14	75.1	25
9LA7_D	pdb|9KCU|D	19.079	456	834	662	1.14e-12	69.3	46
9LA7_D	pdb|9KCU|C	19.079	456	834	662	1.14e-12	69.3	46
9LA7_D	pdb|9KCU|B	19.079	456	834	662	1.14e-12	69.3	46
9LA7_D	pdb|9KCU|A	19.079	456	834	662	1.14e-12	69.3	46
9LA7_D	pdb|9J34|D	23.280	189	834	716	1.28e-09	59.3	22
9LA7_D	pdb|9J34|C	23.280	189	834	716	1.28e-09	59.3	22
5TOS_A	pdb|2QKW|B	35.714	322	395	321	1.20e-55	184	80
5TOS_A	pdb|3HGK|D	35.404	322	395	327	1.88e-54	181	80
5TOS_A	pdb|3HGK|C	35.404	322	395	327	1.88e-54	181	80
5TOS_A	pdb|3HGK|B	35.404	322	395	327	1.88e-54	181	80
5TOS_A	pdb|3HGK|A	35.404	322	395	327	1.88e-54	181	80
5TOS_A	pdb|4D28|D	30.556	216	395	446	8.20e-13	67.0	51
5TOS_A	pdb|4D28|C	30.556	216	395	446	8.20e-13	67.0	51
5TOS_A	pdb|4D28|B	30.556	216	395	446	8.20e-13	67.0	51
5TOS_A	pdb|4D28|A	30.556	216	395	446	8.20e-13	67.0	51
5TOS_A	pdb|4CZU|D	27.273	187	395	464	3.01e-11	62.4	44
5TOS_A	pdb|4CZU|C	27.273	187	395	464	3.01e-11	62.4	44
5TOS_A	pdb|4CZU|B	27.273	187	395	464	3.01e-11	62.4	44
5TOS_A	pdb|4CZU|A	27.273	187	395	464	3.01e-11	62.4	44
5TOS_A	pdb|6DTL|B	27.459	244	395	364	4.08e-11	61.6	56
5TOS_A	pdb|6DTL|A	27.459	244	395	364	4.08e-11	61.6	56
5TOS_A	pdb|7W5C|A	28.017	232	395	355	4.37e-11	61.2	55
5TOS_A	pdb|5CI6|B	27.459	244	395	370	4.95e-11	61.2	56
5TOS_A	pdb|5CI6|A	27.459	244	395	370	4.95e-11	61.2	56
5TOS_A	pdb|4CZT|D	26.667	180	395	464	1.52e-10	60.1	44
5TOS_A	pdb|4CZT|C	26.667	180	395	464	1.52e-10	60.1	44
5TOS_A	pdb|4CZT|B	26.667	180	395	464	1.52e-10	60.1	44
5TOS_A	pdb|4CZT|A	26.667	180	395	464	1.52e-10	60.1	44
5TOS_A	pdb|3UC3|A	26.699	206	395	361	6.08e-08	51.6	51
5TOS_A	pdb|3UJG|A	27.670	206	395	361	7.14e-08	51.6	51
5TOS_A	pdb|3UC4|B	27.815	151	395	362	1.09e-07	50.8	37
5TOS_A	pdb|3UC4|A	27.815	151	395	362	1.09e-07	50.8	37
5TOS_A	pdb|3ZUT|B	27.184	206	395	362	6.67e-07	48.5	51
5TOS_A	pdb|3ZUT|A	27.184	206	395	362	6.67e-07	48.5	51
5TOS_A	pdb|3ZUU|B	27.184	206	395	362	7.55e-07	48.1	51
5TOS_A	pdb|3ZUU|A	27.184	206	395	362	7.55e-07	48.1	51
5TOS_A	pdb|9VHW|A	30.864	162	395	537	9.39e-07	48.5	39
5TOS_A	pdb|9VHU|D	30.864	162	395	537	9.39e-07	48.5	39
5TOS_A	pdb|9VHU|C	30.864	162	395	537	9.39e-07	48.5	39
5TOS_A	pdb|9VHU|B	30.864	162	395	537	9.39e-07	48.5	39
5TOS_A	pdb|9VHU|A	30.864	162	395	537	9.39e-07	48.5	39
5TOS_B	pdb|2QKW|B	35.714	322	395	321	1.20e-55	184	80
5TOS_B	pdb|3HGK|D	35.404	322	395	327	1.88e-54	181	80
5TOS_B	pdb|3HGK|C	35.404	322	395	327	1.88e-54	181	80
5TOS_B	pdb|3HGK|B	35.404	322	395	327	1.88e-54	181	80
5TOS_B	pdb|3HGK|A	35.404	322	395	327	1.88e-54	181	80
5TOS_B	pdb|4D28|D	30.556	216	395	446	8.20e-13	67.0	51
5TOS_B	pdb|4D28|C	30.556	216	395	446	8.20e-13	67.0	51
5TOS_B	pdb|4D28|B	30.556	216	395	446	8.20e-13	67.0	51
5TOS_B	pdb|4D28|A	30.556	216	395	446	8.20e-13	67.0	51
5TOS_B	pdb|4CZU|D	27.273	187	395	464	3.01e-11	62.4	44
5TOS_B	pdb|4CZU|C	27.273	187	395	464	3.01e-11	62.4	44
5TOS_B	pdb|4CZU|B	27.273	187	395	464	3.01e-11	62.4	44
5TOS_B	pdb|4CZU|A	27.273	187	395	464	3.01e-11	62.4	44
5TOS_B	pdb|6DTL|B	27.459	244	395	364	4.08e-11	61.6	56
5TOS_B	pdb|6DTL|A	27.459	244	395	364	4.08e-11	61.6	56
5TOS_B	pdb|7W5C|A	28.017	232	395	355	4.37e-11	61.2	55
5TOS_B	pdb|5CI6|B	27.459	244	395	370	4.95e-11	61.2	56
5TOS_B	pdb|5CI6|A	27.459	244	395	370	4.95e-11	61.2	56
5TOS_B	pdb|4CZT|D	26.667	180	395	464	1.52e-10	60.1	44
5TOS_B	pdb|4CZT|C	26.667	180	395	464	1.52e-10	60.1	44
5TOS_B	pdb|4CZT|B	26.667	180	395	464	1.52e-10	60.1	44
5TOS_B	pdb|4CZT|A	26.667	180	395	464	1.52e-10	60.1	44
5TOS_B	pdb|3UC3|A	26.699	206	395	361	6.08e-08	51.6	51
5TOS_B	pdb|3UJG|A	27.670	206	395	361	7.14e-08	51.6	51
5TOS_B	pdb|3UC4|B	27.815	151	395	362	1.09e-07	50.8	37
5TOS_B	pdb|3UC4|A	27.815	151	395	362	1.09e-07	50.8	37
5TOS_B	pdb|3ZUT|B	27.184	206	395	362	6.67e-07	48.5	51
5TOS_B	pdb|3ZUT|A	27.184	206	395	362	6.67e-07	48.5	51
5TOS_B	pdb|3ZUU|B	27.184	206	395	362	7.55e-07	48.1	51
5TOS_B	pdb|3ZUU|A	27.184	206	395	362	7.55e-07	48.1	51
5TOS_B	pdb|9VHW|A	30.864	162	395	537	9.39e-07	48.5	39
5TOS_B	pdb|9VHU|D	30.864	162	395	537	9.39e-07	48.5	39
5TOS_B	pdb|9VHU|C	30.864	162	395	537	9.39e-07	48.5	39
5TOS_B	pdb|9VHU|B	30.864	162	395	537	9.39e-07	48.5	39
5TOS_B	pdb|9VHU|A	30.864	162	395	537	9.39e-07	48.5	39
6J5T_A	pdb|2QKW|B	39.384	292	426	321	1.21e-58	192	68
6J5T_A	pdb|3HGK|D	39.041	292	426	327	4.04e-57	188	68
6J5T_A	pdb|3HGK|C	39.041	292	426	327	4.04e-57	188	68
6J5T_A	pdb|3HGK|B	39.041	292	426	327	4.04e-57	188	68
6J5T_A	pdb|3HGK|A	39.041	292	426	327	4.04e-57	188	68
6J5T_A	pdb|7W5C|A	29.327	208	426	355	9.83e-14	69.7	47
6J5T_A	pdb|6DTL|B	26.540	211	426	364	1.24e-12	66.2	47
6J5T_A	pdb|6DTL|A	26.540	211	426	364	1.24e-12	66.2	47
6J5T_A	pdb|5CI6|B	26.540	211	426	370	1.32e-12	66.2	47
6J5T_A	pdb|5CI6|A	26.540	211	426	370	1.32e-12	66.2	47
6J5T_A	pdb|4CZU|D	26.087	276	426	464	5.88e-11	61.6	64
6J5T_A	pdb|4CZU|C	26.087	276	426	464	5.88e-11	61.6	64
6J5T_A	pdb|4CZU|B	26.087	276	426	464	5.88e-11	61.6	64
6J5T_A	pdb|4CZU|A	26.087	276	426	464	5.88e-11	61.6	64
6J5T_A	pdb|4CZT|D	26.087	276	426	464	6.78e-11	61.6	64
6J5T_A	pdb|4CZT|C	26.087	276	426	464	6.78e-11	61.6	64
6J5T_A	pdb|4CZT|B	26.087	276	426	464	6.78e-11	61.6	64
6J5T_A	pdb|4CZT|A	26.087	276	426	464	6.78e-11	61.6	64
6J5T_A	pdb|4D28|D	28.481	158	426	446	1.70e-10	60.1	36
6J5T_A	pdb|4D28|C	28.481	158	426	446	1.70e-10	60.1	36
6J5T_A	pdb|4D28|B	28.481	158	426	446	1.70e-10	60.1	36
6J5T_A	pdb|4D28|A	28.481	158	426	446	1.70e-10	60.1	36
6J5T_A	pdb|3UC3|A	30.189	106	426	361	7.07e-05	42.4	24
6J5T_A	pdb|3UC4|B	34.409	93	426	362	1.65e-04	41.2	21
6J5T_A	pdb|3UC4|A	34.409	93	426	362	1.65e-04	41.2	21
6J5T_A	pdb|3UJG|A	34.409	93	426	361	1.96e-04	40.8	21
6J5T_B	pdb|2QKW|B	29.167	288	351	321	1.99e-30	115	82
6J5T_B	pdb|3HGK|D	29.167	288	351	327	2.98e-30	115	82
6J5T_B	pdb|3HGK|C	29.167	288	351	327	2.98e-30	115	82
6J5T_B	pdb|3HGK|B	29.167	288	351	327	2.98e-30	115	82
6J5T_B	pdb|3HGK|A	29.167	288	351	327	2.98e-30	115	82
6J5T_B	pdb|4D28|D	24.757	206	351	446	1.44e-07	50.4	55
6J5T_B	pdb|4D28|C	24.757	206	351	446	1.44e-07	50.4	55
6J5T_B	pdb|4D28|B	24.757	206	351	446	1.44e-07	50.4	55
6J5T_B	pdb|4D28|A	24.757	206	351	446	1.44e-07	50.4	55
6J5T_B	pdb|4CZU|D	24.845	161	351	464	1.78e-06	47.0	44
6J5T_B	pdb|4CZU|C	24.845	161	351	464	1.78e-06	47.0	44
6J5T_B	pdb|4CZU|B	24.845	161	351	464	1.78e-06	47.0	44
6J5T_B	pdb|4CZU|A	24.845	161	351	464	1.78e-06	47.0	44
6J5T_B	pdb|4CZT|D	24.845	161	351	464	1.89e-06	47.0	44
6J5T_B	pdb|4CZT|C	24.845	161	351	464	1.89e-06	47.0	44
6J5T_B	pdb|4CZT|B	24.845	161	351	464	1.89e-06	47.0	44
6J5T_B	pdb|4CZT|A	24.845	161	351	464	1.89e-06	47.0	44
6J5T_C	pdb|9JBN|C	28.011	357	852	811	2.78e-26	113	41
6J5T_C	pdb|8ZWA|A	23.944	355	852	787	1.04e-21	98.6	41
6J5T_C	pdb|8ZW9|A	23.944	355	852	787	1.04e-21	98.6	41
6J5T_C	pdb|8YL6|C	23.566	645	852	809	1.04e-20	95.5	68
6J5T_C	pdb|8YL6|C	32.955	88	852	809	4.64e-05	44.7	68
6J5T_C	pdb|7JLV|G	21.438	765	852	1306	1.69e-14	75.5	79
6J5T_C	pdb|7JLV|D	21.438	765	852	1306	1.69e-14	75.5	79
6J5T_C	pdb|7JLV|B	21.438	765	852	1306	1.69e-14	75.5	79
6J5T_C	pdb|7JLV|A	21.438	765	852	1306	1.69e-14	75.5	79
6J5T_C	pdb|7JLX|D	21.438	765	852	1328	2.31e-14	75.1	79
6J5T_C	pdb|7JLX|C	21.438	765	852	1328	2.31e-14	75.1	79
6J5T_C	pdb|7JLX|B	21.438	765	852	1328	2.31e-14	75.1	79
6J5T_C	pdb|7JLX|A	21.438	765	852	1328	2.31e-14	75.1	79
6J5T_C	pdb|7JLU|A	21.438	765	852	1328	2.31e-14	75.1	79
6J5T_C	pdb|9R8W|D	24.585	301	852	1007	2.65e-08	55.5	57
6J5T_C	pdb|9R8W|D	26.761	213	852	1007	6.73e-04	40.8	57
6J5T_C	pdb|9R8W|C	24.585	301	852	1007	2.65e-08	55.5	57
6J5T_C	pdb|9R8W|C	26.761	213	852	1007	6.73e-04	40.8	57
6J5T_C	pdb|9R8W|B	24.585	301	852	1007	2.65e-08	55.5	57
6J5T_C	pdb|9R8W|B	26.761	213	852	1007	6.73e-04	40.8	57
6J5T_C	pdb|9R8W|A	24.585	301	852	1007	2.65e-08	55.5	57
6J5T_C	pdb|9R8W|A	26.761	213	852	1007	6.73e-04	40.8	57
6J5T_C	pdb|9QU9|D	24.585	301	852	1007	2.65e-08	55.5	57
6J5T_C	pdb|9QU9|D	26.761	213	852	1007	6.73e-04	40.8	57
6J5T_C	pdb|9QU9|C	24.585	301	852	1007	2.65e-08	55.5	57
6J5T_C	pdb|9QU9|C	26.761	213	852	1007	6.73e-04	40.8	57
6J5T_C	pdb|9QU9|B	24.585	301	852	1007	2.65e-08	55.5	57
6J5T_C	pdb|9QU9|B	26.761	213	852	1007	6.73e-04	40.8	57
6J5T_C	pdb|9QU9|A	24.585	301	852	1007	2.65e-08	55.5	57
6J5T_C	pdb|9QU9|A	26.761	213	852	1007	6.73e-04	40.8	57
6J5T_C	pdb|9QT4|D	24.585	301	852	1007	2.65e-08	55.5	57
6J5T_C	pdb|9QT4|D	26.761	213	852	1007	6.73e-04	40.8	57
6J5T_C	pdb|9QT4|C	24.585	301	852	1007	2.65e-08	55.5	57
6J5T_C	pdb|9QT4|C	26.761	213	852	1007	6.73e-04	40.8	57
6J5T_C	pdb|9QT4|B	24.585	301	852	1007	2.65e-08	55.5	57
6J5T_C	pdb|9QT4|B	26.761	213	852	1007	6.73e-04	40.8	57
6J5T_C	pdb|9QT4|A	24.585	301	852	1007	2.65e-08	55.5	57
6J5T_C	pdb|9QT4|A	26.761	213	852	1007	6.73e-04	40.8	57
6J5T_C	pdb|9QLV|D	24.585	301	852	1007	2.65e-08	55.5	57
6J5T_C	pdb|9QLV|D	26.761	213	852	1007	6.73e-04	40.8	57
6J5T_C	pdb|9QLV|C	24.585	301	852	1007	2.65e-08	55.5	57
6J5T_C	pdb|9QLV|C	26.761	213	852	1007	6.73e-04	40.8	57
6J5T_C	pdb|9QLV|B	24.585	301	852	1007	2.65e-08	55.5	57
6J5T_C	pdb|9QLV|B	26.761	213	852	1007	6.73e-04	40.8	57
6J5T_C	pdb|9QLV|A	24.585	301	852	1007	2.65e-08	55.5	57
6J5T_C	pdb|9QLV|A	26.761	213	852	1007	6.73e-04	40.8	57
6J5T_C	pdb|8YN0|H	34.091	88	852	415	6.08e-04	40.8	10
6J5T_C	pdb|8YN0|D	34.091	88	852	415	6.08e-04	40.8	10
6J5T_C	pdb|8YL7|C	34.091	88	852	415	6.08e-04	40.8	10
6J5T_D	pdb|2QKW|B	39.384	292	426	321	1.21e-58	192	68
6J5T_D	pdb|3HGK|D	39.041	292	426	327	4.04e-57	188	68
6J5T_D	pdb|3HGK|C	39.041	292	426	327	4.04e-57	188	68
6J5T_D	pdb|3HGK|B	39.041	292	426	327	4.04e-57	188	68
6J5T_D	pdb|3HGK|A	39.041	292	426	327	4.04e-57	188	68
6J5T_D	pdb|7W5C|A	29.327	208	426	355	9.83e-14	69.7	47
6J5T_D	pdb|6DTL|B	26.540	211	426	364	1.24e-12	66.2	47
6J5T_D	pdb|6DTL|A	26.540	211	426	364	1.24e-12	66.2	47
6J5T_D	pdb|5CI6|B	26.540	211	426	370	1.32e-12	66.2	47
6J5T_D	pdb|5CI6|A	26.540	211	426	370	1.32e-12	66.2	47
6J5T_D	pdb|4CZU|D	26.087	276	426	464	5.88e-11	61.6	64
6J5T_D	pdb|4CZU|C	26.087	276	426	464	5.88e-11	61.6	64
6J5T_D	pdb|4CZU|B	26.087	276	426	464	5.88e-11	61.6	64
6J5T_D	pdb|4CZU|A	26.087	276	426	464	5.88e-11	61.6	64
6J5T_D	pdb|4CZT|D	26.087	276	426	464	6.78e-11	61.6	64
6J5T_D	pdb|4CZT|C	26.087	276	426	464	6.78e-11	61.6	64
6J5T_D	pdb|4CZT|B	26.087	276	426	464	6.78e-11	61.6	64
6J5T_D	pdb|4CZT|A	26.087	276	426	464	6.78e-11	61.6	64
6J5T_D	pdb|4D28|D	28.481	158	426	446	1.70e-10	60.1	36
6J5T_D	pdb|4D28|C	28.481	158	426	446	1.70e-10	60.1	36
6J5T_D	pdb|4D28|B	28.481	158	426	446	1.70e-10	60.1	36
6J5T_D	pdb|4D28|A	28.481	158	426	446	1.70e-10	60.1	36
6J5T_D	pdb|3UC3|A	30.189	106	426	361	7.07e-05	42.4	24
6J5T_D	pdb|3UC4|B	34.409	93	426	362	1.65e-04	41.2	21
6J5T_D	pdb|3UC4|A	34.409	93	426	362	1.65e-04	41.2	21
6J5T_D	pdb|3UJG|A	34.409	93	426	361	1.96e-04	40.8	21
6J5T_E	pdb|2QKW|B	29.167	288	351	321	1.99e-30	115	82
6J5T_E	pdb|3HGK|D	29.167	288	351	327	2.98e-30	115	82
6J5T_E	pdb|3HGK|C	29.167	288	351	327	2.98e-30	115	82
6J5T_E	pdb|3HGK|B	29.167	288	351	327	2.98e-30	115	82
6J5T_E	pdb|3HGK|A	29.167	288	351	327	2.98e-30	115	82
6J5T_E	pdb|4D28|D	24.757	206	351	446	1.44e-07	50.4	55
6J5T_E	pdb|4D28|C	24.757	206	351	446	1.44e-07	50.4	55
6J5T_E	pdb|4D28|B	24.757	206	351	446	1.44e-07	50.4	55
6J5T_E	pdb|4D28|A	24.757	206	351	446	1.44e-07	50.4	55
6J5T_E	pdb|4CZU|D	24.845	161	351	464	1.78e-06	47.0	44
6J5T_E	pdb|4CZU|C	24.845	161	351	464	1.78e-06	47.0	44
6J5T_E	pdb|4CZU|B	24.845	161	351	464	1.78e-06	47.0	44
6J5T_E	pdb|4CZU|A	24.845	161	351	464	1.78e-06	47.0	44
6J5T_E	pdb|4CZT|D	24.845	161	351	464	1.89e-06	47.0	44
6J5T_E	pdb|4CZT|C	24.845	161	351	464	1.89e-06	47.0	44
6J5T_E	pdb|4CZT|B	24.845	161	351	464	1.89e-06	47.0	44
6J5T_E	pdb|4CZT|A	24.845	161	351	464	1.89e-06	47.0	44
6J5T_F	pdb|9JBN|C	28.011	357	852	811	2.78e-26	113	41
6J5T_F	pdb|8ZWA|A	23.944	355	852	787	1.04e-21	98.6	41
6J5T_F	pdb|8ZW9|A	23.944	355	852	787	1.04e-21	98.6	41
6J5T_F	pdb|8YL6|C	23.566	645	852	809	1.04e-20	95.5	68
6J5T_F	pdb|8YL6|C	32.955	88	852	809	4.64e-05	44.7	68
6J5T_F	pdb|7JLV|G	21.438	765	852	1306	1.69e-14	75.5	79
6J5T_F	pdb|7JLV|D	21.438	765	852	1306	1.69e-14	75.5	79
6J5T_F	pdb|7JLV|B	21.438	765	852	1306	1.69e-14	75.5	79
6J5T_F	pdb|7JLV|A	21.438	765	852	1306	1.69e-14	75.5	79
6J5T_F	pdb|7JLX|D	21.438	765	852	1328	2.31e-14	75.1	79
6J5T_F	pdb|7JLX|C	21.438	765	852	1328	2.31e-14	75.1	79
6J5T_F	pdb|7JLX|B	21.438	765	852	1328	2.31e-14	75.1	79
6J5T_F	pdb|7JLX|A	21.438	765	852	1328	2.31e-14	75.1	79
6J5T_F	pdb|7JLU|A	21.438	765	852	1328	2.31e-14	75.1	79
6J5T_F	pdb|9R8W|D	24.585	301	852	1007	2.65e-08	55.5	57
6J5T_F	pdb|9R8W|D	26.761	213	852	1007	6.73e-04	40.8	57
6J5T_F	pdb|9R8W|C	24.585	301	852	1007	2.65e-08	55.5	57
6J5T_F	pdb|9R8W|C	26.761	213	852	1007	6.73e-04	40.8	57
6J5T_F	pdb|9R8W|B	24.585	301	852	1007	2.65e-08	55.5	57
6J5T_F	pdb|9R8W|B	26.761	213	852	1007	6.73e-04	40.8	57
6J5T_F	pdb|9R8W|A	24.585	301	852	1007	2.65e-08	55.5	57
6J5T_F	pdb|9R8W|A	26.761	213	852	1007	6.73e-04	40.8	57
6J5T_F	pdb|9QU9|D	24.585	301	852	1007	2.65e-08	55.5	57
6J5T_F	pdb|9QU9|D	26.761	213	852	1007	6.73e-04	40.8	57
6J5T_F	pdb|9QU9|C	24.585	301	852	1007	2.65e-08	55.5	57
6J5T_F	pdb|9QU9|C	26.761	213	852	1007	6.73e-04	40.8	57
6J5T_F	pdb|9QU9|B	24.585	301	852	1007	2.65e-08	55.5	57
6J5T_F	pdb|9QU9|B	26.761	213	852	1007	6.73e-04	40.8	57
6J5T_F	pdb|9QU9|A	24.585	301	852	1007	2.65e-08	55.5	57
6J5T_F	pdb|9QU9|A	26.761	213	852	1007	6.73e-04	40.8	57
6J5T_F	pdb|9QT4|D	24.585	301	852	1007	2.65e-08	55.5	57
6J5T_F	pdb|9QT4|D	26.761	213	852	1007	6.73e-04	40.8	57
6J5T_F	pdb|9QT4|C	24.585	301	852	1007	2.65e-08	55.5	57
6J5T_F	pdb|9QT4|C	26.761	213	852	1007	6.73e-04	40.8	57
6J5T_F	pdb|9QT4|B	24.585	301	852	1007	2.65e-08	55.5	57
6J5T_F	pdb|9QT4|B	26.761	213	852	1007	6.73e-04	40.8	57
6J5T_F	pdb|9QT4|A	24.585	301	852	1007	2.65e-08	55.5	57
6J5T_F	pdb|9QT4|A	26.761	213	852	1007	6.73e-04	40.8	57
6J5T_F	pdb|9QLV|D	24.585	301	852	1007	2.65e-08	55.5	57
6J5T_F	pdb|9QLV|D	26.761	213	852	1007	6.73e-04	40.8	57
6J5T_F	pdb|9QLV|C	24.585	301	852	1007	2.65e-08	55.5	57
6J5T_F	pdb|9QLV|C	26.761	213	852	1007	6.73e-04	40.8	57
6J5T_F	pdb|9QLV|B	24.585	301	852	1007	2.65e-08	55.5	57
6J5T_F	pdb|9QLV|B	26.761	213	852	1007	6.73e-04	40.8	57
6J5T_F	pdb|9QLV|A	24.585	301	852	1007	2.65e-08	55.5	57
6J5T_F	pdb|9QLV|A	26.761	213	852	1007	6.73e-04	40.8	57
6J5T_F	pdb|8YN0|H	34.091	88	852	415	6.08e-04	40.8	10
6J5T_F	pdb|8YN0|D	34.091	88	852	415	6.08e-04	40.8	10
6J5T_F	pdb|8YL7|C	34.091	88	852	415	6.08e-04	40.8	10
6J5T_G	pdb|9JBN|C	28.011	357	852	811	2.78e-26	113	41
6J5T_G	pdb|8ZWA|A	23.944	355	852	787	1.04e-21	98.6	41
6J5T_G	pdb|8ZW9|A	23.944	355	852	787	1.04e-21	98.6	41
6J5T_G	pdb|8YL6|C	23.566	645	852	809	1.04e-20	95.5	68
6J5T_G	pdb|8YL6|C	32.955	88	852	809	4.64e-05	44.7	68
6J5T_G	pdb|7JLV|G	21.438	765	852	1306	1.69e-14	75.5	79
6J5T_G	pdb|7JLV|D	21.438	765	852	1306	1.69e-14	75.5	79
6J5T_G	pdb|7JLV|B	21.438	765	852	1306	1.69e-14	75.5	79
6J5T_G	pdb|7JLV|A	21.438	765	852	1306	1.69e-14	75.5	79
6J5T_G	pdb|7JLX|D	21.438	765	852	1328	2.31e-14	75.1	79
6J5T_G	pdb|7JLX|C	21.438	765	852	1328	2.31e-14	75.1	79
6J5T_G	pdb|7JLX|B	21.438	765	852	1328	2.31e-14	75.1	79
6J5T_G	pdb|7JLX|A	21.438	765	852	1328	2.31e-14	75.1	79
6J5T_G	pdb|7JLU|A	21.438	765	852	1328	2.31e-14	75.1	79
6J5T_G	pdb|9R8W|D	24.585	301	852	1007	2.65e-08	55.5	57
6J5T_G	pdb|9R8W|D	26.761	213	852	1007	6.73e-04	40.8	57
6J5T_G	pdb|9R8W|C	24.585	301	852	1007	2.65e-08	55.5	57
6J5T_G	pdb|9R8W|C	26.761	213	852	1007	6.73e-04	40.8	57
6J5T_G	pdb|9R8W|B	24.585	301	852	1007	2.65e-08	55.5	57
6J5T_G	pdb|9R8W|B	26.761	213	852	1007	6.73e-04	40.8	57
6J5T_G	pdb|9R8W|A	24.585	301	852	1007	2.65e-08	55.5	57
6J5T_G	pdb|9R8W|A	26.761	213	852	1007	6.73e-04	40.8	57
6J5T_G	pdb|9QU9|D	24.585	301	852	1007	2.65e-08	55.5	57
6J5T_G	pdb|9QU9|D	26.761	213	852	1007	6.73e-04	40.8	57
6J5T_G	pdb|9QU9|C	24.585	301	852	1007	2.65e-08	55.5	57
6J5T_G	pdb|9QU9|C	26.761	213	852	1007	6.73e-04	40.8	57
6J5T_G	pdb|9QU9|B	24.585	301	852	1007	2.65e-08	55.5	57
6J5T_G	pdb|9QU9|B	26.761	213	852	1007	6.73e-04	40.8	57
6J5T_G	pdb|9QU9|A	24.585	301	852	1007	2.65e-08	55.5	57
6J5T_G	pdb|9QU9|A	26.761	213	852	1007	6.73e-04	40.8	57
6J5T_G	pdb|9QT4|D	24.585	301	852	1007	2.65e-08	55.5	57
6J5T_G	pdb|9QT4|D	26.761	213	852	1007	6.73e-04	40.8	57
6J5T_G	pdb|9QT4|C	24.585	301	852	1007	2.65e-08	55.5	57
6J5T_G	pdb|9QT4|C	26.761	213	852	1007	6.73e-04	40.8	57
6J5T_G	pdb|9QT4|B	24.585	301	852	1007	2.65e-08	55.5	57
6J5T_G	pdb|9QT4|B	26.761	213	852	1007	6.73e-04	40.8	57
6J5T_G	pdb|9QT4|A	24.585	301	852	1007	2.65e-08	55.5	57
6J5T_G	pdb|9QT4|A	26.761	213	852	1007	6.73e-04	40.8	57
6J5T_G	pdb|9QLV|D	24.585	301	852	1007	2.65e-08	55.5	57
6J5T_G	pdb|9QLV|D	26.761	213	852	1007	6.73e-04	40.8	57
6J5T_G	pdb|9QLV|C	24.585	301	852	1007	2.65e-08	55.5	57
6J5T_G	pdb|9QLV|C	26.761	213	852	1007	6.73e-04	40.8	57
6J5T_G	pdb|9QLV|B	24.585	301	852	1007	2.65e-08	55.5	57
6J5T_G	pdb|9QLV|B	26.761	213	852	1007	6.73e-04	40.8	57
6J5T_G	pdb|9QLV|A	24.585	301	852	1007	2.65e-08	55.5	57
6J5T_G	pdb|9QLV|A	26.761	213	852	1007	6.73e-04	40.8	57
6J5T_G	pdb|8YN0|H	34.091	88	852	415	6.08e-04	40.8	10
6J5T_G	pdb|8YN0|D	34.091	88	852	415	6.08e-04	40.8	10
6J5T_G	pdb|8YL7|C	34.091	88	852	415	6.08e-04	40.8	10
6J5T_H	pdb|2QKW|B	29.167	288	351	321	1.99e-30	115	82
6J5T_H	pdb|3HGK|D	29.167	288	351	327	2.98e-30	115	82
6J5T_H	pdb|3HGK|C	29.167	288	351	327	2.98e-30	115	82
6J5T_H	pdb|3HGK|B	29.167	288	351	327	2.98e-30	115	82
6J5T_H	pdb|3HGK|A	29.167	288	351	327	2.98e-30	115	82
6J5T_H	pdb|4D28|D	24.757	206	351	446	1.44e-07	50.4	55
6J5T_H	pdb|4D28|C	24.757	206	351	446	1.44e-07	50.4	55
6J5T_H	pdb|4D28|B	24.757	206	351	446	1.44e-07	50.4	55
6J5T_H	pdb|4D28|A	24.757	206	351	446	1.44e-07	50.4	55
6J5T_H	pdb|4CZU|D	24.845	161	351	464	1.78e-06	47.0	44
6J5T_H	pdb|4CZU|C	24.845	161	351	464	1.78e-06	47.0	44
6J5T_H	pdb|4CZU|B	24.845	161	351	464	1.78e-06	47.0	44
6J5T_H	pdb|4CZU|A	24.845	161	351	464	1.78e-06	47.0	44
6J5T_H	pdb|4CZT|D	24.845	161	351	464	1.89e-06	47.0	44
6J5T_H	pdb|4CZT|C	24.845	161	351	464	1.89e-06	47.0	44
6J5T_H	pdb|4CZT|B	24.845	161	351	464	1.89e-06	47.0	44
6J5T_H	pdb|4CZT|A	24.845	161	351	464	1.89e-06	47.0	44
6J5T_I	pdb|2QKW|B	39.384	292	426	321	1.21e-58	192	68
6J5T_I	pdb|3HGK|D	39.041	292	426	327	4.04e-57	188	68
6J5T_I	pdb|3HGK|C	39.041	292	426	327	4.04e-57	188	68
6J5T_I	pdb|3HGK|B	39.041	292	426	327	4.04e-57	188	68
6J5T_I	pdb|3HGK|A	39.041	292	426	327	4.04e-57	188	68
6J5T_I	pdb|7W5C|A	29.327	208	426	355	9.83e-14	69.7	47
6J5T_I	pdb|6DTL|B	26.540	211	426	364	1.24e-12	66.2	47
6J5T_I	pdb|6DTL|A	26.540	211	426	364	1.24e-12	66.2	47
6J5T_I	pdb|5CI6|B	26.540	211	426	370	1.32e-12	66.2	47
6J5T_I	pdb|5CI6|A	26.540	211	426	370	1.32e-12	66.2	47
6J5T_I	pdb|4CZU|D	26.087	276	426	464	5.88e-11	61.6	64
6J5T_I	pdb|4CZU|C	26.087	276	426	464	5.88e-11	61.6	64
6J5T_I	pdb|4CZU|B	26.087	276	426	464	5.88e-11	61.6	64
6J5T_I	pdb|4CZU|A	26.087	276	426	464	5.88e-11	61.6	64
6J5T_I	pdb|4CZT|D	26.087	276	426	464	6.78e-11	61.6	64
6J5T_I	pdb|4CZT|C	26.087	276	426	464	6.78e-11	61.6	64
6J5T_I	pdb|4CZT|B	26.087	276	426	464	6.78e-11	61.6	64
6J5T_I	pdb|4CZT|A	26.087	276	426	464	6.78e-11	61.6	64
6J5T_I	pdb|4D28|D	28.481	158	426	446	1.70e-10	60.1	36
6J5T_I	pdb|4D28|C	28.481	158	426	446	1.70e-10	60.1	36
6J5T_I	pdb|4D28|B	28.481	158	426	446	1.70e-10	60.1	36
6J5T_I	pdb|4D28|A	28.481	158	426	446	1.70e-10	60.1	36
6J5T_I	pdb|3UC3|A	30.189	106	426	361	7.07e-05	42.4	24
6J5T_I	pdb|3UC4|B	34.409	93	426	362	1.65e-04	41.2	21
6J5T_I	pdb|3UC4|A	34.409	93	426	362	1.65e-04	41.2	21
6J5T_I	pdb|3UJG|A	34.409	93	426	361	1.96e-04	40.8	21
6J5T_J	pdb|2QKW|B	39.384	292	426	321	1.21e-58	192	68
6J5T_J	pdb|3HGK|D	39.041	292	426	327	4.04e-57	188	68
6J5T_J	pdb|3HGK|C	39.041	292	426	327	4.04e-57	188	68
6J5T_J	pdb|3HGK|B	39.041	292	426	327	4.04e-57	188	68
6J5T_J	pdb|3HGK|A	39.041	292	426	327	4.04e-57	188	68
6J5T_J	pdb|7W5C|A	29.327	208	426	355	9.83e-14	69.7	47
6J5T_J	pdb|6DTL|B	26.540	211	426	364	1.24e-12	66.2	47
6J5T_J	pdb|6DTL|A	26.540	211	426	364	1.24e-12	66.2	47
6J5T_J	pdb|5CI6|B	26.540	211	426	370	1.32e-12	66.2	47
6J5T_J	pdb|5CI6|A	26.540	211	426	370	1.32e-12	66.2	47
6J5T_J	pdb|4CZU|D	26.087	276	426	464	5.88e-11	61.6	64
6J5T_J	pdb|4CZU|C	26.087	276	426	464	5.88e-11	61.6	64
6J5T_J	pdb|4CZU|B	26.087	276	426	464	5.88e-11	61.6	64
6J5T_J	pdb|4CZU|A	26.087	276	426	464	5.88e-11	61.6	64
6J5T_J	pdb|4CZT|D	26.087	276	426	464	6.78e-11	61.6	64
6J5T_J	pdb|4CZT|C	26.087	276	426	464	6.78e-11	61.6	64
6J5T_J	pdb|4CZT|B	26.087	276	426	464	6.78e-11	61.6	64
6J5T_J	pdb|4CZT|A	26.087	276	426	464	6.78e-11	61.6	64
6J5T_J	pdb|4D28|D	28.481	158	426	446	1.70e-10	60.1	36
6J5T_J	pdb|4D28|C	28.481	158	426	446	1.70e-10	60.1	36
6J5T_J	pdb|4D28|B	28.481	158	426	446	1.70e-10	60.1	36
6J5T_J	pdb|4D28|A	28.481	158	426	446	1.70e-10	60.1	36
6J5T_J	pdb|3UC3|A	30.189	106	426	361	7.07e-05	42.4	24
6J5T_J	pdb|3UC4|B	34.409	93	426	362	1.65e-04	41.2	21
6J5T_J	pdb|3UC4|A	34.409	93	426	362	1.65e-04	41.2	21
6J5T_J	pdb|3UJG|A	34.409	93	426	361	1.96e-04	40.8	21
6J5T_K	pdb|2QKW|B	29.167	288	351	321	1.99e-30	115	82
6J5T_K	pdb|3HGK|D	29.167	288	351	327	2.98e-30	115	82
6J5T_K	pdb|3HGK|C	29.167	288	351	327	2.98e-30	115	82
6J5T_K	pdb|3HGK|B	29.167	288	351	327	2.98e-30	115	82
6J5T_K	pdb|3HGK|A	29.167	288	351	327	2.98e-30	115	82
6J5T_K	pdb|4D28|D	24.757	206	351	446	1.44e-07	50.4	55
6J5T_K	pdb|4D28|C	24.757	206	351	446	1.44e-07	50.4	55
6J5T_K	pdb|4D28|B	24.757	206	351	446	1.44e-07	50.4	55
6J5T_K	pdb|4D28|A	24.757	206	351	446	1.44e-07	50.4	55
6J5T_K	pdb|4CZU|D	24.845	161	351	464	1.78e-06	47.0	44
6J5T_K	pdb|4CZU|C	24.845	161	351	464	1.78e-06	47.0	44
6J5T_K	pdb|4CZU|B	24.845	161	351	464	1.78e-06	47.0	44
6J5T_K	pdb|4CZU|A	24.845	161	351	464	1.78e-06	47.0	44
6J5T_K	pdb|4CZT|D	24.845	161	351	464	1.89e-06	47.0	44
6J5T_K	pdb|4CZT|C	24.845	161	351	464	1.89e-06	47.0	44
6J5T_K	pdb|4CZT|B	24.845	161	351	464	1.89e-06	47.0	44
6J5T_K	pdb|4CZT|A	24.845	161	351	464	1.89e-06	47.0	44
6J5T_L	pdb|9JBN|C	28.011	357	852	811	2.78e-26	113	41
6J5T_L	pdb|8ZWA|A	23.944	355	852	787	1.04e-21	98.6	41
6J5T_L	pdb|8ZW9|A	23.944	355	852	787	1.04e-21	98.6	41
6J5T_L	pdb|8YL6|C	23.566	645	852	809	1.04e-20	95.5	68
6J5T_L	pdb|8YL6|C	32.955	88	852	809	4.64e-05	44.7	68
6J5T_L	pdb|7JLV|G	21.438	765	852	1306	1.69e-14	75.5	79
6J5T_L	pdb|7JLV|D	21.438	765	852	1306	1.69e-14	75.5	79
6J5T_L	pdb|7JLV|B	21.438	765	852	1306	1.69e-14	75.5	79
6J5T_L	pdb|7JLV|A	21.438	765	852	1306	1.69e-14	75.5	79
6J5T_L	pdb|7JLX|D	21.438	765	852	1328	2.31e-14	75.1	79
6J5T_L	pdb|7JLX|C	21.438	765	852	1328	2.31e-14	75.1	79
6J5T_L	pdb|7JLX|B	21.438	765	852	1328	2.31e-14	75.1	79
6J5T_L	pdb|7JLX|A	21.438	765	852	1328	2.31e-14	75.1	79
6J5T_L	pdb|7JLU|A	21.438	765	852	1328	2.31e-14	75.1	79
6J5T_L	pdb|9R8W|D	24.585	301	852	1007	2.65e-08	55.5	57
6J5T_L	pdb|9R8W|D	26.761	213	852	1007	6.73e-04	40.8	57
6J5T_L	pdb|9R8W|C	24.585	301	852	1007	2.65e-08	55.5	57
6J5T_L	pdb|9R8W|C	26.761	213	852	1007	6.73e-04	40.8	57
6J5T_L	pdb|9R8W|B	24.585	301	852	1007	2.65e-08	55.5	57
6J5T_L	pdb|9R8W|B	26.761	213	852	1007	6.73e-04	40.8	57
6J5T_L	pdb|9R8W|A	24.585	301	852	1007	2.65e-08	55.5	57
6J5T_L	pdb|9R8W|A	26.761	213	852	1007	6.73e-04	40.8	57
6J5T_L	pdb|9QU9|D	24.585	301	852	1007	2.65e-08	55.5	57
6J5T_L	pdb|9QU9|D	26.761	213	852	1007	6.73e-04	40.8	57
6J5T_L	pdb|9QU9|C	24.585	301	852	1007	2.65e-08	55.5	57
6J5T_L	pdb|9QU9|C	26.761	213	852	1007	6.73e-04	40.8	57
6J5T_L	pdb|9QU9|B	24.585	301	852	1007	2.65e-08	55.5	57
6J5T_L	pdb|9QU9|B	26.761	213	852	1007	6.73e-04	40.8	57
6J5T_L	pdb|9QU9|A	24.585	301	852	1007	2.65e-08	55.5	57
6J5T_L	pdb|9QU9|A	26.761	213	852	1007	6.73e-04	40.8	57
6J5T_L	pdb|9QT4|D	24.585	301	852	1007	2.65e-08	55.5	57
6J5T_L	pdb|9QT4|D	26.761	213	852	1007	6.73e-04	40.8	57
6J5T_L	pdb|9QT4|C	24.585	301	852	1007	2.65e-08	55.5	57
6J5T_L	pdb|9QT4|C	26.761	213	852	1007	6.73e-04	40.8	57
6J5T_L	pdb|9QT4|B	24.585	301	852	1007	2.65e-08	55.5	57
6J5T_L	pdb|9QT4|B	26.761	213	852	1007	6.73e-04	40.8	57
6J5T_L	pdb|9QT4|A	24.585	301	852	1007	2.65e-08	55.5	57
6J5T_L	pdb|9QT4|A	26.761	213	852	1007	6.73e-04	40.8	57
6J5T_L	pdb|9QLV|D	24.585	301	852	1007	2.65e-08	55.5	57
6J5T_L	pdb|9QLV|D	26.761	213	852	1007	6.73e-04	40.8	57
6J5T_L	pdb|9QLV|C	24.585	301	852	1007	2.65e-08	55.5	57
6J5T_L	pdb|9QLV|C	26.761	213	852	1007	6.73e-04	40.8	57
6J5T_L	pdb|9QLV|B	24.585	301	852	1007	2.65e-08	55.5	57
6J5T_L	pdb|9QLV|B	26.761	213	852	1007	6.73e-04	40.8	57
6J5T_L	pdb|9QLV|A	24.585	301	852	1007	2.65e-08	55.5	57
6J5T_L	pdb|9QLV|A	26.761	213	852	1007	6.73e-04	40.8	57
6J5T_L	pdb|8YN0|H	34.091	88	852	415	6.08e-04	40.8	10
6J5T_L	pdb|8YN0|D	34.091	88	852	415	6.08e-04	40.8	10
6J5T_L	pdb|8YL7|C	34.091	88	852	415	6.08e-04	40.8	10
6J5T_M	pdb|2QKW|B	39.384	292	426	321	1.21e-58	192	68
6J5T_M	pdb|3HGK|D	39.041	292	426	327	4.04e-57	188	68
6J5T_M	pdb|3HGK|C	39.041	292	426	327	4.04e-57	188	68
6J5T_M	pdb|3HGK|B	39.041	292	426	327	4.04e-57	188	68
6J5T_M	pdb|3HGK|A	39.041	292	426	327	4.04e-57	188	68
6J5T_M	pdb|7W5C|A	29.327	208	426	355	9.83e-14	69.7	47
6J5T_M	pdb|6DTL|B	26.540	211	426	364	1.24e-12	66.2	47
6J5T_M	pdb|6DTL|A	26.540	211	426	364	1.24e-12	66.2	47
6J5T_M	pdb|5CI6|B	26.540	211	426	370	1.32e-12	66.2	47
6J5T_M	pdb|5CI6|A	26.540	211	426	370	1.32e-12	66.2	47
6J5T_M	pdb|4CZU|D	26.087	276	426	464	5.88e-11	61.6	64
6J5T_M	pdb|4CZU|C	26.087	276	426	464	5.88e-11	61.6	64
6J5T_M	pdb|4CZU|B	26.087	276	426	464	5.88e-11	61.6	64
6J5T_M	pdb|4CZU|A	26.087	276	426	464	5.88e-11	61.6	64
6J5T_M	pdb|4CZT|D	26.087	276	426	464	6.78e-11	61.6	64
6J5T_M	pdb|4CZT|C	26.087	276	426	464	6.78e-11	61.6	64
6J5T_M	pdb|4CZT|B	26.087	276	426	464	6.78e-11	61.6	64
6J5T_M	pdb|4CZT|A	26.087	276	426	464	6.78e-11	61.6	64
6J5T_M	pdb|4D28|D	28.481	158	426	446	1.70e-10	60.1	36
6J5T_M	pdb|4D28|C	28.481	158	426	446	1.70e-10	60.1	36
6J5T_M	pdb|4D28|B	28.481	158	426	446	1.70e-10	60.1	36
6J5T_M	pdb|4D28|A	28.481	158	426	446	1.70e-10	60.1	36
6J5T_M	pdb|3UC3|A	30.189	106	426	361	7.07e-05	42.4	24
6J5T_M	pdb|3UC4|B	34.409	93	426	362	1.65e-04	41.2	21
6J5T_M	pdb|3UC4|A	34.409	93	426	362	1.65e-04	41.2	21
6J5T_M	pdb|3UJG|A	34.409	93	426	361	1.96e-04	40.8	21
6J5T_N	pdb|2QKW|B	29.167	288	351	321	1.99e-30	115	82
6J5T_N	pdb|3HGK|D	29.167	288	351	327	2.98e-30	115	82
6J5T_N	pdb|3HGK|C	29.167	288	351	327	2.98e-30	115	82
6J5T_N	pdb|3HGK|B	29.167	288	351	327	2.98e-30	115	82
6J5T_N	pdb|3HGK|A	29.167	288	351	327	2.98e-30	115	82
6J5T_N	pdb|4D28|D	24.757	206	351	446	1.44e-07	50.4	55
6J5T_N	pdb|4D28|C	24.757	206	351	446	1.44e-07	50.4	55
6J5T_N	pdb|4D28|B	24.757	206	351	446	1.44e-07	50.4	55
6J5T_N	pdb|4D28|A	24.757	206	351	446	1.44e-07	50.4	55
6J5T_N	pdb|4CZU|D	24.845	161	351	464	1.78e-06	47.0	44
6J5T_N	pdb|4CZU|C	24.845	161	351	464	1.78e-06	47.0	44
6J5T_N	pdb|4CZU|B	24.845	161	351	464	1.78e-06	47.0	44
6J5T_N	pdb|4CZU|A	24.845	161	351	464	1.78e-06	47.0	44
6J5T_N	pdb|4CZT|D	24.845	161	351	464	1.89e-06	47.0	44
6J5T_N	pdb|4CZT|C	24.845	161	351	464	1.89e-06	47.0	44
6J5T_N	pdb|4CZT|B	24.845	161	351	464	1.89e-06	47.0	44
6J5T_N	pdb|4CZT|A	24.845	161	351	464	1.89e-06	47.0	44
6J5T_O	pdb|9JBN|C	28.011	357	852	811	2.78e-26	113	41
6J5T_O	pdb|8ZWA|A	23.944	355	852	787	1.04e-21	98.6	41
6J5T_O	pdb|8ZW9|A	23.944	355	852	787	1.04e-21	98.6	41
6J5T_O	pdb|8YL6|C	23.566	645	852	809	1.04e-20	95.5	68
6J5T_O	pdb|8YL6|C	32.955	88	852	809	4.64e-05	44.7	68
6J5T_O	pdb|7JLV|G	21.438	765	852	1306	1.69e-14	75.5	79
6J5T_O	pdb|7JLV|D	21.438	765	852	1306	1.69e-14	75.5	79
6J5T_O	pdb|7JLV|B	21.438	765	852	1306	1.69e-14	75.5	79
6J5T_O	pdb|7JLV|A	21.438	765	852	1306	1.69e-14	75.5	79
6J5T_O	pdb|7JLX|D	21.438	765	852	1328	2.31e-14	75.1	79
6J5T_O	pdb|7JLX|C	21.438	765	852	1328	2.31e-14	75.1	79
6J5T_O	pdb|7JLX|B	21.438	765	852	1328	2.31e-14	75.1	79
6J5T_O	pdb|7JLX|A	21.438	765	852	1328	2.31e-14	75.1	79
6J5T_O	pdb|7JLU|A	21.438	765	852	1328	2.31e-14	75.1	79
6J5T_O	pdb|9R8W|D	24.585	301	852	1007	2.65e-08	55.5	57
6J5T_O	pdb|9R8W|D	26.761	213	852	1007	6.73e-04	40.8	57
6J5T_O	pdb|9R8W|C	24.585	301	852	1007	2.65e-08	55.5	57
6J5T_O	pdb|9R8W|C	26.761	213	852	1007	6.73e-04	40.8	57
6J5T_O	pdb|9R8W|B	24.585	301	852	1007	2.65e-08	55.5	57
6J5T_O	pdb|9R8W|B	26.761	213	852	1007	6.73e-04	40.8	57
6J5T_O	pdb|9R8W|A	24.585	301	852	1007	2.65e-08	55.5	57
6J5T_O	pdb|9R8W|A	26.761	213	852	1007	6.73e-04	40.8	57
6J5T_O	pdb|9QU9|D	24.585	301	852	1007	2.65e-08	55.5	57
6J5T_O	pdb|9QU9|D	26.761	213	852	1007	6.73e-04	40.8	57
6J5T_O	pdb|9QU9|C	24.585	301	852	1007	2.65e-08	55.5	57
6J5T_O	pdb|9QU9|C	26.761	213	852	1007	6.73e-04	40.8	57
6J5T_O	pdb|9QU9|B	24.585	301	852	1007	2.65e-08	55.5	57
6J5T_O	pdb|9QU9|B	26.761	213	852	1007	6.73e-04	40.8	57
6J5T_O	pdb|9QU9|A	24.585	301	852	1007	2.65e-08	55.5	57
6J5T_O	pdb|9QU9|A	26.761	213	852	1007	6.73e-04	40.8	57
6J5T_O	pdb|9QT4|D	24.585	301	852	1007	2.65e-08	55.5	57
6J5T_O	pdb|9QT4|D	26.761	213	852	1007	6.73e-04	40.8	57
6J5T_O	pdb|9QT4|C	24.585	301	852	1007	2.65e-08	55.5	57
6J5T_O	pdb|9QT4|C	26.761	213	852	1007	6.73e-04	40.8	57
6J5T_O	pdb|9QT4|B	24.585	301	852	1007	2.65e-08	55.5	57
6J5T_O	pdb|9QT4|B	26.761	213	852	1007	6.73e-04	40.8	57
6J5T_O	pdb|9QT4|A	24.585	301	852	1007	2.65e-08	55.5	57
6J5T_O	pdb|9QT4|A	26.761	213	852	1007	6.73e-04	40.8	57
6J5T_O	pdb|9QLV|D	24.585	301	852	1007	2.65e-08	55.5	57
6J5T_O	pdb|9QLV|D	26.761	213	852	1007	6.73e-04	40.8	57
6J5T_O	pdb|9QLV|C	24.585	301	852	1007	2.65e-08	55.5	57
6J5T_O	pdb|9QLV|C	26.761	213	852	1007	6.73e-04	40.8	57
6J5T_O	pdb|9QLV|B	24.585	301	852	1007	2.65e-08	55.5	57
6J5T_O	pdb|9QLV|B	26.761	213	852	1007	6.73e-04	40.8	57
6J5T_O	pdb|9QLV|A	24.585	301	852	1007	2.65e-08	55.5	57
6J5T_O	pdb|9QLV|A	26.761	213	852	1007	6.73e-04	40.8	57
6J5T_O	pdb|8YN0|H	34.091	88	852	415	6.08e-04	40.8	10
6J5T_O	pdb|8YN0|D	34.091	88	852	415	6.08e-04	40.8	10
6J5T_O	pdb|8YL7|C	34.091	88	852	415	6.08e-04	40.8	10
6J5U_A	pdb|9JBN|C	28.011	357	852	811	2.78e-26	113	41
6J5U_A	pdb|8ZWA|A	23.944	355	852	787	1.04e-21	98.6	41
6J5U_A	pdb|8ZW9|A	23.944	355	852	787	1.04e-21	98.6	41
6J5U_A	pdb|8YL6|C	23.566	645	852	809	1.04e-20	95.5	68
6J5U_A	pdb|8YL6|C	32.955	88	852	809	4.64e-05	44.7	68
6J5U_A	pdb|7JLV|G	21.438	765	852	1306	1.69e-14	75.5	79
6J5U_A	pdb|7JLV|D	21.438	765	852	1306	1.69e-14	75.5	79
6J5U_A	pdb|7JLV|B	21.438	765	852	1306	1.69e-14	75.5	79
6J5U_A	pdb|7JLV|A	21.438	765	852	1306	1.69e-14	75.5	79
6J5U_A	pdb|7JLX|D	21.438	765	852	1328	2.31e-14	75.1	79
6J5U_A	pdb|7JLX|C	21.438	765	852	1328	2.31e-14	75.1	79
6J5U_A	pdb|7JLX|B	21.438	765	852	1328	2.31e-14	75.1	79
6J5U_A	pdb|7JLX|A	21.438	765	852	1328	2.31e-14	75.1	79
6J5U_A	pdb|7JLU|A	21.438	765	852	1328	2.31e-14	75.1	79
6J5U_A	pdb|9R8W|D	24.585	301	852	1007	2.65e-08	55.5	57
6J5U_A	pdb|9R8W|D	26.761	213	852	1007	6.73e-04	40.8	57
6J5U_A	pdb|9R8W|C	24.585	301	852	1007	2.65e-08	55.5	57
6J5U_A	pdb|9R8W|C	26.761	213	852	1007	6.73e-04	40.8	57
6J5U_A	pdb|9R8W|B	24.585	301	852	1007	2.65e-08	55.5	57
6J5U_A	pdb|9R8W|B	26.761	213	852	1007	6.73e-04	40.8	57
6J5U_A	pdb|9R8W|A	24.585	301	852	1007	2.65e-08	55.5	57
6J5U_A	pdb|9R8W|A	26.761	213	852	1007	6.73e-04	40.8	57
6J5U_A	pdb|9QU9|D	24.585	301	852	1007	2.65e-08	55.5	57
6J5U_A	pdb|9QU9|D	26.761	213	852	1007	6.73e-04	40.8	57
6J5U_A	pdb|9QU9|C	24.585	301	852	1007	2.65e-08	55.5	57
6J5U_A	pdb|9QU9|C	26.761	213	852	1007	6.73e-04	40.8	57
6J5U_A	pdb|9QU9|B	24.585	301	852	1007	2.65e-08	55.5	57
6J5U_A	pdb|9QU9|B	26.761	213	852	1007	6.73e-04	40.8	57
6J5U_A	pdb|9QU9|A	24.585	301	852	1007	2.65e-08	55.5	57
6J5U_A	pdb|9QU9|A	26.761	213	852	1007	6.73e-04	40.8	57
6J5U_A	pdb|9QT4|D	24.585	301	852	1007	2.65e-08	55.5	57
6J5U_A	pdb|9QT4|D	26.761	213	852	1007	6.73e-04	40.8	57
6J5U_A	pdb|9QT4|C	24.585	301	852	1007	2.65e-08	55.5	57
6J5U_A	pdb|9QT4|C	26.761	213	852	1007	6.73e-04	40.8	57
6J5U_A	pdb|9QT4|B	24.585	301	852	1007	2.65e-08	55.5	57
6J5U_A	pdb|9QT4|B	26.761	213	852	1007	6.73e-04	40.8	57
6J5U_A	pdb|9QT4|A	24.585	301	852	1007	2.65e-08	55.5	57
6J5U_A	pdb|9QT4|A	26.761	213	852	1007	6.73e-04	40.8	57
6J5U_A	pdb|9QLV|D	24.585	301	852	1007	2.65e-08	55.5	57
6J5U_A	pdb|9QLV|D	26.761	213	852	1007	6.73e-04	40.8	57
6J5U_A	pdb|9QLV|C	24.585	301	852	1007	2.65e-08	55.5	57
6J5U_A	pdb|9QLV|C	26.761	213	852	1007	6.73e-04	40.8	57
6J5U_A	pdb|9QLV|B	24.585	301	852	1007	2.65e-08	55.5	57
6J5U_A	pdb|9QLV|B	26.761	213	852	1007	6.73e-04	40.8	57
6J5U_A	pdb|9QLV|A	24.585	301	852	1007	2.65e-08	55.5	57
6J5U_A	pdb|9QLV|A	26.761	213	852	1007	6.73e-04	40.8	57
6J5U_A	pdb|8YN0|H	34.091	88	852	415	6.08e-04	40.8	10
6J5U_A	pdb|8YN0|D	34.091	88	852	415	6.08e-04	40.8	10
6J5U_A	pdb|8YL7|C	34.091	88	852	415	6.08e-04	40.8	10
6J5U_B	pdb|2QKW|B	29.167	288	351	321	1.99e-30	115	82
6J5U_B	pdb|3HGK|D	29.167	288	351	327	2.98e-30	115	82
6J5U_B	pdb|3HGK|C	29.167	288	351	327	2.98e-30	115	82
6J5U_B	pdb|3HGK|B	29.167	288	351	327	2.98e-30	115	82
6J5U_B	pdb|3HGK|A	29.167	288	351	327	2.98e-30	115	82
6J5U_B	pdb|4D28|D	24.757	206	351	446	1.44e-07	50.4	55
6J5U_B	pdb|4D28|C	24.757	206	351	446	1.44e-07	50.4	55
6J5U_B	pdb|4D28|B	24.757	206	351	446	1.44e-07	50.4	55
6J5U_B	pdb|4D28|A	24.757	206	351	446	1.44e-07	50.4	55
6J5U_B	pdb|4CZU|D	24.845	161	351	464	1.78e-06	47.0	44
6J5U_B	pdb|4CZU|C	24.845	161	351	464	1.78e-06	47.0	44
6J5U_B	pdb|4CZU|B	24.845	161	351	464	1.78e-06	47.0	44
6J5U_B	pdb|4CZU|A	24.845	161	351	464	1.78e-06	47.0	44
6J5U_B	pdb|4CZT|D	24.845	161	351	464	1.89e-06	47.0	44
6J5U_B	pdb|4CZT|C	24.845	161	351	464	1.89e-06	47.0	44
6J5U_B	pdb|4CZT|B	24.845	161	351	464	1.89e-06	47.0	44
6J5U_B	pdb|4CZT|A	24.845	161	351	464	1.89e-06	47.0	44
6J5U_C	pdb|2QKW|B	39.384	292	426	321	1.21e-58	192	68
6J5U_C	pdb|3HGK|D	39.041	292	426	327	4.04e-57	188	68
6J5U_C	pdb|3HGK|C	39.041	292	426	327	4.04e-57	188	68
6J5U_C	pdb|3HGK|B	39.041	292	426	327	4.04e-57	188	68
6J5U_C	pdb|3HGK|A	39.041	292	426	327	4.04e-57	188	68
6J5U_C	pdb|7W5C|A	29.327	208	426	355	9.83e-14	69.7	47
6J5U_C	pdb|6DTL|B	26.540	211	426	364	1.24e-12	66.2	47
6J5U_C	pdb|6DTL|A	26.540	211	426	364	1.24e-12	66.2	47
6J5U_C	pdb|5CI6|B	26.540	211	426	370	1.32e-12	66.2	47
6J5U_C	pdb|5CI6|A	26.540	211	426	370	1.32e-12	66.2	47
6J5U_C	pdb|4CZU|D	26.087	276	426	464	5.88e-11	61.6	64
6J5U_C	pdb|4CZU|C	26.087	276	426	464	5.88e-11	61.6	64
6J5U_C	pdb|4CZU|B	26.087	276	426	464	5.88e-11	61.6	64
6J5U_C	pdb|4CZU|A	26.087	276	426	464	5.88e-11	61.6	64
6J5U_C	pdb|4CZT|D	26.087	276	426	464	6.78e-11	61.6	64
6J5U_C	pdb|4CZT|C	26.087	276	426	464	6.78e-11	61.6	64
6J5U_C	pdb|4CZT|B	26.087	276	426	464	6.78e-11	61.6	64
6J5U_C	pdb|4CZT|A	26.087	276	426	464	6.78e-11	61.6	64
6J5U_C	pdb|4D28|D	28.481	158	426	446	1.70e-10	60.1	36
6J5U_C	pdb|4D28|C	28.481	158	426	446	1.70e-10	60.1	36
6J5U_C	pdb|4D28|B	28.481	158	426	446	1.70e-10	60.1	36
6J5U_C	pdb|4D28|A	28.481	158	426	446	1.70e-10	60.1	36
6J5U_C	pdb|3UC3|A	30.189	106	426	361	7.07e-05	42.4	24
6J5U_C	pdb|3UC4|B	34.409	93	426	362	1.65e-04	41.2	21
6J5U_C	pdb|3UC4|A	34.409	93	426	362	1.65e-04	41.2	21
6J5U_C	pdb|3UJG|A	34.409	93	426	361	1.96e-04	40.8	21
6J5V_A	pdb|9JBN|C	28.011	357	852	811	2.78e-26	113	41
6J5V_A	pdb|8ZWA|A	23.944	355	852	787	1.04e-21	98.6	41
6J5V_A	pdb|8ZW9|A	23.944	355	852	787	1.04e-21	98.6	41
6J5V_A	pdb|8YL6|C	23.566	645	852	809	1.04e-20	95.5	68
6J5V_A	pdb|8YL6|C	32.955	88	852	809	4.64e-05	44.7	68
6J5V_A	pdb|7JLV|G	21.438	765	852	1306	1.69e-14	75.5	79
6J5V_A	pdb|7JLV|D	21.438	765	852	1306	1.69e-14	75.5	79
6J5V_A	pdb|7JLV|B	21.438	765	852	1306	1.69e-14	75.5	79
6J5V_A	pdb|7JLV|A	21.438	765	852	1306	1.69e-14	75.5	79
6J5V_A	pdb|7JLX|D	21.438	765	852	1328	2.31e-14	75.1	79
6J5V_A	pdb|7JLX|C	21.438	765	852	1328	2.31e-14	75.1	79
6J5V_A	pdb|7JLX|B	21.438	765	852	1328	2.31e-14	75.1	79
6J5V_A	pdb|7JLX|A	21.438	765	852	1328	2.31e-14	75.1	79
6J5V_A	pdb|7JLU|A	21.438	765	852	1328	2.31e-14	75.1	79
6J5V_A	pdb|9R8W|D	24.585	301	852	1007	2.65e-08	55.5	57
6J5V_A	pdb|9R8W|D	26.761	213	852	1007	6.73e-04	40.8	57
6J5V_A	pdb|9R8W|C	24.585	301	852	1007	2.65e-08	55.5	57
6J5V_A	pdb|9R8W|C	26.761	213	852	1007	6.73e-04	40.8	57
6J5V_A	pdb|9R8W|B	24.585	301	852	1007	2.65e-08	55.5	57
6J5V_A	pdb|9R8W|B	26.761	213	852	1007	6.73e-04	40.8	57
6J5V_A	pdb|9R8W|A	24.585	301	852	1007	2.65e-08	55.5	57
6J5V_A	pdb|9R8W|A	26.761	213	852	1007	6.73e-04	40.8	57
6J5V_A	pdb|9QU9|D	24.585	301	852	1007	2.65e-08	55.5	57
6J5V_A	pdb|9QU9|D	26.761	213	852	1007	6.73e-04	40.8	57
6J5V_A	pdb|9QU9|C	24.585	301	852	1007	2.65e-08	55.5	57
6J5V_A	pdb|9QU9|C	26.761	213	852	1007	6.73e-04	40.8	57
6J5V_A	pdb|9QU9|B	24.585	301	852	1007	2.65e-08	55.5	57
6J5V_A	pdb|9QU9|B	26.761	213	852	1007	6.73e-04	40.8	57
6J5V_A	pdb|9QU9|A	24.585	301	852	1007	2.65e-08	55.5	57
6J5V_A	pdb|9QU9|A	26.761	213	852	1007	6.73e-04	40.8	57
6J5V_A	pdb|9QT4|D	24.585	301	852	1007	2.65e-08	55.5	57
6J5V_A	pdb|9QT4|D	26.761	213	852	1007	6.73e-04	40.8	57
6J5V_A	pdb|9QT4|C	24.585	301	852	1007	2.65e-08	55.5	57
6J5V_A	pdb|9QT4|C	26.761	213	852	1007	6.73e-04	40.8	57
6J5V_A	pdb|9QT4|B	24.585	301	852	1007	2.65e-08	55.5	57
6J5V_A	pdb|9QT4|B	26.761	213	852	1007	6.73e-04	40.8	57
6J5V_A	pdb|9QT4|A	24.585	301	852	1007	2.65e-08	55.5	57
6J5V_A	pdb|9QT4|A	26.761	213	852	1007	6.73e-04	40.8	57
6J5V_A	pdb|9QLV|D	24.585	301	852	1007	2.65e-08	55.5	57
6J5V_A	pdb|9QLV|D	26.761	213	852	1007	6.73e-04	40.8	57
6J5V_A	pdb|9QLV|C	24.585	301	852	1007	2.65e-08	55.5	57
6J5V_A	pdb|9QLV|C	26.761	213	852	1007	6.73e-04	40.8	57
6J5V_A	pdb|9QLV|B	24.585	301	852	1007	2.65e-08	55.5	57
6J5V_A	pdb|9QLV|B	26.761	213	852	1007	6.73e-04	40.8	57
6J5V_A	pdb|9QLV|A	24.585	301	852	1007	2.65e-08	55.5	57
6J5V_A	pdb|9QLV|A	26.761	213	852	1007	6.73e-04	40.8	57
6J5V_A	pdb|8YN0|H	34.091	88	852	415	6.08e-04	40.8	10
6J5V_A	pdb|8YN0|D	34.091	88	852	415	6.08e-04	40.8	10
6J5V_A	pdb|8YL7|C	34.091	88	852	415	6.08e-04	40.8	10
6J5V_B	pdb|2QKW|B	29.167	288	351	321	1.99e-30	115	82
6J5V_B	pdb|3HGK|D	29.167	288	351	327	2.98e-30	115	82
6J5V_B	pdb|3HGK|C	29.167	288	351	327	2.98e-30	115	82
6J5V_B	pdb|3HGK|B	29.167	288	351	327	2.98e-30	115	82
6J5V_B	pdb|3HGK|A	29.167	288	351	327	2.98e-30	115	82
6J5V_B	pdb|4D28|D	24.757	206	351	446	1.44e-07	50.4	55
6J5V_B	pdb|4D28|C	24.757	206	351	446	1.44e-07	50.4	55
6J5V_B	pdb|4D28|B	24.757	206	351	446	1.44e-07	50.4	55
6J5V_B	pdb|4D28|A	24.757	206	351	446	1.44e-07	50.4	55
6J5V_B	pdb|4CZU|D	24.845	161	351	464	1.78e-06	47.0	44
6J5V_B	pdb|4CZU|C	24.845	161	351	464	1.78e-06	47.0	44
6J5V_B	pdb|4CZU|B	24.845	161	351	464	1.78e-06	47.0	44
6J5V_B	pdb|4CZU|A	24.845	161	351	464	1.78e-06	47.0	44
6J5V_B	pdb|4CZT|D	24.845	161	351	464	1.89e-06	47.0	44
6J5V_B	pdb|4CZT|C	24.845	161	351	464	1.89e-06	47.0	44
6J5V_B	pdb|4CZT|B	24.845	161	351	464	1.89e-06	47.0	44
6J5V_B	pdb|4CZT|A	24.845	161	351	464	1.89e-06	47.0	44
6J5V_C	pdb|2QKW|B	39.384	292	426	321	1.21e-58	192	68
6J5V_C	pdb|3HGK|D	39.041	292	426	327	4.04e-57	188	68
6J5V_C	pdb|3HGK|C	39.041	292	426	327	4.04e-57	188	68
6J5V_C	pdb|3HGK|B	39.041	292	426	327	4.04e-57	188	68
6J5V_C	pdb|3HGK|A	39.041	292	426	327	4.04e-57	188	68
6J5V_C	pdb|7W5C|A	29.327	208	426	355	9.83e-14	69.7	47
6J5V_C	pdb|6DTL|B	26.540	211	426	364	1.24e-12	66.2	47
6J5V_C	pdb|6DTL|A	26.540	211	426	364	1.24e-12	66.2	47
6J5V_C	pdb|5CI6|B	26.540	211	426	370	1.32e-12	66.2	47
6J5V_C	pdb|5CI6|A	26.540	211	426	370	1.32e-12	66.2	47
6J5V_C	pdb|4CZU|D	26.087	276	426	464	5.88e-11	61.6	64
6J5V_C	pdb|4CZU|C	26.087	276	426	464	5.88e-11	61.6	64
6J5V_C	pdb|4CZU|B	26.087	276	426	464	5.88e-11	61.6	64
6J5V_C	pdb|4CZU|A	26.087	276	426	464	5.88e-11	61.6	64
6J5V_C	pdb|4CZT|D	26.087	276	426	464	6.78e-11	61.6	64
6J5V_C	pdb|4CZT|C	26.087	276	426	464	6.78e-11	61.6	64
6J5V_C	pdb|4CZT|B	26.087	276	426	464	6.78e-11	61.6	64
6J5V_C	pdb|4CZT|A	26.087	276	426	464	6.78e-11	61.6	64
6J5V_C	pdb|4D28|D	28.481	158	426	446	1.70e-10	60.1	36
6J5V_C	pdb|4D28|C	28.481	158	426	446	1.70e-10	60.1	36
6J5V_C	pdb|4D28|B	28.481	158	426	446	1.70e-10	60.1	36
6J5V_C	pdb|4D28|A	28.481	158	426	446	1.70e-10	60.1	36
6J5V_C	pdb|3UC3|A	30.189	106	426	361	7.07e-05	42.4	24
6J5V_C	pdb|3UC4|B	34.409	93	426	362	1.65e-04	41.2	21
6J5V_C	pdb|3UC4|A	34.409	93	426	362	1.65e-04	41.2	21
6J5V_C	pdb|3UJG|A	34.409	93	426	361	1.96e-04	40.8	21
6J5W_A	pdb|9JBN|C	28.011	357	852	811	2.78e-26	113	41
6J5W_A	pdb|8ZWA|A	23.944	355	852	787	1.04e-21	98.6	41
6J5W_A	pdb|8ZW9|A	23.944	355	852	787	1.04e-21	98.6	41
6J5W_A	pdb|8YL6|C	23.566	645	852	809	1.04e-20	95.5	68
6J5W_A	pdb|8YL6|C	32.955	88	852	809	4.64e-05	44.7	68
6J5W_A	pdb|7JLV|G	21.438	765	852	1306	1.69e-14	75.5	79
6J5W_A	pdb|7JLV|D	21.438	765	852	1306	1.69e-14	75.5	79
6J5W_A	pdb|7JLV|B	21.438	765	852	1306	1.69e-14	75.5	79
6J5W_A	pdb|7JLV|A	21.438	765	852	1306	1.69e-14	75.5	79
6J5W_A	pdb|7JLX|D	21.438	765	852	1328	2.31e-14	75.1	79
6J5W_A	pdb|7JLX|C	21.438	765	852	1328	2.31e-14	75.1	79
6J5W_A	pdb|7JLX|B	21.438	765	852	1328	2.31e-14	75.1	79
6J5W_A	pdb|7JLX|A	21.438	765	852	1328	2.31e-14	75.1	79
6J5W_A	pdb|7JLU|A	21.438	765	852	1328	2.31e-14	75.1	79
6J5W_A	pdb|9R8W|D	24.585	301	852	1007	2.65e-08	55.5	57
6J5W_A	pdb|9R8W|D	26.761	213	852	1007	6.73e-04	40.8	57
6J5W_A	pdb|9R8W|C	24.585	301	852	1007	2.65e-08	55.5	57
6J5W_A	pdb|9R8W|C	26.761	213	852	1007	6.73e-04	40.8	57
6J5W_A	pdb|9R8W|B	24.585	301	852	1007	2.65e-08	55.5	57
6J5W_A	pdb|9R8W|B	26.761	213	852	1007	6.73e-04	40.8	57
6J5W_A	pdb|9R8W|A	24.585	301	852	1007	2.65e-08	55.5	57
6J5W_A	pdb|9R8W|A	26.761	213	852	1007	6.73e-04	40.8	57
6J5W_A	pdb|9QU9|D	24.585	301	852	1007	2.65e-08	55.5	57
6J5W_A	pdb|9QU9|D	26.761	213	852	1007	6.73e-04	40.8	57
6J5W_A	pdb|9QU9|C	24.585	301	852	1007	2.65e-08	55.5	57
6J5W_A	pdb|9QU9|C	26.761	213	852	1007	6.73e-04	40.8	57
6J5W_A	pdb|9QU9|B	24.585	301	852	1007	2.65e-08	55.5	57
6J5W_A	pdb|9QU9|B	26.761	213	852	1007	6.73e-04	40.8	57
6J5W_A	pdb|9QU9|A	24.585	301	852	1007	2.65e-08	55.5	57
6J5W_A	pdb|9QU9|A	26.761	213	852	1007	6.73e-04	40.8	57
6J5W_A	pdb|9QT4|D	24.585	301	852	1007	2.65e-08	55.5	57
6J5W_A	pdb|9QT4|D	26.761	213	852	1007	6.73e-04	40.8	57
6J5W_A	pdb|9QT4|C	24.585	301	852	1007	2.65e-08	55.5	57
6J5W_A	pdb|9QT4|C	26.761	213	852	1007	6.73e-04	40.8	57
6J5W_A	pdb|9QT4|B	24.585	301	852	1007	2.65e-08	55.5	57
6J5W_A	pdb|9QT4|B	26.761	213	852	1007	6.73e-04	40.8	57
6J5W_A	pdb|9QT4|A	24.585	301	852	1007	2.65e-08	55.5	57
6J5W_A	pdb|9QT4|A	26.761	213	852	1007	6.73e-04	40.8	57
6J5W_A	pdb|9QLV|D	24.585	301	852	1007	2.65e-08	55.5	57
6J5W_A	pdb|9QLV|D	26.761	213	852	1007	6.73e-04	40.8	57
6J5W_A	pdb|9QLV|C	24.585	301	852	1007	2.65e-08	55.5	57
6J5W_A	pdb|9QLV|C	26.761	213	852	1007	6.73e-04	40.8	57
6J5W_A	pdb|9QLV|B	24.585	301	852	1007	2.65e-08	55.5	57
6J5W_A	pdb|9QLV|B	26.761	213	852	1007	6.73e-04	40.8	57
6J5W_A	pdb|9QLV|A	24.585	301	852	1007	2.65e-08	55.5	57
6J5W_A	pdb|9QLV|A	26.761	213	852	1007	6.73e-04	40.8	57
6J5W_A	pdb|8YN0|H	34.091	88	852	415	6.08e-04	40.8	10
6J5W_A	pdb|8YN0|D	34.091	88	852	415	6.08e-04	40.8	10
6J5W_A	pdb|8YL7|C	34.091	88	852	415	6.08e-04	40.8	10
6J5W_B	pdb|2QKW|B	29.167	288	351	321	1.99e-30	115	82
6J5W_B	pdb|3HGK|D	29.167	288	351	327	2.98e-30	115	82
6J5W_B	pdb|3HGK|C	29.167	288	351	327	2.98e-30	115	82
6J5W_B	pdb|3HGK|B	29.167	288	351	327	2.98e-30	115	82
6J5W_B	pdb|3HGK|A	29.167	288	351	327	2.98e-30	115	82
6J5W_B	pdb|4D28|D	24.757	206	351	446	1.44e-07	50.4	55
6J5W_B	pdb|4D28|C	24.757	206	351	446	1.44e-07	50.4	55
6J5W_B	pdb|4D28|B	24.757	206	351	446	1.44e-07	50.4	55
6J5W_B	pdb|4D28|A	24.757	206	351	446	1.44e-07	50.4	55
6J5W_B	pdb|4CZU|D	24.845	161	351	464	1.78e-06	47.0	44
6J5W_B	pdb|4CZU|C	24.845	161	351	464	1.78e-06	47.0	44
6J5W_B	pdb|4CZU|B	24.845	161	351	464	1.78e-06	47.0	44
6J5W_B	pdb|4CZU|A	24.845	161	351	464	1.78e-06	47.0	44
6J5W_B	pdb|4CZT|D	24.845	161	351	464	1.89e-06	47.0	44
6J5W_B	pdb|4CZT|C	24.845	161	351	464	1.89e-06	47.0	44
6J5W_B	pdb|4CZT|B	24.845	161	351	464	1.89e-06	47.0	44
6J5W_B	pdb|4CZT|A	24.845	161	351	464	1.89e-06	47.0	44
6J6I_A	pdb|2QKW|B	39.384	292	426	321	1.21e-58	192	68
6J6I_A	pdb|3HGK|D	39.041	292	426	327	4.04e-57	188	68
6J6I_A	pdb|3HGK|C	39.041	292	426	327	4.04e-57	188	68
6J6I_A	pdb|3HGK|B	39.041	292	426	327	4.04e-57	188	68
6J6I_A	pdb|3HGK|A	39.041	292	426	327	4.04e-57	188	68
6J6I_A	pdb|7W5C|A	29.327	208	426	355	9.83e-14	69.7	47
6J6I_A	pdb|6DTL|B	26.540	211	426	364	1.24e-12	66.2	47
6J6I_A	pdb|6DTL|A	26.540	211	426	364	1.24e-12	66.2	47
6J6I_A	pdb|5CI6|B	26.540	211	426	370	1.32e-12	66.2	47
6J6I_A	pdb|5CI6|A	26.540	211	426	370	1.32e-12	66.2	47
6J6I_A	pdb|4CZU|D	26.087	276	426	464	5.88e-11	61.6	64
6J6I_A	pdb|4CZU|C	26.087	276	426	464	5.88e-11	61.6	64
6J6I_A	pdb|4CZU|B	26.087	276	426	464	5.88e-11	61.6	64
6J6I_A	pdb|4CZU|A	26.087	276	426	464	5.88e-11	61.6	64
6J6I_A	pdb|4CZT|D	26.087	276	426	464	6.78e-11	61.6	64
6J6I_A	pdb|4CZT|C	26.087	276	426	464	6.78e-11	61.6	64
6J6I_A	pdb|4CZT|B	26.087	276	426	464	6.78e-11	61.6	64
6J6I_A	pdb|4CZT|A	26.087	276	426	464	6.78e-11	61.6	64
6J6I_A	pdb|4D28|D	28.481	158	426	446	1.70e-10	60.1	36
6J6I_A	pdb|4D28|C	28.481	158	426	446	1.70e-10	60.1	36
6J6I_A	pdb|4D28|B	28.481	158	426	446	1.70e-10	60.1	36
6J6I_A	pdb|4D28|A	28.481	158	426	446	1.70e-10	60.1	36
6J6I_A	pdb|3UC3|A	30.189	106	426	361	7.07e-05	42.4	24
6J6I_A	pdb|3UC4|B	34.409	93	426	362	1.65e-04	41.2	21
6J6I_A	pdb|3UC4|A	34.409	93	426	362	1.65e-04	41.2	21
6J6I_A	pdb|3UJG|A	34.409	93	426	361	1.96e-04	40.8	21
6J6I_B	pdb|2QKW|B	29.167	288	351	321	1.99e-30	115	82
6J6I_B	pdb|3HGK|D	29.167	288	351	327	2.98e-30	115	82
6J6I_B	pdb|3HGK|C	29.167	288	351	327	2.98e-30	115	82
6J6I_B	pdb|3HGK|B	29.167	288	351	327	2.98e-30	115	82
6J6I_B	pdb|3HGK|A	29.167	288	351	327	2.98e-30	115	82
6J6I_B	pdb|4D28|D	24.757	206	351	446	1.44e-07	50.4	55
6J6I_B	pdb|4D28|C	24.757	206	351	446	1.44e-07	50.4	55
6J6I_B	pdb|4D28|B	24.757	206	351	446	1.44e-07	50.4	55
6J6I_B	pdb|4D28|A	24.757	206	351	446	1.44e-07	50.4	55
6J6I_B	pdb|4CZU|D	24.845	161	351	464	1.78e-06	47.0	44
6J6I_B	pdb|4CZU|C	24.845	161	351	464	1.78e-06	47.0	44
6J6I_B	pdb|4CZU|B	24.845	161	351	464	1.78e-06	47.0	44
6J6I_B	pdb|4CZU|A	24.845	161	351	464	1.78e-06	47.0	44
6J6I_B	pdb|4CZT|D	24.845	161	351	464	1.89e-06	47.0	44
6J6I_B	pdb|4CZT|C	24.845	161	351	464	1.89e-06	47.0	44
6J6I_B	pdb|4CZT|B	24.845	161	351	464	1.89e-06	47.0	44
6J6I_B	pdb|4CZT|A	24.845	161	351	464	1.89e-06	47.0	44
6J6I_C	pdb|9JBN|C	28.011	357	852	811	2.78e-26	113	41
6J6I_C	pdb|8ZWA|A	23.944	355	852	787	1.04e-21	98.6	41
6J6I_C	pdb|8ZW9|A	23.944	355	852	787	1.04e-21	98.6	41
6J6I_C	pdb|8YL6|C	23.566	645	852	809	1.04e-20	95.5	68
6J6I_C	pdb|8YL6|C	32.955	88	852	809	4.64e-05	44.7	68
6J6I_C	pdb|7JLV|G	21.438	765	852	1306	1.69e-14	75.5	79
6J6I_C	pdb|7JLV|D	21.438	765	852	1306	1.69e-14	75.5	79
6J6I_C	pdb|7JLV|B	21.438	765	852	1306	1.69e-14	75.5	79
6J6I_C	pdb|7JLV|A	21.438	765	852	1306	1.69e-14	75.5	79
6J6I_C	pdb|7JLX|D	21.438	765	852	1328	2.31e-14	75.1	79
6J6I_C	pdb|7JLX|C	21.438	765	852	1328	2.31e-14	75.1	79
6J6I_C	pdb|7JLX|B	21.438	765	852	1328	2.31e-14	75.1	79
6J6I_C	pdb|7JLX|A	21.438	765	852	1328	2.31e-14	75.1	79
6J6I_C	pdb|7JLU|A	21.438	765	852	1328	2.31e-14	75.1	79
6J6I_C	pdb|9R8W|D	24.585	301	852	1007	2.65e-08	55.5	57
6J6I_C	pdb|9R8W|D	26.761	213	852	1007	6.73e-04	40.8	57
6J6I_C	pdb|9R8W|C	24.585	301	852	1007	2.65e-08	55.5	57
6J6I_C	pdb|9R8W|C	26.761	213	852	1007	6.73e-04	40.8	57
6J6I_C	pdb|9R8W|B	24.585	301	852	1007	2.65e-08	55.5	57
6J6I_C	pdb|9R8W|B	26.761	213	852	1007	6.73e-04	40.8	57
6J6I_C	pdb|9R8W|A	24.585	301	852	1007	2.65e-08	55.5	57
6J6I_C	pdb|9R8W|A	26.761	213	852	1007	6.73e-04	40.8	57
6J6I_C	pdb|9QU9|D	24.585	301	852	1007	2.65e-08	55.5	57
6J6I_C	pdb|9QU9|D	26.761	213	852	1007	6.73e-04	40.8	57
6J6I_C	pdb|9QU9|C	24.585	301	852	1007	2.65e-08	55.5	57
6J6I_C	pdb|9QU9|C	26.761	213	852	1007	6.73e-04	40.8	57
6J6I_C	pdb|9QU9|B	24.585	301	852	1007	2.65e-08	55.5	57
6J6I_C	pdb|9QU9|B	26.761	213	852	1007	6.73e-04	40.8	57
6J6I_C	pdb|9QU9|A	24.585	301	852	1007	2.65e-08	55.5	57
6J6I_C	pdb|9QU9|A	26.761	213	852	1007	6.73e-04	40.8	57
6J6I_C	pdb|9QT4|D	24.585	301	852	1007	2.65e-08	55.5	57
6J6I_C	pdb|9QT4|D	26.761	213	852	1007	6.73e-04	40.8	57
6J6I_C	pdb|9QT4|C	24.585	301	852	1007	2.65e-08	55.5	57
6J6I_C	pdb|9QT4|C	26.761	213	852	1007	6.73e-04	40.8	57
6J6I_C	pdb|9QT4|B	24.585	301	852	1007	2.65e-08	55.5	57
6J6I_C	pdb|9QT4|B	26.761	213	852	1007	6.73e-04	40.8	57
6J6I_C	pdb|9QT4|A	24.585	301	852	1007	2.65e-08	55.5	57
6J6I_C	pdb|9QT4|A	26.761	213	852	1007	6.73e-04	40.8	57
6J6I_C	pdb|9QLV|D	24.585	301	852	1007	2.65e-08	55.5	57
6J6I_C	pdb|9QLV|D	26.761	213	852	1007	6.73e-04	40.8	57
6J6I_C	pdb|9QLV|C	24.585	301	852	1007	2.65e-08	55.5	57
6J6I_C	pdb|9QLV|C	26.761	213	852	1007	6.73e-04	40.8	57
6J6I_C	pdb|9QLV|B	24.585	301	852	1007	2.65e-08	55.5	57
6J6I_C	pdb|9QLV|B	26.761	213	852	1007	6.73e-04	40.8	57
6J6I_C	pdb|9QLV|A	24.585	301	852	1007	2.65e-08	55.5	57
6J6I_C	pdb|9QLV|A	26.761	213	852	1007	6.73e-04	40.8	57
6J6I_C	pdb|8YN0|H	34.091	88	852	415	6.08e-04	40.8	10
6J6I_C	pdb|8YN0|D	34.091	88	852	415	6.08e-04	40.8	10
6J6I_C	pdb|8YL7|C	34.091	88	852	415	6.08e-04	40.8	10
6J6I_F	pdb|9JBN|C	28.011	357	852	811	2.78e-26	113	41
6J6I_F	pdb|8ZWA|A	23.944	355	852	787	1.04e-21	98.6	41
6J6I_F	pdb|8ZW9|A	23.944	355	852	787	1.04e-21	98.6	41
6J6I_F	pdb|8YL6|C	23.566	645	852	809	1.04e-20	95.5	68
6J6I_F	pdb|8YL6|C	32.955	88	852	809	4.64e-05	44.7	68
6J6I_F	pdb|7JLV|G	21.438	765	852	1306	1.69e-14	75.5	79
6J6I_F	pdb|7JLV|D	21.438	765	852	1306	1.69e-14	75.5	79
6J6I_F	pdb|7JLV|B	21.438	765	852	1306	1.69e-14	75.5	79
6J6I_F	pdb|7JLV|A	21.438	765	852	1306	1.69e-14	75.5	79
6J6I_F	pdb|7JLX|D	21.438	765	852	1328	2.31e-14	75.1	79
6J6I_F	pdb|7JLX|C	21.438	765	852	1328	2.31e-14	75.1	79
6J6I_F	pdb|7JLX|B	21.438	765	852	1328	2.31e-14	75.1	79
6J6I_F	pdb|7JLX|A	21.438	765	852	1328	2.31e-14	75.1	79
6J6I_F	pdb|7JLU|A	21.438	765	852	1328	2.31e-14	75.1	79
6J6I_F	pdb|9R8W|D	24.585	301	852	1007	2.65e-08	55.5	57
6J6I_F	pdb|9R8W|D	26.761	213	852	1007	6.73e-04	40.8	57
6J6I_F	pdb|9R8W|C	24.585	301	852	1007	2.65e-08	55.5	57
6J6I_F	pdb|9R8W|C	26.761	213	852	1007	6.73e-04	40.8	57
6J6I_F	pdb|9R8W|B	24.585	301	852	1007	2.65e-08	55.5	57
6J6I_F	pdb|9R8W|B	26.761	213	852	1007	6.73e-04	40.8	57
6J6I_F	pdb|9R8W|A	24.585	301	852	1007	2.65e-08	55.5	57
6J6I_F	pdb|9R8W|A	26.761	213	852	1007	6.73e-04	40.8	57
6J6I_F	pdb|9QU9|D	24.585	301	852	1007	2.65e-08	55.5	57
6J6I_F	pdb|9QU9|D	26.761	213	852	1007	6.73e-04	40.8	57
6J6I_F	pdb|9QU9|C	24.585	301	852	1007	2.65e-08	55.5	57
6J6I_F	pdb|9QU9|C	26.761	213	852	1007	6.73e-04	40.8	57
6J6I_F	pdb|9QU9|B	24.585	301	852	1007	2.65e-08	55.5	57
6J6I_F	pdb|9QU9|B	26.761	213	852	1007	6.73e-04	40.8	57
6J6I_F	pdb|9QU9|A	24.585	301	852	1007	2.65e-08	55.5	57
6J6I_F	pdb|9QU9|A	26.761	213	852	1007	6.73e-04	40.8	57
6J6I_F	pdb|9QT4|D	24.585	301	852	1007	2.65e-08	55.5	57
6J6I_F	pdb|9QT4|D	26.761	213	852	1007	6.73e-04	40.8	57
6J6I_F	pdb|9QT4|C	24.585	301	852	1007	2.65e-08	55.5	57
6J6I_F	pdb|9QT4|C	26.761	213	852	1007	6.73e-04	40.8	57
6J6I_F	pdb|9QT4|B	24.585	301	852	1007	2.65e-08	55.5	57
6J6I_F	pdb|9QT4|B	26.761	213	852	1007	6.73e-04	40.8	57
6J6I_F	pdb|9QT4|A	24.585	301	852	1007	2.65e-08	55.5	57
6J6I_F	pdb|9QT4|A	26.761	213	852	1007	6.73e-04	40.8	57
6J6I_F	pdb|9QLV|D	24.585	301	852	1007	2.65e-08	55.5	57
6J6I_F	pdb|9QLV|D	26.761	213	852	1007	6.73e-04	40.8	57
6J6I_F	pdb|9QLV|C	24.585	301	852	1007	2.65e-08	55.5	57
6J6I_F	pdb|9QLV|C	26.761	213	852	1007	6.73e-04	40.8	57
6J6I_F	pdb|9QLV|B	24.585	301	852	1007	2.65e-08	55.5	57
6J6I_F	pdb|9QLV|B	26.761	213	852	1007	6.73e-04	40.8	57
6J6I_F	pdb|9QLV|A	24.585	301	852	1007	2.65e-08	55.5	57
6J6I_F	pdb|9QLV|A	26.761	213	852	1007	6.73e-04	40.8	57
6J6I_F	pdb|8YN0|H	34.091	88	852	415	6.08e-04	40.8	10
6J6I_F	pdb|8YN0|D	34.091	88	852	415	6.08e-04	40.8	10
6J6I_F	pdb|8YL7|C	34.091	88	852	415	6.08e-04	40.8	10
6J6I_G	pdb|9JBN|C	28.011	357	852	811	2.78e-26	113	41
6J6I_G	pdb|8ZWA|A	23.944	355	852	787	1.04e-21	98.6	41
6J6I_G	pdb|8ZW9|A	23.944	355	852	787	1.04e-21	98.6	41
6J6I_G	pdb|8YL6|C	23.566	645	852	809	1.04e-20	95.5	68
6J6I_G	pdb|8YL6|C	32.955	88	852	809	4.64e-05	44.7	68
6J6I_G	pdb|7JLV|G	21.438	765	852	1306	1.69e-14	75.5	79
6J6I_G	pdb|7JLV|D	21.438	765	852	1306	1.69e-14	75.5	79
6J6I_G	pdb|7JLV|B	21.438	765	852	1306	1.69e-14	75.5	79
6J6I_G	pdb|7JLV|A	21.438	765	852	1306	1.69e-14	75.5	79
6J6I_G	pdb|7JLX|D	21.438	765	852	1328	2.31e-14	75.1	79
6J6I_G	pdb|7JLX|C	21.438	765	852	1328	2.31e-14	75.1	79
6J6I_G	pdb|7JLX|B	21.438	765	852	1328	2.31e-14	75.1	79
6J6I_G	pdb|7JLX|A	21.438	765	852	1328	2.31e-14	75.1	79
6J6I_G	pdb|7JLU|A	21.438	765	852	1328	2.31e-14	75.1	79
6J6I_G	pdb|9R8W|D	24.585	301	852	1007	2.65e-08	55.5	57
6J6I_G	pdb|9R8W|D	26.761	213	852	1007	6.73e-04	40.8	57
6J6I_G	pdb|9R8W|C	24.585	301	852	1007	2.65e-08	55.5	57
6J6I_G	pdb|9R8W|C	26.761	213	852	1007	6.73e-04	40.8	57
6J6I_G	pdb|9R8W|B	24.585	301	852	1007	2.65e-08	55.5	57
6J6I_G	pdb|9R8W|B	26.761	213	852	1007	6.73e-04	40.8	57
6J6I_G	pdb|9R8W|A	24.585	301	852	1007	2.65e-08	55.5	57
6J6I_G	pdb|9R8W|A	26.761	213	852	1007	6.73e-04	40.8	57
6J6I_G	pdb|9QU9|D	24.585	301	852	1007	2.65e-08	55.5	57
6J6I_G	pdb|9QU9|D	26.761	213	852	1007	6.73e-04	40.8	57
6J6I_G	pdb|9QU9|C	24.585	301	852	1007	2.65e-08	55.5	57
6J6I_G	pdb|9QU9|C	26.761	213	852	1007	6.73e-04	40.8	57
6J6I_G	pdb|9QU9|B	24.585	301	852	1007	2.65e-08	55.5	57
6J6I_G	pdb|9QU9|B	26.761	213	852	1007	6.73e-04	40.8	57
6J6I_G	pdb|9QU9|A	24.585	301	852	1007	2.65e-08	55.5	57
6J6I_G	pdb|9QU9|A	26.761	213	852	1007	6.73e-04	40.8	57
6J6I_G	pdb|9QT4|D	24.585	301	852	1007	2.65e-08	55.5	57
6J6I_G	pdb|9QT4|D	26.761	213	852	1007	6.73e-04	40.8	57
6J6I_G	pdb|9QT4|C	24.585	301	852	1007	2.65e-08	55.5	57
6J6I_G	pdb|9QT4|C	26.761	213	852	1007	6.73e-04	40.8	57
6J6I_G	pdb|9QT4|B	24.585	301	852	1007	2.65e-08	55.5	57
6J6I_G	pdb|9QT4|B	26.761	213	852	1007	6.73e-04	40.8	57
6J6I_G	pdb|9QT4|A	24.585	301	852	1007	2.65e-08	55.5	57
6J6I_G	pdb|9QT4|A	26.761	213	852	1007	6.73e-04	40.8	57
6J6I_G	pdb|9QLV|D	24.585	301	852	1007	2.65e-08	55.5	57
6J6I_G	pdb|9QLV|D	26.761	213	852	1007	6.73e-04	40.8	57
6J6I_G	pdb|9QLV|C	24.585	301	852	1007	2.65e-08	55.5	57
6J6I_G	pdb|9QLV|C	26.761	213	852	1007	6.73e-04	40.8	57
6J6I_G	pdb|9QLV|B	24.585	301	852	1007	2.65e-08	55.5	57
6J6I_G	pdb|9QLV|B	26.761	213	852	1007	6.73e-04	40.8	57
6J6I_G	pdb|9QLV|A	24.585	301	852	1007	2.65e-08	55.5	57
6J6I_G	pdb|9QLV|A	26.761	213	852	1007	6.73e-04	40.8	57
6J6I_G	pdb|8YN0|H	34.091	88	852	415	6.08e-04	40.8	10
6J6I_G	pdb|8YN0|D	34.091	88	852	415	6.08e-04	40.8	10
6J6I_G	pdb|8YL7|C	34.091	88	852	415	6.08e-04	40.8	10
6J6I_L	pdb|9JBN|C	28.011	357	852	811	2.78e-26	113	41
6J6I_L	pdb|8ZWA|A	23.944	355	852	787	1.04e-21	98.6	41
6J6I_L	pdb|8ZW9|A	23.944	355	852	787	1.04e-21	98.6	41
6J6I_L	pdb|8YL6|C	23.566	645	852	809	1.04e-20	95.5	68
6J6I_L	pdb|8YL6|C	32.955	88	852	809	4.64e-05	44.7	68
6J6I_L	pdb|7JLV|G	21.438	765	852	1306	1.69e-14	75.5	79
6J6I_L	pdb|7JLV|D	21.438	765	852	1306	1.69e-14	75.5	79
6J6I_L	pdb|7JLV|B	21.438	765	852	1306	1.69e-14	75.5	79
6J6I_L	pdb|7JLV|A	21.438	765	852	1306	1.69e-14	75.5	79
6J6I_L	pdb|7JLX|D	21.438	765	852	1328	2.31e-14	75.1	79
6J6I_L	pdb|7JLX|C	21.438	765	852	1328	2.31e-14	75.1	79
6J6I_L	pdb|7JLX|B	21.438	765	852	1328	2.31e-14	75.1	79
6J6I_L	pdb|7JLX|A	21.438	765	852	1328	2.31e-14	75.1	79
6J6I_L	pdb|7JLU|A	21.438	765	852	1328	2.31e-14	75.1	79
6J6I_L	pdb|9R8W|D	24.585	301	852	1007	2.65e-08	55.5	57
6J6I_L	pdb|9R8W|D	26.761	213	852	1007	6.73e-04	40.8	57
6J6I_L	pdb|9R8W|C	24.585	301	852	1007	2.65e-08	55.5	57
6J6I_L	pdb|9R8W|C	26.761	213	852	1007	6.73e-04	40.8	57
6J6I_L	pdb|9R8W|B	24.585	301	852	1007	2.65e-08	55.5	57
6J6I_L	pdb|9R8W|B	26.761	213	852	1007	6.73e-04	40.8	57
6J6I_L	pdb|9R8W|A	24.585	301	852	1007	2.65e-08	55.5	57
6J6I_L	pdb|9R8W|A	26.761	213	852	1007	6.73e-04	40.8	57
6J6I_L	pdb|9QU9|D	24.585	301	852	1007	2.65e-08	55.5	57
6J6I_L	pdb|9QU9|D	26.761	213	852	1007	6.73e-04	40.8	57
6J6I_L	pdb|9QU9|C	24.585	301	852	1007	2.65e-08	55.5	57
6J6I_L	pdb|9QU9|C	26.761	213	852	1007	6.73e-04	40.8	57
6J6I_L	pdb|9QU9|B	24.585	301	852	1007	2.65e-08	55.5	57
6J6I_L	pdb|9QU9|B	26.761	213	852	1007	6.73e-04	40.8	57
6J6I_L	pdb|9QU9|A	24.585	301	852	1007	2.65e-08	55.5	57
6J6I_L	pdb|9QU9|A	26.761	213	852	1007	6.73e-04	40.8	57
6J6I_L	pdb|9QT4|D	24.585	301	852	1007	2.65e-08	55.5	57
6J6I_L	pdb|9QT4|D	26.761	213	852	1007	6.73e-04	40.8	57
6J6I_L	pdb|9QT4|C	24.585	301	852	1007	2.65e-08	55.5	57
6J6I_L	pdb|9QT4|C	26.761	213	852	1007	6.73e-04	40.8	57
6J6I_L	pdb|9QT4|B	24.585	301	852	1007	2.65e-08	55.5	57
6J6I_L	pdb|9QT4|B	26.761	213	852	1007	6.73e-04	40.8	57
6J6I_L	pdb|9QT4|A	24.585	301	852	1007	2.65e-08	55.5	57
6J6I_L	pdb|9QT4|A	26.761	213	852	1007	6.73e-04	40.8	57
6J6I_L	pdb|9QLV|D	24.585	301	852	1007	2.65e-08	55.5	57
6J6I_L	pdb|9QLV|D	26.761	213	852	1007	6.73e-04	40.8	57
6J6I_L	pdb|9QLV|C	24.585	301	852	1007	2.65e-08	55.5	57
6J6I_L	pdb|9QLV|C	26.761	213	852	1007	6.73e-04	40.8	57
6J6I_L	pdb|9QLV|B	24.585	301	852	1007	2.65e-08	55.5	57
6J6I_L	pdb|9QLV|B	26.761	213	852	1007	6.73e-04	40.8	57
6J6I_L	pdb|9QLV|A	24.585	301	852	1007	2.65e-08	55.5	57
6J6I_L	pdb|9QLV|A	26.761	213	852	1007	6.73e-04	40.8	57
6J6I_L	pdb|8YN0|H	34.091	88	852	415	6.08e-04	40.8	10
6J6I_L	pdb|8YN0|D	34.091	88	852	415	6.08e-04	40.8	10
6J6I_L	pdb|8YL7|C	34.091	88	852	415	6.08e-04	40.8	10
6J6I_O	pdb|9JBN|C	28.011	357	852	811	2.78e-26	113	41
6J6I_O	pdb|8ZWA|A	23.944	355	852	787	1.04e-21	98.6	41
6J6I_O	pdb|8ZW9|A	23.944	355	852	787	1.04e-21	98.6	41
6J6I_O	pdb|8YL6|C	23.566	645	852	809	1.04e-20	95.5	68
6J6I_O	pdb|8YL6|C	32.955	88	852	809	4.64e-05	44.7	68
6J6I_O	pdb|7JLV|G	21.438	765	852	1306	1.69e-14	75.5	79
6J6I_O	pdb|7JLV|D	21.438	765	852	1306	1.69e-14	75.5	79
6J6I_O	pdb|7JLV|B	21.438	765	852	1306	1.69e-14	75.5	79
6J6I_O	pdb|7JLV|A	21.438	765	852	1306	1.69e-14	75.5	79
6J6I_O	pdb|7JLX|D	21.438	765	852	1328	2.31e-14	75.1	79
6J6I_O	pdb|7JLX|C	21.438	765	852	1328	2.31e-14	75.1	79
6J6I_O	pdb|7JLX|B	21.438	765	852	1328	2.31e-14	75.1	79
6J6I_O	pdb|7JLX|A	21.438	765	852	1328	2.31e-14	75.1	79
6J6I_O	pdb|7JLU|A	21.438	765	852	1328	2.31e-14	75.1	79
6J6I_O	pdb|9R8W|D	24.585	301	852	1007	2.65e-08	55.5	57
6J6I_O	pdb|9R8W|D	26.761	213	852	1007	6.73e-04	40.8	57
6J6I_O	pdb|9R8W|C	24.585	301	852	1007	2.65e-08	55.5	57
6J6I_O	pdb|9R8W|C	26.761	213	852	1007	6.73e-04	40.8	57
6J6I_O	pdb|9R8W|B	24.585	301	852	1007	2.65e-08	55.5	57
6J6I_O	pdb|9R8W|B	26.761	213	852	1007	6.73e-04	40.8	57
6J6I_O	pdb|9R8W|A	24.585	301	852	1007	2.65e-08	55.5	57
6J6I_O	pdb|9R8W|A	26.761	213	852	1007	6.73e-04	40.8	57
6J6I_O	pdb|9QU9|D	24.585	301	852	1007	2.65e-08	55.5	57
6J6I_O	pdb|9QU9|D	26.761	213	852	1007	6.73e-04	40.8	57
6J6I_O	pdb|9QU9|C	24.585	301	852	1007	2.65e-08	55.5	57
6J6I_O	pdb|9QU9|C	26.761	213	852	1007	6.73e-04	40.8	57
6J6I_O	pdb|9QU9|B	24.585	301	852	1007	2.65e-08	55.5	57
6J6I_O	pdb|9QU9|B	26.761	213	852	1007	6.73e-04	40.8	57
6J6I_O	pdb|9QU9|A	24.585	301	852	1007	2.65e-08	55.5	57
6J6I_O	pdb|9QU9|A	26.761	213	852	1007	6.73e-04	40.8	57
6J6I_O	pdb|9QT4|D	24.585	301	852	1007	2.65e-08	55.5	57
6J6I_O	pdb|9QT4|D	26.761	213	852	1007	6.73e-04	40.8	57
6J6I_O	pdb|9QT4|C	24.585	301	852	1007	2.65e-08	55.5	57
6J6I_O	pdb|9QT4|C	26.761	213	852	1007	6.73e-04	40.8	57
6J6I_O	pdb|9QT4|B	24.585	301	852	1007	2.65e-08	55.5	57
6J6I_O	pdb|9QT4|B	26.761	213	852	1007	6.73e-04	40.8	57
6J6I_O	pdb|9QT4|A	24.585	301	852	1007	2.65e-08	55.5	57
6J6I_O	pdb|9QT4|A	26.761	213	852	1007	6.73e-04	40.8	57
6J6I_O	pdb|9QLV|D	24.585	301	852	1007	2.65e-08	55.5	57
6J6I_O	pdb|9QLV|D	26.761	213	852	1007	6.73e-04	40.8	57
6J6I_O	pdb|9QLV|C	24.585	301	852	1007	2.65e-08	55.5	57
6J6I_O	pdb|9QLV|C	26.761	213	852	1007	6.73e-04	40.8	57
6J6I_O	pdb|9QLV|B	24.585	301	852	1007	2.65e-08	55.5	57
6J6I_O	pdb|9QLV|B	26.761	213	852	1007	6.73e-04	40.8	57
6J6I_O	pdb|9QLV|A	24.585	301	852	1007	2.65e-08	55.5	57
6J6I_O	pdb|9QLV|A	26.761	213	852	1007	6.73e-04	40.8	57
6J6I_O	pdb|8YN0|H	34.091	88	852	415	6.08e-04	40.8	10
6J6I_O	pdb|8YN0|D	34.091	88	852	415	6.08e-04	40.8	10
6J6I_O	pdb|8YL7|C	34.091	88	852	415	6.08e-04	40.8	10
3OB4_A	pdb|3DM0|A	97.113	381	500	694	0.0	753	76
3OB4_A	pdb|9VBD|A	97.541	366	500	893	0.0	730	73
3OB4_A	pdb|9VBV|A	97.541	366	500	893	0.0	729	73
7VN2_A	pdb|3DM0|A	99.458	369	439	694	0.0	747	84
7VN2_A	pdb|9VBV|A	97.548	367	439	893	0.0	730	84
7VN2_A	pdb|9VBD|A	97.548	367	439	893	0.0	730	84
7VN2_C	pdb|3DM0|A	99.458	369	439	694	0.0	747	84
7VN2_C	pdb|9VBV|A	97.548	367	439	893	0.0	730	84
7VN2_C	pdb|9VBD|A	97.548	367	439	893	0.0	730	84
7VN3_A	pdb|3DM0|A	99.458	369	439	694	0.0	747	84
7VN3_A	pdb|9VBV|A	97.548	367	439	893	0.0	730	84
7VN3_A	pdb|9VBD|A	97.548	367	439	893	0.0	730	84
7VN3_B	pdb|3DM0|A	99.458	369	439	694	0.0	747	84
7VN3_B	pdb|9VBV|A	97.548	367	439	893	0.0	730	84
7VN3_B	pdb|9VBD|A	97.548	367	439	893	0.0	730	84
7VN3_C	pdb|3DM0|A	99.458	369	439	694	0.0	747	84
7VN3_C	pdb|9VBV|A	97.548	367	439	893	0.0	730	84
7VN3_C	pdb|9VBD|A	97.548	367	439	893	0.0	730	84
7VN3_D	pdb|3DM0|A	99.458	369	439	694	0.0	747	84
7VN3_D	pdb|9VBV|A	97.548	367	439	893	0.0	730	84
7VN3_D	pdb|9VBD|A	97.548	367	439	893	0.0	730	84
7VN4_A	pdb|3DM0|A	99.458	369	439	694	0.0	747	84
7VN4_A	pdb|9VBV|A	97.548	367	439	893	0.0	730	84
7VN4_A	pdb|9VBD|A	97.548	367	439	893	0.0	730	84
7VN4_B	pdb|3DM0|A	99.458	369	439	694	0.0	747	84
7VN4_B	pdb|9VBV|A	97.548	367	439	893	0.0	730	84
7VN4_B	pdb|9VBD|A	97.548	367	439	893	0.0	730	84
7VN4_C	pdb|3DM0|A	99.458	369	439	694	0.0	747	84
7VN4_C	pdb|9VBV|A	97.548	367	439	893	0.0	730	84
7VN4_C	pdb|9VBD|A	97.548	367	439	893	0.0	730	84
7VN4_D	pdb|3DM0|A	99.458	369	439	694	0.0	747	84
7VN4_D	pdb|9VBV|A	97.548	367	439	893	0.0	730	84
7VN4_D	pdb|9VBD|A	97.548	367	439	893	0.0	730	84
7VN5_A	pdb|3DM0|A	99.458	369	439	694	0.0	747	84
7VN5_A	pdb|9VBV|A	97.548	367	439	893	0.0	730	84
7VN5_A	pdb|9VBD|A	97.548	367	439	893	0.0	730	84
7VN5_B	pdb|3DM0|A	99.458	369	439	694	0.0	747	84
7VN5_B	pdb|9VBV|A	97.548	367	439	893	0.0	730	84
7VN5_B	pdb|9VBD|A	97.548	367	439	893	0.0	730	84
7VN5_C	pdb|3DM0|A	99.458	369	439	694	0.0	747	84
7VN5_C	pdb|9VBV|A	97.548	367	439	893	0.0	730	84
7VN5_C	pdb|9VBD|A	97.548	367	439	893	0.0	730	84
7VN5_D	pdb|3DM0|A	99.458	369	439	694	0.0	747	84
7VN5_D	pdb|9VBV|A	97.548	367	439	893	0.0	730	84
7VN5_D	pdb|9VBD|A	97.548	367	439	893	0.0	730	84
7VN6_A	pdb|3DM0|A	99.458	369	439	694	0.0	747	84
7VN6_A	pdb|9VBV|A	97.548	367	439	893	0.0	730	84
7VN6_A	pdb|9VBD|A	97.548	367	439	893	0.0	730	84
7VN6_B	pdb|3DM0|A	99.458	369	439	694	0.0	747	84
7VN6_B	pdb|9VBV|A	97.548	367	439	893	0.0	730	84
7VN6_B	pdb|9VBD|A	97.548	367	439	893	0.0	730	84
7VN6_C	pdb|3DM0|A	99.458	369	439	694	0.0	747	84
7VN6_C	pdb|9VBV|A	97.548	367	439	893	0.0	730	84
7VN6_C	pdb|9VBD|A	97.548	367	439	893	0.0	730	84
7VN6_D	pdb|3DM0|A	99.458	369	439	694	0.0	747	84
7VN6_D	pdb|9VBV|A	97.548	367	439	893	0.0	730	84
7VN6_D	pdb|9VBD|A	97.548	367	439	893	0.0	730	84
7VN7_A	pdb|3DM0|A	99.458	369	439	694	0.0	747	84
7VN7_A	pdb|9VBV|A	97.548	367	439	893	0.0	730	84
7VN7_A	pdb|9VBD|A	97.548	367	439	893	0.0	730	84
7VN7_B	pdb|3DM0|A	99.458	369	439	694	0.0	747	84
7VN7_B	pdb|9VBV|A	97.548	367	439	893	0.0	730	84
7VN7_B	pdb|9VBD|A	97.548	367	439	893	0.0	730	84
7VN7_C	pdb|3DM0|A	99.458	369	439	694	0.0	747	84
7VN7_C	pdb|9VBV|A	97.548	367	439	893	0.0	730	84
7VN7_C	pdb|9VBD|A	97.548	367	439	893	0.0	730	84
7VN7_D	pdb|3DM0|A	99.458	369	439	694	0.0	747	84
7VN7_D	pdb|9VBV|A	97.548	367	439	893	0.0	730	84
7VN7_D	pdb|9VBD|A	97.548	367	439	893	0.0	730	84
7VN8_A	pdb|3DM0|A	99.458	369	439	694	0.0	747	84
7VN8_A	pdb|9VBV|A	97.548	367	439	893	0.0	730	84
7VN8_A	pdb|9VBD|A	97.548	367	439	893	0.0	730	84
7VN8_B	pdb|3DM0|A	99.458	369	439	694	0.0	747	84
7VN8_B	pdb|9VBV|A	97.548	367	439	893	0.0	730	84
7VN8_B	pdb|9VBD|A	97.548	367	439	893	0.0	730	84
7VN8_C	pdb|3DM0|A	99.458	369	439	694	0.0	747	84
7VN8_C	pdb|9VBV|A	97.548	367	439	893	0.0	730	84
7VN8_C	pdb|9VBD|A	97.548	367	439	893	0.0	730	84
7VN8_D	pdb|3DM0|A	99.458	369	439	694	0.0	747	84
7VN8_D	pdb|9VBV|A	97.548	367	439	893	0.0	730	84
7VN8_D	pdb|9VBD|A	97.548	367	439	893	0.0	730	84
4BQE_A	pdb|4DPQ|B	92.857	28	874	360	1.29e-09	58.5	3
4BQE_A	pdb|4DPQ|A	92.857	28	874	360	1.29e-09	58.5	3
4BQE_A	pdb|4DPP|B	92.857	28	874	360	1.29e-09	58.5	3
4BQE_A	pdb|4DPP|A	92.857	28	874	360	1.29e-09	58.5	3
4BQE_B	pdb|4DPQ|B	92.857	28	874	360	1.29e-09	58.5	3
4BQE_B	pdb|4DPQ|A	92.857	28	874	360	1.29e-09	58.5	3
4BQE_B	pdb|4DPP|B	92.857	28	874	360	1.29e-09	58.5	3
4BQE_B	pdb|4DPP|A	92.857	28	874	360	1.29e-09	58.5	3
4BQF_A	pdb|4DPQ|B	92.857	28	874	360	1.29e-09	58.5	3
4BQF_A	pdb|4DPQ|A	92.857	28	874	360	1.29e-09	58.5	3
4BQF_A	pdb|4DPP|B	92.857	28	874	360	1.29e-09	58.5	3
4BQF_A	pdb|4DPP|A	92.857	28	874	360	1.29e-09	58.5	3
4BQF_B	pdb|4DPQ|B	92.857	28	874	360	1.29e-09	58.5	3
4BQF_B	pdb|4DPQ|A	92.857	28	874	360	1.29e-09	58.5	3
4BQF_B	pdb|4DPP|B	92.857	28	874	360	1.29e-09	58.5	3
4BQF_B	pdb|4DPP|A	92.857	28	874	360	1.29e-09	58.5	3
4BQI_A	pdb|4DPQ|B	92.857	28	874	360	1.29e-09	58.5	3
4BQI_A	pdb|4DPQ|A	92.857	28	874	360	1.29e-09	58.5	3
4BQI_A	pdb|4DPP|B	92.857	28	874	360	1.29e-09	58.5	3
4BQI_A	pdb|4DPP|A	92.857	28	874	360	1.29e-09	58.5	3
4BQI_B	pdb|4DPQ|B	92.857	28	874	360	1.29e-09	58.5	3
4BQI_B	pdb|4DPQ|A	92.857	28	874	360	1.29e-09	58.5	3
4BQI_B	pdb|4DPP|B	92.857	28	874	360	1.29e-09	58.5	3
4BQI_B	pdb|4DPP|A	92.857	28	874	360	1.29e-09	58.5	3
2FLH_A	pdb|4C9I|F	26.452	155	155	162	5.19e-11	55.5	98
2FLH_A	pdb|4C9I|E	26.452	155	155	162	5.19e-11	55.5	98
2FLH_A	pdb|4C9I|D	26.452	155	155	162	5.19e-11	55.5	98
2FLH_A	pdb|4C9I|C	26.452	155	155	162	5.19e-11	55.5	98
2FLH_A	pdb|4C9I|B	26.452	155	155	162	5.19e-11	55.5	98
2FLH_A	pdb|4C9I|A	26.452	155	155	162	5.19e-11	55.5	98
2FLH_A	pdb|4C9C|B	26.452	155	155	162	5.19e-11	55.5	98
2FLH_A	pdb|4C9C|A	26.452	155	155	162	5.19e-11	55.5	98
2FLH_A	pdb|2LPX|A	27.941	136	155	170	9.96e-11	54.7	87
2FLH_A	pdb|1IFV|B	24.324	148	155	155	1.81e-06	43.1	94
2FLH_A	pdb|1IFV|A	24.324	148	155	155	1.81e-06	43.1	94
2FLH_A	pdb|5C9Y|A	21.233	146	155	155	9.29e-05	38.1	94
2FLH_A	pdb|4Y31|A	21.233	146	155	155	9.29e-05	38.1	94
2FLH_A	pdb|4RYV|A	21.233	146	155	155	9.29e-05	38.1	94
2FLH_A	pdb|1ICX|A	21.233	146	155	155	9.29e-05	38.1	94
2FLH_A	pdb|5MXB|A	22.963	135	155	155	1.31e-04	37.7	86
2FLH_A	pdb|3E85|A	22.963	135	155	158	1.48e-04	37.7	86
2FLH_A	pdb|2QIM|A	22.963	135	155	158	1.48e-04	37.7	86
2FLH_A	pdb|5MXW|A	22.963	135	155	156	1.58e-04	37.7	86
2FLH_A	pdb|4JDL|C	27.737	137	155	223	1.97e-04	37.7	86
2FLH_A	pdb|4JDL|B	27.737	137	155	223	1.97e-04	37.7	86
2FLH_A	pdb|4JDL|A	27.737	137	155	223	1.97e-04	37.7	86
2FLH_B	pdb|4C9I|F	26.452	155	155	162	5.19e-11	55.5	98
2FLH_B	pdb|4C9I|E	26.452	155	155	162	5.19e-11	55.5	98
2FLH_B	pdb|4C9I|D	26.452	155	155	162	5.19e-11	55.5	98
2FLH_B	pdb|4C9I|C	26.452	155	155	162	5.19e-11	55.5	98
2FLH_B	pdb|4C9I|B	26.452	155	155	162	5.19e-11	55.5	98
2FLH_B	pdb|4C9I|A	26.452	155	155	162	5.19e-11	55.5	98
2FLH_B	pdb|4C9C|B	26.452	155	155	162	5.19e-11	55.5	98
2FLH_B	pdb|4C9C|A	26.452	155	155	162	5.19e-11	55.5	98
2FLH_B	pdb|2LPX|A	27.941	136	155	170	9.96e-11	54.7	87
2FLH_B	pdb|1IFV|B	24.324	148	155	155	1.81e-06	43.1	94
2FLH_B	pdb|1IFV|A	24.324	148	155	155	1.81e-06	43.1	94
2FLH_B	pdb|5C9Y|A	21.233	146	155	155	9.29e-05	38.1	94
2FLH_B	pdb|4Y31|A	21.233	146	155	155	9.29e-05	38.1	94
2FLH_B	pdb|4RYV|A	21.233	146	155	155	9.29e-05	38.1	94
2FLH_B	pdb|1ICX|A	21.233	146	155	155	9.29e-05	38.1	94
2FLH_B	pdb|5MXB|A	22.963	135	155	155	1.31e-04	37.7	86
2FLH_B	pdb|3E85|A	22.963	135	155	158	1.48e-04	37.7	86
2FLH_B	pdb|2QIM|A	22.963	135	155	158	1.48e-04	37.7	86
2FLH_B	pdb|5MXW|A	22.963	135	155	156	1.58e-04	37.7	86
2FLH_B	pdb|4JDL|C	27.737	137	155	223	1.97e-04	37.7	86
2FLH_B	pdb|4JDL|B	27.737	137	155	223	1.97e-04	37.7	86
2FLH_B	pdb|4JDL|A	27.737	137	155	223	1.97e-04	37.7	86
2FLH_C	pdb|4C9I|F	26.452	155	155	162	5.19e-11	55.5	98
2FLH_C	pdb|4C9I|E	26.452	155	155	162	5.19e-11	55.5	98
2FLH_C	pdb|4C9I|D	26.452	155	155	162	5.19e-11	55.5	98
2FLH_C	pdb|4C9I|C	26.452	155	155	162	5.19e-11	55.5	98
2FLH_C	pdb|4C9I|B	26.452	155	155	162	5.19e-11	55.5	98
2FLH_C	pdb|4C9I|A	26.452	155	155	162	5.19e-11	55.5	98
2FLH_C	pdb|4C9C|B	26.452	155	155	162	5.19e-11	55.5	98
2FLH_C	pdb|4C9C|A	26.452	155	155	162	5.19e-11	55.5	98
2FLH_C	pdb|2LPX|A	27.941	136	155	170	9.96e-11	54.7	87
2FLH_C	pdb|1IFV|B	24.324	148	155	155	1.81e-06	43.1	94
2FLH_C	pdb|1IFV|A	24.324	148	155	155	1.81e-06	43.1	94
2FLH_C	pdb|5C9Y|A	21.233	146	155	155	9.29e-05	38.1	94
2FLH_C	pdb|4Y31|A	21.233	146	155	155	9.29e-05	38.1	94
2FLH_C	pdb|4RYV|A	21.233	146	155	155	9.29e-05	38.1	94
2FLH_C	pdb|1ICX|A	21.233	146	155	155	9.29e-05	38.1	94
2FLH_C	pdb|5MXB|A	22.963	135	155	155	1.31e-04	37.7	86
2FLH_C	pdb|3E85|A	22.963	135	155	158	1.48e-04	37.7	86
2FLH_C	pdb|2QIM|A	22.963	135	155	158	1.48e-04	37.7	86
2FLH_C	pdb|5MXW|A	22.963	135	155	156	1.58e-04	37.7	86
2FLH_C	pdb|4JDL|C	27.737	137	155	223	1.97e-04	37.7	86
2FLH_C	pdb|4JDL|B	27.737	137	155	223	1.97e-04	37.7	86
2FLH_C	pdb|4JDL|A	27.737	137	155	223	1.97e-04	37.7	86
2FLH_D	pdb|4C9I|F	26.452	155	155	162	5.19e-11	55.5	98
2FLH_D	pdb|4C9I|E	26.452	155	155	162	5.19e-11	55.5	98
2FLH_D	pdb|4C9I|D	26.452	155	155	162	5.19e-11	55.5	98
2FLH_D	pdb|4C9I|C	26.452	155	155	162	5.19e-11	55.5	98
2FLH_D	pdb|4C9I|B	26.452	155	155	162	5.19e-11	55.5	98
2FLH_D	pdb|4C9I|A	26.452	155	155	162	5.19e-11	55.5	98
2FLH_D	pdb|4C9C|B	26.452	155	155	162	5.19e-11	55.5	98
2FLH_D	pdb|4C9C|A	26.452	155	155	162	5.19e-11	55.5	98
2FLH_D	pdb|2LPX|A	27.941	136	155	170	9.96e-11	54.7	87
2FLH_D	pdb|1IFV|B	24.324	148	155	155	1.81e-06	43.1	94
2FLH_D	pdb|1IFV|A	24.324	148	155	155	1.81e-06	43.1	94
2FLH_D	pdb|5C9Y|A	21.233	146	155	155	9.29e-05	38.1	94
2FLH_D	pdb|4Y31|A	21.233	146	155	155	9.29e-05	38.1	94
2FLH_D	pdb|4RYV|A	21.233	146	155	155	9.29e-05	38.1	94
2FLH_D	pdb|1ICX|A	21.233	146	155	155	9.29e-05	38.1	94
2FLH_D	pdb|5MXB|A	22.963	135	155	155	1.31e-04	37.7	86
2FLH_D	pdb|3E85|A	22.963	135	155	158	1.48e-04	37.7	86
2FLH_D	pdb|2QIM|A	22.963	135	155	158	1.48e-04	37.7	86
2FLH_D	pdb|5MXW|A	22.963	135	155	156	1.58e-04	37.7	86
2FLH_D	pdb|4JDL|C	27.737	137	155	223	1.97e-04	37.7	86
2FLH_D	pdb|4JDL|B	27.737	137	155	223	1.97e-04	37.7	86
2FLH_D	pdb|4JDL|A	27.737	137	155	223	1.97e-04	37.7	86
3C0V_A	pdb|4C9I|F	26.452	155	155	162	5.19e-11	55.5	98
3C0V_A	pdb|4C9I|E	26.452	155	155	162	5.19e-11	55.5	98
3C0V_A	pdb|4C9I|D	26.452	155	155	162	5.19e-11	55.5	98
3C0V_A	pdb|4C9I|C	26.452	155	155	162	5.19e-11	55.5	98
3C0V_A	pdb|4C9I|B	26.452	155	155	162	5.19e-11	55.5	98
3C0V_A	pdb|4C9I|A	26.452	155	155	162	5.19e-11	55.5	98
3C0V_A	pdb|4C9C|B	26.452	155	155	162	5.19e-11	55.5	98
3C0V_A	pdb|4C9C|A	26.452	155	155	162	5.19e-11	55.5	98
3C0V_A	pdb|2LPX|A	27.941	136	155	170	9.96e-11	54.7	87
3C0V_A	pdb|1IFV|B	24.324	148	155	155	1.81e-06	43.1	94
3C0V_A	pdb|1IFV|A	24.324	148	155	155	1.81e-06	43.1	94
3C0V_A	pdb|5C9Y|A	21.233	146	155	155	9.29e-05	38.1	94
3C0V_A	pdb|4Y31|A	21.233	146	155	155	9.29e-05	38.1	94
3C0V_A	pdb|4RYV|A	21.233	146	155	155	9.29e-05	38.1	94
3C0V_A	pdb|1ICX|A	21.233	146	155	155	9.29e-05	38.1	94
3C0V_A	pdb|5MXB|A	22.963	135	155	155	1.31e-04	37.7	86
3C0V_A	pdb|3E85|A	22.963	135	155	158	1.48e-04	37.7	86
3C0V_A	pdb|2QIM|A	22.963	135	155	158	1.48e-04	37.7	86
3C0V_A	pdb|5MXW|A	22.963	135	155	156	1.58e-04	37.7	86
3C0V_A	pdb|4JDL|C	27.737	137	155	223	1.97e-04	37.7	86
3C0V_A	pdb|4JDL|B	27.737	137	155	223	1.97e-04	37.7	86
3C0V_A	pdb|4JDL|A	27.737	137	155	223	1.97e-04	37.7	86
3C0V_B	pdb|4C9I|F	26.452	155	155	162	5.19e-11	55.5	98
3C0V_B	pdb|4C9I|E	26.452	155	155	162	5.19e-11	55.5	98
3C0V_B	pdb|4C9I|D	26.452	155	155	162	5.19e-11	55.5	98
3C0V_B	pdb|4C9I|C	26.452	155	155	162	5.19e-11	55.5	98
3C0V_B	pdb|4C9I|B	26.452	155	155	162	5.19e-11	55.5	98
3C0V_B	pdb|4C9I|A	26.452	155	155	162	5.19e-11	55.5	98
3C0V_B	pdb|4C9C|B	26.452	155	155	162	5.19e-11	55.5	98
3C0V_B	pdb|4C9C|A	26.452	155	155	162	5.19e-11	55.5	98
3C0V_B	pdb|2LPX|A	27.941	136	155	170	9.96e-11	54.7	87
3C0V_B	pdb|1IFV|B	24.324	148	155	155	1.81e-06	43.1	94
3C0V_B	pdb|1IFV|A	24.324	148	155	155	1.81e-06	43.1	94
3C0V_B	pdb|5C9Y|A	21.233	146	155	155	9.29e-05	38.1	94
3C0V_B	pdb|4Y31|A	21.233	146	155	155	9.29e-05	38.1	94
3C0V_B	pdb|4RYV|A	21.233	146	155	155	9.29e-05	38.1	94
3C0V_B	pdb|1ICX|A	21.233	146	155	155	9.29e-05	38.1	94
3C0V_B	pdb|5MXB|A	22.963	135	155	155	1.31e-04	37.7	86
3C0V_B	pdb|3E85|A	22.963	135	155	158	1.48e-04	37.7	86
3C0V_B	pdb|2QIM|A	22.963	135	155	158	1.48e-04	37.7	86
3C0V_B	pdb|5MXW|A	22.963	135	155	156	1.58e-04	37.7	86
3C0V_B	pdb|4JDL|C	27.737	137	155	223	1.97e-04	37.7	86
3C0V_B	pdb|4JDL|B	27.737	137	155	223	1.97e-04	37.7	86
3C0V_B	pdb|4JDL|A	27.737	137	155	223	1.97e-04	37.7	86
3C0V_C	pdb|4C9I|F	26.452	155	155	162	5.19e-11	55.5	98
3C0V_C	pdb|4C9I|E	26.452	155	155	162	5.19e-11	55.5	98
3C0V_C	pdb|4C9I|D	26.452	155	155	162	5.19e-11	55.5	98
3C0V_C	pdb|4C9I|C	26.452	155	155	162	5.19e-11	55.5	98
3C0V_C	pdb|4C9I|B	26.452	155	155	162	5.19e-11	55.5	98
3C0V_C	pdb|4C9I|A	26.452	155	155	162	5.19e-11	55.5	98
3C0V_C	pdb|4C9C|B	26.452	155	155	162	5.19e-11	55.5	98
3C0V_C	pdb|4C9C|A	26.452	155	155	162	5.19e-11	55.5	98
3C0V_C	pdb|2LPX|A	27.941	136	155	170	9.96e-11	54.7	87
3C0V_C	pdb|1IFV|B	24.324	148	155	155	1.81e-06	43.1	94
3C0V_C	pdb|1IFV|A	24.324	148	155	155	1.81e-06	43.1	94
3C0V_C	pdb|5C9Y|A	21.233	146	155	155	9.29e-05	38.1	94
3C0V_C	pdb|4Y31|A	21.233	146	155	155	9.29e-05	38.1	94
3C0V_C	pdb|4RYV|A	21.233	146	155	155	9.29e-05	38.1	94
3C0V_C	pdb|1ICX|A	21.233	146	155	155	9.29e-05	38.1	94
3C0V_C	pdb|5MXB|A	22.963	135	155	155	1.31e-04	37.7	86
3C0V_C	pdb|3E85|A	22.963	135	155	158	1.48e-04	37.7	86
3C0V_C	pdb|2QIM|A	22.963	135	155	158	1.48e-04	37.7	86
3C0V_C	pdb|5MXW|A	22.963	135	155	156	1.58e-04	37.7	86
3C0V_C	pdb|4JDL|C	27.737	137	155	223	1.97e-04	37.7	86
3C0V_C	pdb|4JDL|B	27.737	137	155	223	1.97e-04	37.7	86
3C0V_C	pdb|4JDL|A	27.737	137	155	223	1.97e-04	37.7	86
3C0V_D	pdb|4C9I|F	26.452	155	155	162	5.19e-11	55.5	98
3C0V_D	pdb|4C9I|E	26.452	155	155	162	5.19e-11	55.5	98
3C0V_D	pdb|4C9I|D	26.452	155	155	162	5.19e-11	55.5	98
3C0V_D	pdb|4C9I|C	26.452	155	155	162	5.19e-11	55.5	98
3C0V_D	pdb|4C9I|B	26.452	155	155	162	5.19e-11	55.5	98
3C0V_D	pdb|4C9I|A	26.452	155	155	162	5.19e-11	55.5	98
3C0V_D	pdb|4C9C|B	26.452	155	155	162	5.19e-11	55.5	98
3C0V_D	pdb|4C9C|A	26.452	155	155	162	5.19e-11	55.5	98
3C0V_D	pdb|2LPX|A	27.941	136	155	170	9.96e-11	54.7	87
3C0V_D	pdb|1IFV|B	24.324	148	155	155	1.81e-06	43.1	94
3C0V_D	pdb|1IFV|A	24.324	148	155	155	1.81e-06	43.1	94
3C0V_D	pdb|5C9Y|A	21.233	146	155	155	9.29e-05	38.1	94
3C0V_D	pdb|4Y31|A	21.233	146	155	155	9.29e-05	38.1	94
3C0V_D	pdb|4RYV|A	21.233	146	155	155	9.29e-05	38.1	94
3C0V_D	pdb|1ICX|A	21.233	146	155	155	9.29e-05	38.1	94
3C0V_D	pdb|5MXB|A	22.963	135	155	155	1.31e-04	37.7	86
3C0V_D	pdb|3E85|A	22.963	135	155	158	1.48e-04	37.7	86
3C0V_D	pdb|2QIM|A	22.963	135	155	158	1.48e-04	37.7	86
3C0V_D	pdb|5MXW|A	22.963	135	155	156	1.58e-04	37.7	86
3C0V_D	pdb|4JDL|C	27.737	137	155	223	1.97e-04	37.7	86
3C0V_D	pdb|4JDL|B	27.737	137	155	223	1.97e-04	37.7	86
3C0V_D	pdb|4JDL|A	27.737	137	155	223	1.97e-04	37.7	86
4PSB_A	pdb|4C9I|F	26.452	155	155	162	5.19e-11	55.5	98
4PSB_A	pdb|4C9I|E	26.452	155	155	162	5.19e-11	55.5	98
4PSB_A	pdb|4C9I|D	26.452	155	155	162	5.19e-11	55.5	98
4PSB_A	pdb|4C9I|C	26.452	155	155	162	5.19e-11	55.5	98
4PSB_A	pdb|4C9I|B	26.452	155	155	162	5.19e-11	55.5	98
4PSB_A	pdb|4C9I|A	26.452	155	155	162	5.19e-11	55.5	98
4PSB_A	pdb|4C9C|B	26.452	155	155	162	5.19e-11	55.5	98
4PSB_A	pdb|4C9C|A	26.452	155	155	162	5.19e-11	55.5	98
4PSB_A	pdb|2LPX|A	27.941	136	155	170	9.96e-11	54.7	87
4PSB_A	pdb|1IFV|B	24.324	148	155	155	1.81e-06	43.1	94
4PSB_A	pdb|1IFV|A	24.324	148	155	155	1.81e-06	43.1	94
4PSB_A	pdb|5C9Y|A	21.233	146	155	155	9.29e-05	38.1	94
4PSB_A	pdb|4Y31|A	21.233	146	155	155	9.29e-05	38.1	94
4PSB_A	pdb|4RYV|A	21.233	146	155	155	9.29e-05	38.1	94
4PSB_A	pdb|1ICX|A	21.233	146	155	155	9.29e-05	38.1	94
4PSB_A	pdb|5MXB|A	22.963	135	155	155	1.31e-04	37.7	86
4PSB_A	pdb|3E85|A	22.963	135	155	158	1.48e-04	37.7	86
4PSB_A	pdb|2QIM|A	22.963	135	155	158	1.48e-04	37.7	86
4PSB_A	pdb|5MXW|A	22.963	135	155	156	1.58e-04	37.7	86
4PSB_A	pdb|4JDL|C	27.737	137	155	223	1.97e-04	37.7	86
4PSB_A	pdb|4JDL|B	27.737	137	155	223	1.97e-04	37.7	86
4PSB_A	pdb|4JDL|A	27.737	137	155	223	1.97e-04	37.7	86
8WTM_A	pdb|8K0Z|B	28.635	674	736	662	1.55e-74	252	89
8WTM_A	pdb|8K0Z|A	28.635	674	736	662	1.55e-74	252	89
8WTM_A	pdb|8K0X|C	28.635	674	736	662	1.55e-74	252	89
8WTM_A	pdb|8K0X|A	28.635	674	736	662	1.55e-74	252	89
8WTM_A	pdb|8IWK|C	28.635	674	736	662	1.55e-74	252	89
8WTM_A	pdb|8IWK|A	28.635	674	736	662	1.55e-74	252	89
8WTM_A	pdb|8IWJ|B	28.635	674	736	662	1.55e-74	252	89
8WTM_A	pdb|8IWJ|A	28.635	674	736	662	1.55e-74	252	89
8WTM_A	pdb|8I3D|B	28.635	674	736	662	1.55e-74	252	89
8WTM_A	pdb|8I3D|A	28.635	674	736	662	1.55e-74	252	89
8WTM_A	pdb|8I3C|B	28.635	674	736	662	1.55e-74	252	89
8WTM_A	pdb|8I3C|A	28.635	674	736	662	1.55e-74	252	89
8WTM_A	pdb|8I39|B	28.635	674	736	662	1.55e-74	252	89
8WTM_A	pdb|8I39|A	28.635	674	736	662	1.55e-74	252	89
8WTM_A	pdb|8I38|B	28.635	674	736	662	1.55e-74	252	89
8WTM_A	pdb|8I38|A	28.635	674	736	662	1.55e-74	252	89
8WTM_A	pdb|8WD6|B	28.635	674	736	698	1.98e-74	252	89
8WTM_A	pdb|8WD6|A	28.635	674	736	698	1.98e-74	252	89
8WTM_A	pdb|8WBX|B	28.635	674	736	698	1.98e-74	252	89
8WTM_A	pdb|8WBX|A	28.635	674	736	698	1.98e-74	252	89
8WTM_A	pdb|8WBA|B	28.635	674	736	698	1.98e-74	252	89
8WTM_A	pdb|8WBA|A	28.635	674	736	698	1.98e-74	252	89
8WTM_A	pdb|8IWN|C	28.487	674	736	662	4.98e-74	250	89
8WTM_A	pdb|8IWN|A	28.487	674	736	662	4.98e-74	250	89
8WTM_A	pdb|8I3B|B	28.487	674	736	662	4.98e-74	250	89
8WTM_A	pdb|8I3B|A	28.487	674	736	662	4.98e-74	250	89
8WTM_A	pdb|8I3A|B	28.487	674	736	662	4.98e-74	250	89
8WTM_A	pdb|8I3A|A	28.487	674	736	662	4.98e-74	250	89
8WTM_A	pdb|8WAM|B	28.487	674	736	698	6.13e-74	251	89
8WTM_A	pdb|8WAM|A	28.487	674	736	698	6.13e-74	251	89
8WTM_A	pdb|7N5B|B	27.477	222	736	739	3.12e-13	70.9	29
8WTM_A	pdb|7N5B|A	27.477	222	736	739	3.12e-13	70.9	29
8WTM_A	pdb|7N5A|B	27.477	222	736	739	3.12e-13	70.9	29
8WTM_A	pdb|7N5A|A	27.477	222	736	739	3.12e-13	70.9	29
8WTM_A	pdb|7N59|B	27.477	222	736	739	3.12e-13	70.9	29
8WTM_A	pdb|7N59|A	27.477	222	736	739	3.12e-13	70.9	29
8WTM_A	pdb|7N58|B	27.477	222	736	739	3.12e-13	70.9	29
8WTM_A	pdb|7N58|A	27.477	222	736	739	3.12e-13	70.9	29
8WTM_A	pdb|9KKE|A	27.488	211	736	1252	1.04e-12	69.3	28
8WTM_A	pdb|9KKE|A	26.570	207	736	1252	7.31e-12	66.6	28
8WTM_A	pdb|9KK6|A	27.488	211	736	1252	1.04e-12	69.3	28
8WTM_A	pdb|9KK6|A	26.570	207	736	1252	7.31e-12	66.6	28
8WTM_A	pdb|9KJC|A	27.488	211	736	1252	1.04e-12	69.3	28
8WTM_A	pdb|9KJC|A	26.570	207	736	1252	7.31e-12	66.6	28
8WTM_A	pdb|9KG2|A	27.488	211	736	1252	1.04e-12	69.3	28
8WTM_A	pdb|9KG2|A	26.570	207	736	1252	7.31e-12	66.6	28
8WTM_A	pdb|8WOO|A	27.488	211	736	1252	1.04e-12	69.3	28
8WTM_A	pdb|8WOO|A	26.570	207	736	1252	7.31e-12	66.6	28
8WTM_A	pdb|8WOM|A	27.488	211	736	1252	1.04e-12	69.3	28
8WTM_A	pdb|8WOM|A	26.570	207	736	1252	7.31e-12	66.6	28
8WTM_A	pdb|8WOI|A	27.488	211	736	1252	1.04e-12	69.3	28
8WTM_A	pdb|8WOI|A	26.570	207	736	1252	7.31e-12	66.6	28
8WTM_A	pdb|8WP0|A	27.014	211	736	1252	2.50e-12	68.2	28
8WTM_A	pdb|8WP0|A	26.087	207	736	1252	1.78e-11	65.5	28
8WTM_A	pdb|9JUP|A	28.324	173	736	1327	5.65e-11	63.9	25
8WTM_A	pdb|9JUP|A	30.108	186	736	1327	1.15e-10	62.8	25
8WTM_A	pdb|9JUO|A	28.324	173	736	1327	5.65e-11	63.9	25
8WTM_A	pdb|9JUO|A	30.108	186	736	1327	1.15e-10	62.8	25
8WTM_A	pdb|9JUN|A	28.324	173	736	1327	5.65e-11	63.9	25
8WTM_A	pdb|9JUN|A	30.108	186	736	1327	1.15e-10	62.8	25
8WTM_A	pdb|9JUM|A	28.324	173	736	1327	5.65e-11	63.9	25
8WTM_A	pdb|9JUM|A	30.108	186	736	1327	1.15e-10	62.8	25
8WTM_B	pdb|8K0Z|B	28.635	674	736	662	1.55e-74	252	89
8WTM_B	pdb|8K0Z|A	28.635	674	736	662	1.55e-74	252	89
8WTM_B	pdb|8K0X|C	28.635	674	736	662	1.55e-74	252	89
8WTM_B	pdb|8K0X|A	28.635	674	736	662	1.55e-74	252	89
8WTM_B	pdb|8IWK|C	28.635	674	736	662	1.55e-74	252	89
8WTM_B	pdb|8IWK|A	28.635	674	736	662	1.55e-74	252	89
8WTM_B	pdb|8IWJ|B	28.635	674	736	662	1.55e-74	252	89
8WTM_B	pdb|8IWJ|A	28.635	674	736	662	1.55e-74	252	89
8WTM_B	pdb|8I3D|B	28.635	674	736	662	1.55e-74	252	89
8WTM_B	pdb|8I3D|A	28.635	674	736	662	1.55e-74	252	89
8WTM_B	pdb|8I3C|B	28.635	674	736	662	1.55e-74	252	89
8WTM_B	pdb|8I3C|A	28.635	674	736	662	1.55e-74	252	89
8WTM_B	pdb|8I39|B	28.635	674	736	662	1.55e-74	252	89
8WTM_B	pdb|8I39|A	28.635	674	736	662	1.55e-74	252	89
8WTM_B	pdb|8I38|B	28.635	674	736	662	1.55e-74	252	89
8WTM_B	pdb|8I38|A	28.635	674	736	662	1.55e-74	252	89
8WTM_B	pdb|8WD6|B	28.635	674	736	698	1.98e-74	252	89
8WTM_B	pdb|8WD6|A	28.635	674	736	698	1.98e-74	252	89
8WTM_B	pdb|8WBX|B	28.635	674	736	698	1.98e-74	252	89
8WTM_B	pdb|8WBX|A	28.635	674	736	698	1.98e-74	252	89
8WTM_B	pdb|8WBA|B	28.635	674	736	698	1.98e-74	252	89
8WTM_B	pdb|8WBA|A	28.635	674	736	698	1.98e-74	252	89
8WTM_B	pdb|8IWN|C	28.487	674	736	662	4.98e-74	250	89
8WTM_B	pdb|8IWN|A	28.487	674	736	662	4.98e-74	250	89
8WTM_B	pdb|8I3B|B	28.487	674	736	662	4.98e-74	250	89
8WTM_B	pdb|8I3B|A	28.487	674	736	662	4.98e-74	250	89
8WTM_B	pdb|8I3A|B	28.487	674	736	662	4.98e-74	250	89
8WTM_B	pdb|8I3A|A	28.487	674	736	662	4.98e-74	250	89
8WTM_B	pdb|8WAM|B	28.487	674	736	698	6.13e-74	251	89
8WTM_B	pdb|8WAM|A	28.487	674	736	698	6.13e-74	251	89
8WTM_B	pdb|7N5B|B	27.477	222	736	739	3.12e-13	70.9	29
8WTM_B	pdb|7N5B|A	27.477	222	736	739	3.12e-13	70.9	29
8WTM_B	pdb|7N5A|B	27.477	222	736	739	3.12e-13	70.9	29
8WTM_B	pdb|7N5A|A	27.477	222	736	739	3.12e-13	70.9	29
8WTM_B	pdb|7N59|B	27.477	222	736	739	3.12e-13	70.9	29
8WTM_B	pdb|7N59|A	27.477	222	736	739	3.12e-13	70.9	29
8WTM_B	pdb|7N58|B	27.477	222	736	739	3.12e-13	70.9	29
8WTM_B	pdb|7N58|A	27.477	222	736	739	3.12e-13	70.9	29
8WTM_B	pdb|9KKE|A	27.488	211	736	1252	1.04e-12	69.3	28
8WTM_B	pdb|9KKE|A	26.570	207	736	1252	7.31e-12	66.6	28
8WTM_B	pdb|9KK6|A	27.488	211	736	1252	1.04e-12	69.3	28
8WTM_B	pdb|9KK6|A	26.570	207	736	1252	7.31e-12	66.6	28
8WTM_B	pdb|9KJC|A	27.488	211	736	1252	1.04e-12	69.3	28
8WTM_B	pdb|9KJC|A	26.570	207	736	1252	7.31e-12	66.6	28
8WTM_B	pdb|9KG2|A	27.488	211	736	1252	1.04e-12	69.3	28
8WTM_B	pdb|9KG2|A	26.570	207	736	1252	7.31e-12	66.6	28
8WTM_B	pdb|8WOO|A	27.488	211	736	1252	1.04e-12	69.3	28
8WTM_B	pdb|8WOO|A	26.570	207	736	1252	7.31e-12	66.6	28
8WTM_B	pdb|8WOM|A	27.488	211	736	1252	1.04e-12	69.3	28
8WTM_B	pdb|8WOM|A	26.570	207	736	1252	7.31e-12	66.6	28
8WTM_B	pdb|8WOI|A	27.488	211	736	1252	1.04e-12	69.3	28
8WTM_B	pdb|8WOI|A	26.570	207	736	1252	7.31e-12	66.6	28
8WTM_B	pdb|8WP0|A	27.014	211	736	1252	2.50e-12	68.2	28
8WTM_B	pdb|8WP0|A	26.087	207	736	1252	1.78e-11	65.5	28
8WTM_B	pdb|9JUP|A	28.324	173	736	1327	5.65e-11	63.9	25
8WTM_B	pdb|9JUP|A	30.108	186	736	1327	1.15e-10	62.8	25
8WTM_B	pdb|9JUO|A	28.324	173	736	1327	5.65e-11	63.9	25
8WTM_B	pdb|9JUO|A	30.108	186	736	1327	1.15e-10	62.8	25
8WTM_B	pdb|9JUN|A	28.324	173	736	1327	5.65e-11	63.9	25
8WTM_B	pdb|9JUN|A	30.108	186	736	1327	1.15e-10	62.8	25
8WTM_B	pdb|9JUM|A	28.324	173	736	1327	5.65e-11	63.9	25
8WTM_B	pdb|9JUM|A	30.108	186	736	1327	1.15e-10	62.8	25
8WTN_A	pdb|8K0Z|B	28.635	674	736	662	1.55e-74	252	89
8WTN_A	pdb|8K0Z|A	28.635	674	736	662	1.55e-74	252	89
8WTN_A	pdb|8K0X|C	28.635	674	736	662	1.55e-74	252	89
8WTN_A	pdb|8K0X|A	28.635	674	736	662	1.55e-74	252	89
8WTN_A	pdb|8IWK|C	28.635	674	736	662	1.55e-74	252	89
8WTN_A	pdb|8IWK|A	28.635	674	736	662	1.55e-74	252	89
8WTN_A	pdb|8IWJ|B	28.635	674	736	662	1.55e-74	252	89
8WTN_A	pdb|8IWJ|A	28.635	674	736	662	1.55e-74	252	89
8WTN_A	pdb|8I3D|B	28.635	674	736	662	1.55e-74	252	89
8WTN_A	pdb|8I3D|A	28.635	674	736	662	1.55e-74	252	89
8WTN_A	pdb|8I3C|B	28.635	674	736	662	1.55e-74	252	89
8WTN_A	pdb|8I3C|A	28.635	674	736	662	1.55e-74	252	89
8WTN_A	pdb|8I39|B	28.635	674	736	662	1.55e-74	252	89
8WTN_A	pdb|8I39|A	28.635	674	736	662	1.55e-74	252	89
8WTN_A	pdb|8I38|B	28.635	674	736	662	1.55e-74	252	89
8WTN_A	pdb|8I38|A	28.635	674	736	662	1.55e-74	252	89
8WTN_A	pdb|8WD6|B	28.635	674	736	698	1.98e-74	252	89
8WTN_A	pdb|8WD6|A	28.635	674	736	698	1.98e-74	252	89
8WTN_A	pdb|8WBX|B	28.635	674	736	698	1.98e-74	252	89
8WTN_A	pdb|8WBX|A	28.635	674	736	698	1.98e-74	252	89
8WTN_A	pdb|8WBA|B	28.635	674	736	698	1.98e-74	252	89
8WTN_A	pdb|8WBA|A	28.635	674	736	698	1.98e-74	252	89
8WTN_A	pdb|8IWN|C	28.487	674	736	662	4.98e-74	250	89
8WTN_A	pdb|8IWN|A	28.487	674	736	662	4.98e-74	250	89
8WTN_A	pdb|8I3B|B	28.487	674	736	662	4.98e-74	250	89
8WTN_A	pdb|8I3B|A	28.487	674	736	662	4.98e-74	250	89
8WTN_A	pdb|8I3A|B	28.487	674	736	662	4.98e-74	250	89
8WTN_A	pdb|8I3A|A	28.487	674	736	662	4.98e-74	250	89
8WTN_A	pdb|8WAM|B	28.487	674	736	698	6.13e-74	251	89
8WTN_A	pdb|8WAM|A	28.487	674	736	698	6.13e-74	251	89
8WTN_A	pdb|7N5B|B	27.477	222	736	739	3.12e-13	70.9	29
8WTN_A	pdb|7N5B|A	27.477	222	736	739	3.12e-13	70.9	29
8WTN_A	pdb|7N5A|B	27.477	222	736	739	3.12e-13	70.9	29
8WTN_A	pdb|7N5A|A	27.477	222	736	739	3.12e-13	70.9	29
8WTN_A	pdb|7N59|B	27.477	222	736	739	3.12e-13	70.9	29
8WTN_A	pdb|7N59|A	27.477	222	736	739	3.12e-13	70.9	29
8WTN_A	pdb|7N58|B	27.477	222	736	739	3.12e-13	70.9	29
8WTN_A	pdb|7N58|A	27.477	222	736	739	3.12e-13	70.9	29
8WTN_A	pdb|9KKE|A	27.488	211	736	1252	1.04e-12	69.3	28
8WTN_A	pdb|9KKE|A	26.570	207	736	1252	7.31e-12	66.6	28
8WTN_A	pdb|9KK6|A	27.488	211	736	1252	1.04e-12	69.3	28
8WTN_A	pdb|9KK6|A	26.570	207	736	1252	7.31e-12	66.6	28
8WTN_A	pdb|9KJC|A	27.488	211	736	1252	1.04e-12	69.3	28
8WTN_A	pdb|9KJC|A	26.570	207	736	1252	7.31e-12	66.6	28
8WTN_A	pdb|9KG2|A	27.488	211	736	1252	1.04e-12	69.3	28
8WTN_A	pdb|9KG2|A	26.570	207	736	1252	7.31e-12	66.6	28
8WTN_A	pdb|8WOO|A	27.488	211	736	1252	1.04e-12	69.3	28
8WTN_A	pdb|8WOO|A	26.570	207	736	1252	7.31e-12	66.6	28
8WTN_A	pdb|8WOM|A	27.488	211	736	1252	1.04e-12	69.3	28
8WTN_A	pdb|8WOM|A	26.570	207	736	1252	7.31e-12	66.6	28
8WTN_A	pdb|8WOI|A	27.488	211	736	1252	1.04e-12	69.3	28
8WTN_A	pdb|8WOI|A	26.570	207	736	1252	7.31e-12	66.6	28
8WTN_A	pdb|8WP0|A	27.014	211	736	1252	2.50e-12	68.2	28
8WTN_A	pdb|8WP0|A	26.087	207	736	1252	1.78e-11	65.5	28
8WTN_A	pdb|9JUP|A	28.324	173	736	1327	5.65e-11	63.9	25
8WTN_A	pdb|9JUP|A	30.108	186	736	1327	1.15e-10	62.8	25
8WTN_A	pdb|9JUO|A	28.324	173	736	1327	5.65e-11	63.9	25
8WTN_A	pdb|9JUO|A	30.108	186	736	1327	1.15e-10	62.8	25
8WTN_A	pdb|9JUN|A	28.324	173	736	1327	5.65e-11	63.9	25
8WTN_A	pdb|9JUN|A	30.108	186	736	1327	1.15e-10	62.8	25
8WTN_A	pdb|9JUM|A	28.324	173	736	1327	5.65e-11	63.9	25
8WTN_A	pdb|9JUM|A	30.108	186	736	1327	1.15e-10	62.8	25
8WTN_B	pdb|8K0Z|B	28.635	674	736	662	1.55e-74	252	89
8WTN_B	pdb|8K0Z|A	28.635	674	736	662	1.55e-74	252	89
8WTN_B	pdb|8K0X|C	28.635	674	736	662	1.55e-74	252	89
8WTN_B	pdb|8K0X|A	28.635	674	736	662	1.55e-74	252	89
8WTN_B	pdb|8IWK|C	28.635	674	736	662	1.55e-74	252	89
8WTN_B	pdb|8IWK|A	28.635	674	736	662	1.55e-74	252	89
8WTN_B	pdb|8IWJ|B	28.635	674	736	662	1.55e-74	252	89
8WTN_B	pdb|8IWJ|A	28.635	674	736	662	1.55e-74	252	89
8WTN_B	pdb|8I3D|B	28.635	674	736	662	1.55e-74	252	89
8WTN_B	pdb|8I3D|A	28.635	674	736	662	1.55e-74	252	89
8WTN_B	pdb|8I3C|B	28.635	674	736	662	1.55e-74	252	89
8WTN_B	pdb|8I3C|A	28.635	674	736	662	1.55e-74	252	89
8WTN_B	pdb|8I39|B	28.635	674	736	662	1.55e-74	252	89
8WTN_B	pdb|8I39|A	28.635	674	736	662	1.55e-74	252	89
8WTN_B	pdb|8I38|B	28.635	674	736	662	1.55e-74	252	89
8WTN_B	pdb|8I38|A	28.635	674	736	662	1.55e-74	252	89
8WTN_B	pdb|8WD6|B	28.635	674	736	698	1.98e-74	252	89
8WTN_B	pdb|8WD6|A	28.635	674	736	698	1.98e-74	252	89
8WTN_B	pdb|8WBX|B	28.635	674	736	698	1.98e-74	252	89
8WTN_B	pdb|8WBX|A	28.635	674	736	698	1.98e-74	252	89
8WTN_B	pdb|8WBA|B	28.635	674	736	698	1.98e-74	252	89
8WTN_B	pdb|8WBA|A	28.635	674	736	698	1.98e-74	252	89
8WTN_B	pdb|8IWN|C	28.487	674	736	662	4.98e-74	250	89
8WTN_B	pdb|8IWN|A	28.487	674	736	662	4.98e-74	250	89
8WTN_B	pdb|8I3B|B	28.487	674	736	662	4.98e-74	250	89
8WTN_B	pdb|8I3B|A	28.487	674	736	662	4.98e-74	250	89
8WTN_B	pdb|8I3A|B	28.487	674	736	662	4.98e-74	250	89
8WTN_B	pdb|8I3A|A	28.487	674	736	662	4.98e-74	250	89
8WTN_B	pdb|8WAM|B	28.487	674	736	698	6.13e-74	251	89
8WTN_B	pdb|8WAM|A	28.487	674	736	698	6.13e-74	251	89
8WTN_B	pdb|7N5B|B	27.477	222	736	739	3.12e-13	70.9	29
8WTN_B	pdb|7N5B|A	27.477	222	736	739	3.12e-13	70.9	29
8WTN_B	pdb|7N5A|B	27.477	222	736	739	3.12e-13	70.9	29
8WTN_B	pdb|7N5A|A	27.477	222	736	739	3.12e-13	70.9	29
8WTN_B	pdb|7N59|B	27.477	222	736	739	3.12e-13	70.9	29
8WTN_B	pdb|7N59|A	27.477	222	736	739	3.12e-13	70.9	29
8WTN_B	pdb|7N58|B	27.477	222	736	739	3.12e-13	70.9	29
8WTN_B	pdb|7N58|A	27.477	222	736	739	3.12e-13	70.9	29
8WTN_B	pdb|9KKE|A	27.488	211	736	1252	1.04e-12	69.3	28
8WTN_B	pdb|9KKE|A	26.570	207	736	1252	7.31e-12	66.6	28
8WTN_B	pdb|9KK6|A	27.488	211	736	1252	1.04e-12	69.3	28
8WTN_B	pdb|9KK6|A	26.570	207	736	1252	7.31e-12	66.6	28
8WTN_B	pdb|9KJC|A	27.488	211	736	1252	1.04e-12	69.3	28
8WTN_B	pdb|9KJC|A	26.570	207	736	1252	7.31e-12	66.6	28
8WTN_B	pdb|9KG2|A	27.488	211	736	1252	1.04e-12	69.3	28
8WTN_B	pdb|9KG2|A	26.570	207	736	1252	7.31e-12	66.6	28
8WTN_B	pdb|8WOO|A	27.488	211	736	1252	1.04e-12	69.3	28
8WTN_B	pdb|8WOO|A	26.570	207	736	1252	7.31e-12	66.6	28
8WTN_B	pdb|8WOM|A	27.488	211	736	1252	1.04e-12	69.3	28
8WTN_B	pdb|8WOM|A	26.570	207	736	1252	7.31e-12	66.6	28
8WTN_B	pdb|8WOI|A	27.488	211	736	1252	1.04e-12	69.3	28
8WTN_B	pdb|8WOI|A	26.570	207	736	1252	7.31e-12	66.6	28
8WTN_B	pdb|8WP0|A	27.014	211	736	1252	2.50e-12	68.2	28
8WTN_B	pdb|8WP0|A	26.087	207	736	1252	1.78e-11	65.5	28
8WTN_B	pdb|9JUP|A	28.324	173	736	1327	5.65e-11	63.9	25
8WTN_B	pdb|9JUP|A	30.108	186	736	1327	1.15e-10	62.8	25
8WTN_B	pdb|9JUO|A	28.324	173	736	1327	5.65e-11	63.9	25
8WTN_B	pdb|9JUO|A	30.108	186	736	1327	1.15e-10	62.8	25
8WTN_B	pdb|9JUN|A	28.324	173	736	1327	5.65e-11	63.9	25
8WTN_B	pdb|9JUN|A	30.108	186	736	1327	1.15e-10	62.8	25
8WTN_B	pdb|9JUM|A	28.324	173	736	1327	5.65e-11	63.9	25
8WTN_B	pdb|9JUM|A	30.108	186	736	1327	1.15e-10	62.8	25
8WTO_A	pdb|8K0Z|B	28.635	674	736	662	1.55e-74	252	89
8WTO_A	pdb|8K0Z|A	28.635	674	736	662	1.55e-74	252	89
8WTO_A	pdb|8K0X|C	28.635	674	736	662	1.55e-74	252	89
8WTO_A	pdb|8K0X|A	28.635	674	736	662	1.55e-74	252	89
8WTO_A	pdb|8IWK|C	28.635	674	736	662	1.55e-74	252	89
8WTO_A	pdb|8IWK|A	28.635	674	736	662	1.55e-74	252	89
8WTO_A	pdb|8IWJ|B	28.635	674	736	662	1.55e-74	252	89
8WTO_A	pdb|8IWJ|A	28.635	674	736	662	1.55e-74	252	89
8WTO_A	pdb|8I3D|B	28.635	674	736	662	1.55e-74	252	89
8WTO_A	pdb|8I3D|A	28.635	674	736	662	1.55e-74	252	89
8WTO_A	pdb|8I3C|B	28.635	674	736	662	1.55e-74	252	89
8WTO_A	pdb|8I3C|A	28.635	674	736	662	1.55e-74	252	89
8WTO_A	pdb|8I39|B	28.635	674	736	662	1.55e-74	252	89
8WTO_A	pdb|8I39|A	28.635	674	736	662	1.55e-74	252	89
8WTO_A	pdb|8I38|B	28.635	674	736	662	1.55e-74	252	89
8WTO_A	pdb|8I38|A	28.635	674	736	662	1.55e-74	252	89
8WTO_A	pdb|8WD6|B	28.635	674	736	698	1.98e-74	252	89
8WTO_A	pdb|8WD6|A	28.635	674	736	698	1.98e-74	252	89
8WTO_A	pdb|8WBX|B	28.635	674	736	698	1.98e-74	252	89
8WTO_A	pdb|8WBX|A	28.635	674	736	698	1.98e-74	252	89
8WTO_A	pdb|8WBA|B	28.635	674	736	698	1.98e-74	252	89
8WTO_A	pdb|8WBA|A	28.635	674	736	698	1.98e-74	252	89
8WTO_A	pdb|8IWN|C	28.487	674	736	662	4.98e-74	250	89
8WTO_A	pdb|8IWN|A	28.487	674	736	662	4.98e-74	250	89
8WTO_A	pdb|8I3B|B	28.487	674	736	662	4.98e-74	250	89
8WTO_A	pdb|8I3B|A	28.487	674	736	662	4.98e-74	250	89
8WTO_A	pdb|8I3A|B	28.487	674	736	662	4.98e-74	250	89
8WTO_A	pdb|8I3A|A	28.487	674	736	662	4.98e-74	250	89
8WTO_A	pdb|8WAM|B	28.487	674	736	698	6.13e-74	251	89
8WTO_A	pdb|8WAM|A	28.487	674	736	698	6.13e-74	251	89
8WTO_A	pdb|7N5B|B	27.477	222	736	739	3.12e-13	70.9	29
8WTO_A	pdb|7N5B|A	27.477	222	736	739	3.12e-13	70.9	29
8WTO_A	pdb|7N5A|B	27.477	222	736	739	3.12e-13	70.9	29
8WTO_A	pdb|7N5A|A	27.477	222	736	739	3.12e-13	70.9	29
8WTO_A	pdb|7N59|B	27.477	222	736	739	3.12e-13	70.9	29
8WTO_A	pdb|7N59|A	27.477	222	736	739	3.12e-13	70.9	29
8WTO_A	pdb|7N58|B	27.477	222	736	739	3.12e-13	70.9	29
8WTO_A	pdb|7N58|A	27.477	222	736	739	3.12e-13	70.9	29
8WTO_A	pdb|9KKE|A	27.488	211	736	1252	1.04e-12	69.3	28
8WTO_A	pdb|9KKE|A	26.570	207	736	1252	7.31e-12	66.6	28
8WTO_A	pdb|9KK6|A	27.488	211	736	1252	1.04e-12	69.3	28
8WTO_A	pdb|9KK6|A	26.570	207	736	1252	7.31e-12	66.6	28
8WTO_A	pdb|9KJC|A	27.488	211	736	1252	1.04e-12	69.3	28
8WTO_A	pdb|9KJC|A	26.570	207	736	1252	7.31e-12	66.6	28
8WTO_A	pdb|9KG2|A	27.488	211	736	1252	1.04e-12	69.3	28
8WTO_A	pdb|9KG2|A	26.570	207	736	1252	7.31e-12	66.6	28
8WTO_A	pdb|8WOO|A	27.488	211	736	1252	1.04e-12	69.3	28
8WTO_A	pdb|8WOO|A	26.570	207	736	1252	7.31e-12	66.6	28
8WTO_A	pdb|8WOM|A	27.488	211	736	1252	1.04e-12	69.3	28
8WTO_A	pdb|8WOM|A	26.570	207	736	1252	7.31e-12	66.6	28
8WTO_A	pdb|8WOI|A	27.488	211	736	1252	1.04e-12	69.3	28
8WTO_A	pdb|8WOI|A	26.570	207	736	1252	7.31e-12	66.6	28
8WTO_A	pdb|8WP0|A	27.014	211	736	1252	2.50e-12	68.2	28
8WTO_A	pdb|8WP0|A	26.087	207	736	1252	1.78e-11	65.5	28
8WTO_A	pdb|9JUP|A	28.324	173	736	1327	5.65e-11	63.9	25
8WTO_A	pdb|9JUP|A	30.108	186	736	1327	1.15e-10	62.8	25
8WTO_A	pdb|9JUO|A	28.324	173	736	1327	5.65e-11	63.9	25
8WTO_A	pdb|9JUO|A	30.108	186	736	1327	1.15e-10	62.8	25
8WTO_A	pdb|9JUN|A	28.324	173	736	1327	5.65e-11	63.9	25
8WTO_A	pdb|9JUN|A	30.108	186	736	1327	1.15e-10	62.8	25
8WTO_A	pdb|9JUM|A	28.324	173	736	1327	5.65e-11	63.9	25
8WTO_A	pdb|9JUM|A	30.108	186	736	1327	1.15e-10	62.8	25
8WTO_B	pdb|8K0Z|B	28.635	674	736	662	1.55e-74	252	89
8WTO_B	pdb|8K0Z|A	28.635	674	736	662	1.55e-74	252	89
8WTO_B	pdb|8K0X|C	28.635	674	736	662	1.55e-74	252	89
8WTO_B	pdb|8K0X|A	28.635	674	736	662	1.55e-74	252	89
8WTO_B	pdb|8IWK|C	28.635	674	736	662	1.55e-74	252	89
8WTO_B	pdb|8IWK|A	28.635	674	736	662	1.55e-74	252	89
8WTO_B	pdb|8IWJ|B	28.635	674	736	662	1.55e-74	252	89
8WTO_B	pdb|8IWJ|A	28.635	674	736	662	1.55e-74	252	89
8WTO_B	pdb|8I3D|B	28.635	674	736	662	1.55e-74	252	89
8WTO_B	pdb|8I3D|A	28.635	674	736	662	1.55e-74	252	89
8WTO_B	pdb|8I3C|B	28.635	674	736	662	1.55e-74	252	89
8WTO_B	pdb|8I3C|A	28.635	674	736	662	1.55e-74	252	89
8WTO_B	pdb|8I39|B	28.635	674	736	662	1.55e-74	252	89
8WTO_B	pdb|8I39|A	28.635	674	736	662	1.55e-74	252	89
8WTO_B	pdb|8I38|B	28.635	674	736	662	1.55e-74	252	89
8WTO_B	pdb|8I38|A	28.635	674	736	662	1.55e-74	252	89
8WTO_B	pdb|8WD6|B	28.635	674	736	698	1.98e-74	252	89
8WTO_B	pdb|8WD6|A	28.635	674	736	698	1.98e-74	252	89
8WTO_B	pdb|8WBX|B	28.635	674	736	698	1.98e-74	252	89
8WTO_B	pdb|8WBX|A	28.635	674	736	698	1.98e-74	252	89
8WTO_B	pdb|8WBA|B	28.635	674	736	698	1.98e-74	252	89
8WTO_B	pdb|8WBA|A	28.635	674	736	698	1.98e-74	252	89
8WTO_B	pdb|8IWN|C	28.487	674	736	662	4.98e-74	250	89
8WTO_B	pdb|8IWN|A	28.487	674	736	662	4.98e-74	250	89
8WTO_B	pdb|8I3B|B	28.487	674	736	662	4.98e-74	250	89
8WTO_B	pdb|8I3B|A	28.487	674	736	662	4.98e-74	250	89
8WTO_B	pdb|8I3A|B	28.487	674	736	662	4.98e-74	250	89
8WTO_B	pdb|8I3A|A	28.487	674	736	662	4.98e-74	250	89
8WTO_B	pdb|8WAM|B	28.487	674	736	698	6.13e-74	251	89
8WTO_B	pdb|8WAM|A	28.487	674	736	698	6.13e-74	251	89
8WTO_B	pdb|7N5B|B	27.477	222	736	739	3.12e-13	70.9	29
8WTO_B	pdb|7N5B|A	27.477	222	736	739	3.12e-13	70.9	29
8WTO_B	pdb|7N5A|B	27.477	222	736	739	3.12e-13	70.9	29
8WTO_B	pdb|7N5A|A	27.477	222	736	739	3.12e-13	70.9	29
8WTO_B	pdb|7N59|B	27.477	222	736	739	3.12e-13	70.9	29
8WTO_B	pdb|7N59|A	27.477	222	736	739	3.12e-13	70.9	29
8WTO_B	pdb|7N58|B	27.477	222	736	739	3.12e-13	70.9	29
8WTO_B	pdb|7N58|A	27.477	222	736	739	3.12e-13	70.9	29
8WTO_B	pdb|9KKE|A	27.488	211	736	1252	1.04e-12	69.3	28
8WTO_B	pdb|9KKE|A	26.570	207	736	1252	7.31e-12	66.6	28
8WTO_B	pdb|9KK6|A	27.488	211	736	1252	1.04e-12	69.3	28
8WTO_B	pdb|9KK6|A	26.570	207	736	1252	7.31e-12	66.6	28
8WTO_B	pdb|9KJC|A	27.488	211	736	1252	1.04e-12	69.3	28
8WTO_B	pdb|9KJC|A	26.570	207	736	1252	7.31e-12	66.6	28
8WTO_B	pdb|9KG2|A	27.488	211	736	1252	1.04e-12	69.3	28
8WTO_B	pdb|9KG2|A	26.570	207	736	1252	7.31e-12	66.6	28
8WTO_B	pdb|8WOO|A	27.488	211	736	1252	1.04e-12	69.3	28
8WTO_B	pdb|8WOO|A	26.570	207	736	1252	7.31e-12	66.6	28
8WTO_B	pdb|8WOM|A	27.488	211	736	1252	1.04e-12	69.3	28
8WTO_B	pdb|8WOM|A	26.570	207	736	1252	7.31e-12	66.6	28
8WTO_B	pdb|8WOI|A	27.488	211	736	1252	1.04e-12	69.3	28
8WTO_B	pdb|8WOI|A	26.570	207	736	1252	7.31e-12	66.6	28
8WTO_B	pdb|8WP0|A	27.014	211	736	1252	2.50e-12	68.2	28
8WTO_B	pdb|8WP0|A	26.087	207	736	1252	1.78e-11	65.5	28
8WTO_B	pdb|9JUP|A	28.324	173	736	1327	5.65e-11	63.9	25
8WTO_B	pdb|9JUP|A	30.108	186	736	1327	1.15e-10	62.8	25
8WTO_B	pdb|9JUO|A	28.324	173	736	1327	5.65e-11	63.9	25
8WTO_B	pdb|9JUO|A	30.108	186	736	1327	1.15e-10	62.8	25
8WTO_B	pdb|9JUN|A	28.324	173	736	1327	5.65e-11	63.9	25
8WTO_B	pdb|9JUN|A	30.108	186	736	1327	1.15e-10	62.8	25
8WTO_B	pdb|9JUM|A	28.324	173	736	1327	5.65e-11	63.9	25
8WTO_B	pdb|9JUM|A	30.108	186	736	1327	1.15e-10	62.8	25
8WTP_A	pdb|8K0Z|B	28.635	674	736	662	1.55e-74	252	89
8WTP_A	pdb|8K0Z|A	28.635	674	736	662	1.55e-74	252	89
8WTP_A	pdb|8K0X|C	28.635	674	736	662	1.55e-74	252	89
8WTP_A	pdb|8K0X|A	28.635	674	736	662	1.55e-74	252	89
8WTP_A	pdb|8IWK|C	28.635	674	736	662	1.55e-74	252	89
8WTP_A	pdb|8IWK|A	28.635	674	736	662	1.55e-74	252	89
8WTP_A	pdb|8IWJ|B	28.635	674	736	662	1.55e-74	252	89
8WTP_A	pdb|8IWJ|A	28.635	674	736	662	1.55e-74	252	89
8WTP_A	pdb|8I3D|B	28.635	674	736	662	1.55e-74	252	89
8WTP_A	pdb|8I3D|A	28.635	674	736	662	1.55e-74	252	89
8WTP_A	pdb|8I3C|B	28.635	674	736	662	1.55e-74	252	89
8WTP_A	pdb|8I3C|A	28.635	674	736	662	1.55e-74	252	89
8WTP_A	pdb|8I39|B	28.635	674	736	662	1.55e-74	252	89
8WTP_A	pdb|8I39|A	28.635	674	736	662	1.55e-74	252	89
8WTP_A	pdb|8I38|B	28.635	674	736	662	1.55e-74	252	89
8WTP_A	pdb|8I38|A	28.635	674	736	662	1.55e-74	252	89
8WTP_A	pdb|8WD6|B	28.635	674	736	698	1.98e-74	252	89
8WTP_A	pdb|8WD6|A	28.635	674	736	698	1.98e-74	252	89
8WTP_A	pdb|8WBX|B	28.635	674	736	698	1.98e-74	252	89
8WTP_A	pdb|8WBX|A	28.635	674	736	698	1.98e-74	252	89
8WTP_A	pdb|8WBA|B	28.635	674	736	698	1.98e-74	252	89
8WTP_A	pdb|8WBA|A	28.635	674	736	698	1.98e-74	252	89
8WTP_A	pdb|8IWN|C	28.487	674	736	662	4.98e-74	250	89
8WTP_A	pdb|8IWN|A	28.487	674	736	662	4.98e-74	250	89
8WTP_A	pdb|8I3B|B	28.487	674	736	662	4.98e-74	250	89
8WTP_A	pdb|8I3B|A	28.487	674	736	662	4.98e-74	250	89
8WTP_A	pdb|8I3A|B	28.487	674	736	662	4.98e-74	250	89
8WTP_A	pdb|8I3A|A	28.487	674	736	662	4.98e-74	250	89
8WTP_A	pdb|8WAM|B	28.487	674	736	698	6.13e-74	251	89
8WTP_A	pdb|8WAM|A	28.487	674	736	698	6.13e-74	251	89
8WTP_A	pdb|7N5B|B	27.477	222	736	739	3.12e-13	70.9	29
8WTP_A	pdb|7N5B|A	27.477	222	736	739	3.12e-13	70.9	29
8WTP_A	pdb|7N5A|B	27.477	222	736	739	3.12e-13	70.9	29
8WTP_A	pdb|7N5A|A	27.477	222	736	739	3.12e-13	70.9	29
8WTP_A	pdb|7N59|B	27.477	222	736	739	3.12e-13	70.9	29
8WTP_A	pdb|7N59|A	27.477	222	736	739	3.12e-13	70.9	29
8WTP_A	pdb|7N58|B	27.477	222	736	739	3.12e-13	70.9	29
8WTP_A	pdb|7N58|A	27.477	222	736	739	3.12e-13	70.9	29
8WTP_A	pdb|9KKE|A	27.488	211	736	1252	1.04e-12	69.3	28
8WTP_A	pdb|9KKE|A	26.570	207	736	1252	7.31e-12	66.6	28
8WTP_A	pdb|9KK6|A	27.488	211	736	1252	1.04e-12	69.3	28
8WTP_A	pdb|9KK6|A	26.570	207	736	1252	7.31e-12	66.6	28
8WTP_A	pdb|9KJC|A	27.488	211	736	1252	1.04e-12	69.3	28
8WTP_A	pdb|9KJC|A	26.570	207	736	1252	7.31e-12	66.6	28
8WTP_A	pdb|9KG2|A	27.488	211	736	1252	1.04e-12	69.3	28
8WTP_A	pdb|9KG2|A	26.570	207	736	1252	7.31e-12	66.6	28
8WTP_A	pdb|8WOO|A	27.488	211	736	1252	1.04e-12	69.3	28
8WTP_A	pdb|8WOO|A	26.570	207	736	1252	7.31e-12	66.6	28
8WTP_A	pdb|8WOM|A	27.488	211	736	1252	1.04e-12	69.3	28
8WTP_A	pdb|8WOM|A	26.570	207	736	1252	7.31e-12	66.6	28
8WTP_A	pdb|8WOI|A	27.488	211	736	1252	1.04e-12	69.3	28
8WTP_A	pdb|8WOI|A	26.570	207	736	1252	7.31e-12	66.6	28
8WTP_A	pdb|8WP0|A	27.014	211	736	1252	2.50e-12	68.2	28
8WTP_A	pdb|8WP0|A	26.087	207	736	1252	1.78e-11	65.5	28
8WTP_A	pdb|9JUP|A	28.324	173	736	1327	5.65e-11	63.9	25
8WTP_A	pdb|9JUP|A	30.108	186	736	1327	1.15e-10	62.8	25
8WTP_A	pdb|9JUO|A	28.324	173	736	1327	5.65e-11	63.9	25
8WTP_A	pdb|9JUO|A	30.108	186	736	1327	1.15e-10	62.8	25
8WTP_A	pdb|9JUN|A	28.324	173	736	1327	5.65e-11	63.9	25
8WTP_A	pdb|9JUN|A	30.108	186	736	1327	1.15e-10	62.8	25
8WTP_A	pdb|9JUM|A	28.324	173	736	1327	5.65e-11	63.9	25
8WTP_A	pdb|9JUM|A	30.108	186	736	1327	1.15e-10	62.8	25
8WTP_B	pdb|8K0Z|B	28.635	674	736	662	1.55e-74	252	89
8WTP_B	pdb|8K0Z|A	28.635	674	736	662	1.55e-74	252	89
8WTP_B	pdb|8K0X|C	28.635	674	736	662	1.55e-74	252	89
8WTP_B	pdb|8K0X|A	28.635	674	736	662	1.55e-74	252	89
8WTP_B	pdb|8IWK|C	28.635	674	736	662	1.55e-74	252	89
8WTP_B	pdb|8IWK|A	28.635	674	736	662	1.55e-74	252	89
8WTP_B	pdb|8IWJ|B	28.635	674	736	662	1.55e-74	252	89
8WTP_B	pdb|8IWJ|A	28.635	674	736	662	1.55e-74	252	89
8WTP_B	pdb|8I3D|B	28.635	674	736	662	1.55e-74	252	89
8WTP_B	pdb|8I3D|A	28.635	674	736	662	1.55e-74	252	89
8WTP_B	pdb|8I3C|B	28.635	674	736	662	1.55e-74	252	89
8WTP_B	pdb|8I3C|A	28.635	674	736	662	1.55e-74	252	89
8WTP_B	pdb|8I39|B	28.635	674	736	662	1.55e-74	252	89
8WTP_B	pdb|8I39|A	28.635	674	736	662	1.55e-74	252	89
8WTP_B	pdb|8I38|B	28.635	674	736	662	1.55e-74	252	89
8WTP_B	pdb|8I38|A	28.635	674	736	662	1.55e-74	252	89
8WTP_B	pdb|8WD6|B	28.635	674	736	698	1.98e-74	252	89
8WTP_B	pdb|8WD6|A	28.635	674	736	698	1.98e-74	252	89
8WTP_B	pdb|8WBX|B	28.635	674	736	698	1.98e-74	252	89
8WTP_B	pdb|8WBX|A	28.635	674	736	698	1.98e-74	252	89
8WTP_B	pdb|8WBA|B	28.635	674	736	698	1.98e-74	252	89
8WTP_B	pdb|8WBA|A	28.635	674	736	698	1.98e-74	252	89
8WTP_B	pdb|8IWN|C	28.487	674	736	662	4.98e-74	250	89
8WTP_B	pdb|8IWN|A	28.487	674	736	662	4.98e-74	250	89
8WTP_B	pdb|8I3B|B	28.487	674	736	662	4.98e-74	250	89
8WTP_B	pdb|8I3B|A	28.487	674	736	662	4.98e-74	250	89
8WTP_B	pdb|8I3A|B	28.487	674	736	662	4.98e-74	250	89
8WTP_B	pdb|8I3A|A	28.487	674	736	662	4.98e-74	250	89
8WTP_B	pdb|8WAM|B	28.487	674	736	698	6.13e-74	251	89
8WTP_B	pdb|8WAM|A	28.487	674	736	698	6.13e-74	251	89
8WTP_B	pdb|7N5B|B	27.477	222	736	739	3.12e-13	70.9	29
8WTP_B	pdb|7N5B|A	27.477	222	736	739	3.12e-13	70.9	29
8WTP_B	pdb|7N5A|B	27.477	222	736	739	3.12e-13	70.9	29
8WTP_B	pdb|7N5A|A	27.477	222	736	739	3.12e-13	70.9	29
8WTP_B	pdb|7N59|B	27.477	222	736	739	3.12e-13	70.9	29
8WTP_B	pdb|7N59|A	27.477	222	736	739	3.12e-13	70.9	29
8WTP_B	pdb|7N58|B	27.477	222	736	739	3.12e-13	70.9	29
8WTP_B	pdb|7N58|A	27.477	222	736	739	3.12e-13	70.9	29
8WTP_B	pdb|9KKE|A	27.488	211	736	1252	1.04e-12	69.3	28
8WTP_B	pdb|9KKE|A	26.570	207	736	1252	7.31e-12	66.6	28
8WTP_B	pdb|9KK6|A	27.488	211	736	1252	1.04e-12	69.3	28
8WTP_B	pdb|9KK6|A	26.570	207	736	1252	7.31e-12	66.6	28
8WTP_B	pdb|9KJC|A	27.488	211	736	1252	1.04e-12	69.3	28
8WTP_B	pdb|9KJC|A	26.570	207	736	1252	7.31e-12	66.6	28
8WTP_B	pdb|9KG2|A	27.488	211	736	1252	1.04e-12	69.3	28
8WTP_B	pdb|9KG2|A	26.570	207	736	1252	7.31e-12	66.6	28
8WTP_B	pdb|8WOO|A	27.488	211	736	1252	1.04e-12	69.3	28
8WTP_B	pdb|8WOO|A	26.570	207	736	1252	7.31e-12	66.6	28
8WTP_B	pdb|8WOM|A	27.488	211	736	1252	1.04e-12	69.3	28
8WTP_B	pdb|8WOM|A	26.570	207	736	1252	7.31e-12	66.6	28
8WTP_B	pdb|8WOI|A	27.488	211	736	1252	1.04e-12	69.3	28
8WTP_B	pdb|8WOI|A	26.570	207	736	1252	7.31e-12	66.6	28
8WTP_B	pdb|8WP0|A	27.014	211	736	1252	2.50e-12	68.2	28
8WTP_B	pdb|8WP0|A	26.087	207	736	1252	1.78e-11	65.5	28
8WTP_B	pdb|9JUP|A	28.324	173	736	1327	5.65e-11	63.9	25
8WTP_B	pdb|9JUP|A	30.108	186	736	1327	1.15e-10	62.8	25
8WTP_B	pdb|9JUO|A	28.324	173	736	1327	5.65e-11	63.9	25
8WTP_B	pdb|9JUO|A	30.108	186	736	1327	1.15e-10	62.8	25
8WTP_B	pdb|9JUN|A	28.324	173	736	1327	5.65e-11	63.9	25
8WTP_B	pdb|9JUN|A	30.108	186	736	1327	1.15e-10	62.8	25
8WTP_B	pdb|9JUM|A	28.324	173	736	1327	5.65e-11	63.9	25
8WTP_B	pdb|9JUM|A	30.108	186	736	1327	1.15e-10	62.8	25
1LK9_A	pdb|3BWO|F	36.612	366	448	391	1.60e-76	241	80
1LK9_A	pdb|3BWO|E	36.612	366	448	391	1.60e-76	241	80
1LK9_A	pdb|3BWO|D	36.612	366	448	391	1.60e-76	241	80
1LK9_A	pdb|3BWO|C	36.612	366	448	391	1.60e-76	241	80
1LK9_A	pdb|3BWO|B	36.612	366	448	391	1.60e-76	241	80
1LK9_A	pdb|3BWO|A	36.612	366	448	391	1.60e-76	241	80
1LK9_A	pdb|3BWN|F	36.612	366	448	391	1.60e-76	241	80
1LK9_A	pdb|3BWN|E	36.612	366	448	391	1.60e-76	241	80
1LK9_A	pdb|3BWN|D	36.612	366	448	391	1.60e-76	241	80
1LK9_A	pdb|3BWN|C	36.612	366	448	391	1.60e-76	241	80
1LK9_A	pdb|3BWN|B	36.612	366	448	391	1.60e-76	241	80
1LK9_A	pdb|3BWN|A	36.612	366	448	391	1.60e-76	241	80
1LK9_A	pdb|4FL0|B	21.751	377	448	456	5.39e-06	46.2	77
1LK9_A	pdb|4FL0|A	21.751	377	448	456	5.39e-06	46.2	77
1LK9_B	pdb|3BWO|F	36.612	366	448	391	1.60e-76	241	80
1LK9_B	pdb|3BWO|E	36.612	366	448	391	1.60e-76	241	80
1LK9_B	pdb|3BWO|D	36.612	366	448	391	1.60e-76	241	80
1LK9_B	pdb|3BWO|C	36.612	366	448	391	1.60e-76	241	80
1LK9_B	pdb|3BWO|B	36.612	366	448	391	1.60e-76	241	80
1LK9_B	pdb|3BWO|A	36.612	366	448	391	1.60e-76	241	80
1LK9_B	pdb|3BWN|F	36.612	366	448	391	1.60e-76	241	80
1LK9_B	pdb|3BWN|E	36.612	366	448	391	1.60e-76	241	80
1LK9_B	pdb|3BWN|D	36.612	366	448	391	1.60e-76	241	80
1LK9_B	pdb|3BWN|C	36.612	366	448	391	1.60e-76	241	80
1LK9_B	pdb|3BWN|B	36.612	366	448	391	1.60e-76	241	80
1LK9_B	pdb|3BWN|A	36.612	366	448	391	1.60e-76	241	80
1LK9_B	pdb|4FL0|B	21.751	377	448	456	5.39e-06	46.2	77
1LK9_B	pdb|4FL0|A	21.751	377	448	456	5.39e-06	46.2	77
2HOR_A	pdb|3BWO|F	36.612	366	427	391	1.12e-76	241	84
2HOR_A	pdb|3BWO|E	36.612	366	427	391	1.12e-76	241	84
2HOR_A	pdb|3BWO|D	36.612	366	427	391	1.12e-76	241	84
2HOR_A	pdb|3BWO|C	36.612	366	427	391	1.12e-76	241	84
2HOR_A	pdb|3BWO|B	36.612	366	427	391	1.12e-76	241	84
2HOR_A	pdb|3BWO|A	36.612	366	427	391	1.12e-76	241	84
2HOR_A	pdb|3BWN|F	36.612	366	427	391	1.12e-76	241	84
2HOR_A	pdb|3BWN|E	36.612	366	427	391	1.12e-76	241	84
2HOR_A	pdb|3BWN|D	36.612	366	427	391	1.12e-76	241	84
2HOR_A	pdb|3BWN|C	36.612	366	427	391	1.12e-76	241	84
2HOR_A	pdb|3BWN|B	36.612	366	427	391	1.12e-76	241	84
2HOR_A	pdb|3BWN|A	36.612	366	427	391	1.12e-76	241	84
2HOR_A	pdb|4FL0|B	20.955	377	427	456	6.54e-06	45.8	81
2HOR_A	pdb|4FL0|A	20.955	377	427	456	6.54e-06	45.8	81
2HOX_A	pdb|3BWO|F	36.612	366	427	391	1.12e-76	241	84
2HOX_A	pdb|3BWO|E	36.612	366	427	391	1.12e-76	241	84
2HOX_A	pdb|3BWO|D	36.612	366	427	391	1.12e-76	241	84
2HOX_A	pdb|3BWO|C	36.612	366	427	391	1.12e-76	241	84
2HOX_A	pdb|3BWO|B	36.612	366	427	391	1.12e-76	241	84
2HOX_A	pdb|3BWO|A	36.612	366	427	391	1.12e-76	241	84
2HOX_A	pdb|3BWN|F	36.612	366	427	391	1.12e-76	241	84
2HOX_A	pdb|3BWN|E	36.612	366	427	391	1.12e-76	241	84
2HOX_A	pdb|3BWN|D	36.612	366	427	391	1.12e-76	241	84
2HOX_A	pdb|3BWN|C	36.612	366	427	391	1.12e-76	241	84
2HOX_A	pdb|3BWN|B	36.612	366	427	391	1.12e-76	241	84
2HOX_A	pdb|3BWN|A	36.612	366	427	391	1.12e-76	241	84
2HOX_A	pdb|4FL0|B	20.955	377	427	456	6.54e-06	45.8	81
2HOX_A	pdb|4FL0|A	20.955	377	427	456	6.54e-06	45.8	81
2HOX_B	pdb|3BWO|F	36.612	366	427	391	1.12e-76	241	84
2HOX_B	pdb|3BWO|E	36.612	366	427	391	1.12e-76	241	84
2HOX_B	pdb|3BWO|D	36.612	366	427	391	1.12e-76	241	84
2HOX_B	pdb|3BWO|C	36.612	366	427	391	1.12e-76	241	84
2HOX_B	pdb|3BWO|B	36.612	366	427	391	1.12e-76	241	84
2HOX_B	pdb|3BWO|A	36.612	366	427	391	1.12e-76	241	84
2HOX_B	pdb|3BWN|F	36.612	366	427	391	1.12e-76	241	84
2HOX_B	pdb|3BWN|E	36.612	366	427	391	1.12e-76	241	84
2HOX_B	pdb|3BWN|D	36.612	366	427	391	1.12e-76	241	84
2HOX_B	pdb|3BWN|C	36.612	366	427	391	1.12e-76	241	84
2HOX_B	pdb|3BWN|B	36.612	366	427	391	1.12e-76	241	84
2HOX_B	pdb|3BWN|A	36.612	366	427	391	1.12e-76	241	84
2HOX_B	pdb|4FL0|B	20.955	377	427	456	6.54e-06	45.8	81
2HOX_B	pdb|4FL0|A	20.955	377	427	456	6.54e-06	45.8	81
2HOX_C	pdb|3BWO|F	36.612	366	427	391	1.12e-76	241	84
2HOX_C	pdb|3BWO|E	36.612	366	427	391	1.12e-76	241	84
2HOX_C	pdb|3BWO|D	36.612	366	427	391	1.12e-76	241	84
2HOX_C	pdb|3BWO|C	36.612	366	427	391	1.12e-76	241	84
2HOX_C	pdb|3BWO|B	36.612	366	427	391	1.12e-76	241	84
2HOX_C	pdb|3BWO|A	36.612	366	427	391	1.12e-76	241	84
2HOX_C	pdb|3BWN|F	36.612	366	427	391	1.12e-76	241	84
2HOX_C	pdb|3BWN|E	36.612	366	427	391	1.12e-76	241	84
2HOX_C	pdb|3BWN|D	36.612	366	427	391	1.12e-76	241	84
2HOX_C	pdb|3BWN|C	36.612	366	427	391	1.12e-76	241	84
2HOX_C	pdb|3BWN|B	36.612	366	427	391	1.12e-76	241	84
2HOX_C	pdb|3BWN|A	36.612	366	427	391	1.12e-76	241	84
2HOX_C	pdb|4FL0|B	20.955	377	427	456	6.54e-06	45.8	81
2HOX_C	pdb|4FL0|A	20.955	377	427	456	6.54e-06	45.8	81
2HOX_D	pdb|3BWO|F	36.612	366	427	391	1.12e-76	241	84
2HOX_D	pdb|3BWO|E	36.612	366	427	391	1.12e-76	241	84
2HOX_D	pdb|3BWO|D	36.612	366	427	391	1.12e-76	241	84
2HOX_D	pdb|3BWO|C	36.612	366	427	391	1.12e-76	241	84
2HOX_D	pdb|3BWO|B	36.612	366	427	391	1.12e-76	241	84
2HOX_D	pdb|3BWO|A	36.612	366	427	391	1.12e-76	241	84
2HOX_D	pdb|3BWN|F	36.612	366	427	391	1.12e-76	241	84
2HOX_D	pdb|3BWN|E	36.612	366	427	391	1.12e-76	241	84
2HOX_D	pdb|3BWN|D	36.612	366	427	391	1.12e-76	241	84
2HOX_D	pdb|3BWN|C	36.612	366	427	391	1.12e-76	241	84
2HOX_D	pdb|3BWN|B	36.612	366	427	391	1.12e-76	241	84
2HOX_D	pdb|3BWN|A	36.612	366	427	391	1.12e-76	241	84
2HOX_D	pdb|4FL0|B	20.955	377	427	456	6.54e-06	45.8	81
2HOX_D	pdb|4FL0|A	20.955	377	427	456	6.54e-06	45.8	81
8WOP_A	pdb|2C5E|B	23.179	302	370	379	3.64e-06	46.2	78
8WOP_A	pdb|2C5E|A	23.179	302	370	379	3.64e-06	46.2	78
8WOP_A	pdb|2C59|B	24.277	173	370	379	4.54e-06	45.8	44
8WOP_A	pdb|2C59|A	24.277	173	370	379	4.54e-06	45.8	44
8WOP_A	pdb|2C54|B	23.699	173	370	379	8.67e-06	45.1	44
8WOP_A	pdb|2C54|A	23.699	173	370	379	8.67e-06	45.1	44
8WOP_A	pdb|2C5A|B	23.699	173	370	379	1.15e-05	44.7	44
8WOP_A	pdb|2C5A|A	23.699	173	370	379	1.15e-05	44.7	44
8WOP_A	pdb|6PEX|D	85.000	20	370	329	2.05e-05	43.5	5
8WOP_A	pdb|6PEX|C	85.000	20	370	329	2.05e-05	43.5	5
8WOP_A	pdb|6PEX|B	85.000	20	370	329	2.05e-05	43.5	5
8WOP_A	pdb|6PEX|A	85.000	20	370	329	2.05e-05	43.5	5
8WOP_A	pdb|4R1T|A	30.263	152	370	337	5.56e-05	42.4	39
8WOP_A	pdb|4R1S|B	30.263	152	370	337	5.56e-05	42.4	39
8WOP_A	pdb|4R1S|A	30.263	152	370	337	5.56e-05	42.4	39
8WOP_A	pdb|4R1U|B	29.630	135	370	349	2.78e-04	40.0	36
8WOP_A	pdb|4R1U|A	29.630	135	370	349	2.78e-04	40.0	36
8WOP_A	pdb|5LDG|A	27.551	98	370	316	3.13e-04	39.7	25
8WOP_A	pdb|5LCX|A	27.551	98	370	316	3.13e-04	39.7	25
8WOP_A	pdb|5L4S|A	27.551	98	370	318	3.26e-04	39.7	25
8WOP_B	pdb|2C5E|B	23.179	302	370	379	3.64e-06	46.2	78
8WOP_B	pdb|2C5E|A	23.179	302	370	379	3.64e-06	46.2	78
8WOP_B	pdb|2C59|B	24.277	173	370	379	4.54e-06	45.8	44
8WOP_B	pdb|2C59|A	24.277	173	370	379	4.54e-06	45.8	44
8WOP_B	pdb|2C54|B	23.699	173	370	379	8.67e-06	45.1	44
8WOP_B	pdb|2C54|A	23.699	173	370	379	8.67e-06	45.1	44
8WOP_B	pdb|2C5A|B	23.699	173	370	379	1.15e-05	44.7	44
8WOP_B	pdb|2C5A|A	23.699	173	370	379	1.15e-05	44.7	44
8WOP_B	pdb|6PEX|D	85.000	20	370	329	2.05e-05	43.5	5
8WOP_B	pdb|6PEX|C	85.000	20	370	329	2.05e-05	43.5	5
8WOP_B	pdb|6PEX|B	85.000	20	370	329	2.05e-05	43.5	5
8WOP_B	pdb|6PEX|A	85.000	20	370	329	2.05e-05	43.5	5
8WOP_B	pdb|4R1T|A	30.263	152	370	337	5.56e-05	42.4	39
8WOP_B	pdb|4R1S|B	30.263	152	370	337	5.56e-05	42.4	39
8WOP_B	pdb|4R1S|A	30.263	152	370	337	5.56e-05	42.4	39
8WOP_B	pdb|4R1U|B	29.630	135	370	349	2.78e-04	40.0	36
8WOP_B	pdb|4R1U|A	29.630	135	370	349	2.78e-04	40.0	36
8WOP_B	pdb|5LDG|A	27.551	98	370	316	3.13e-04	39.7	25
8WOP_B	pdb|5LCX|A	27.551	98	370	316	3.13e-04	39.7	25
8WOP_B	pdb|5L4S|A	27.551	98	370	318	3.26e-04	39.7	25
8WOV_A	pdb|2C5E|B	23.179	302	370	379	2.65e-06	46.6	78
8WOV_A	pdb|2C5E|A	23.179	302	370	379	2.65e-06	46.6	78
8WOV_A	pdb|2C59|B	22.848	302	370	379	3.84e-06	45.8	78
8WOV_A	pdb|2C59|A	22.848	302	370	379	3.84e-06	45.8	78
8WOV_A	pdb|2C54|B	22.517	302	370	379	7.46e-06	45.1	78
8WOV_A	pdb|2C54|A	22.517	302	370	379	7.46e-06	45.1	78
8WOV_A	pdb|2C5A|B	22.517	302	370	379	1.02e-05	44.7	78
8WOV_A	pdb|2C5A|A	22.517	302	370	379	1.02e-05	44.7	78
8WOV_A	pdb|6PEX|D	85.000	20	370	329	1.91e-05	43.5	5
8WOV_A	pdb|6PEX|C	85.000	20	370	329	1.91e-05	43.5	5
8WOV_A	pdb|6PEX|B	85.000	20	370	329	1.91e-05	43.5	5
8WOV_A	pdb|6PEX|A	85.000	20	370	329	1.91e-05	43.5	5
8WOV_A	pdb|4R1T|A	30.263	152	370	337	5.17e-05	42.4	39
8WOV_A	pdb|4R1S|B	30.263	152	370	337	5.17e-05	42.4	39
8WOV_A	pdb|4R1S|A	30.263	152	370	337	5.17e-05	42.4	39
8WOV_A	pdb|4R1U|B	29.630	135	370	349	2.80e-04	40.0	36
8WOV_A	pdb|4R1U|A	29.630	135	370	349	2.80e-04	40.0	36
8WOV_A	pdb|5LDG|A	27.551	98	370	316	3.13e-04	39.7	25
8WOV_A	pdb|5LCX|A	27.551	98	370	316	3.13e-04	39.7	25
8WOV_A	pdb|5L4S|A	27.551	98	370	318	3.17e-04	39.7	25
8WOV_B	pdb|2C5E|B	23.179	302	370	379	2.65e-06	46.6	78
8WOV_B	pdb|2C5E|A	23.179	302	370	379	2.65e-06	46.6	78
8WOV_B	pdb|2C59|B	22.848	302	370	379	3.84e-06	45.8	78
8WOV_B	pdb|2C59|A	22.848	302	370	379	3.84e-06	45.8	78
8WOV_B	pdb|2C54|B	22.517	302	370	379	7.46e-06	45.1	78
8WOV_B	pdb|2C54|A	22.517	302	370	379	7.46e-06	45.1	78
8WOV_B	pdb|2C5A|B	22.517	302	370	379	1.02e-05	44.7	78
8WOV_B	pdb|2C5A|A	22.517	302	370	379	1.02e-05	44.7	78
8WOV_B	pdb|6PEX|D	85.000	20	370	329	1.91e-05	43.5	5
8WOV_B	pdb|6PEX|C	85.000	20	370	329	1.91e-05	43.5	5
8WOV_B	pdb|6PEX|B	85.000	20	370	329	1.91e-05	43.5	5
8WOV_B	pdb|6PEX|A	85.000	20	370	329	1.91e-05	43.5	5
8WOV_B	pdb|4R1T|A	30.263	152	370	337	5.17e-05	42.4	39
8WOV_B	pdb|4R1S|B	30.263	152	370	337	5.17e-05	42.4	39
8WOV_B	pdb|4R1S|A	30.263	152	370	337	5.17e-05	42.4	39
8WOV_B	pdb|4R1U|B	29.630	135	370	349	2.80e-04	40.0	36
8WOV_B	pdb|4R1U|A	29.630	135	370	349	2.80e-04	40.0	36
8WOV_B	pdb|5LDG|A	27.551	98	370	316	3.13e-04	39.7	25
8WOV_B	pdb|5LCX|A	27.551	98	370	316	3.13e-04	39.7	25
8WOV_B	pdb|5L4S|A	27.551	98	370	318	3.17e-04	39.7	25
8WOW_A	pdb|2C5E|B	23.179	302	370	379	2.81e-06	46.6	78
8WOW_A	pdb|2C5E|A	23.179	302	370	379	2.81e-06	46.6	78
8WOW_A	pdb|2C59|B	22.848	302	370	379	4.46e-06	45.8	78
8WOW_A	pdb|2C59|A	22.848	302	370	379	4.46e-06	45.8	78
8WOW_A	pdb|2C54|B	22.517	302	370	379	8.37e-06	45.1	78
8WOW_A	pdb|2C54|A	22.517	302	370	379	8.37e-06	45.1	78
8WOW_A	pdb|2C5A|B	22.517	302	370	379	1.12e-05	44.7	78
8WOW_A	pdb|2C5A|A	22.517	302	370	379	1.12e-05	44.7	78
8WOW_A	pdb|6PEX|D	85.000	20	370	329	1.93e-05	43.5	5
8WOW_A	pdb|6PEX|C	85.000	20	370	329	1.93e-05	43.5	5
8WOW_A	pdb|6PEX|B	85.000	20	370	329	1.93e-05	43.5	5
8WOW_A	pdb|6PEX|A	85.000	20	370	329	1.93e-05	43.5	5
8WOW_A	pdb|4R1T|A	30.263	152	370	337	5.71e-05	42.4	39
8WOW_A	pdb|4R1S|B	30.263	152	370	337	5.71e-05	42.4	39
8WOW_A	pdb|4R1S|A	30.263	152	370	337	5.71e-05	42.4	39
8WOW_A	pdb|4R1U|B	29.630	135	370	349	2.88e-04	40.0	36
8WOW_A	pdb|4R1U|A	29.630	135	370	349	2.88e-04	40.0	36
8WOW_A	pdb|5L4S|A	27.551	98	370	318	2.93e-04	40.0	25
8WOW_A	pdb|5LDG|A	27.551	98	370	316	3.07e-04	40.0	25
8WOW_A	pdb|5LCX|A	27.551	98	370	316	3.07e-04	40.0	25
8WOW_B	pdb|2C5E|B	23.179	302	370	379	2.81e-06	46.6	78
8WOW_B	pdb|2C5E|A	23.179	302	370	379	2.81e-06	46.6	78
8WOW_B	pdb|2C59|B	22.848	302	370	379	4.46e-06	45.8	78
8WOW_B	pdb|2C59|A	22.848	302	370	379	4.46e-06	45.8	78
8WOW_B	pdb|2C54|B	22.517	302	370	379	8.37e-06	45.1	78
8WOW_B	pdb|2C54|A	22.517	302	370	379	8.37e-06	45.1	78
8WOW_B	pdb|2C5A|B	22.517	302	370	379	1.12e-05	44.7	78
8WOW_B	pdb|2C5A|A	22.517	302	370	379	1.12e-05	44.7	78
8WOW_B	pdb|6PEX|D	85.000	20	370	329	1.93e-05	43.5	5
8WOW_B	pdb|6PEX|C	85.000	20	370	329	1.93e-05	43.5	5
8WOW_B	pdb|6PEX|B	85.000	20	370	329	1.93e-05	43.5	5
8WOW_B	pdb|6PEX|A	85.000	20	370	329	1.93e-05	43.5	5
8WOW_B	pdb|4R1T|A	30.263	152	370	337	5.71e-05	42.4	39
8WOW_B	pdb|4R1S|B	30.263	152	370	337	5.71e-05	42.4	39
8WOW_B	pdb|4R1S|A	30.263	152	370	337	5.71e-05	42.4	39
8WOW_B	pdb|4R1U|B	29.630	135	370	349	2.88e-04	40.0	36
8WOW_B	pdb|4R1U|A	29.630	135	370	349	2.88e-04	40.0	36
8WOW_B	pdb|5L4S|A	27.551	98	370	318	2.93e-04	40.0	25
8WOW_B	pdb|5LDG|A	27.551	98	370	316	3.07e-04	40.0	25
8WOW_B	pdb|5LCX|A	27.551	98	370	316	3.07e-04	40.0	25
7WNQ_A	pdb|9M7W|A	51.256	398	556	635	1.15e-147	437	72
7WNQ_A	pdb|9M7S|B	51.256	398	556	635	1.15e-147	437	72
7WNQ_A	pdb|9M7S|A	51.256	398	556	635	1.15e-147	437	72
7WNQ_A	pdb|9M7R|C	51.256	398	556	635	1.15e-147	437	72
7WNQ_A	pdb|9M7R|B	51.256	398	556	635	1.15e-147	437	72
7WNQ_A	pdb|9M7R|A	51.256	398	556	635	1.15e-147	437	72
7WNQ_A	pdb|9M7W|C	40.129	309	556	385	2.35e-73	236	54
7WNQ_A	pdb|9M7W|B	40.129	309	556	385	2.35e-73	236	54
7WNQ_A	pdb|9M7U|C	40.129	309	556	385	2.35e-73	236	54
7WNQ_A	pdb|9M7U|B	40.129	309	556	385	2.35e-73	236	54
7WNQ_A	pdb|9M7U|A	40.129	309	556	385	2.35e-73	236	54
7WNQ_A	pdb|9M7S|C	40.129	309	556	385	2.35e-73	236	54
7WNQ_B	pdb|9M7W|A	51.256	398	556	635	1.15e-147	437	72
7WNQ_B	pdb|9M7S|B	51.256	398	556	635	1.15e-147	437	72
7WNQ_B	pdb|9M7S|A	51.256	398	556	635	1.15e-147	437	72
7WNQ_B	pdb|9M7R|C	51.256	398	556	635	1.15e-147	437	72
7WNQ_B	pdb|9M7R|B	51.256	398	556	635	1.15e-147	437	72
7WNQ_B	pdb|9M7R|A	51.256	398	556	635	1.15e-147	437	72
7WNQ_B	pdb|9M7W|C	40.129	309	556	385	2.35e-73	236	54
7WNQ_B	pdb|9M7W|B	40.129	309	556	385	2.35e-73	236	54
7WNQ_B	pdb|9M7U|C	40.129	309	556	385	2.35e-73	236	54
7WNQ_B	pdb|9M7U|B	40.129	309	556	385	2.35e-73	236	54
7WNQ_B	pdb|9M7U|A	40.129	309	556	385	2.35e-73	236	54
7WNQ_B	pdb|9M7S|C	40.129	309	556	385	2.35e-73	236	54
7WNQ_C	pdb|9M7W|A	51.256	398	556	635	1.15e-147	437	72
7WNQ_C	pdb|9M7S|B	51.256	398	556	635	1.15e-147	437	72
7WNQ_C	pdb|9M7S|A	51.256	398	556	635	1.15e-147	437	72
7WNQ_C	pdb|9M7R|C	51.256	398	556	635	1.15e-147	437	72
7WNQ_C	pdb|9M7R|B	51.256	398	556	635	1.15e-147	437	72
7WNQ_C	pdb|9M7R|A	51.256	398	556	635	1.15e-147	437	72
7WNQ_C	pdb|9M7W|C	40.129	309	556	385	2.35e-73	236	54
7WNQ_C	pdb|9M7W|B	40.129	309	556	385	2.35e-73	236	54
7WNQ_C	pdb|9M7U|C	40.129	309	556	385	2.35e-73	236	54
7WNQ_C	pdb|9M7U|B	40.129	309	556	385	2.35e-73	236	54
7WNQ_C	pdb|9M7U|A	40.129	309	556	385	2.35e-73	236	54
7WNQ_C	pdb|9M7S|C	40.129	309	556	385	2.35e-73	236	54
3AQ4_A	pdb|2XTZ|C	29.487	78	184	354	2.04e-04	38.5	37
3AQ4_A	pdb|2XTZ|B	29.487	78	184	354	2.04e-04	38.5	37
3AQ4_A	pdb|2XTZ|A	29.487	78	184	354	2.04e-04	38.5	37
3AQ4_B	pdb|2XTZ|C	29.487	78	184	354	2.04e-04	38.5	37
3AQ4_B	pdb|2XTZ|B	29.487	78	184	354	2.04e-04	38.5	37
3AQ4_B	pdb|2XTZ|A	29.487	78	184	354	2.04e-04	38.5	37
7OBE_A	pdb|6PEX|D	84.211	19	504	329	1.35e-04	41.6	4
7OBE_A	pdb|6PEX|C	84.211	19	504	329	1.35e-04	41.6	4
7OBE_A	pdb|6PEX|B	84.211	19	504	329	1.35e-04	41.6	4
7OBE_A	pdb|6PEX|A	84.211	19	504	329	1.35e-04	41.6	4
7OBE_B	pdb|6PEX|D	84.211	19	504	329	1.35e-04	41.6	4
7OBE_B	pdb|6PEX|C	84.211	19	504	329	1.35e-04	41.6	4
7OBE_B	pdb|6PEX|B	84.211	19	504	329	1.35e-04	41.6	4
7OBE_B	pdb|6PEX|A	84.211	19	504	329	1.35e-04	41.6	4
9KBY_A	pdb|7VG3|A	29.036	985	1720	1621	1.80e-97	345	91
9KBY_A	pdb|7VG3|A	30.325	676	1720	1621	1.15e-63	238	91
9KBY_A	pdb|7VG2|A	29.036	985	1720	1621	1.80e-97	345	91
9KBY_A	pdb|7VG2|A	30.325	676	1720	1621	1.15e-63	238	91
9KBY_A	pdb|7ELE|A	28.587	892	1720	1909	3.94e-89	320	83
9KBY_A	pdb|7ELE|A	34.596	581	1720	1909	1.35e-81	296	83
9KBY_A	pdb|7ELE|A	33.333	66	1720	1909	8.14e-05	45.1	83
9KBY_A	pdb|7ELD|A	28.587	892	1720	1909	3.94e-89	320	83
9KBY_A	pdb|7ELD|A	34.596	581	1720	1909	1.35e-81	296	83
9KBY_A	pdb|7ELD|A	33.333	66	1720	1909	8.14e-05	45.1	83
9KBZ_A	pdb|7VG3|A	29.036	985	1720	1621	1.80e-97	345	91
9KBZ_A	pdb|7VG3|A	30.325	676	1720	1621	1.15e-63	238	91
9KBZ_A	pdb|7VG2|A	29.036	985	1720	1621	1.80e-97	345	91
9KBZ_A	pdb|7VG2|A	30.325	676	1720	1621	1.15e-63	238	91
9KBZ_A	pdb|7ELE|A	28.587	892	1720	1909	3.94e-89	320	83
9KBZ_A	pdb|7ELE|A	34.596	581	1720	1909	1.35e-81	296	83
9KBZ_A	pdb|7ELE|A	33.333	66	1720	1909	8.14e-05	45.1	83
9KBZ_A	pdb|7ELD|A	28.587	892	1720	1909	3.94e-89	320	83
9KBZ_A	pdb|7ELD|A	34.596	581	1720	1909	1.35e-81	296	83
9KBZ_A	pdb|7ELD|A	33.333	66	1720	1909	8.14e-05	45.1	83
7PUP_A	pdb|7TN7|A	25.449	334	490	342	1.17e-23	99.8	66
7PUP_A	pdb|7TN5|A	25.449	334	490	342	1.17e-23	99.8	66
7PUP_A	pdb|7TN8|A	25.073	343	490	342	2.52e-22	95.5	68
7PUP_A	pdb|7TN6|A	25.073	343	490	342	2.52e-22	95.5	68
7PUP_A	pdb|7TN3|A	25.073	343	490	342	6.13e-22	94.7	68
