5DQQ_A	7FHK_A	99.9	723	723	998	0.0	1386	100
5DQQ_A	7FHK_C	99.9	723	723	998	0.0	1386	100
5DQQ_A	7FHL_A	99.9	723	723	998	0.0	1386	100
5DQQ_A	7FHL_C	99.9	723	723	998	0.0	1386	100
5DQQ_A	7FHN_A	99.3	723	723	998	0.0	1377	100
5DQQ_A	7FHN_C	99.3	723	723	998	0.0	1377	100
5DQQ_A	7FHO_A	99.3	723	723	998	0.0	1377	100
5DQQ_A	7FHO_C	99.3	723	723	998	0.0	1377	100
5E1J_A	7FHK_A	100	741	741	998	0.0	1422	100
5E1J_A	7FHK_C	100	741	741	998	0.0	1422	100
5E1J_A	7FHL_A	100	741	741	998	0.0	1422	100
5E1J_A	7FHL_C	100	741	741	998	0.0	1422	100
5E1J_A	7FHN_A	99.5	741	741	998	0.0	1414	100
5E1J_A	7FHN_C	99.5	741	741	998	0.0	1414	100
5E1J_A	7FHO_A	99.5	741	741	998	0.0	1414	100
5E1J_A	7FHO_C	99.5	741	741	998	0.0	1414	100
5TUA_A	7FHK_A	99.6	739	739	998	0.0	1412	100
5TUA_A	7FHK_C	99.6	739	739	998	0.0	1412	100
5TUA_A	7FHL_A	99.6	739	739	998	0.0	1412	100
5TUA_A	7FHL_C	99.6	739	739	998	0.0	1412	100
5TUA_A	7FHN_A	99.1	739	739	998	0.0	1404	100
5TUA_A	7FHN_C	99.1	739	739	998	0.0	1404	100
5TUA_A	7FHO_A	99.1	739	739	998	0.0	1404	100
5TUA_A	7FHO_C	99.1	739	739	998	0.0	1404	100
6CX0_A	7FHK_A	99.3	731	727	998	0.0	1388	100
6CX0_A	7FHK_C	99.3	731	727	998	0.0	1388	100
6CX0_A	7FHL_A	99.3	731	727	998	0.0	1388	100
6CX0_A	7FHL_C	99.3	731	727	998	0.0	1388	100
6CX0_A	7FHN_A	98.8	731	727	998	0.0	1380	100
6CX0_A	7FHN_C	98.8	731	727	998	0.0	1380	100
6CX0_A	7FHO_A	98.8	731	727	998	0.0	1380	100
6CX0_A	7FHO_C	98.8	731	727	998	0.0	1380	100
6E1K_A	7FHK_A	98.4	731	727	998	0.0	1375	100
6E1K_A	7FHK_C	98.4	731	727	998	0.0	1375	100
6E1K_A	7FHL_A	98.4	731	727	998	0.0	1375	100
6E1K_A	7FHL_C	98.4	731	727	998	0.0	1375	100
6E1K_A	7FHN_A	98.2	731	727	998	0.0	1371	100
6E1K_A	7FHN_C	98.2	731	727	998	0.0	1371	100
6E1K_A	7FHO_A	98.2	731	727	998	0.0	1371	100
6E1K_A	7FHO_C	98.2	731	727	998	0.0	1371	100
6E1K_B	7FHK_A	98.4	731	727	998	0.0	1375	100
6E1K_B	7FHK_C	98.4	731	727	998	0.0	1375	100
6E1K_B	7FHL_A	98.4	731	727	998	0.0	1375	100
6E1K_B	7FHL_C	98.4	731	727	998	0.0	1375	100
6E1K_B	7FHN_A	98.2	731	727	998	0.0	1371	100
6E1K_B	7FHN_C	98.2	731	727	998	0.0	1371	100
6E1K_B	7FHO_A	98.2	731	727	998	0.0	1371	100
6E1K_B	7FHO_C	98.2	731	727	998	0.0	1371	100
6E1M_A	7FHK_A	98.4	731	727	998	0.0	1375	100
6E1M_A	7FHK_C	98.4	731	727	998	0.0	1375	100
6E1M_A	7FHL_A	98.4	731	727	998	0.0	1375	100
6E1M_A	7FHL_C	98.4	731	727	998	0.0	1375	100
6E1M_A	7FHN_A	98.2	731	727	998	0.0	1371	100
6E1M_A	7FHN_C	98.2	731	727	998	0.0	1371	100
6E1M_A	7FHO_A	98.2	731	727	998	0.0	1371	100
6E1M_A	7FHO_C	98.2	731	727	998	0.0	1371	100
6E1M_B	7FHK_A	98.4	731	727	998	0.0	1375	100
6E1M_B	7FHK_C	98.4	731	727	998	0.0	1375	100
6E1M_B	7FHL_A	98.4	731	727	998	0.0	1375	100
6E1M_B	7FHL_C	98.4	731	727	998	0.0	1375	100
6E1M_B	7FHN_A	98.2	731	727	998	0.0	1371	100
6E1M_B	7FHN_C	98.2	731	727	998	0.0	1371	100
6E1M_B	7FHO_A	98.2	731	727	998	0.0	1371	100
6E1M_B	7FHO_C	98.2	731	727	998	0.0	1371	100
6E1N_A	7FHK_A	98.4	731	727	998	0.0	1375	100
6E1N_A	7FHK_C	98.4	731	727	998	0.0	1375	100
6E1N_A	7FHL_A	98.4	731	727	998	0.0	1375	100
6E1N_A	7FHL_C	98.4	731	727	998	0.0	1375	100
6E1N_A	7FHN_A	98.2	731	727	998	0.0	1371	100
6E1N_A	7FHN_C	98.2	731	727	998	0.0	1371	100
6E1N_A	7FHO_A	98.2	731	727	998	0.0	1371	100
6E1N_A	7FHO_C	98.2	731	727	998	0.0	1371	100
6E1N_B	7FHK_A	98.4	731	727	998	0.0	1375	100
6E1N_B	7FHK_C	98.4	731	727	998	0.0	1375	100
6E1N_B	7FHL_A	98.4	731	727	998	0.0	1375	100
6E1N_B	7FHL_C	98.4	731	727	998	0.0	1375	100
6E1N_B	7FHN_A	98.2	731	727	998	0.0	1371	100
6E1N_B	7FHN_C	98.2	731	727	998	0.0	1371	100
6E1N_B	7FHO_A	98.2	731	727	998	0.0	1371	100
6E1N_B	7FHO_C	98.2	731	727	998	0.0	1371	100
6E1P_A	7FHK_A	98.4	731	727	998	0.0	1375	100
6E1P_A	7FHK_C	98.4	731	727	998	0.0	1375	100
6E1P_A	7FHL_A	98.4	731	727	998	0.0	1375	100
6E1P_A	7FHL_C	98.4	731	727	998	0.0	1375	100
6E1P_A	7FHN_A	98.2	731	727	998	0.0	1371	100
6E1P_A	7FHN_C	98.2	731	727	998	0.0	1371	100
6E1P_A	7FHO_A	98.2	731	727	998	0.0	1371	100
6E1P_A	7FHO_C	98.2	731	727	998	0.0	1371	100
6E1P_B	7FHK_A	98.4	731	727	998	0.0	1375	100
6E1P_B	7FHK_C	98.4	731	727	998	0.0	1375	100
6E1P_B	7FHL_A	98.4	731	727	998	0.0	1375	100
6E1P_B	7FHL_C	98.4	731	727	998	0.0	1375	100
6E1P_B	7FHN_A	98.2	731	727	998	0.0	1371	100
6E1P_B	7FHN_C	98.2	731	727	998	0.0	1371	100
6E1P_B	7FHO_A	98.2	731	727	998	0.0	1371	100
6E1P_B	7FHO_C	98.2	731	727	998	0.0	1371	100
7TBG_A	7FHK_A	99.7	733	733	998	0.0	1402	100
7TBG_A	7FHK_C	99.7	733	733	998	0.0	1402	100
7TBG_A	7FHL_A	99.7	733	733	998	0.0	1402	100
7TBG_A	7FHL_C	99.7	733	733	998	0.0	1402	100
7TBG_A	7FHN_A	99.3	733	733	998	0.0	1395	100
7TBG_A	7FHN_C	99.3	733	733	998	0.0	1395	100
7TBG_A	7FHO_A	99.3	733	733	998	0.0	1395	100
7TBG_A	7FHO_C	99.3	733	733	998	0.0	1395	100
7TBG_B	7FHK_A	99.7	733	733	998	0.0	1402	100
7TBG_B	7FHK_C	99.7	733	733	998	0.0	1402	100
7TBG_B	7FHL_A	99.7	733	733	998	0.0	1402	100
7TBG_B	7FHL_C	99.7	733	733	998	0.0	1402	100
7TBG_B	7FHN_A	99.3	733	733	998	0.0	1395	100
7TBG_B	7FHN_C	99.3	733	733	998	0.0	1395	100
7TBG_B	7FHO_A	99.3	733	733	998	0.0	1395	100
7TBG_B	7FHO_C	99.3	733	733	998	0.0	1395	100
7TDD_A	7FHK_A	99.9	675	675	998	0.0	1297	100
7TDD_A	7FHK_C	99.9	675	675	998	0.0	1297	100
7TDD_A	7FHL_A	99.9	675	675	998	0.0	1297	100
7TDD_A	7FHL_C	99.9	675	675	998	0.0	1297	100
7TDD_A	7FHN_A	99.4	675	675	998	0.0	1290	100
7TDD_A	7FHN_C	99.4	675	675	998	0.0	1290	100
7TDD_A	7FHO_A	99.4	675	675	998	0.0	1290	100
7TDD_A	7FHO_C	99.4	675	675	998	0.0	1290	100
7TDD_B	7FHK_A	99.9	675	675	998	0.0	1297	100
7TDD_B	7FHK_C	99.9	675	675	998	0.0	1297	100
7TDD_B	7FHL_A	99.9	675	675	998	0.0	1297	100
7TDD_B	7FHL_C	99.9	675	675	998	0.0	1297	100
7TDD_B	7FHN_A	99.4	675	675	998	0.0	1290	100
7TDD_B	7FHN_C	99.4	675	675	998	0.0	1290	100
7TDD_B	7FHO_A	99.4	675	675	998	0.0	1290	100
7TDD_B	7FHO_C	99.4	675	675	998	0.0	1290	100
7TDE_A	7FHN_A	100	733	733	998	0.0	1407	100
7TDE_A	7FHN_C	100	733	733	998	0.0	1407	100
7TDE_A	7FHO_A	100	733	733	998	0.0	1407	100
7TDE_A	7FHO_C	100	733	733	998	0.0	1407	100
7TDE_A	7FHK_A	99.5	733	733	998	0.0	1398	100
7TDE_A	7FHK_C	99.5	733	733	998	0.0	1398	100
7TDE_A	7FHL_A	99.5	733	733	998	0.0	1398	100
7TDE_A	7FHL_C	99.5	733	733	998	0.0	1398	100
7TDE_B	7FHN_A	100	733	733	998	0.0	1407	100
7TDE_B	7FHN_C	100	733	733	998	0.0	1407	100
7TDE_B	7FHO_A	100	733	733	998	0.0	1407	100
7TDE_B	7FHO_C	100	733	733	998	0.0	1407	100
7TDE_B	7FHK_A	99.5	733	733	998	0.0	1398	100
7TDE_B	7FHK_C	99.5	733	733	998	0.0	1398	100
7TDE_B	7FHL_A	99.5	733	733	998	0.0	1398	100
7TDE_B	7FHL_C	99.5	733	733	998	0.0	1398	100
7TDF_A	7FHK_A	99.9	733	733	998	0.0	1405	100
7TDF_A	7FHK_C	99.9	733	733	998	0.0	1405	100
7TDF_A	7FHL_A	99.9	733	733	998	0.0	1405	100
7TDF_A	7FHL_C	99.9	733	733	998	0.0	1405	100
7TDF_A	7FHN_A	99.5	733	733	998	0.0	1399	100
7TDF_A	7FHN_C	99.5	733	733	998	0.0	1399	100
7TDF_A	7FHO_A	99.5	733	733	998	0.0	1399	100
7TDF_A	7FHO_C	99.5	733	733	998	0.0	1399	100
7TDF_B	7FHK_A	99.9	733	733	998	0.0	1405	100
7TDF_B	7FHK_C	99.9	733	733	998	0.0	1405	100
7TDF_B	7FHL_A	99.9	733	733	998	0.0	1405	100
7TDF_B	7FHL_C	99.9	733	733	998	0.0	1405	100
7TDF_B	7FHN_A	99.5	733	733	998	0.0	1399	100
7TDF_B	7FHN_C	99.5	733	733	998	0.0	1399	100
7TDF_B	7FHO_A	99.5	733	733	998	0.0	1399	100
7TDF_B	7FHO_C	99.5	733	733	998	0.0	1399	100
8GW6_A	9NA8_E	95.0	238	826	1040	4.90e-152	470	28.8
8GW6_A	9NA9_E	95.0	238	826	1040	4.90e-152	470	28.8
8GW6_A	7FHK_A	94.6	239	826	998	2.64e-151	467	28.9
8GW6_A	7FHK_C	94.6	239	826	998	2.64e-151	467	28.9
8GW6_A	7FHL_A	94.6	239	826	998	2.64e-151	467	28.9
8GW6_A	7FHL_C	94.6	239	826	998	2.64e-151	467	28.9
8GW6_A	7FHN_A	94.6	239	826	998	2.64e-151	467	28.9
8GW6_A	7FHN_C	94.6	239	826	998	2.64e-151	467	28.9
8GW6_A	7FHO_A	94.6	239	826	998	2.64e-151	467	28.9
8GW6_A	7FHO_C	94.6	239	826	998	2.64e-151	467	28.9
8GW6_A	9M7R_A	54.1	368	826	635	4.03e-137	419	44.6
8GW6_A	9M7R_B	54.1	368	826	635	4.03e-137	419	44.6
8GW6_A	9M7R_C	54.1	368	826	635	4.03e-137	419	44.6
8GW6_A	9M7S_A	54.1	368	826	635	4.03e-137	419	44.6
8GW6_A	9M7S_B	54.1	368	826	635	4.03e-137	419	44.6
8GW6_A	9M7W_A	54.1	368	826	635	4.03e-137	419	44.6
8GW6_A	9M7S_C	40.9	298	826	385	1.48e-68	229	35.4
8GW6_A	9M7U_A	40.9	298	826	385	1.48e-68	229	35.4
8GW6_A	9M7U_B	40.9	298	826	385	1.48e-68	229	35.4
8GW6_A	9M7U_C	40.9	298	826	385	1.48e-68	229	35.4
8GW6_A	9M7W_B	40.9	298	826	385	1.48e-68	229	35.4
8GW6_A	9M7W_C	40.9	298	826	385	1.48e-68	229	35.4
8GW6_B	9NA8_E	95.0	238	826	1040	4.90e-152	470	28.8
8GW6_B	9NA9_E	95.0	238	826	1040	4.90e-152	470	28.8
8GW6_B	7FHK_A	94.6	239	826	998	2.64e-151	467	28.9
8GW6_B	7FHK_C	94.6	239	826	998	2.64e-151	467	28.9
8GW6_B	7FHL_A	94.6	239	826	998	2.64e-151	467	28.9
8GW6_B	7FHL_C	94.6	239	826	998	2.64e-151	467	28.9
8GW6_B	7FHN_A	94.6	239	826	998	2.64e-151	467	28.9
8GW6_B	7FHN_C	94.6	239	826	998	2.64e-151	467	28.9
8GW6_B	7FHO_A	94.6	239	826	998	2.64e-151	467	28.9
8GW6_B	7FHO_C	94.6	239	826	998	2.64e-151	467	28.9
8GW6_B	9M7R_A	54.1	368	826	635	4.03e-137	419	44.6
8GW6_B	9M7R_B	54.1	368	826	635	4.03e-137	419	44.6
8GW6_B	9M7R_C	54.1	368	826	635	4.03e-137	419	44.6
8GW6_B	9M7S_A	54.1	368	826	635	4.03e-137	419	44.6
8GW6_B	9M7S_B	54.1	368	826	635	4.03e-137	419	44.6
8GW6_B	9M7W_A	54.1	368	826	635	4.03e-137	419	44.6
8GW6_B	9M7S_C	40.9	298	826	385	1.48e-68	229	35.4
8GW6_B	9M7U_A	40.9	298	826	385	1.48e-68	229	35.4
8GW6_B	9M7U_B	40.9	298	826	385	1.48e-68	229	35.4
8GW6_B	9M7U_C	40.9	298	826	385	1.48e-68	229	35.4
8GW6_B	9M7W_B	40.9	298	826	385	1.48e-68	229	35.4
8GW6_B	9M7W_C	40.9	298	826	385	1.48e-68	229	35.4
8GW6_C	9NA8_E	95.0	238	826	1040	4.90e-152	470	28.8
8GW6_C	9NA9_E	95.0	238	826	1040	4.90e-152	470	28.8
8GW6_C	7FHK_A	94.6	239	826	998	2.64e-151	467	28.9
8GW6_C	7FHK_C	94.6	239	826	998	2.64e-151	467	28.9
8GW6_C	7FHL_A	94.6	239	826	998	2.64e-151	467	28.9
8GW6_C	7FHL_C	94.6	239	826	998	2.64e-151	467	28.9
8GW6_C	7FHN_A	94.6	239	826	998	2.64e-151	467	28.9
8GW6_C	7FHN_C	94.6	239	826	998	2.64e-151	467	28.9
8GW6_C	7FHO_A	94.6	239	826	998	2.64e-151	467	28.9
8GW6_C	7FHO_C	94.6	239	826	998	2.64e-151	467	28.9
8GW6_C	9M7R_A	54.1	368	826	635	4.03e-137	419	44.6
8GW6_C	9M7R_B	54.1	368	826	635	4.03e-137	419	44.6
8GW6_C	9M7R_C	54.1	368	826	635	4.03e-137	419	44.6
8GW6_C	9M7S_A	54.1	368	826	635	4.03e-137	419	44.6
8GW6_C	9M7S_B	54.1	368	826	635	4.03e-137	419	44.6
8GW6_C	9M7W_A	54.1	368	826	635	4.03e-137	419	44.6
8GW6_C	9M7S_C	40.9	298	826	385	1.48e-68	229	35.4
8GW6_C	9M7U_A	40.9	298	826	385	1.48e-68	229	35.4
8GW6_C	9M7U_B	40.9	298	826	385	1.48e-68	229	35.4
8GW6_C	9M7U_C	40.9	298	826	385	1.48e-68	229	35.4
8GW6_C	9M7W_B	40.9	298	826	385	1.48e-68	229	35.4
8GW6_C	9M7W_C	40.9	298	826	385	1.48e-68	229	35.4
8GW7_A	9NA8_E	95.0	238	826	1040	4.90e-152	470	28.8
8GW7_A	9NA9_E	95.0	238	826	1040	4.90e-152	470	28.8
8GW7_A	7FHK_A	94.6	239	826	998	2.64e-151	467	28.9
8GW7_A	7FHK_C	94.6	239	826	998	2.64e-151	467	28.9
8GW7_A	7FHL_A	94.6	239	826	998	2.64e-151	467	28.9
8GW7_A	7FHL_C	94.6	239	826	998	2.64e-151	467	28.9
8GW7_A	7FHN_A	94.6	239	826	998	2.64e-151	467	28.9
8GW7_A	7FHN_C	94.6	239	826	998	2.64e-151	467	28.9
8GW7_A	7FHO_A	94.6	239	826	998	2.64e-151	467	28.9
8GW7_A	7FHO_C	94.6	239	826	998	2.64e-151	467	28.9
8GW7_A	9M7R_A	54.1	368	826	635	4.03e-137	419	44.6
8GW7_A	9M7R_B	54.1	368	826	635	4.03e-137	419	44.6
8GW7_A	9M7R_C	54.1	368	826	635	4.03e-137	419	44.6
8GW7_A	9M7S_A	54.1	368	826	635	4.03e-137	419	44.6
8GW7_A	9M7S_B	54.1	368	826	635	4.03e-137	419	44.6
8GW7_A	9M7W_A	54.1	368	826	635	4.03e-137	419	44.6
8GW7_A	9M7S_C	40.9	298	826	385	1.48e-68	229	35.4
8GW7_A	9M7U_A	40.9	298	826	385	1.48e-68	229	35.4
8GW7_A	9M7U_B	40.9	298	826	385	1.48e-68	229	35.4
8GW7_A	9M7U_C	40.9	298	826	385	1.48e-68	229	35.4
8GW7_A	9M7W_B	40.9	298	826	385	1.48e-68	229	35.4
8GW7_A	9M7W_C	40.9	298	826	385	1.48e-68	229	35.4
8GW7_B	9NA8_E	95.0	238	826	1040	4.90e-152	470	28.8
8GW7_B	9NA9_E	95.0	238	826	1040	4.90e-152	470	28.8
8GW7_B	7FHK_A	94.6	239	826	998	2.64e-151	467	28.9
8GW7_B	7FHK_C	94.6	239	826	998	2.64e-151	467	28.9
8GW7_B	7FHL_A	94.6	239	826	998	2.64e-151	467	28.9
8GW7_B	7FHL_C	94.6	239	826	998	2.64e-151	467	28.9
8GW7_B	7FHN_A	94.6	239	826	998	2.64e-151	467	28.9
8GW7_B	7FHN_C	94.6	239	826	998	2.64e-151	467	28.9
8GW7_B	7FHO_A	94.6	239	826	998	2.64e-151	467	28.9
8GW7_B	7FHO_C	94.6	239	826	998	2.64e-151	467	28.9
8GW7_B	9M7R_A	54.1	368	826	635	4.03e-137	419	44.6
8GW7_B	9M7R_B	54.1	368	826	635	4.03e-137	419	44.6
8GW7_B	9M7R_C	54.1	368	826	635	4.03e-137	419	44.6
8GW7_B	9M7S_A	54.1	368	826	635	4.03e-137	419	44.6
8GW7_B	9M7S_B	54.1	368	826	635	4.03e-137	419	44.6
8GW7_B	9M7W_A	54.1	368	826	635	4.03e-137	419	44.6
8GW7_B	9M7S_C	40.9	298	826	385	1.48e-68	229	35.4
8GW7_B	9M7U_A	40.9	298	826	385	1.48e-68	229	35.4
8GW7_B	9M7U_B	40.9	298	826	385	1.48e-68	229	35.4
8GW7_B	9M7U_C	40.9	298	826	385	1.48e-68	229	35.4
8GW7_B	9M7W_B	40.9	298	826	385	1.48e-68	229	35.4
8GW7_B	9M7W_C	40.9	298	826	385	1.48e-68	229	35.4
8GW7_C	9NA8_E	95.0	238	826	1040	4.90e-152	470	28.8
8GW7_C	9NA9_E	95.0	238	826	1040	4.90e-152	470	28.8
8GW7_C	7FHK_A	94.6	239	826	998	2.64e-151	467	28.9
8GW7_C	7FHK_C	94.6	239	826	998	2.64e-151	467	28.9
8GW7_C	7FHL_A	94.6	239	826	998	2.64e-151	467	28.9
8GW7_C	7FHL_C	94.6	239	826	998	2.64e-151	467	28.9
8GW7_C	7FHN_A	94.6	239	826	998	2.64e-151	467	28.9
8GW7_C	7FHN_C	94.6	239	826	998	2.64e-151	467	28.9
8GW7_C	7FHO_A	94.6	239	826	998	2.64e-151	467	28.9
8GW7_C	7FHO_C	94.6	239	826	998	2.64e-151	467	28.9
8GW7_C	9M7R_A	54.1	368	826	635	4.03e-137	419	44.6
8GW7_C	9M7R_B	54.1	368	826	635	4.03e-137	419	44.6
8GW7_C	9M7R_C	54.1	368	826	635	4.03e-137	419	44.6
8GW7_C	9M7S_A	54.1	368	826	635	4.03e-137	419	44.6
8GW7_C	9M7S_B	54.1	368	826	635	4.03e-137	419	44.6
8GW7_C	9M7W_A	54.1	368	826	635	4.03e-137	419	44.6
8GW7_C	9M7S_C	40.9	298	826	385	1.48e-68	229	35.4
8GW7_C	9M7U_A	40.9	298	826	385	1.48e-68	229	35.4
8GW7_C	9M7U_B	40.9	298	826	385	1.48e-68	229	35.4
8GW7_C	9M7U_C	40.9	298	826	385	1.48e-68	229	35.4
8GW7_C	9M7W_B	40.9	298	826	385	1.48e-68	229	35.4
8GW7_C	9M7W_C	40.9	298	826	385	1.48e-68	229	35.4
8J0J_A	9NA8_E	95.0	238	826	1040	4.90e-152	470	28.8
8J0J_A	9NA9_E	95.0	238	826	1040	4.90e-152	470	28.8
8J0J_A	7FHK_A	94.6	239	826	998	2.64e-151	467	28.9
8J0J_A	7FHK_C	94.6	239	826	998	2.64e-151	467	28.9
8J0J_A	7FHL_A	94.6	239	826	998	2.64e-151	467	28.9
8J0J_A	7FHL_C	94.6	239	826	998	2.64e-151	467	28.9
8J0J_A	7FHN_A	94.6	239	826	998	2.64e-151	467	28.9
8J0J_A	7FHN_C	94.6	239	826	998	2.64e-151	467	28.9
8J0J_A	7FHO_A	94.6	239	826	998	2.64e-151	467	28.9
8J0J_A	7FHO_C	94.6	239	826	998	2.64e-151	467	28.9
8J0J_A	9M7R_A	54.1	368	826	635	4.03e-137	419	44.6
8J0J_A	9M7R_B	54.1	368	826	635	4.03e-137	419	44.6
8J0J_A	9M7R_C	54.1	368	826	635	4.03e-137	419	44.6
8J0J_A	9M7S_A	54.1	368	826	635	4.03e-137	419	44.6
8J0J_A	9M7S_B	54.1	368	826	635	4.03e-137	419	44.6
8J0J_A	9M7W_A	54.1	368	826	635	4.03e-137	419	44.6
8J0J_A	9M7S_C	40.9	298	826	385	1.48e-68	229	35.4
8J0J_A	9M7U_A	40.9	298	826	385	1.48e-68	229	35.4
8J0J_A	9M7U_B	40.9	298	826	385	1.48e-68	229	35.4
8J0J_A	9M7U_C	40.9	298	826	385	1.48e-68	229	35.4
8J0J_A	9M7W_B	40.9	298	826	385	1.48e-68	229	35.4
8J0J_A	9M7W_C	40.9	298	826	385	1.48e-68	229	35.4
8J0J_B	9NA8_E	95.0	238	826	1040	4.90e-152	470	28.8
8J0J_B	9NA9_E	95.0	238	826	1040	4.90e-152	470	28.8
8J0J_B	7FHK_A	94.6	239	826	998	2.64e-151	467	28.9
8J0J_B	7FHK_C	94.6	239	826	998	2.64e-151	467	28.9
8J0J_B	7FHL_A	94.6	239	826	998	2.64e-151	467	28.9
8J0J_B	7FHL_C	94.6	239	826	998	2.64e-151	467	28.9
8J0J_B	7FHN_A	94.6	239	826	998	2.64e-151	467	28.9
8J0J_B	7FHN_C	94.6	239	826	998	2.64e-151	467	28.9
8J0J_B	7FHO_A	94.6	239	826	998	2.64e-151	467	28.9
8J0J_B	7FHO_C	94.6	239	826	998	2.64e-151	467	28.9
8J0J_B	9M7R_A	54.1	368	826	635	4.03e-137	419	44.6
8J0J_B	9M7R_B	54.1	368	826	635	4.03e-137	419	44.6
8J0J_B	9M7R_C	54.1	368	826	635	4.03e-137	419	44.6
8J0J_B	9M7S_A	54.1	368	826	635	4.03e-137	419	44.6
8J0J_B	9M7S_B	54.1	368	826	635	4.03e-137	419	44.6
8J0J_B	9M7W_A	54.1	368	826	635	4.03e-137	419	44.6
8J0J_B	9M7S_C	40.9	298	826	385	1.48e-68	229	35.4
8J0J_B	9M7U_A	40.9	298	826	385	1.48e-68	229	35.4
8J0J_B	9M7U_B	40.9	298	826	385	1.48e-68	229	35.4
8J0J_B	9M7U_C	40.9	298	826	385	1.48e-68	229	35.4
8J0J_B	9M7W_B	40.9	298	826	385	1.48e-68	229	35.4
8J0J_B	9M7W_C	40.9	298	826	385	1.48e-68	229	35.4
8J0J_C	9NA8_E	95.0	238	826	1040	4.90e-152	470	28.8
8J0J_C	9NA9_E	95.0	238	826	1040	4.90e-152	470	28.8
8J0J_C	7FHK_A	94.6	239	826	998	2.64e-151	467	28.9
8J0J_C	7FHK_C	94.6	239	826	998	2.64e-151	467	28.9
8J0J_C	7FHL_A	94.6	239	826	998	2.64e-151	467	28.9
8J0J_C	7FHL_C	94.6	239	826	998	2.64e-151	467	28.9
8J0J_C	7FHN_A	94.6	239	826	998	2.64e-151	467	28.9
8J0J_C	7FHN_C	94.6	239	826	998	2.64e-151	467	28.9
8J0J_C	7FHO_A	94.6	239	826	998	2.64e-151	467	28.9
8J0J_C	7FHO_C	94.6	239	826	998	2.64e-151	467	28.9
8J0J_C	9M7R_A	54.1	368	826	635	4.03e-137	419	44.6
8J0J_C	9M7R_B	54.1	368	826	635	4.03e-137	419	44.6
8J0J_C	9M7R_C	54.1	368	826	635	4.03e-137	419	44.6
8J0J_C	9M7S_A	54.1	368	826	635	4.03e-137	419	44.6
8J0J_C	9M7S_B	54.1	368	826	635	4.03e-137	419	44.6
8J0J_C	9M7W_A	54.1	368	826	635	4.03e-137	419	44.6
8J0J_C	9M7S_C	40.9	298	826	385	1.48e-68	229	35.4
8J0J_C	9M7U_A	40.9	298	826	385	1.48e-68	229	35.4
8J0J_C	9M7U_B	40.9	298	826	385	1.48e-68	229	35.4
8J0J_C	9M7U_C	40.9	298	826	385	1.48e-68	229	35.4
8J0J_C	9M7W_B	40.9	298	826	385	1.48e-68	229	35.4
8J0J_C	9M7W_C	40.9	298	826	385	1.48e-68	229	35.4
8J1E_A	9NA8_E	95.0	238	826	1040	4.90e-152	470	28.8
8J1E_A	9NA9_E	95.0	238	826	1040	4.90e-152	470	28.8
8J1E_A	7FHK_A	94.6	239	826	998	2.64e-151	467	28.9
8J1E_A	7FHK_C	94.6	239	826	998	2.64e-151	467	28.9
8J1E_A	7FHL_A	94.6	239	826	998	2.64e-151	467	28.9
8J1E_A	7FHL_C	94.6	239	826	998	2.64e-151	467	28.9
8J1E_A	7FHN_A	94.6	239	826	998	2.64e-151	467	28.9
8J1E_A	7FHN_C	94.6	239	826	998	2.64e-151	467	28.9
8J1E_A	7FHO_A	94.6	239	826	998	2.64e-151	467	28.9
8J1E_A	7FHO_C	94.6	239	826	998	2.64e-151	467	28.9
8J1E_A	9M7R_A	53.8	370	826	635	1.44e-137	420	44.8
8J1E_A	9M7R_B	53.8	370	826	635	1.44e-137	420	44.8
8J1E_A	9M7R_C	53.8	370	826	635	1.44e-137	420	44.8
8J1E_A	9M7S_A	53.8	370	826	635	1.44e-137	420	44.8
8J1E_A	9M7S_B	53.8	370	826	635	1.44e-137	420	44.8
8J1E_A	9M7W_A	53.8	370	826	635	1.44e-137	420	44.8
8J1E_A	9M7S_C	40.9	298	826	385	1.48e-68	229	35.4
8J1E_A	9M7U_A	40.9	298	826	385	1.48e-68	229	35.4
8J1E_A	9M7U_B	40.9	298	826	385	1.48e-68	229	35.4
8J1E_A	9M7U_C	40.9	298	826	385	1.48e-68	229	35.4
8J1E_A	9M7W_B	40.9	298	826	385	1.48e-68	229	35.4
8J1E_A	9M7W_C	40.9	298	826	385	1.48e-68	229	35.4
8J1E_B	9NA8_E	95.0	238	826	1040	4.90e-152	470	28.8
8J1E_B	9NA9_E	95.0	238	826	1040	4.90e-152	470	28.8
8J1E_B	7FHK_A	94.6	239	826	998	2.64e-151	467	28.9
8J1E_B	7FHK_C	94.6	239	826	998	2.64e-151	467	28.9
8J1E_B	7FHL_A	94.6	239	826	998	2.64e-151	467	28.9
8J1E_B	7FHL_C	94.6	239	826	998	2.64e-151	467	28.9
8J1E_B	7FHN_A	94.6	239	826	998	2.64e-151	467	28.9
8J1E_B	7FHN_C	94.6	239	826	998	2.64e-151	467	28.9
8J1E_B	7FHO_A	94.6	239	826	998	2.64e-151	467	28.9
8J1E_B	7FHO_C	94.6	239	826	998	2.64e-151	467	28.9
8J1E_B	9M7R_A	53.8	370	826	635	1.44e-137	420	44.8
8J1E_B	9M7R_B	53.8	370	826	635	1.44e-137	420	44.8
8J1E_B	9M7R_C	53.8	370	826	635	1.44e-137	420	44.8
8J1E_B	9M7S_A	53.8	370	826	635	1.44e-137	420	44.8
8J1E_B	9M7S_B	53.8	370	826	635	1.44e-137	420	44.8
8J1E_B	9M7W_A	53.8	370	826	635	1.44e-137	420	44.8
8J1E_B	9M7S_C	40.9	298	826	385	1.48e-68	229	35.4
8J1E_B	9M7U_A	40.9	298	826	385	1.48e-68	229	35.4
8J1E_B	9M7U_B	40.9	298	826	385	1.48e-68	229	35.4
8J1E_B	9M7U_C	40.9	298	826	385	1.48e-68	229	35.4
8J1E_B	9M7W_B	40.9	298	826	385	1.48e-68	229	35.4
8J1E_B	9M7W_C	40.9	298	826	385	1.48e-68	229	35.4
8J1E_C	9NA8_E	95.0	238	826	1040	4.90e-152	470	28.8
8J1E_C	9NA9_E	95.0	238	826	1040	4.90e-152	470	28.8
8J1E_C	7FHK_A	94.6	239	826	998	2.64e-151	467	28.9
8J1E_C	7FHK_C	94.6	239	826	998	2.64e-151	467	28.9
8J1E_C	7FHL_A	94.6	239	826	998	2.64e-151	467	28.9
8J1E_C	7FHL_C	94.6	239	826	998	2.64e-151	467	28.9
8J1E_C	7FHN_A	94.6	239	826	998	2.64e-151	467	28.9
8J1E_C	7FHN_C	94.6	239	826	998	2.64e-151	467	28.9
8J1E_C	7FHO_A	94.6	239	826	998	2.64e-151	467	28.9
8J1E_C	7FHO_C	94.6	239	826	998	2.64e-151	467	28.9
8J1E_C	9M7R_A	53.8	370	826	635	1.44e-137	420	44.8
8J1E_C	9M7R_B	53.8	370	826	635	1.44e-137	420	44.8
8J1E_C	9M7R_C	53.8	370	826	635	1.44e-137	420	44.8
8J1E_C	9M7S_A	53.8	370	826	635	1.44e-137	420	44.8
8J1E_C	9M7S_B	53.8	370	826	635	1.44e-137	420	44.8
8J1E_C	9M7W_A	53.8	370	826	635	1.44e-137	420	44.8
8J1E_C	9M7S_C	40.9	298	826	385	1.48e-68	229	35.4
8J1E_C	9M7U_A	40.9	298	826	385	1.48e-68	229	35.4
8J1E_C	9M7U_B	40.9	298	826	385	1.48e-68	229	35.4
8J1E_C	9M7U_C	40.9	298	826	385	1.48e-68	229	35.4
8J1E_C	9M7W_B	40.9	298	826	385	1.48e-68	229	35.4
8J1E_C	9M7W_C	40.9	298	826	385	1.48e-68	229	35.4
5CPQ_A	4DPP_A	73.5	49	564	360	2.33e-12	66.2	8.7
5CPQ_A	4DPP_B	73.5	49	564	360	2.33e-12	66.2	8.7
5CPQ_A	4DPQ_A	73.5	49	564	360	2.33e-12	66.2	8.7
5CPQ_A	4DPQ_B	73.5	49	564	360	2.33e-12	66.2	8.7
5CPQ_B	4DPP_A	73.5	49	564	360	2.33e-12	66.2	8.7
5CPQ_B	4DPP_B	73.5	49	564	360	2.33e-12	66.2	8.7
5CPQ_B	4DPQ_A	73.5	49	564	360	2.33e-12	66.2	8.7
5CPQ_B	4DPQ_B	73.5	49	564	360	2.33e-12	66.2	8.7
5CPS_A	4DPP_A	73.5	49	564	360	2.33e-12	66.2	8.7
5CPS_A	4DPP_B	73.5	49	564	360	2.33e-12	66.2	8.7
5CPS_A	4DPQ_A	73.5	49	564	360	2.33e-12	66.2	8.7
5CPS_A	4DPQ_B	73.5	49	564	360	2.33e-12	66.2	8.7
5CPS_B	4DPP_A	73.5	49	564	360	2.33e-12	66.2	8.7
5CPS_B	4DPP_B	73.5	49	564	360	2.33e-12	66.2	8.7
5CPS_B	4DPQ_A	73.5	49	564	360	2.33e-12	66.2	8.7
5CPS_B	4DPQ_B	73.5	49	564	360	2.33e-12	66.2	8.7
5CPT_A	4DPP_A	73.5	49	564	360	2.33e-12	66.2	8.7
5CPT_A	4DPP_B	73.5	49	564	360	2.33e-12	66.2	8.7
5CPT_A	4DPQ_A	73.5	49	564	360	2.33e-12	66.2	8.7
5CPT_A	4DPQ_B	73.5	49	564	360	2.33e-12	66.2	8.7
5CPT_B	4DPP_A	73.5	49	564	360	2.33e-12	66.2	8.7
5CPT_B	4DPP_B	73.5	49	564	360	2.33e-12	66.2	8.7
5CPT_B	4DPQ_A	73.5	49	564	360	2.33e-12	66.2	8.7
5CPT_B	4DPQ_B	73.5	49	564	360	2.33e-12	66.2	8.7
5CQ1_A	4DPP_A	73.5	49	564	360	2.33e-12	66.2	8.7
5CQ1_A	4DPP_B	73.5	49	564	360	2.33e-12	66.2	8.7
5CQ1_A	4DPQ_A	73.5	49	564	360	2.33e-12	66.2	8.7
5CQ1_A	4DPQ_B	73.5	49	564	360	2.33e-12	66.2	8.7
5CQ1_B	4DPP_A	73.5	49	564	360	2.33e-12	66.2	8.7
5CQ1_B	4DPP_B	73.5	49	564	360	2.33e-12	66.2	8.7
5CQ1_B	4DPQ_A	73.5	49	564	360	2.33e-12	66.2	8.7
5CQ1_B	4DPQ_B	73.5	49	564	360	2.33e-12	66.2	8.7
5CSU_A	4DPP_A	73.5	49	564	360	2.33e-12	66.2	8.7
5CSU_A	4DPP_B	73.5	49	564	360	2.33e-12	66.2	8.7
5CSU_A	4DPQ_A	73.5	49	564	360	2.33e-12	66.2	8.7
5CSU_A	4DPQ_B	73.5	49	564	360	2.33e-12	66.2	8.7
5CSU_B	4DPP_A	73.5	49	564	360	2.33e-12	66.2	8.7
5CSU_B	4DPP_B	73.5	49	564	360	2.33e-12	66.2	8.7
5CSU_B	4DPQ_A	73.5	49	564	360	2.33e-12	66.2	8.7
5CSU_B	4DPQ_B	73.5	49	564	360	2.33e-12	66.2	8.7
5CSY_A	4DPP_A	73.5	49	564	360	2.33e-12	66.2	8.7
5CSY_A	4DPP_B	73.5	49	564	360	2.33e-12	66.2	8.7
5CSY_A	4DPQ_A	73.5	49	564	360	2.33e-12	66.2	8.7
5CSY_A	4DPQ_B	73.5	49	564	360	2.33e-12	66.2	8.7
5CSY_B	4DPP_A	73.5	49	564	360	2.33e-12	66.2	8.7
5CSY_B	4DPP_B	73.5	49	564	360	2.33e-12	66.2	8.7
5CSY_B	4DPQ_A	73.5	49	564	360	2.33e-12	66.2	8.7
5CSY_B	4DPQ_B	73.5	49	564	360	2.33e-12	66.2	8.7
5YM0_A	4ZB3_A	100	18	633	310	7.71e-05	42.7	2.8
5YM0_A	4ZBP_A	100	18	633	310	7.71e-05	42.7	2.8
5YM0_A	4ZBP_B	100	18	633	310	7.71e-05	42.7	2.8
5YM0_A	4ZBP_C	100	18	633	310	7.71e-05	42.7	2.8
8JD9_A	9KCU_A	87.5	40	1162	662	3.16e-06	48.9	3.4
8JD9_A	9KCU_B	87.5	40	1162	662	3.16e-06	48.9	3.4
8JD9_A	9KCU_C	87.5	40	1162	662	3.16e-06	48.9	3.4
8JD9_A	9KCU_D	87.5	40	1162	662	3.16e-06	48.9	3.4
8JD9_A	7VG2_A	86.8	38	1162	1621	8.76e-06	47.8	3.3
8JD9_A	7VG3_A	86.8	38	1162	1621	8.76e-06	47.8	3.3
8JD9_A	7ROZ_A	44.8	67	1162	1172	4.23e-05	45.4	5.7
8JD9_A	7RQS_A	44.8	67	1162	1172	4.23e-05	45.4	5.7
8JD9_B	9KCU_A	87.5	40	1162	662	3.16e-06	48.9	3.4
8JD9_B	9KCU_B	87.5	40	1162	662	3.16e-06	48.9	3.4
8JD9_B	9KCU_C	87.5	40	1162	662	3.16e-06	48.9	3.4
8JD9_B	9KCU_D	87.5	40	1162	662	3.16e-06	48.9	3.4
8JD9_B	7VG2_A	86.8	38	1162	1621	8.76e-06	47.8	3.3
8JD9_B	7VG3_A	86.8	38	1162	1621	8.76e-06	47.8	3.3
8JD9_B	7ROZ_A	44.8	67	1162	1172	4.23e-05	45.4	5.7
8JD9_B	7RQS_A	44.8	67	1162	1172	4.23e-05	45.4	5.7
8JDA_A	9KCU_A	87.5	40	1162	662	3.16e-06	48.9	3.4
8JDA_A	9KCU_B	87.5	40	1162	662	3.16e-06	48.9	3.4
8JDA_A	9KCU_C	87.5	40	1162	662	3.16e-06	48.9	3.4
8JDA_A	9KCU_D	87.5	40	1162	662	3.16e-06	48.9	3.4
8JDA_A	7VG2_A	86.8	38	1162	1621	8.76e-06	47.8	3.3
8JDA_A	7VG3_A	86.8	38	1162	1621	8.76e-06	47.8	3.3
8JDA_A	7ROZ_A	44.8	67	1162	1172	4.23e-05	45.4	5.7
8JDA_A	7RQS_A	44.8	67	1162	1172	4.23e-05	45.4	5.7
8JDA_B	9KCU_A	87.5	40	1162	662	3.16e-06	48.9	3.4
8JDA_B	9KCU_B	87.5	40	1162	662	3.16e-06	48.9	3.4
8JDA_B	9KCU_C	87.5	40	1162	662	3.16e-06	48.9	3.4
8JDA_B	9KCU_D	87.5	40	1162	662	3.16e-06	48.9	3.4
8JDA_B	7VG2_A	86.8	38	1162	1621	8.76e-06	47.8	3.3
8JDA_B	7VG3_A	86.8	38	1162	1621	8.76e-06	47.8	3.3
8JDA_B	7ROZ_A	44.8	67	1162	1172	4.23e-05	45.4	5.7
8JDA_B	7RQS_A	44.8	67	1162	1172	4.23e-05	45.4	5.7
3SAE_A	3PYA_A	42.9	511	817	727	1.14e-132	410	62.4
3SAE_A	3PYB_A	42.9	511	817	727	1.14e-132	410	62.4
3SAE_A	3PYB_B	42.9	511	817	727	1.14e-132	410	62.4
3SAE_A	3PYB_C	42.9	511	817	727	1.14e-132	410	62.4
3SAE_A	4LIX_A	42.9	511	817	727	1.14e-132	410	62.4
3SAE_A	8I6P_A	37.8	526	817	775	1.11e-116	369	63.8
3SAE_A	8I6P_B	37.8	526	817	775	1.11e-116	369	63.8
3SAE_A	8I6P_C	37.8	526	817	775	1.11e-116	369	63.8
3SAE_A	8I6P_D	37.8	526	817	775	1.11e-116	369	63.8
3SAE_A	8I6T_A	37.8	526	817	775	1.11e-116	369	63.8
3SAE_A	8I6T_B	37.8	526	817	775	1.11e-116	369	63.8
3SAE_A	8I6T_C	37.8	526	817	775	1.11e-116	369	63.8
3SAE_A	8I6T_D	37.8	526	817	775	1.11e-116	369	63.8
3SAE_A	8I6T_E	37.8	526	817	775	1.11e-116	369	63.8
3SAE_A	8I6T_F	37.8	526	817	775	1.11e-116	369	63.8
3SAE_A	8I6U_A	37.8	526	817	775	1.11e-116	369	63.8
3SAE_A	8I6U_B	37.8	526	817	775	1.11e-116	369	63.8
3SAE_A	8KBW_A	37.8	526	817	775	1.11e-116	369	63.8
3SAE_A	8KBW_B	37.8	526	817	775	1.11e-116	369	63.8
3SAE_A	8KBW_C	37.8	526	817	775	1.11e-116	369	63.8
3SAE_A	8KBW_D	37.8	526	817	775	1.11e-116	369	63.8
3SAE_A	8KBW_E	37.8	526	817	775	1.11e-116	369	63.8
3SAE_A	8KBW_F	37.8	526	817	775	1.11e-116	369	63.8
3SAE_A	8IH5_A	37.8	526	817	775	3.04e-116	368	63.8
3SAE_A	8IH5_B	37.8	526	817	775	3.04e-116	368	63.8
3SAE_A	8IH5_C	37.8	526	817	775	3.04e-116	368	63.8
3SAE_A	8IH5_D	37.8	526	817	775	3.04e-116	368	63.8
3SAE_A	8IH5_E	37.8	526	817	775	3.04e-116	368	63.8
3SAE_A	8IH5_F	37.8	526	817	775	3.04e-116	368	63.8
3SAE_A	5UV0_A	33.8	529	817	607	4.12e-83	275	64.0
3SAE_A	5UV1_A	33.8	529	817	607	4.12e-83	275	64.0
3SAE_A	5UV2_A	33.8	529	817	607	4.12e-83	275	64.0
3SAE_A	6ONM_A	33.8	529	817	607	4.12e-83	275	64.0
3SAE_A	3N0F_A	31.3	571	817	555	6.09e-81	268	69.5
3SAE_A	3N0F_B	31.3	571	817	555	6.09e-81	268	69.5
3SAE_A	3N0G_A	31.3	571	817	555	6.09e-81	268	69.5
3SAE_A	3N0G_B	31.3	571	817	555	6.09e-81	268	69.5
3SAE_A	3LZ9_A	30.9	524	817	550	7.53e-77	257	63.9
3SAE_A	3M00_A	30.9	524	817	550	7.53e-77	257	63.9
3SAE_A	5IKH_A	30.9	524	817	550	7.53e-77	257	63.9
3SAE_A	4DI5_A	30.9	524	817	535	1.00e-76	256	63.9
3SAE_A	5EAU_A	30.9	524	817	548	1.38e-76	256	63.9
3SAE_A	5DHI_A	30.9	524	817	536	1.43e-76	256	63.9
3SAE_A	5DHK_A	30.9	524	817	536	1.43e-76	256	63.9
3SAE_A	3M01_A	30.9	524	817	550	1.45e-76	256	63.9
3SAE_A	3M02_A	30.9	524	817	550	1.45e-76	256	63.9
3SAE_A	4RNQ_A	30.9	524	817	550	1.45e-76	256	63.9
3SAE_A	5IK0_A	30.9	524	817	550	1.45e-76	256	63.9
3SAE_A	5IK6_A	30.9	524	817	550	1.45e-76	256	63.9
3SAE_A	5IK9_A	30.9	524	817	550	1.45e-76	256	63.9
3SDQ_A	3PYA_A	42.9	511	817	727	1.14e-132	410	62.4
3SDQ_A	3PYB_A	42.9	511	817	727	1.14e-132	410	62.4
3SDQ_A	3PYB_B	42.9	511	817	727	1.14e-132	410	62.4
3SDQ_A	3PYB_C	42.9	511	817	727	1.14e-132	410	62.4
3SDQ_A	4LIX_A	42.9	511	817	727	1.14e-132	410	62.4
3SDQ_A	8I6P_A	37.8	526	817	775	1.11e-116	369	63.8
3SDQ_A	8I6P_B	37.8	526	817	775	1.11e-116	369	63.8
3SDQ_A	8I6P_C	37.8	526	817	775	1.11e-116	369	63.8
3SDQ_A	8I6P_D	37.8	526	817	775	1.11e-116	369	63.8
3SDQ_A	8I6T_A	37.8	526	817	775	1.11e-116	369	63.8
3SDQ_A	8I6T_B	37.8	526	817	775	1.11e-116	369	63.8
3SDQ_A	8I6T_C	37.8	526	817	775	1.11e-116	369	63.8
3SDQ_A	8I6T_D	37.8	526	817	775	1.11e-116	369	63.8
3SDQ_A	8I6T_E	37.8	526	817	775	1.11e-116	369	63.8
3SDQ_A	8I6T_F	37.8	526	817	775	1.11e-116	369	63.8
3SDQ_A	8I6U_A	37.8	526	817	775	1.11e-116	369	63.8
3SDQ_A	8I6U_B	37.8	526	817	775	1.11e-116	369	63.8
3SDQ_A	8KBW_A	37.8	526	817	775	1.11e-116	369	63.8
3SDQ_A	8KBW_B	37.8	526	817	775	1.11e-116	369	63.8
3SDQ_A	8KBW_C	37.8	526	817	775	1.11e-116	369	63.8
3SDQ_A	8KBW_D	37.8	526	817	775	1.11e-116	369	63.8
3SDQ_A	8KBW_E	37.8	526	817	775	1.11e-116	369	63.8
3SDQ_A	8KBW_F	37.8	526	817	775	1.11e-116	369	63.8
3SDQ_A	8IH5_A	37.8	526	817	775	3.04e-116	368	63.8
3SDQ_A	8IH5_B	37.8	526	817	775	3.04e-116	368	63.8
3SDQ_A	8IH5_C	37.8	526	817	775	3.04e-116	368	63.8
3SDQ_A	8IH5_D	37.8	526	817	775	3.04e-116	368	63.8
3SDQ_A	8IH5_E	37.8	526	817	775	3.04e-116	368	63.8
3SDQ_A	8IH5_F	37.8	526	817	775	3.04e-116	368	63.8
3SDQ_A	5UV0_A	33.8	529	817	607	4.12e-83	275	64.0
3SDQ_A	5UV1_A	33.8	529	817	607	4.12e-83	275	64.0
3SDQ_A	5UV2_A	33.8	529	817	607	4.12e-83	275	64.0
3SDQ_A	6ONM_A	33.8	529	817	607	4.12e-83	275	64.0
3SDQ_A	3N0F_A	31.3	571	817	555	6.09e-81	268	69.5
3SDQ_A	3N0F_B	31.3	571	817	555	6.09e-81	268	69.5
3SDQ_A	3N0G_A	31.3	571	817	555	6.09e-81	268	69.5
3SDQ_A	3N0G_B	31.3	571	817	555	6.09e-81	268	69.5
3SDQ_A	3LZ9_A	30.9	524	817	550	7.53e-77	257	63.9
3SDQ_A	3M00_A	30.9	524	817	550	7.53e-77	257	63.9
3SDQ_A	5IKH_A	30.9	524	817	550	7.53e-77	257	63.9
3SDQ_A	4DI5_A	30.9	524	817	535	1.00e-76	256	63.9
3SDQ_A	5EAU_A	30.9	524	817	548	1.38e-76	256	63.9
3SDQ_A	5DHI_A	30.9	524	817	536	1.43e-76	256	63.9
3SDQ_A	5DHK_A	30.9	524	817	536	1.43e-76	256	63.9
3SDQ_A	3M01_A	30.9	524	817	550	1.45e-76	256	63.9
3SDQ_A	3M02_A	30.9	524	817	550	1.45e-76	256	63.9
3SDQ_A	4RNQ_A	30.9	524	817	550	1.45e-76	256	63.9
3SDQ_A	5IK0_A	30.9	524	817	550	1.45e-76	256	63.9
3SDQ_A	5IK6_A	30.9	524	817	550	1.45e-76	256	63.9
3SDQ_A	5IK9_A	30.9	524	817	550	1.45e-76	256	63.9
3SDR_A	3PYA_A	42.9	511	817	727	1.14e-132	410	62.4
3SDR_A	3PYB_A	42.9	511	817	727	1.14e-132	410	62.4
3SDR_A	3PYB_B	42.9	511	817	727	1.14e-132	410	62.4
3SDR_A	3PYB_C	42.9	511	817	727	1.14e-132	410	62.4
3SDR_A	4LIX_A	42.9	511	817	727	1.14e-132	410	62.4
3SDR_A	8I6P_A	37.8	526	817	775	1.11e-116	369	63.8
3SDR_A	8I6P_B	37.8	526	817	775	1.11e-116	369	63.8
3SDR_A	8I6P_C	37.8	526	817	775	1.11e-116	369	63.8
3SDR_A	8I6P_D	37.8	526	817	775	1.11e-116	369	63.8
3SDR_A	8I6T_A	37.8	526	817	775	1.11e-116	369	63.8
3SDR_A	8I6T_B	37.8	526	817	775	1.11e-116	369	63.8
3SDR_A	8I6T_C	37.8	526	817	775	1.11e-116	369	63.8
3SDR_A	8I6T_D	37.8	526	817	775	1.11e-116	369	63.8
3SDR_A	8I6T_E	37.8	526	817	775	1.11e-116	369	63.8
3SDR_A	8I6T_F	37.8	526	817	775	1.11e-116	369	63.8
3SDR_A	8I6U_A	37.8	526	817	775	1.11e-116	369	63.8
3SDR_A	8I6U_B	37.8	526	817	775	1.11e-116	369	63.8
3SDR_A	8KBW_A	37.8	526	817	775	1.11e-116	369	63.8
3SDR_A	8KBW_B	37.8	526	817	775	1.11e-116	369	63.8
3SDR_A	8KBW_C	37.8	526	817	775	1.11e-116	369	63.8
3SDR_A	8KBW_D	37.8	526	817	775	1.11e-116	369	63.8
3SDR_A	8KBW_E	37.8	526	817	775	1.11e-116	369	63.8
3SDR_A	8KBW_F	37.8	526	817	775	1.11e-116	369	63.8
3SDR_A	8IH5_A	37.8	526	817	775	3.04e-116	368	63.8
3SDR_A	8IH5_B	37.8	526	817	775	3.04e-116	368	63.8
3SDR_A	8IH5_C	37.8	526	817	775	3.04e-116	368	63.8
3SDR_A	8IH5_D	37.8	526	817	775	3.04e-116	368	63.8
3SDR_A	8IH5_E	37.8	526	817	775	3.04e-116	368	63.8
3SDR_A	8IH5_F	37.8	526	817	775	3.04e-116	368	63.8
3SDR_A	5UV0_A	33.8	529	817	607	4.12e-83	275	64.0
3SDR_A	5UV1_A	33.8	529	817	607	4.12e-83	275	64.0
3SDR_A	5UV2_A	33.8	529	817	607	4.12e-83	275	64.0
3SDR_A	6ONM_A	33.8	529	817	607	4.12e-83	275	64.0
3SDR_A	3N0F_A	31.3	571	817	555	6.09e-81	268	69.5
3SDR_A	3N0F_B	31.3	571	817	555	6.09e-81	268	69.5
3SDR_A	3N0G_A	31.3	571	817	555	6.09e-81	268	69.5
3SDR_A	3N0G_B	31.3	571	817	555	6.09e-81	268	69.5
3SDR_A	3LZ9_A	30.9	524	817	550	7.53e-77	257	63.9
3SDR_A	3M00_A	30.9	524	817	550	7.53e-77	257	63.9
3SDR_A	5IKH_A	30.9	524	817	550	7.53e-77	257	63.9
3SDR_A	4DI5_A	30.9	524	817	535	1.00e-76	256	63.9
3SDR_A	5EAU_A	30.9	524	817	548	1.38e-76	256	63.9
3SDR_A	5DHI_A	30.9	524	817	536	1.43e-76	256	63.9
3SDR_A	5DHK_A	30.9	524	817	536	1.43e-76	256	63.9
3SDR_A	3M01_A	30.9	524	817	550	1.45e-76	256	63.9
3SDR_A	3M02_A	30.9	524	817	550	1.45e-76	256	63.9
3SDR_A	4RNQ_A	30.9	524	817	550	1.45e-76	256	63.9
3SDR_A	5IK0_A	30.9	524	817	550	1.45e-76	256	63.9
3SDR_A	5IK6_A	30.9	524	817	550	1.45e-76	256	63.9
3SDR_A	5IK9_A	30.9	524	817	550	1.45e-76	256	63.9
3SDT_A	3PYA_A	42.9	511	817	727	1.14e-132	410	62.4
3SDT_A	3PYB_A	42.9	511	817	727	1.14e-132	410	62.4
3SDT_A	3PYB_B	42.9	511	817	727	1.14e-132	410	62.4
3SDT_A	3PYB_C	42.9	511	817	727	1.14e-132	410	62.4
3SDT_A	4LIX_A	42.9	511	817	727	1.14e-132	410	62.4
3SDT_A	8I6P_A	37.8	526	817	775	1.11e-116	369	63.8
3SDT_A	8I6P_B	37.8	526	817	775	1.11e-116	369	63.8
3SDT_A	8I6P_C	37.8	526	817	775	1.11e-116	369	63.8
3SDT_A	8I6P_D	37.8	526	817	775	1.11e-116	369	63.8
3SDT_A	8I6T_A	37.8	526	817	775	1.11e-116	369	63.8
3SDT_A	8I6T_B	37.8	526	817	775	1.11e-116	369	63.8
3SDT_A	8I6T_C	37.8	526	817	775	1.11e-116	369	63.8
3SDT_A	8I6T_D	37.8	526	817	775	1.11e-116	369	63.8
3SDT_A	8I6T_E	37.8	526	817	775	1.11e-116	369	63.8
3SDT_A	8I6T_F	37.8	526	817	775	1.11e-116	369	63.8
3SDT_A	8I6U_A	37.8	526	817	775	1.11e-116	369	63.8
3SDT_A	8I6U_B	37.8	526	817	775	1.11e-116	369	63.8
3SDT_A	8KBW_A	37.8	526	817	775	1.11e-116	369	63.8
3SDT_A	8KBW_B	37.8	526	817	775	1.11e-116	369	63.8
3SDT_A	8KBW_C	37.8	526	817	775	1.11e-116	369	63.8
3SDT_A	8KBW_D	37.8	526	817	775	1.11e-116	369	63.8
3SDT_A	8KBW_E	37.8	526	817	775	1.11e-116	369	63.8
3SDT_A	8KBW_F	37.8	526	817	775	1.11e-116	369	63.8
3SDT_A	8IH5_A	37.8	526	817	775	3.04e-116	368	63.8
3SDT_A	8IH5_B	37.8	526	817	775	3.04e-116	368	63.8
3SDT_A	8IH5_C	37.8	526	817	775	3.04e-116	368	63.8
3SDT_A	8IH5_D	37.8	526	817	775	3.04e-116	368	63.8
3SDT_A	8IH5_E	37.8	526	817	775	3.04e-116	368	63.8
3SDT_A	8IH5_F	37.8	526	817	775	3.04e-116	368	63.8
3SDT_A	5UV0_A	33.8	529	817	607	4.12e-83	275	64.0
3SDT_A	5UV1_A	33.8	529	817	607	4.12e-83	275	64.0
3SDT_A	5UV2_A	33.8	529	817	607	4.12e-83	275	64.0
3SDT_A	6ONM_A	33.8	529	817	607	4.12e-83	275	64.0
3SDT_A	3N0F_A	31.3	571	817	555	6.09e-81	268	69.5
3SDT_A	3N0F_B	31.3	571	817	555	6.09e-81	268	69.5
3SDT_A	3N0G_A	31.3	571	817	555	6.09e-81	268	69.5
3SDT_A	3N0G_B	31.3	571	817	555	6.09e-81	268	69.5
3SDT_A	3LZ9_A	30.9	524	817	550	7.53e-77	257	63.9
3SDT_A	3M00_A	30.9	524	817	550	7.53e-77	257	63.9
3SDT_A	5IKH_A	30.9	524	817	550	7.53e-77	257	63.9
3SDT_A	4DI5_A	30.9	524	817	535	1.00e-76	256	63.9
3SDT_A	5EAU_A	30.9	524	817	548	1.38e-76	256	63.9
3SDT_A	5DHI_A	30.9	524	817	536	1.43e-76	256	63.9
3SDT_A	5DHK_A	30.9	524	817	536	1.43e-76	256	63.9
3SDT_A	3M01_A	30.9	524	817	550	1.45e-76	256	63.9
3SDT_A	3M02_A	30.9	524	817	550	1.45e-76	256	63.9
3SDT_A	4RNQ_A	30.9	524	817	550	1.45e-76	256	63.9
3SDT_A	5IK0_A	30.9	524	817	550	1.45e-76	256	63.9
3SDT_A	5IK6_A	30.9	524	817	550	1.45e-76	256	63.9
3SDT_A	5IK9_A	30.9	524	817	550	1.45e-76	256	63.9
3SDU_A	3PYA_A	42.9	511	817	727	1.14e-132	410	62.4
3SDU_A	3PYB_A	42.9	511	817	727	1.14e-132	410	62.4
3SDU_A	3PYB_B	42.9	511	817	727	1.14e-132	410	62.4
3SDU_A	3PYB_C	42.9	511	817	727	1.14e-132	410	62.4
3SDU_A	4LIX_A	42.9	511	817	727	1.14e-132	410	62.4
3SDU_A	8I6P_A	37.8	526	817	775	1.11e-116	369	63.8
3SDU_A	8I6P_B	37.8	526	817	775	1.11e-116	369	63.8
3SDU_A	8I6P_C	37.8	526	817	775	1.11e-116	369	63.8
3SDU_A	8I6P_D	37.8	526	817	775	1.11e-116	369	63.8
3SDU_A	8I6T_A	37.8	526	817	775	1.11e-116	369	63.8
3SDU_A	8I6T_B	37.8	526	817	775	1.11e-116	369	63.8
3SDU_A	8I6T_C	37.8	526	817	775	1.11e-116	369	63.8
3SDU_A	8I6T_D	37.8	526	817	775	1.11e-116	369	63.8
3SDU_A	8I6T_E	37.8	526	817	775	1.11e-116	369	63.8
3SDU_A	8I6T_F	37.8	526	817	775	1.11e-116	369	63.8
3SDU_A	8I6U_A	37.8	526	817	775	1.11e-116	369	63.8
3SDU_A	8I6U_B	37.8	526	817	775	1.11e-116	369	63.8
3SDU_A	8KBW_A	37.8	526	817	775	1.11e-116	369	63.8
3SDU_A	8KBW_B	37.8	526	817	775	1.11e-116	369	63.8
3SDU_A	8KBW_C	37.8	526	817	775	1.11e-116	369	63.8
3SDU_A	8KBW_D	37.8	526	817	775	1.11e-116	369	63.8
3SDU_A	8KBW_E	37.8	526	817	775	1.11e-116	369	63.8
3SDU_A	8KBW_F	37.8	526	817	775	1.11e-116	369	63.8
3SDU_A	8IH5_A	37.8	526	817	775	3.04e-116	368	63.8
3SDU_A	8IH5_B	37.8	526	817	775	3.04e-116	368	63.8
3SDU_A	8IH5_C	37.8	526	817	775	3.04e-116	368	63.8
3SDU_A	8IH5_D	37.8	526	817	775	3.04e-116	368	63.8
3SDU_A	8IH5_E	37.8	526	817	775	3.04e-116	368	63.8
3SDU_A	8IH5_F	37.8	526	817	775	3.04e-116	368	63.8
3SDU_A	5UV0_A	33.8	529	817	607	4.12e-83	275	64.0
3SDU_A	5UV1_A	33.8	529	817	607	4.12e-83	275	64.0
3SDU_A	5UV2_A	33.8	529	817	607	4.12e-83	275	64.0
3SDU_A	6ONM_A	33.8	529	817	607	4.12e-83	275	64.0
3SDU_A	3N0F_A	31.3	571	817	555	6.09e-81	268	69.5
3SDU_A	3N0F_B	31.3	571	817	555	6.09e-81	268	69.5
3SDU_A	3N0G_A	31.3	571	817	555	6.09e-81	268	69.5
3SDU_A	3N0G_B	31.3	571	817	555	6.09e-81	268	69.5
3SDU_A	3LZ9_A	30.9	524	817	550	7.53e-77	257	63.9
3SDU_A	3M00_A	30.9	524	817	550	7.53e-77	257	63.9
3SDU_A	5IKH_A	30.9	524	817	550	7.53e-77	257	63.9
3SDU_A	4DI5_A	30.9	524	817	535	1.00e-76	256	63.9
3SDU_A	5EAU_A	30.9	524	817	548	1.38e-76	256	63.9
3SDU_A	5DHI_A	30.9	524	817	536	1.43e-76	256	63.9
3SDU_A	5DHK_A	30.9	524	817	536	1.43e-76	256	63.9
3SDU_A	3M01_A	30.9	524	817	550	1.45e-76	256	63.9
3SDU_A	3M02_A	30.9	524	817	550	1.45e-76	256	63.9
3SDU_A	4RNQ_A	30.9	524	817	550	1.45e-76	256	63.9
3SDU_A	5IK0_A	30.9	524	817	550	1.45e-76	256	63.9
3SDU_A	5IK6_A	30.9	524	817	550	1.45e-76	256	63.9
3SDU_A	5IK9_A	30.9	524	817	550	1.45e-76	256	63.9
3SDV_A	3PYA_A	42.9	511	817	727	1.14e-132	410	62.4
3SDV_A	3PYB_A	42.9	511	817	727	1.14e-132	410	62.4
3SDV_A	3PYB_B	42.9	511	817	727	1.14e-132	410	62.4
3SDV_A	3PYB_C	42.9	511	817	727	1.14e-132	410	62.4
3SDV_A	4LIX_A	42.9	511	817	727	1.14e-132	410	62.4
3SDV_A	8I6P_A	37.8	526	817	775	1.11e-116	369	63.8
3SDV_A	8I6P_B	37.8	526	817	775	1.11e-116	369	63.8
3SDV_A	8I6P_C	37.8	526	817	775	1.11e-116	369	63.8
3SDV_A	8I6P_D	37.8	526	817	775	1.11e-116	369	63.8
3SDV_A	8I6T_A	37.8	526	817	775	1.11e-116	369	63.8
3SDV_A	8I6T_B	37.8	526	817	775	1.11e-116	369	63.8
3SDV_A	8I6T_C	37.8	526	817	775	1.11e-116	369	63.8
3SDV_A	8I6T_D	37.8	526	817	775	1.11e-116	369	63.8
3SDV_A	8I6T_E	37.8	526	817	775	1.11e-116	369	63.8
3SDV_A	8I6T_F	37.8	526	817	775	1.11e-116	369	63.8
3SDV_A	8I6U_A	37.8	526	817	775	1.11e-116	369	63.8
3SDV_A	8I6U_B	37.8	526	817	775	1.11e-116	369	63.8
3SDV_A	8KBW_A	37.8	526	817	775	1.11e-116	369	63.8
3SDV_A	8KBW_B	37.8	526	817	775	1.11e-116	369	63.8
3SDV_A	8KBW_C	37.8	526	817	775	1.11e-116	369	63.8
3SDV_A	8KBW_D	37.8	526	817	775	1.11e-116	369	63.8
3SDV_A	8KBW_E	37.8	526	817	775	1.11e-116	369	63.8
3SDV_A	8KBW_F	37.8	526	817	775	1.11e-116	369	63.8
3SDV_A	8IH5_A	37.8	526	817	775	3.04e-116	368	63.8
3SDV_A	8IH5_B	37.8	526	817	775	3.04e-116	368	63.8
3SDV_A	8IH5_C	37.8	526	817	775	3.04e-116	368	63.8
3SDV_A	8IH5_D	37.8	526	817	775	3.04e-116	368	63.8
3SDV_A	8IH5_E	37.8	526	817	775	3.04e-116	368	63.8
3SDV_A	8IH5_F	37.8	526	817	775	3.04e-116	368	63.8
3SDV_A	5UV0_A	33.8	529	817	607	4.12e-83	275	64.0
3SDV_A	5UV1_A	33.8	529	817	607	4.12e-83	275	64.0
3SDV_A	5UV2_A	33.8	529	817	607	4.12e-83	275	64.0
3SDV_A	6ONM_A	33.8	529	817	607	4.12e-83	275	64.0
3SDV_A	3N0F_A	31.3	571	817	555	6.09e-81	268	69.5
3SDV_A	3N0F_B	31.3	571	817	555	6.09e-81	268	69.5
3SDV_A	3N0G_A	31.3	571	817	555	6.09e-81	268	69.5
3SDV_A	3N0G_B	31.3	571	817	555	6.09e-81	268	69.5
3SDV_A	3LZ9_A	30.9	524	817	550	7.53e-77	257	63.9
3SDV_A	3M00_A	30.9	524	817	550	7.53e-77	257	63.9
3SDV_A	5IKH_A	30.9	524	817	550	7.53e-77	257	63.9
3SDV_A	4DI5_A	30.9	524	817	535	1.00e-76	256	63.9
3SDV_A	5EAU_A	30.9	524	817	548	1.38e-76	256	63.9
3SDV_A	5DHI_A	30.9	524	817	536	1.43e-76	256	63.9
3SDV_A	5DHK_A	30.9	524	817	536	1.43e-76	256	63.9
3SDV_A	3M01_A	30.9	524	817	550	1.45e-76	256	63.9
3SDV_A	3M02_A	30.9	524	817	550	1.45e-76	256	63.9
3SDV_A	4RNQ_A	30.9	524	817	550	1.45e-76	256	63.9
3SDV_A	5IK0_A	30.9	524	817	550	1.45e-76	256	63.9
3SDV_A	5IK6_A	30.9	524	817	550	1.45e-76	256	63.9
3SDV_A	5IK9_A	30.9	524	817	550	1.45e-76	256	63.9
7WAT_B	3PYA_A	43.5	503	787	727	3.56e-133	410	63.4
7WAT_B	3PYB_A	43.5	503	787	727	3.56e-133	410	63.4
7WAT_B	3PYB_B	43.5	503	787	727	3.56e-133	410	63.4
7WAT_B	3PYB_C	43.5	503	787	727	3.56e-133	410	63.4
7WAT_B	4LIX_A	43.5	503	787	727	3.56e-133	410	63.4
7WAT_B	8I6P_A	41.4	457	787	775	3.78e-110	351	57.3
7WAT_B	8I6P_B	41.4	457	787	775	3.78e-110	351	57.3
7WAT_B	8I6P_C	41.4	457	787	775	3.78e-110	351	57.3
7WAT_B	8I6P_D	41.4	457	787	775	3.78e-110	351	57.3
7WAT_B	8I6T_A	41.4	457	787	775	3.78e-110	351	57.3
7WAT_B	8I6T_B	41.4	457	787	775	3.78e-110	351	57.3
7WAT_B	8I6T_C	41.4	457	787	775	3.78e-110	351	57.3
7WAT_B	8I6T_D	41.4	457	787	775	3.78e-110	351	57.3
7WAT_B	8I6T_E	41.4	457	787	775	3.78e-110	351	57.3
7WAT_B	8I6T_F	41.4	457	787	775	3.78e-110	351	57.3
7WAT_B	8I6U_A	41.4	457	787	775	3.78e-110	351	57.3
7WAT_B	8I6U_B	41.4	457	787	775	3.78e-110	351	57.3
7WAT_B	8KBW_A	41.4	457	787	775	3.78e-110	351	57.3
7WAT_B	8KBW_B	41.4	457	787	775	3.78e-110	351	57.3
7WAT_B	8KBW_C	41.4	457	787	775	3.78e-110	351	57.3
7WAT_B	8KBW_D	41.4	457	787	775	3.78e-110	351	57.3
7WAT_B	8KBW_E	41.4	457	787	775	3.78e-110	351	57.3
7WAT_B	8KBW_F	41.4	457	787	775	3.78e-110	351	57.3
7WAT_B	8IH5_A	41.1	457	787	775	5.54e-109	348	57.3
7WAT_B	8IH5_B	41.1	457	787	775	5.54e-109	348	57.3
7WAT_B	8IH5_C	41.1	457	787	775	5.54e-109	348	57.3
7WAT_B	8IH5_D	41.1	457	787	775	5.54e-109	348	57.3
7WAT_B	8IH5_E	41.1	457	787	775	5.54e-109	348	57.3
7WAT_B	8IH5_F	41.1	457	787	775	5.54e-109	348	57.3
7WAT_B	3LZ9_A	24.8	537	787	550	3.48e-42	159	67.9
7WAT_B	3M00_A	24.8	537	787	550	3.48e-42	159	67.9
7WAT_B	5IKH_A	24.8	537	787	550	3.48e-42	159	67.9
7WAT_B	5DHI_A	24.9	538	787	536	3.85e-42	159	67.9
7WAT_B	5DHK_A	24.9	538	787	536	3.85e-42	159	67.9
7WAT_B	1HX9_A	24.9	538	787	548	4.58e-42	159	67.9
7WAT_B	1HXA_A	24.9	538	787	548	4.58e-42	159	67.9
7WAT_B	4DI5_A	24.9	538	787	535	5.14e-42	159	67.9
7WAT_B	5EAU_A	24.9	538	787	548	6.19e-42	159	67.9
7WAT_B	3M01_A	24.9	538	787	550	6.36e-42	159	67.9
7WAT_B	3M02_A	24.9	538	787	550	6.36e-42	159	67.9
7WAT_B	4RNQ_A	24.9	538	787	550	6.36e-42	159	67.9
7WAT_B	5IK0_A	24.9	538	787	550	6.36e-42	159	67.9
7WAT_B	5IK6_A	24.9	538	787	550	6.36e-42	159	67.9
7WAT_B	5IK9_A	24.9	538	787	550	6.36e-42	159	67.9
7WAT_B	5IKA_A	24.9	538	787	550	6.36e-42	159	67.9
7WAT_B	5IL3_A	24.9	538	787	550	6.36e-42	159	67.9
7WAT_B	5IL8_A	24.9	538	787	550	6.36e-42	159	67.9
7WAT_B	5ILD_A	24.9	538	787	550	6.36e-42	159	67.9
7WAT_B	5ILH_A	24.9	538	787	550	6.36e-42	159	67.9
7WAT_B	5ILI_A	24.9	538	787	550	6.36e-42	159	67.9
7Y47_B	3PYA_A	43.5	503	787	727	3.56e-133	410	63.4
7Y47_B	3PYB_A	43.5	503	787	727	3.56e-133	410	63.4
7Y47_B	3PYB_B	43.5	503	787	727	3.56e-133	410	63.4
7Y47_B	3PYB_C	43.5	503	787	727	3.56e-133	410	63.4
7Y47_B	4LIX_A	43.5	503	787	727	3.56e-133	410	63.4
7Y47_B	8I6P_A	41.4	457	787	775	3.78e-110	351	57.3
7Y47_B	8I6P_B	41.4	457	787	775	3.78e-110	351	57.3
7Y47_B	8I6P_C	41.4	457	787	775	3.78e-110	351	57.3
7Y47_B	8I6P_D	41.4	457	787	775	3.78e-110	351	57.3
7Y47_B	8I6T_A	41.4	457	787	775	3.78e-110	351	57.3
7Y47_B	8I6T_B	41.4	457	787	775	3.78e-110	351	57.3
7Y47_B	8I6T_C	41.4	457	787	775	3.78e-110	351	57.3
7Y47_B	8I6T_D	41.4	457	787	775	3.78e-110	351	57.3
7Y47_B	8I6T_E	41.4	457	787	775	3.78e-110	351	57.3
7Y47_B	8I6T_F	41.4	457	787	775	3.78e-110	351	57.3
7Y47_B	8I6U_A	41.4	457	787	775	3.78e-110	351	57.3
7Y47_B	8I6U_B	41.4	457	787	775	3.78e-110	351	57.3
7Y47_B	8KBW_A	41.4	457	787	775	3.78e-110	351	57.3
7Y47_B	8KBW_B	41.4	457	787	775	3.78e-110	351	57.3
7Y47_B	8KBW_C	41.4	457	787	775	3.78e-110	351	57.3
7Y47_B	8KBW_D	41.4	457	787	775	3.78e-110	351	57.3
7Y47_B	8KBW_E	41.4	457	787	775	3.78e-110	351	57.3
7Y47_B	8KBW_F	41.4	457	787	775	3.78e-110	351	57.3
7Y47_B	8IH5_A	41.1	457	787	775	5.54e-109	348	57.3
7Y47_B	8IH5_B	41.1	457	787	775	5.54e-109	348	57.3
7Y47_B	8IH5_C	41.1	457	787	775	5.54e-109	348	57.3
7Y47_B	8IH5_D	41.1	457	787	775	5.54e-109	348	57.3
7Y47_B	8IH5_E	41.1	457	787	775	5.54e-109	348	57.3
7Y47_B	8IH5_F	41.1	457	787	775	5.54e-109	348	57.3
7Y47_B	3LZ9_A	24.8	537	787	550	3.48e-42	159	67.9
7Y47_B	3M00_A	24.8	537	787	550	3.48e-42	159	67.9
7Y47_B	5IKH_A	24.8	537	787	550	3.48e-42	159	67.9
7Y47_B	5DHI_A	24.9	538	787	536	3.85e-42	159	67.9
7Y47_B	5DHK_A	24.9	538	787	536	3.85e-42	159	67.9
7Y47_B	1HX9_A	24.9	538	787	548	4.58e-42	159	67.9
7Y47_B	1HXA_A	24.9	538	787	548	4.58e-42	159	67.9
7Y47_B	4DI5_A	24.9	538	787	535	5.14e-42	159	67.9
7Y47_B	5EAU_A	24.9	538	787	548	6.19e-42	159	67.9
7Y47_B	3M01_A	24.9	538	787	550	6.36e-42	159	67.9
7Y47_B	3M02_A	24.9	538	787	550	6.36e-42	159	67.9
7Y47_B	4RNQ_A	24.9	538	787	550	6.36e-42	159	67.9
7Y47_B	5IK0_A	24.9	538	787	550	6.36e-42	159	67.9
7Y47_B	5IK6_A	24.9	538	787	550	6.36e-42	159	67.9
7Y47_B	5IK9_A	24.9	538	787	550	6.36e-42	159	67.9
7Y47_B	5IKA_A	24.9	538	787	550	6.36e-42	159	67.9
7Y47_B	5IL3_A	24.9	538	787	550	6.36e-42	159	67.9
7Y47_B	5IL8_A	24.9	538	787	550	6.36e-42	159	67.9
7Y47_B	5ILD_A	24.9	538	787	550	6.36e-42	159	67.9
7Y47_B	5ILH_A	24.9	538	787	550	6.36e-42	159	67.9
7Y47_B	5ILI_A	24.9	538	787	550	6.36e-42	159	67.9
6S0P_A	4X57_B	100	22	261	138	4.23e-04	37.4	8.4
6S0P_A	4X57_D	100	22	261	138	4.23e-04	37.4	8.4
6S0P_A	3K3K_A	100	22	261	211	8.02e-04	37.4	8.4
6S0P_A	3K3K_B	100	22	261	211	8.02e-04	37.4	8.4
6S7E_A	4X57_B	100	22	261	138	4.23e-04	37.4	8.4
6S7E_A	4X57_D	100	22	261	138	4.23e-04	37.4	8.4
6S7E_A	3K3K_A	100	22	261	211	8.02e-04	37.4	8.4
6S7E_A	3K3K_B	100	22	261	211	8.02e-04	37.4	8.4
6SBP_A	4X57_B	100	22	262	138	3.13e-04	37.7	8.4
6SBP_A	4X57_D	100	22	262	138	3.13e-04	37.7	8.4
6SBP_A	3K3K_A	100	22	262	211	6.01e-04	37.7	8.4
6SBP_A	3K3K_B	100	22	262	211	6.01e-04	37.7	8.4
7CY4_A	3DM0_A	99.5	369	917	694	3.42e-257	732	40.2
7CY4_A	9VBD_A	97.5	367	917	893	8.64e-248	716	40.0
7CY4_A	9VBV_A	97.5	367	917	893	8.64e-248	716	40.0
7CY5_A	3DM0_A	99.5	369	917	694	3.42e-257	732	40.2
7CY5_A	9VBD_A	97.5	367	917	893	8.64e-248	716	40.0
7CY5_A	9VBV_A	97.5	367	917	893	8.64e-248	716	40.0
7CY6_A	3DM0_A	99.5	369	917	694	3.42e-257	732	40.2
7CY6_A	9VBD_A	97.5	367	917	893	8.64e-248	716	40.0
7CY6_A	9VBV_A	97.5	367	917	893	8.64e-248	716	40.0
7CY7_A	3DM0_A	99.5	369	917	694	3.42e-257	732	40.2
7CY7_A	9VBD_A	97.5	367	917	893	8.64e-248	716	40.0
7CY7_A	9VBV_A	97.5	367	917	893	8.64e-248	716	40.0
7CY8_A	3DM0_A	99.5	369	917	694	3.42e-257	732	40.2
7CY8_A	9VBD_A	97.5	367	917	893	8.64e-248	716	40.0
7CY8_A	9VBV_A	97.5	367	917	893	8.64e-248	716	40.0
2DKV_A	4DWX_A	76.3	241	309	244	1.25e-143	402	78.0
2DKV_A	4DWX_B	76.3	241	309	244	1.25e-143	402	78.0
2DKV_A	4DYG_A	76.3	241	309	244	1.25e-143	402	78.0
2DKV_A	4DYG_B	76.3	241	309	244	1.25e-143	402	78.0
2DKV_A	3CQL_A	72.3	242	309	243	1.98e-142	399	78.3
2DKV_A	3CQL_B	72.3	242	309	243	1.98e-142	399	78.3
2DKV_A	4J0L_A	75.5	241	309	244	4.82e-141	395	78.0
3IWR_A	4DWX_A	76.3	241	309	244	1.25e-143	402	78.0
3IWR_A	4DWX_B	76.3	241	309	244	1.25e-143	402	78.0
3IWR_A	4DYG_A	76.3	241	309	244	1.25e-143	402	78.0
3IWR_A	4DYG_B	76.3	241	309	244	1.25e-143	402	78.0
3IWR_A	3CQL_A	72.3	242	309	243	1.98e-142	399	78.3
3IWR_A	3CQL_B	72.3	242	309	243	1.98e-142	399	78.3
3IWR_A	4J0L_A	75.5	241	309	244	4.82e-141	395	78.0
3IWR_B	4DWX_A	76.3	241	309	244	1.25e-143	402	78.0
3IWR_B	4DWX_B	76.3	241	309	244	1.25e-143	402	78.0
3IWR_B	4DYG_A	76.3	241	309	244	1.25e-143	402	78.0
3IWR_B	4DYG_B	76.3	241	309	244	1.25e-143	402	78.0
3IWR_B	3CQL_A	72.3	242	309	243	1.98e-142	399	78.3
3IWR_B	3CQL_B	72.3	242	309	243	1.98e-142	399	78.3
3IWR_B	4J0L_A	75.5	241	309	244	4.82e-141	395	78.0
3QRX_A	9KCV_A	47.9	142	169	798	3.52e-18	78.6	84.0
3QRX_A	9KCV_B	47.9	142	169	798	3.52e-18	78.6	84.0
3QRX_A	9KCV_C	47.9	142	169	798	3.52e-18	78.6	84.0
3QRX_A	9KCV_D	47.9	142	169	798	3.52e-18	78.6	84.0
4AQR_A	9KCV_A	99.3	149	149	798	2.85e-76	239	100
4AQR_A	9KCV_B	99.3	149	149	798	2.85e-76	239	100
4AQR_A	9KCV_C	99.3	149	149	798	2.85e-76	239	100
4AQR_A	9KCV_D	99.3	149	149	798	2.85e-76	239	100
4AQR_A	9VHU_A	32.0	147	149	537	2.49e-16	72.4	98.0
4AQR_A	9VHU_B	32.0	147	149	537	2.49e-16	72.4	98.0
4AQR_A	9VHU_C	32.0	147	149	537	2.49e-16	72.4	98.0
4AQR_A	9VHU_D	32.0	147	149	537	2.49e-16	72.4	98.0
4AQR_A	9VHW_A	32.0	147	149	537	2.49e-16	72.4	98.0
4AQR_B	9KCV_A	99.3	149	149	798	2.85e-76	239	100
4AQR_B	9KCV_B	99.3	149	149	798	2.85e-76	239	100
4AQR_B	9KCV_C	99.3	149	149	798	2.85e-76	239	100
4AQR_B	9KCV_D	99.3	149	149	798	2.85e-76	239	100
4AQR_B	9VHU_A	32.0	147	149	537	2.49e-16	72.4	98.0
4AQR_B	9VHU_B	32.0	147	149	537	2.49e-16	72.4	98.0
4AQR_B	9VHU_C	32.0	147	149	537	2.49e-16	72.4	98.0
4AQR_B	9VHU_D	32.0	147	149	537	2.49e-16	72.4	98.0
4AQR_B	9VHW_A	32.0	147	149	537	2.49e-16	72.4	98.0
5A2H_A	9KCV_A	99.3	149	149	798	2.85e-76	239	100
5A2H_A	9KCV_B	99.3	149	149	798	2.85e-76	239	100
5A2H_A	9KCV_C	99.3	149	149	798	2.85e-76	239	100
5A2H_A	9KCV_D	99.3	149	149	798	2.85e-76	239	100
5A2H_A	9VHU_A	32.0	147	149	537	2.49e-16	72.4	98.0
5A2H_A	9VHU_B	32.0	147	149	537	2.49e-16	72.4	98.0
5A2H_A	9VHU_C	32.0	147	149	537	2.49e-16	72.4	98.0
5A2H_A	9VHU_D	32.0	147	149	537	2.49e-16	72.4	98.0
5A2H_A	9VHW_A	32.0	147	149	537	2.49e-16	72.4	98.0
8GLV_FZ	9KCV_A	47.9	142	169	798	3.52e-18	78.6	84.0
8GLV_FZ	9KCV_B	47.9	142	169	798	3.52e-18	78.6	84.0
8GLV_FZ	9KCV_C	47.9	142	169	798	3.52e-18	78.6	84.0
8GLV_FZ	9KCV_D	47.9	142	169	798	3.52e-18	78.6	84.0
8GLV_Md	9KCV_A	47.9	142	169	798	3.52e-18	78.6	84.0
8GLV_Md	9KCV_B	47.9	142	169	798	3.52e-18	78.6	84.0
8GLV_Md	9KCV_C	47.9	142	169	798	3.52e-18	78.6	84.0
8GLV_Md	9KCV_D	47.9	142	169	798	3.52e-18	78.6	84.0
8GLV_Ml	9KCV_A	47.9	142	169	798	3.52e-18	78.6	84.0
8GLV_Ml	9KCV_B	47.9	142	169	798	3.52e-18	78.6	84.0
8GLV_Ml	9KCV_C	47.9	142	169	798	3.52e-18	78.6	84.0
8GLV_Ml	9KCV_D	47.9	142	169	798	3.52e-18	78.6	84.0
8RX8_A	9VHU_A	32.2	143	165	537	7.40e-16	71.6	84.8
8RX8_A	9VHU_B	32.2	143	165	537	7.40e-16	71.6	84.8
8RX8_A	9VHU_C	32.2	143	165	537	7.40e-16	71.6	84.8
8RX8_A	9VHU_D	32.2	143	165	537	7.40e-16	71.6	84.8
8RX8_A	9VHW_A	32.2	143	165	537	7.40e-16	71.6	84.8
9QT9_E	9KCV_A	94.0	149	177	798	8.65e-76	239	84.2
9QT9_E	9KCV_B	94.0	149	177	798	8.65e-76	239	84.2
9QT9_E	9KCV_C	94.0	149	177	798	8.65e-76	239	84.2
9QT9_E	9KCV_D	94.0	149	177	798	8.65e-76	239	84.2
9QT9_E	9VHU_A	34.5	148	177	537	1.37e-19	82.8	82.5
9QT9_E	9VHU_B	34.5	148	177	537	1.37e-19	82.8	82.5
9QT9_E	9VHU_C	34.5	148	177	537	1.37e-19	82.8	82.5
9QT9_E	9VHU_D	34.5	148	177	537	1.37e-19	82.8	82.5
9QT9_E	9VHW_A	34.5	148	177	537	1.37e-19	82.8	82.5
9QT9_F	9KCV_A	94.0	149	177	798	8.65e-76	239	84.2
9QT9_F	9KCV_B	94.0	149	177	798	8.65e-76	239	84.2
9QT9_F	9KCV_C	94.0	149	177	798	8.65e-76	239	84.2
9QT9_F	9KCV_D	94.0	149	177	798	8.65e-76	239	84.2
9QT9_F	9VHU_A	34.5	148	177	537	1.37e-19	82.8	82.5
9QT9_F	9VHU_B	34.5	148	177	537	1.37e-19	82.8	82.5
9QT9_F	9VHU_C	34.5	148	177	537	1.37e-19	82.8	82.5
9QT9_F	9VHU_D	34.5	148	177	537	1.37e-19	82.8	82.5
9QT9_F	9VHW_A	34.5	148	177	537	1.37e-19	82.8	82.5
8JEC_A	7T4X_A	36.7	684	828	857	2.73e-106	344	81.9
8JEC_A	7T4X_B	36.7	684	828	857	2.73e-106	344	81.9
8JEC_A	7T4X_C	36.7	684	828	857	2.73e-106	344	81.9
8JEC_A	7T4X_D	36.7	684	828	857	2.73e-106	344	81.9
8JEC_A	7XUF_B	36.7	684	828	857	2.73e-106	344	81.9
8JEC_A	7XUF_D	36.7	684	828	857	2.73e-106	344	81.9
8JEC_A	7WSW_A	36.7	684	828	879	4.36e-106	344	81.9
8JEC_A	7WSW_B	36.7	684	828	879	4.36e-106	344	81.9
8JEC_A	7WSW_C	36.7	684	828	879	4.36e-106	344	81.9
8JEC_A	7WSW_D	36.7	684	828	879	4.36e-106	344	81.9
8JEC_A	7WM1_A	36.7	684	828	885	4.95e-106	344	81.9
8JEC_A	7WM1_C	36.7	684	828	885	4.95e-106	344	81.9
8JEC_A	9IS8_A	36.7	684	828	885	4.95e-106	344	81.9
8JEC_A	9IS8_C	36.7	684	828	885	4.95e-106	344	81.9
8JEC_A	9IS8_D	36.7	684	828	885	4.95e-106	344	81.9
8JEC_A	7WM2_A	36.7	684	828	895	6.10e-106	344	81.9
8JEC_A	7WM2_B	36.7	684	828	895	6.10e-106	344	81.9
8JEC_A	7WM2_C	36.7	684	828	895	6.10e-106	344	81.9
8JEC_A	7WM2_D	36.7	684	828	895	6.10e-106	344	81.9
8JEC_A	7FCV_A	36.7	684	828	857	7.38e-106	343	81.9
8JEC_A	7FCV_B	36.7	684	828	857	7.38e-106	343	81.9
8JEC_A	7FCV_C	36.7	684	828	857	7.38e-106	343	81.9
8JEC_A	7FCV_D	36.7	684	828	857	7.38e-106	343	81.9
8JEC_A	7CAL_A	35.1	490	828	677	1.29e-89	295	58.2
8JEC_A	7CAL_B	35.1	490	828	677	1.29e-89	295	58.2
8JEC_A	7CAL_C	35.1	490	828	677	1.29e-89	295	58.2
8JEC_A	7CAL_D	35.1	490	828	677	1.29e-89	295	58.2
8JEC_A	7XUF_A	36.7	441	828	662	1.30e-82	276	52.4
8JEC_A	7XUF_C	36.7	441	828	662	1.30e-82	276	52.4
8JEC_A	7WM1_B	36.7	441	828	690	2.39e-82	276	52.4
8JEC_A	7WM1_D	36.7	441	828	690	2.39e-82	276	52.4
8JEC_A	9IS8_B	36.7	441	828	710	2.63e-82	276	52.4
8JEC_B	7T4X_A	36.7	684	828	857	2.73e-106	344	81.9
8JEC_B	7T4X_B	36.7	684	828	857	2.73e-106	344	81.9
8JEC_B	7T4X_C	36.7	684	828	857	2.73e-106	344	81.9
8JEC_B	7T4X_D	36.7	684	828	857	2.73e-106	344	81.9
8JEC_B	7XUF_B	36.7	684	828	857	2.73e-106	344	81.9
8JEC_B	7XUF_D	36.7	684	828	857	2.73e-106	344	81.9
8JEC_B	7WSW_A	36.7	684	828	879	4.36e-106	344	81.9
8JEC_B	7WSW_B	36.7	684	828	879	4.36e-106	344	81.9
8JEC_B	7WSW_C	36.7	684	828	879	4.36e-106	344	81.9
8JEC_B	7WSW_D	36.7	684	828	879	4.36e-106	344	81.9
8JEC_B	7WM1_A	36.7	684	828	885	4.95e-106	344	81.9
8JEC_B	7WM1_C	36.7	684	828	885	4.95e-106	344	81.9
8JEC_B	9IS8_A	36.7	684	828	885	4.95e-106	344	81.9
8JEC_B	9IS8_C	36.7	684	828	885	4.95e-106	344	81.9
8JEC_B	9IS8_D	36.7	684	828	885	4.95e-106	344	81.9
8JEC_B	7WM2_A	36.7	684	828	895	6.10e-106	344	81.9
8JEC_B	7WM2_B	36.7	684	828	895	6.10e-106	344	81.9
8JEC_B	7WM2_C	36.7	684	828	895	6.10e-106	344	81.9
8JEC_B	7WM2_D	36.7	684	828	895	6.10e-106	344	81.9
8JEC_B	7FCV_A	36.7	684	828	857	7.38e-106	343	81.9
8JEC_B	7FCV_B	36.7	684	828	857	7.38e-106	343	81.9
8JEC_B	7FCV_C	36.7	684	828	857	7.38e-106	343	81.9
8JEC_B	7FCV_D	36.7	684	828	857	7.38e-106	343	81.9
8JEC_B	7CAL_A	35.1	490	828	677	1.29e-89	295	58.2
8JEC_B	7CAL_B	35.1	490	828	677	1.29e-89	295	58.2
8JEC_B	7CAL_C	35.1	490	828	677	1.29e-89	295	58.2
8JEC_B	7CAL_D	35.1	490	828	677	1.29e-89	295	58.2
8JEC_B	7XUF_A	36.7	441	828	662	1.30e-82	276	52.4
8JEC_B	7XUF_C	36.7	441	828	662	1.30e-82	276	52.4
8JEC_B	7WM1_B	36.7	441	828	690	2.39e-82	276	52.4
8JEC_B	7WM1_D	36.7	441	828	690	2.39e-82	276	52.4
8JEC_B	9IS8_B	36.7	441	828	710	2.63e-82	276	52.4
8JEC_C	7T4X_A	36.7	684	828	857	2.73e-106	344	81.9
8JEC_C	7T4X_B	36.7	684	828	857	2.73e-106	344	81.9
8JEC_C	7T4X_C	36.7	684	828	857	2.73e-106	344	81.9
8JEC_C	7T4X_D	36.7	684	828	857	2.73e-106	344	81.9
8JEC_C	7XUF_B	36.7	684	828	857	2.73e-106	344	81.9
8JEC_C	7XUF_D	36.7	684	828	857	2.73e-106	344	81.9
8JEC_C	7WSW_A	36.7	684	828	879	4.36e-106	344	81.9
8JEC_C	7WSW_B	36.7	684	828	879	4.36e-106	344	81.9
8JEC_C	7WSW_C	36.7	684	828	879	4.36e-106	344	81.9
8JEC_C	7WSW_D	36.7	684	828	879	4.36e-106	344	81.9
8JEC_C	7WM1_A	36.7	684	828	885	4.95e-106	344	81.9
8JEC_C	7WM1_C	36.7	684	828	885	4.95e-106	344	81.9
8JEC_C	9IS8_A	36.7	684	828	885	4.95e-106	344	81.9
8JEC_C	9IS8_C	36.7	684	828	885	4.95e-106	344	81.9
8JEC_C	9IS8_D	36.7	684	828	885	4.95e-106	344	81.9
8JEC_C	7WM2_A	36.7	684	828	895	6.10e-106	344	81.9
8JEC_C	7WM2_B	36.7	684	828	895	6.10e-106	344	81.9
8JEC_C	7WM2_C	36.7	684	828	895	6.10e-106	344	81.9
8JEC_C	7WM2_D	36.7	684	828	895	6.10e-106	344	81.9
8JEC_C	7FCV_A	36.7	684	828	857	7.38e-106	343	81.9
8JEC_C	7FCV_B	36.7	684	828	857	7.38e-106	343	81.9
8JEC_C	7FCV_C	36.7	684	828	857	7.38e-106	343	81.9
8JEC_C	7FCV_D	36.7	684	828	857	7.38e-106	343	81.9
8JEC_C	7CAL_A	35.1	490	828	677	1.29e-89	295	58.2
8JEC_C	7CAL_B	35.1	490	828	677	1.29e-89	295	58.2
8JEC_C	7CAL_C	35.1	490	828	677	1.29e-89	295	58.2
8JEC_C	7CAL_D	35.1	490	828	677	1.29e-89	295	58.2
8JEC_C	7XUF_A	36.7	441	828	662	1.30e-82	276	52.4
8JEC_C	7XUF_C	36.7	441	828	662	1.30e-82	276	52.4
8JEC_C	7WM1_B	36.7	441	828	690	2.39e-82	276	52.4
8JEC_C	7WM1_D	36.7	441	828	690	2.39e-82	276	52.4
8JEC_C	9IS8_B	36.7	441	828	710	2.63e-82	276	52.4
8JEC_D	7T4X_A	36.7	684	828	857	2.73e-106	344	81.9
8JEC_D	7T4X_B	36.7	684	828	857	2.73e-106	344	81.9
8JEC_D	7T4X_C	36.7	684	828	857	2.73e-106	344	81.9
8JEC_D	7T4X_D	36.7	684	828	857	2.73e-106	344	81.9
8JEC_D	7XUF_B	36.7	684	828	857	2.73e-106	344	81.9
8JEC_D	7XUF_D	36.7	684	828	857	2.73e-106	344	81.9
8JEC_D	7WSW_A	36.7	684	828	879	4.36e-106	344	81.9
8JEC_D	7WSW_B	36.7	684	828	879	4.36e-106	344	81.9
8JEC_D	7WSW_C	36.7	684	828	879	4.36e-106	344	81.9
8JEC_D	7WSW_D	36.7	684	828	879	4.36e-106	344	81.9
8JEC_D	7WM1_A	36.7	684	828	885	4.95e-106	344	81.9
8JEC_D	7WM1_C	36.7	684	828	885	4.95e-106	344	81.9
8JEC_D	9IS8_A	36.7	684	828	885	4.95e-106	344	81.9
8JEC_D	9IS8_C	36.7	684	828	885	4.95e-106	344	81.9
8JEC_D	9IS8_D	36.7	684	828	885	4.95e-106	344	81.9
8JEC_D	7WM2_A	36.7	684	828	895	6.10e-106	344	81.9
8JEC_D	7WM2_B	36.7	684	828	895	6.10e-106	344	81.9
8JEC_D	7WM2_C	36.7	684	828	895	6.10e-106	344	81.9
8JEC_D	7WM2_D	36.7	684	828	895	6.10e-106	344	81.9
8JEC_D	7FCV_A	36.7	684	828	857	7.38e-106	343	81.9
8JEC_D	7FCV_B	36.7	684	828	857	7.38e-106	343	81.9
8JEC_D	7FCV_C	36.7	684	828	857	7.38e-106	343	81.9
8JEC_D	7FCV_D	36.7	684	828	857	7.38e-106	343	81.9
8JEC_D	7CAL_A	35.1	490	828	677	1.29e-89	295	58.2
8JEC_D	7CAL_B	35.1	490	828	677	1.29e-89	295	58.2
8JEC_D	7CAL_C	35.1	490	828	677	1.29e-89	295	58.2
8JEC_D	7CAL_D	35.1	490	828	677	1.29e-89	295	58.2
8JEC_D	7XUF_A	36.7	441	828	662	1.30e-82	276	52.4
8JEC_D	7XUF_C	36.7	441	828	662	1.30e-82	276	52.4
8JEC_D	7WM1_B	36.7	441	828	690	2.39e-82	276	52.4
8JEC_D	7WM1_D	36.7	441	828	690	2.39e-82	276	52.4
8JEC_D	9IS8_B	36.7	441	828	710	2.63e-82	276	52.4
8JET_A	7T4X_A	36.7	684	828	857	7.21e-107	346	81.9
8JET_A	7T4X_B	36.7	684	828	857	7.21e-107	346	81.9
8JET_A	7T4X_C	36.7	684	828	857	7.21e-107	346	81.9
8JET_A	7T4X_D	36.7	684	828	857	7.21e-107	346	81.9
8JET_A	7XUF_B	36.7	684	828	857	7.21e-107	346	81.9
8JET_A	7XUF_D	36.7	684	828	857	7.21e-107	346	81.9
8JET_A	7WSW_A	36.7	684	828	879	1.16e-106	346	81.9
8JET_A	7WSW_B	36.7	684	828	879	1.16e-106	346	81.9
8JET_A	7WSW_C	36.7	684	828	879	1.16e-106	346	81.9
8JET_A	7WSW_D	36.7	684	828	879	1.16e-106	346	81.9
8JET_A	7WM1_A	36.7	684	828	885	1.31e-106	346	81.9
8JET_A	7WM1_C	36.7	684	828	885	1.31e-106	346	81.9
8JET_A	9IS8_A	36.7	684	828	885	1.31e-106	346	81.9
8JET_A	9IS8_C	36.7	684	828	885	1.31e-106	346	81.9
8JET_A	9IS8_D	36.7	684	828	885	1.31e-106	346	81.9
8JET_A	7WM2_A	36.7	684	828	895	1.62e-106	346	81.9
8JET_A	7WM2_B	36.7	684	828	895	1.62e-106	346	81.9
8JET_A	7WM2_C	36.7	684	828	895	1.62e-106	346	81.9
8JET_A	7WM2_D	36.7	684	828	895	1.62e-106	346	81.9
8JET_A	7FCV_A	36.7	684	828	857	1.95e-106	345	81.9
8JET_A	7FCV_B	36.7	684	828	857	1.95e-106	345	81.9
8JET_A	7FCV_C	36.7	684	828	857	1.95e-106	345	81.9
8JET_A	7FCV_D	36.7	684	828	857	1.95e-106	345	81.9
8JET_A	7CAL_A	35.1	490	828	677	3.44e-90	296	58.2
8JET_A	7CAL_B	35.1	490	828	677	3.44e-90	296	58.2
8JET_A	7CAL_C	35.1	490	828	677	3.44e-90	296	58.2
8JET_A	7CAL_D	35.1	490	828	677	3.44e-90	296	58.2
8JET_A	7XUF_A	36.5	441	828	662	1.30e-82	276	52.4
8JET_A	7XUF_C	36.5	441	828	662	1.30e-82	276	52.4
8JET_A	7WM1_B	36.5	441	828	690	2.39e-82	276	52.4
8JET_A	7WM1_D	36.5	441	828	690	2.39e-82	276	52.4
8JET_A	9IS8_B	36.5	441	828	710	2.63e-82	276	52.4
8JET_B	7T4X_A	36.7	684	828	857	7.21e-107	346	81.9
8JET_B	7T4X_B	36.7	684	828	857	7.21e-107	346	81.9
8JET_B	7T4X_C	36.7	684	828	857	7.21e-107	346	81.9
8JET_B	7T4X_D	36.7	684	828	857	7.21e-107	346	81.9
8JET_B	7XUF_B	36.7	684	828	857	7.21e-107	346	81.9
8JET_B	7XUF_D	36.7	684	828	857	7.21e-107	346	81.9
8JET_B	7WSW_A	36.7	684	828	879	1.16e-106	346	81.9
8JET_B	7WSW_B	36.7	684	828	879	1.16e-106	346	81.9
8JET_B	7WSW_C	36.7	684	828	879	1.16e-106	346	81.9
8JET_B	7WSW_D	36.7	684	828	879	1.16e-106	346	81.9
8JET_B	7WM1_A	36.7	684	828	885	1.31e-106	346	81.9
8JET_B	7WM1_C	36.7	684	828	885	1.31e-106	346	81.9
8JET_B	9IS8_A	36.7	684	828	885	1.31e-106	346	81.9
8JET_B	9IS8_C	36.7	684	828	885	1.31e-106	346	81.9
8JET_B	9IS8_D	36.7	684	828	885	1.31e-106	346	81.9
8JET_B	7WM2_A	36.7	684	828	895	1.62e-106	346	81.9
8JET_B	7WM2_B	36.7	684	828	895	1.62e-106	346	81.9
8JET_B	7WM2_C	36.7	684	828	895	1.62e-106	346	81.9
8JET_B	7WM2_D	36.7	684	828	895	1.62e-106	346	81.9
8JET_B	7FCV_A	36.7	684	828	857	1.95e-106	345	81.9
8JET_B	7FCV_B	36.7	684	828	857	1.95e-106	345	81.9
8JET_B	7FCV_C	36.7	684	828	857	1.95e-106	345	81.9
8JET_B	7FCV_D	36.7	684	828	857	1.95e-106	345	81.9
8JET_B	7CAL_A	35.1	490	828	677	3.44e-90	296	58.2
8JET_B	7CAL_B	35.1	490	828	677	3.44e-90	296	58.2
8JET_B	7CAL_C	35.1	490	828	677	3.44e-90	296	58.2
8JET_B	7CAL_D	35.1	490	828	677	3.44e-90	296	58.2
8JET_B	7XUF_A	36.5	441	828	662	1.30e-82	276	52.4
8JET_B	7XUF_C	36.5	441	828	662	1.30e-82	276	52.4
8JET_B	7WM1_B	36.5	441	828	690	2.39e-82	276	52.4
8JET_B	7WM1_D	36.5	441	828	690	2.39e-82	276	52.4
8JET_B	9IS8_B	36.5	441	828	710	2.63e-82	276	52.4
8JET_C	7T4X_A	36.7	684	828	857	7.21e-107	346	81.9
8JET_C	7T4X_B	36.7	684	828	857	7.21e-107	346	81.9
8JET_C	7T4X_C	36.7	684	828	857	7.21e-107	346	81.9
8JET_C	7T4X_D	36.7	684	828	857	7.21e-107	346	81.9
8JET_C	7XUF_B	36.7	684	828	857	7.21e-107	346	81.9
8JET_C	7XUF_D	36.7	684	828	857	7.21e-107	346	81.9
8JET_C	7WSW_A	36.7	684	828	879	1.16e-106	346	81.9
8JET_C	7WSW_B	36.7	684	828	879	1.16e-106	346	81.9
8JET_C	7WSW_C	36.7	684	828	879	1.16e-106	346	81.9
8JET_C	7WSW_D	36.7	684	828	879	1.16e-106	346	81.9
8JET_C	7WM1_A	36.7	684	828	885	1.31e-106	346	81.9
8JET_C	7WM1_C	36.7	684	828	885	1.31e-106	346	81.9
8JET_C	9IS8_A	36.7	684	828	885	1.31e-106	346	81.9
8JET_C	9IS8_C	36.7	684	828	885	1.31e-106	346	81.9
8JET_C	9IS8_D	36.7	684	828	885	1.31e-106	346	81.9
8JET_C	7WM2_A	36.7	684	828	895	1.62e-106	346	81.9
8JET_C	7WM2_B	36.7	684	828	895	1.62e-106	346	81.9
8JET_C	7WM2_C	36.7	684	828	895	1.62e-106	346	81.9
8JET_C	7WM2_D	36.7	684	828	895	1.62e-106	346	81.9
8JET_C	7FCV_A	36.7	684	828	857	1.95e-106	345	81.9
8JET_C	7FCV_B	36.7	684	828	857	1.95e-106	345	81.9
8JET_C	7FCV_C	36.7	684	828	857	1.95e-106	345	81.9
8JET_C	7FCV_D	36.7	684	828	857	1.95e-106	345	81.9
8JET_C	7CAL_A	35.1	490	828	677	3.44e-90	296	58.2
8JET_C	7CAL_B	35.1	490	828	677	3.44e-90	296	58.2
8JET_C	7CAL_C	35.1	490	828	677	3.44e-90	296	58.2
8JET_C	7CAL_D	35.1	490	828	677	3.44e-90	296	58.2
8JET_C	7XUF_A	36.5	441	828	662	1.30e-82	276	52.4
8JET_C	7XUF_C	36.5	441	828	662	1.30e-82	276	52.4
8JET_C	7WM1_B	36.5	441	828	690	2.39e-82	276	52.4
8JET_C	7WM1_D	36.5	441	828	690	2.39e-82	276	52.4
8JET_C	9IS8_B	36.5	441	828	710	2.63e-82	276	52.4
8JET_D	7T4X_A	36.7	684	828	857	7.21e-107	346	81.9
8JET_D	7T4X_B	36.7	684	828	857	7.21e-107	346	81.9
8JET_D	7T4X_C	36.7	684	828	857	7.21e-107	346	81.9
8JET_D	7T4X_D	36.7	684	828	857	7.21e-107	346	81.9
8JET_D	7XUF_B	36.7	684	828	857	7.21e-107	346	81.9
8JET_D	7XUF_D	36.7	684	828	857	7.21e-107	346	81.9
8JET_D	7WSW_A	36.7	684	828	879	1.16e-106	346	81.9
8JET_D	7WSW_B	36.7	684	828	879	1.16e-106	346	81.9
8JET_D	7WSW_C	36.7	684	828	879	1.16e-106	346	81.9
8JET_D	7WSW_D	36.7	684	828	879	1.16e-106	346	81.9
8JET_D	7WM1_A	36.7	684	828	885	1.31e-106	346	81.9
8JET_D	7WM1_C	36.7	684	828	885	1.31e-106	346	81.9
8JET_D	9IS8_A	36.7	684	828	885	1.31e-106	346	81.9
8JET_D	9IS8_C	36.7	684	828	885	1.31e-106	346	81.9
8JET_D	9IS8_D	36.7	684	828	885	1.31e-106	346	81.9
8JET_D	7WM2_A	36.7	684	828	895	1.62e-106	346	81.9
8JET_D	7WM2_B	36.7	684	828	895	1.62e-106	346	81.9
8JET_D	7WM2_C	36.7	684	828	895	1.62e-106	346	81.9
8JET_D	7WM2_D	36.7	684	828	895	1.62e-106	346	81.9
8JET_D	7FCV_A	36.7	684	828	857	1.95e-106	345	81.9
8JET_D	7FCV_B	36.7	684	828	857	1.95e-106	345	81.9
8JET_D	7FCV_C	36.7	684	828	857	1.95e-106	345	81.9
8JET_D	7FCV_D	36.7	684	828	857	1.95e-106	345	81.9
8JET_D	7CAL_A	35.1	490	828	677	3.44e-90	296	58.2
8JET_D	7CAL_B	35.1	490	828	677	3.44e-90	296	58.2
8JET_D	7CAL_C	35.1	490	828	677	3.44e-90	296	58.2
8JET_D	7CAL_D	35.1	490	828	677	3.44e-90	296	58.2
8JET_D	7XUF_A	36.5	441	828	662	1.30e-82	276	52.4
8JET_D	7XUF_C	36.5	441	828	662	1.30e-82	276	52.4
8JET_D	7WM1_B	36.5	441	828	690	2.39e-82	276	52.4
8JET_D	7WM1_D	36.5	441	828	690	2.39e-82	276	52.4
8JET_D	9IS8_B	36.5	441	828	710	2.63e-82	276	52.4
8JEU_A	7T4X_A	36.7	684	828	857	7.21e-107	346	81.9
8JEU_A	7T4X_B	36.7	684	828	857	7.21e-107	346	81.9
8JEU_A	7T4X_C	36.7	684	828	857	7.21e-107	346	81.9
8JEU_A	7T4X_D	36.7	684	828	857	7.21e-107	346	81.9
8JEU_A	7XUF_B	36.7	684	828	857	7.21e-107	346	81.9
8JEU_A	7XUF_D	36.7	684	828	857	7.21e-107	346	81.9
8JEU_A	7WSW_A	36.7	684	828	879	1.16e-106	346	81.9
8JEU_A	7WSW_B	36.7	684	828	879	1.16e-106	346	81.9
8JEU_A	7WSW_C	36.7	684	828	879	1.16e-106	346	81.9
8JEU_A	7WSW_D	36.7	684	828	879	1.16e-106	346	81.9
8JEU_A	7WM1_A	36.7	684	828	885	1.31e-106	346	81.9
8JEU_A	7WM1_C	36.7	684	828	885	1.31e-106	346	81.9
8JEU_A	9IS8_A	36.7	684	828	885	1.31e-106	346	81.9
8JEU_A	9IS8_C	36.7	684	828	885	1.31e-106	346	81.9
8JEU_A	9IS8_D	36.7	684	828	885	1.31e-106	346	81.9
8JEU_A	7WM2_A	36.7	684	828	895	1.62e-106	346	81.9
8JEU_A	7WM2_B	36.7	684	828	895	1.62e-106	346	81.9
8JEU_A	7WM2_C	36.7	684	828	895	1.62e-106	346	81.9
8JEU_A	7WM2_D	36.7	684	828	895	1.62e-106	346	81.9
8JEU_A	7FCV_A	36.7	684	828	857	1.95e-106	345	81.9
8JEU_A	7FCV_B	36.7	684	828	857	1.95e-106	345	81.9
8JEU_A	7FCV_C	36.7	684	828	857	1.95e-106	345	81.9
8JEU_A	7FCV_D	36.7	684	828	857	1.95e-106	345	81.9
8JEU_A	7CAL_A	35.1	490	828	677	3.44e-90	296	58.2
8JEU_A	7CAL_B	35.1	490	828	677	3.44e-90	296	58.2
8JEU_A	7CAL_C	35.1	490	828	677	3.44e-90	296	58.2
8JEU_A	7CAL_D	35.1	490	828	677	3.44e-90	296	58.2
8JEU_A	7XUF_A	36.5	441	828	662	1.30e-82	276	52.4
8JEU_A	7XUF_C	36.5	441	828	662	1.30e-82	276	52.4
8JEU_A	7WM1_B	36.5	441	828	690	2.39e-82	276	52.4
8JEU_A	7WM1_D	36.5	441	828	690	2.39e-82	276	52.4
8JEU_A	9IS8_B	36.5	441	828	710	2.63e-82	276	52.4
8JEU_B	7T4X_A	36.7	684	828	857	7.21e-107	346	81.9
8JEU_B	7T4X_B	36.7	684	828	857	7.21e-107	346	81.9
8JEU_B	7T4X_C	36.7	684	828	857	7.21e-107	346	81.9
8JEU_B	7T4X_D	36.7	684	828	857	7.21e-107	346	81.9
8JEU_B	7XUF_B	36.7	684	828	857	7.21e-107	346	81.9
8JEU_B	7XUF_D	36.7	684	828	857	7.21e-107	346	81.9
8JEU_B	7WSW_A	36.7	684	828	879	1.16e-106	346	81.9
8JEU_B	7WSW_B	36.7	684	828	879	1.16e-106	346	81.9
8JEU_B	7WSW_C	36.7	684	828	879	1.16e-106	346	81.9
8JEU_B	7WSW_D	36.7	684	828	879	1.16e-106	346	81.9
8JEU_B	7WM1_A	36.7	684	828	885	1.31e-106	346	81.9
8JEU_B	7WM1_C	36.7	684	828	885	1.31e-106	346	81.9
8JEU_B	9IS8_A	36.7	684	828	885	1.31e-106	346	81.9
8JEU_B	9IS8_C	36.7	684	828	885	1.31e-106	346	81.9
8JEU_B	9IS8_D	36.7	684	828	885	1.31e-106	346	81.9
8JEU_B	7WM2_A	36.7	684	828	895	1.62e-106	346	81.9
8JEU_B	7WM2_B	36.7	684	828	895	1.62e-106	346	81.9
8JEU_B	7WM2_C	36.7	684	828	895	1.62e-106	346	81.9
8JEU_B	7WM2_D	36.7	684	828	895	1.62e-106	346	81.9
8JEU_B	7FCV_A	36.7	684	828	857	1.95e-106	345	81.9
8JEU_B	7FCV_B	36.7	684	828	857	1.95e-106	345	81.9
8JEU_B	7FCV_C	36.7	684	828	857	1.95e-106	345	81.9
8JEU_B	7FCV_D	36.7	684	828	857	1.95e-106	345	81.9
8JEU_B	7CAL_A	35.1	490	828	677	3.44e-90	296	58.2
8JEU_B	7CAL_B	35.1	490	828	677	3.44e-90	296	58.2
8JEU_B	7CAL_C	35.1	490	828	677	3.44e-90	296	58.2
8JEU_B	7CAL_D	35.1	490	828	677	3.44e-90	296	58.2
8JEU_B	7XUF_A	36.5	441	828	662	1.30e-82	276	52.4
8JEU_B	7XUF_C	36.5	441	828	662	1.30e-82	276	52.4
8JEU_B	7WM1_B	36.5	441	828	690	2.39e-82	276	52.4
8JEU_B	7WM1_D	36.5	441	828	690	2.39e-82	276	52.4
8JEU_B	9IS8_B	36.5	441	828	710	2.63e-82	276	52.4
8JEU_C	7T4X_A	36.7	684	828	857	7.21e-107	346	81.9
8JEU_C	7T4X_B	36.7	684	828	857	7.21e-107	346	81.9
8JEU_C	7T4X_C	36.7	684	828	857	7.21e-107	346	81.9
8JEU_C	7T4X_D	36.7	684	828	857	7.21e-107	346	81.9
8JEU_C	7XUF_B	36.7	684	828	857	7.21e-107	346	81.9
8JEU_C	7XUF_D	36.7	684	828	857	7.21e-107	346	81.9
8JEU_C	7WSW_A	36.7	684	828	879	1.16e-106	346	81.9
8JEU_C	7WSW_B	36.7	684	828	879	1.16e-106	346	81.9
8JEU_C	7WSW_C	36.7	684	828	879	1.16e-106	346	81.9
8JEU_C	7WSW_D	36.7	684	828	879	1.16e-106	346	81.9
8JEU_C	7WM1_A	36.7	684	828	885	1.31e-106	346	81.9
8JEU_C	7WM1_C	36.7	684	828	885	1.31e-106	346	81.9
8JEU_C	9IS8_A	36.7	684	828	885	1.31e-106	346	81.9
8JEU_C	9IS8_C	36.7	684	828	885	1.31e-106	346	81.9
8JEU_C	9IS8_D	36.7	684	828	885	1.31e-106	346	81.9
8JEU_C	7WM2_A	36.7	684	828	895	1.62e-106	346	81.9
8JEU_C	7WM2_B	36.7	684	828	895	1.62e-106	346	81.9
8JEU_C	7WM2_C	36.7	684	828	895	1.62e-106	346	81.9
8JEU_C	7WM2_D	36.7	684	828	895	1.62e-106	346	81.9
8JEU_C	7FCV_A	36.7	684	828	857	1.95e-106	345	81.9
8JEU_C	7FCV_B	36.7	684	828	857	1.95e-106	345	81.9
8JEU_C	7FCV_C	36.7	684	828	857	1.95e-106	345	81.9
8JEU_C	7FCV_D	36.7	684	828	857	1.95e-106	345	81.9
8JEU_C	7CAL_A	35.1	490	828	677	3.44e-90	296	58.2
8JEU_C	7CAL_B	35.1	490	828	677	3.44e-90	296	58.2
8JEU_C	7CAL_C	35.1	490	828	677	3.44e-90	296	58.2
8JEU_C	7CAL_D	35.1	490	828	677	3.44e-90	296	58.2
8JEU_C	7XUF_A	36.5	441	828	662	1.30e-82	276	52.4
8JEU_C	7XUF_C	36.5	441	828	662	1.30e-82	276	52.4
8JEU_C	7WM1_B	36.5	441	828	690	2.39e-82	276	52.4
8JEU_C	7WM1_D	36.5	441	828	690	2.39e-82	276	52.4
8JEU_C	9IS8_B	36.5	441	828	710	2.63e-82	276	52.4
8JEU_D	7T4X_A	36.7	684	828	857	7.21e-107	346	81.9
8JEU_D	7T4X_B	36.7	684	828	857	7.21e-107	346	81.9
8JEU_D	7T4X_C	36.7	684	828	857	7.21e-107	346	81.9
8JEU_D	7T4X_D	36.7	684	828	857	7.21e-107	346	81.9
8JEU_D	7XUF_B	36.7	684	828	857	7.21e-107	346	81.9
8JEU_D	7XUF_D	36.7	684	828	857	7.21e-107	346	81.9
8JEU_D	7WSW_A	36.7	684	828	879	1.16e-106	346	81.9
8JEU_D	7WSW_B	36.7	684	828	879	1.16e-106	346	81.9
8JEU_D	7WSW_C	36.7	684	828	879	1.16e-106	346	81.9
8JEU_D	7WSW_D	36.7	684	828	879	1.16e-106	346	81.9
8JEU_D	7WM1_A	36.7	684	828	885	1.31e-106	346	81.9
8JEU_D	7WM1_C	36.7	684	828	885	1.31e-106	346	81.9
8JEU_D	9IS8_A	36.7	684	828	885	1.31e-106	346	81.9
8JEU_D	9IS8_C	36.7	684	828	885	1.31e-106	346	81.9
8JEU_D	9IS8_D	36.7	684	828	885	1.31e-106	346	81.9
8JEU_D	7WM2_A	36.7	684	828	895	1.62e-106	346	81.9
8JEU_D	7WM2_B	36.7	684	828	895	1.62e-106	346	81.9
8JEU_D	7WM2_C	36.7	684	828	895	1.62e-106	346	81.9
8JEU_D	7WM2_D	36.7	684	828	895	1.62e-106	346	81.9
8JEU_D	7FCV_A	36.7	684	828	857	1.95e-106	345	81.9
8JEU_D	7FCV_B	36.7	684	828	857	1.95e-106	345	81.9
8JEU_D	7FCV_C	36.7	684	828	857	1.95e-106	345	81.9
8JEU_D	7FCV_D	36.7	684	828	857	1.95e-106	345	81.9
8JEU_D	7CAL_A	35.1	490	828	677	3.44e-90	296	58.2
8JEU_D	7CAL_B	35.1	490	828	677	3.44e-90	296	58.2
8JEU_D	7CAL_C	35.1	490	828	677	3.44e-90	296	58.2
8JEU_D	7CAL_D	35.1	490	828	677	3.44e-90	296	58.2
8JEU_D	7XUF_A	36.5	441	828	662	1.30e-82	276	52.4
8JEU_D	7XUF_C	36.5	441	828	662	1.30e-82	276	52.4
8JEU_D	7WM1_B	36.5	441	828	690	2.39e-82	276	52.4
8JEU_D	7WM1_D	36.5	441	828	690	2.39e-82	276	52.4
8JEU_D	9IS8_B	36.5	441	828	710	2.63e-82	276	52.4
8WFZ_A	7T4X_A	37.6	672	820	857	4.48e-105	341	80.6
8WFZ_A	7T4X_B	37.6	672	820	857	4.48e-105	341	80.6
8WFZ_A	7T4X_C	37.6	672	820	857	4.48e-105	341	80.6
8WFZ_A	7T4X_D	37.6	672	820	857	4.48e-105	341	80.6
8WFZ_A	7XUF_B	37.6	672	820	857	4.48e-105	341	80.6
8WFZ_A	7XUF_D	37.6	672	820	857	4.48e-105	341	80.6
8WFZ_A	7WSW_A	37.6	672	820	879	7.14e-105	341	80.6
8WFZ_A	7WSW_B	37.6	672	820	879	7.14e-105	341	80.6
8WFZ_A	7WSW_C	37.6	672	820	879	7.14e-105	341	80.6
8WFZ_A	7WSW_D	37.6	672	820	879	7.14e-105	341	80.6
8WFZ_A	7WM1_A	37.6	672	820	885	8.09e-105	341	80.6
8WFZ_A	7WM1_C	37.6	672	820	885	8.09e-105	341	80.6
8WFZ_A	9IS8_A	37.6	672	820	885	8.09e-105	341	80.6
8WFZ_A	9IS8_C	37.6	672	820	885	8.09e-105	341	80.6
8WFZ_A	9IS8_D	37.6	672	820	885	8.09e-105	341	80.6
8WFZ_A	7WM2_A	37.6	672	820	895	9.94e-105	341	80.6
8WFZ_A	7WM2_B	37.6	672	820	895	9.94e-105	341	80.6
8WFZ_A	7WM2_C	37.6	672	820	895	9.94e-105	341	80.6
8WFZ_A	7WM2_D	37.6	672	820	895	9.94e-105	341	80.6
8WFZ_A	7FCV_A	37.6	672	820	857	1.21e-104	340	80.6
8WFZ_A	7FCV_B	37.6	672	820	857	1.21e-104	340	80.6
8WFZ_A	7FCV_C	37.6	672	820	857	1.21e-104	340	80.6
8WFZ_A	7FCV_D	37.6	672	820	857	1.21e-104	340	80.6
8WFZ_A	7CAL_A	37.0	454	820	677	4.12e-89	293	54.8
8WFZ_A	7CAL_B	37.0	454	820	677	4.12e-89	293	54.8
8WFZ_A	7CAL_C	37.0	454	820	677	4.12e-89	293	54.8
8WFZ_A	7CAL_D	37.0	454	820	677	4.12e-89	293	54.8
8WFZ_A	7XUF_A	35.7	479	820	662	2.15e-82	275	57.3
8WFZ_A	7XUF_C	35.7	479	820	662	2.15e-82	275	57.3
8WFZ_A	7WM1_B	35.7	479	820	690	3.96e-82	275	57.3
8WFZ_A	7WM1_D	35.7	479	820	690	3.96e-82	275	57.3
8WFZ_A	9IS8_B	35.7	479	820	710	6.04e-82	275	57.3
8WFZ_B	7T4X_A	37.6	672	820	857	4.48e-105	341	80.6
8WFZ_B	7T4X_B	37.6	672	820	857	4.48e-105	341	80.6
8WFZ_B	7T4X_C	37.6	672	820	857	4.48e-105	341	80.6
8WFZ_B	7T4X_D	37.6	672	820	857	4.48e-105	341	80.6
8WFZ_B	7XUF_B	37.6	672	820	857	4.48e-105	341	80.6
8WFZ_B	7XUF_D	37.6	672	820	857	4.48e-105	341	80.6
8WFZ_B	7WSW_A	37.6	672	820	879	7.14e-105	341	80.6
8WFZ_B	7WSW_B	37.6	672	820	879	7.14e-105	341	80.6
8WFZ_B	7WSW_C	37.6	672	820	879	7.14e-105	341	80.6
8WFZ_B	7WSW_D	37.6	672	820	879	7.14e-105	341	80.6
8WFZ_B	7WM1_A	37.6	672	820	885	8.09e-105	341	80.6
8WFZ_B	7WM1_C	37.6	672	820	885	8.09e-105	341	80.6
8WFZ_B	9IS8_A	37.6	672	820	885	8.09e-105	341	80.6
8WFZ_B	9IS8_C	37.6	672	820	885	8.09e-105	341	80.6
8WFZ_B	9IS8_D	37.6	672	820	885	8.09e-105	341	80.6
8WFZ_B	7WM2_A	37.6	672	820	895	9.94e-105	341	80.6
8WFZ_B	7WM2_B	37.6	672	820	895	9.94e-105	341	80.6
8WFZ_B	7WM2_C	37.6	672	820	895	9.94e-105	341	80.6
8WFZ_B	7WM2_D	37.6	672	820	895	9.94e-105	341	80.6
8WFZ_B	7FCV_A	37.6	672	820	857	1.21e-104	340	80.6
8WFZ_B	7FCV_B	37.6	672	820	857	1.21e-104	340	80.6
8WFZ_B	7FCV_C	37.6	672	820	857	1.21e-104	340	80.6
8WFZ_B	7FCV_D	37.6	672	820	857	1.21e-104	340	80.6
8WFZ_B	7CAL_A	37.0	454	820	677	4.12e-89	293	54.8
8WFZ_B	7CAL_B	37.0	454	820	677	4.12e-89	293	54.8
8WFZ_B	7CAL_C	37.0	454	820	677	4.12e-89	293	54.8
8WFZ_B	7CAL_D	37.0	454	820	677	4.12e-89	293	54.8
8WFZ_B	7XUF_A	35.7	479	820	662	2.15e-82	275	57.3
8WFZ_B	7XUF_C	35.7	479	820	662	2.15e-82	275	57.3
8WFZ_B	7WM1_B	35.7	479	820	690	3.96e-82	275	57.3
8WFZ_B	7WM1_D	35.7	479	820	690	3.96e-82	275	57.3
8WFZ_B	9IS8_B	35.7	479	820	710	6.04e-82	275	57.3
8WFZ_C	7T4X_A	37.6	672	820	857	4.48e-105	341	80.6
8WFZ_C	7T4X_B	37.6	672	820	857	4.48e-105	341	80.6
8WFZ_C	7T4X_C	37.6	672	820	857	4.48e-105	341	80.6
8WFZ_C	7T4X_D	37.6	672	820	857	4.48e-105	341	80.6
8WFZ_C	7XUF_B	37.6	672	820	857	4.48e-105	341	80.6
8WFZ_C	7XUF_D	37.6	672	820	857	4.48e-105	341	80.6
8WFZ_C	7WSW_A	37.6	672	820	879	7.14e-105	341	80.6
8WFZ_C	7WSW_B	37.6	672	820	879	7.14e-105	341	80.6
8WFZ_C	7WSW_C	37.6	672	820	879	7.14e-105	341	80.6
8WFZ_C	7WSW_D	37.6	672	820	879	7.14e-105	341	80.6
8WFZ_C	7WM1_A	37.6	672	820	885	8.09e-105	341	80.6
8WFZ_C	7WM1_C	37.6	672	820	885	8.09e-105	341	80.6
8WFZ_C	9IS8_A	37.6	672	820	885	8.09e-105	341	80.6
8WFZ_C	9IS8_C	37.6	672	820	885	8.09e-105	341	80.6
8WFZ_C	9IS8_D	37.6	672	820	885	8.09e-105	341	80.6
8WFZ_C	7WM2_A	37.6	672	820	895	9.94e-105	341	80.6
8WFZ_C	7WM2_B	37.6	672	820	895	9.94e-105	341	80.6
8WFZ_C	7WM2_C	37.6	672	820	895	9.94e-105	341	80.6
8WFZ_C	7WM2_D	37.6	672	820	895	9.94e-105	341	80.6
8WFZ_C	7FCV_A	37.6	672	820	857	1.21e-104	340	80.6
8WFZ_C	7FCV_B	37.6	672	820	857	1.21e-104	340	80.6
8WFZ_C	7FCV_C	37.6	672	820	857	1.21e-104	340	80.6
8WFZ_C	7FCV_D	37.6	672	820	857	1.21e-104	340	80.6
8WFZ_C	7CAL_A	37.0	454	820	677	4.12e-89	293	54.8
8WFZ_C	7CAL_B	37.0	454	820	677	4.12e-89	293	54.8
8WFZ_C	7CAL_C	37.0	454	820	677	4.12e-89	293	54.8
8WFZ_C	7CAL_D	37.0	454	820	677	4.12e-89	293	54.8
8WFZ_C	7XUF_A	35.7	479	820	662	2.15e-82	275	57.3
8WFZ_C	7XUF_C	35.7	479	820	662	2.15e-82	275	57.3
8WFZ_C	7WM1_B	35.7	479	820	690	3.96e-82	275	57.3
8WFZ_C	7WM1_D	35.7	479	820	690	3.96e-82	275	57.3
8WFZ_C	9IS8_B	35.7	479	820	710	6.04e-82	275	57.3
8WFZ_D	7T4X_A	37.6	672	820	857	4.48e-105	341	80.6
8WFZ_D	7T4X_B	37.6	672	820	857	4.48e-105	341	80.6
8WFZ_D	7T4X_C	37.6	672	820	857	4.48e-105	341	80.6
8WFZ_D	7T4X_D	37.6	672	820	857	4.48e-105	341	80.6
8WFZ_D	7XUF_B	37.6	672	820	857	4.48e-105	341	80.6
8WFZ_D	7XUF_D	37.6	672	820	857	4.48e-105	341	80.6
8WFZ_D	7WSW_A	37.6	672	820	879	7.14e-105	341	80.6
8WFZ_D	7WSW_B	37.6	672	820	879	7.14e-105	341	80.6
8WFZ_D	7WSW_C	37.6	672	820	879	7.14e-105	341	80.6
8WFZ_D	7WSW_D	37.6	672	820	879	7.14e-105	341	80.6
8WFZ_D	7WM1_A	37.6	672	820	885	8.09e-105	341	80.6
8WFZ_D	7WM1_C	37.6	672	820	885	8.09e-105	341	80.6
8WFZ_D	9IS8_A	37.6	672	820	885	8.09e-105	341	80.6
8WFZ_D	9IS8_C	37.6	672	820	885	8.09e-105	341	80.6
8WFZ_D	9IS8_D	37.6	672	820	885	8.09e-105	341	80.6
8WFZ_D	7WM2_A	37.6	672	820	895	9.94e-105	341	80.6
8WFZ_D	7WM2_B	37.6	672	820	895	9.94e-105	341	80.6
8WFZ_D	7WM2_C	37.6	672	820	895	9.94e-105	341	80.6
8WFZ_D	7WM2_D	37.6	672	820	895	9.94e-105	341	80.6
8WFZ_D	7FCV_A	37.6	672	820	857	1.21e-104	340	80.6
8WFZ_D	7FCV_B	37.6	672	820	857	1.21e-104	340	80.6
8WFZ_D	7FCV_C	37.6	672	820	857	1.21e-104	340	80.6
8WFZ_D	7FCV_D	37.6	672	820	857	1.21e-104	340	80.6
8WFZ_D	7CAL_A	37.0	454	820	677	4.12e-89	293	54.8
8WFZ_D	7CAL_B	37.0	454	820	677	4.12e-89	293	54.8
8WFZ_D	7CAL_C	37.0	454	820	677	4.12e-89	293	54.8
8WFZ_D	7CAL_D	37.0	454	820	677	4.12e-89	293	54.8
8WFZ_D	7XUF_A	35.7	479	820	662	2.15e-82	275	57.3
8WFZ_D	7XUF_C	35.7	479	820	662	2.15e-82	275	57.3
8WFZ_D	7WM1_B	35.7	479	820	690	3.96e-82	275	57.3
8WFZ_D	7WM1_D	35.7	479	820	690	3.96e-82	275	57.3
8WFZ_D	9IS8_B	35.7	479	820	710	6.04e-82	275	57.3
8WTZ_A	7WSW_A	35.1	771	837	879	1.01e-107	349	90.4
8WTZ_A	7WSW_B	35.1	771	837	879	1.01e-107	349	90.4
8WTZ_A	7WSW_C	35.1	771	837	879	1.01e-107	349	90.4
8WTZ_A	7WSW_D	35.1	771	837	879	1.01e-107	349	90.4
8WTZ_A	7T4X_A	36.7	684	837	857	8.92e-107	346	81.0
8WTZ_A	7T4X_B	36.7	684	837	857	8.92e-107	346	81.0
8WTZ_A	7T4X_C	36.7	684	837	857	8.92e-107	346	81.0
8WTZ_A	7T4X_D	36.7	684	837	857	8.92e-107	346	81.0
8WTZ_A	7XUF_B	36.7	684	837	857	8.92e-107	346	81.0
8WTZ_A	7XUF_D	36.7	684	837	857	8.92e-107	346	81.0
8WTZ_A	7WM1_A	36.7	684	837	885	1.62e-106	346	81.0
8WTZ_A	7WM1_C	36.7	684	837	885	1.62e-106	346	81.0
8WTZ_A	9IS8_A	36.7	684	837	885	1.62e-106	346	81.0
8WTZ_A	9IS8_C	36.7	684	837	885	1.62e-106	346	81.0
8WTZ_A	9IS8_D	36.7	684	837	885	1.62e-106	346	81.0
8WTZ_A	7WM2_A	36.7	684	837	895	2.00e-106	346	81.0
8WTZ_A	7WM2_B	36.7	684	837	895	2.00e-106	346	81.0
8WTZ_A	7WM2_C	36.7	684	837	895	2.00e-106	346	81.0
8WTZ_A	7WM2_D	36.7	684	837	895	2.00e-106	346	81.0
8WTZ_A	7FCV_A	36.7	684	837	857	2.41e-106	345	81.0
8WTZ_A	7FCV_B	36.7	684	837	857	2.41e-106	345	81.0
8WTZ_A	7FCV_C	36.7	684	837	857	2.41e-106	345	81.0
8WTZ_A	7FCV_D	36.7	684	837	857	2.41e-106	345	81.0
8WTZ_A	7CAL_A	35.1	490	837	677	4.12e-90	296	57.6
8WTZ_A	7CAL_B	35.1	490	837	677	4.12e-90	296	57.6
8WTZ_A	7CAL_C	35.1	490	837	677	4.12e-90	296	57.6
8WTZ_A	7CAL_D	35.1	490	837	677	4.12e-90	296	57.6
8WTZ_A	7XUF_A	36.5	441	837	662	1.53e-82	276	51.9
8WTZ_A	7XUF_C	36.5	441	837	662	1.53e-82	276	51.9
8WTZ_A	7WM1_B	36.5	441	837	690	2.82e-82	276	51.9
8WTZ_A	7WM1_D	36.5	441	837	690	2.82e-82	276	51.9
8WTZ_A	9IS8_B	36.5	441	837	710	3.10e-82	276	51.9
8WTZ_B	7WSW_A	35.1	771	837	879	1.01e-107	349	90.4
8WTZ_B	7WSW_B	35.1	771	837	879	1.01e-107	349	90.4
8WTZ_B	7WSW_C	35.1	771	837	879	1.01e-107	349	90.4
8WTZ_B	7WSW_D	35.1	771	837	879	1.01e-107	349	90.4
8WTZ_B	7T4X_A	36.7	684	837	857	8.92e-107	346	81.0
8WTZ_B	7T4X_B	36.7	684	837	857	8.92e-107	346	81.0
8WTZ_B	7T4X_C	36.7	684	837	857	8.92e-107	346	81.0
8WTZ_B	7T4X_D	36.7	684	837	857	8.92e-107	346	81.0
8WTZ_B	7XUF_B	36.7	684	837	857	8.92e-107	346	81.0
8WTZ_B	7XUF_D	36.7	684	837	857	8.92e-107	346	81.0
8WTZ_B	7WM1_A	36.7	684	837	885	1.62e-106	346	81.0
8WTZ_B	7WM1_C	36.7	684	837	885	1.62e-106	346	81.0
8WTZ_B	9IS8_A	36.7	684	837	885	1.62e-106	346	81.0
8WTZ_B	9IS8_C	36.7	684	837	885	1.62e-106	346	81.0
8WTZ_B	9IS8_D	36.7	684	837	885	1.62e-106	346	81.0
8WTZ_B	7WM2_A	36.7	684	837	895	2.00e-106	346	81.0
8WTZ_B	7WM2_B	36.7	684	837	895	2.00e-106	346	81.0
8WTZ_B	7WM2_C	36.7	684	837	895	2.00e-106	346	81.0
8WTZ_B	7WM2_D	36.7	684	837	895	2.00e-106	346	81.0
8WTZ_B	7FCV_A	36.7	684	837	857	2.41e-106	345	81.0
8WTZ_B	7FCV_B	36.7	684	837	857	2.41e-106	345	81.0
8WTZ_B	7FCV_C	36.7	684	837	857	2.41e-106	345	81.0
8WTZ_B	7FCV_D	36.7	684	837	857	2.41e-106	345	81.0
8WTZ_B	7CAL_A	35.1	490	837	677	4.12e-90	296	57.6
8WTZ_B	7CAL_B	35.1	490	837	677	4.12e-90	296	57.6
8WTZ_B	7CAL_C	35.1	490	837	677	4.12e-90	296	57.6
8WTZ_B	7CAL_D	35.1	490	837	677	4.12e-90	296	57.6
8WTZ_B	7XUF_A	36.5	441	837	662	1.53e-82	276	51.9
8WTZ_B	7XUF_C	36.5	441	837	662	1.53e-82	276	51.9
8WTZ_B	7WM1_B	36.5	441	837	690	2.82e-82	276	51.9
8WTZ_B	7WM1_D	36.5	441	837	690	2.82e-82	276	51.9
8WTZ_B	9IS8_B	36.5	441	837	710	3.10e-82	276	51.9
8WTZ_C	7WSW_A	35.1	771	837	879	1.01e-107	349	90.4
8WTZ_C	7WSW_B	35.1	771	837	879	1.01e-107	349	90.4
8WTZ_C	7WSW_C	35.1	771	837	879	1.01e-107	349	90.4
8WTZ_C	7WSW_D	35.1	771	837	879	1.01e-107	349	90.4
8WTZ_C	7T4X_A	36.7	684	837	857	8.92e-107	346	81.0
8WTZ_C	7T4X_B	36.7	684	837	857	8.92e-107	346	81.0
8WTZ_C	7T4X_C	36.7	684	837	857	8.92e-107	346	81.0
8WTZ_C	7T4X_D	36.7	684	837	857	8.92e-107	346	81.0
8WTZ_C	7XUF_B	36.7	684	837	857	8.92e-107	346	81.0
8WTZ_C	7XUF_D	36.7	684	837	857	8.92e-107	346	81.0
8WTZ_C	7WM1_A	36.7	684	837	885	1.62e-106	346	81.0
8WTZ_C	7WM1_C	36.7	684	837	885	1.62e-106	346	81.0
8WTZ_C	9IS8_A	36.7	684	837	885	1.62e-106	346	81.0
8WTZ_C	9IS8_C	36.7	684	837	885	1.62e-106	346	81.0
8WTZ_C	9IS8_D	36.7	684	837	885	1.62e-106	346	81.0
8WTZ_C	7WM2_A	36.7	684	837	895	2.00e-106	346	81.0
8WTZ_C	7WM2_B	36.7	684	837	895	2.00e-106	346	81.0
8WTZ_C	7WM2_C	36.7	684	837	895	2.00e-106	346	81.0
8WTZ_C	7WM2_D	36.7	684	837	895	2.00e-106	346	81.0
8WTZ_C	7FCV_A	36.7	684	837	857	2.41e-106	345	81.0
8WTZ_C	7FCV_B	36.7	684	837	857	2.41e-106	345	81.0
8WTZ_C	7FCV_C	36.7	684	837	857	2.41e-106	345	81.0
8WTZ_C	7FCV_D	36.7	684	837	857	2.41e-106	345	81.0
8WTZ_C	7CAL_A	35.1	490	837	677	4.12e-90	296	57.6
8WTZ_C	7CAL_B	35.1	490	837	677	4.12e-90	296	57.6
8WTZ_C	7CAL_C	35.1	490	837	677	4.12e-90	296	57.6
8WTZ_C	7CAL_D	35.1	490	837	677	4.12e-90	296	57.6
8WTZ_C	7XUF_A	36.5	441	837	662	1.53e-82	276	51.9
8WTZ_C	7XUF_C	36.5	441	837	662	1.53e-82	276	51.9
8WTZ_C	7WM1_B	36.5	441	837	690	2.82e-82	276	51.9
8WTZ_C	7WM1_D	36.5	441	837	690	2.82e-82	276	51.9
8WTZ_C	9IS8_B	36.5	441	837	710	3.10e-82	276	51.9
8WTZ_D	7WSW_A	35.1	771	837	879	1.01e-107	349	90.4
8WTZ_D	7WSW_B	35.1	771	837	879	1.01e-107	349	90.4
8WTZ_D	7WSW_C	35.1	771	837	879	1.01e-107	349	90.4
8WTZ_D	7WSW_D	35.1	771	837	879	1.01e-107	349	90.4
8WTZ_D	7T4X_A	36.7	684	837	857	8.92e-107	346	81.0
8WTZ_D	7T4X_B	36.7	684	837	857	8.92e-107	346	81.0
8WTZ_D	7T4X_C	36.7	684	837	857	8.92e-107	346	81.0
8WTZ_D	7T4X_D	36.7	684	837	857	8.92e-107	346	81.0
8WTZ_D	7XUF_B	36.7	684	837	857	8.92e-107	346	81.0
8WTZ_D	7XUF_D	36.7	684	837	857	8.92e-107	346	81.0
8WTZ_D	7WM1_A	36.7	684	837	885	1.62e-106	346	81.0
8WTZ_D	7WM1_C	36.7	684	837	885	1.62e-106	346	81.0
8WTZ_D	9IS8_A	36.7	684	837	885	1.62e-106	346	81.0
8WTZ_D	9IS8_C	36.7	684	837	885	1.62e-106	346	81.0
8WTZ_D	9IS8_D	36.7	684	837	885	1.62e-106	346	81.0
8WTZ_D	7WM2_A	36.7	684	837	895	2.00e-106	346	81.0
8WTZ_D	7WM2_B	36.7	684	837	895	2.00e-106	346	81.0
8WTZ_D	7WM2_C	36.7	684	837	895	2.00e-106	346	81.0
8WTZ_D	7WM2_D	36.7	684	837	895	2.00e-106	346	81.0
8WTZ_D	7FCV_A	36.7	684	837	857	2.41e-106	345	81.0
8WTZ_D	7FCV_B	36.7	684	837	857	2.41e-106	345	81.0
8WTZ_D	7FCV_C	36.7	684	837	857	2.41e-106	345	81.0
8WTZ_D	7FCV_D	36.7	684	837	857	2.41e-106	345	81.0
8WTZ_D	7CAL_A	35.1	490	837	677	4.12e-90	296	57.6
8WTZ_D	7CAL_B	35.1	490	837	677	4.12e-90	296	57.6
8WTZ_D	7CAL_C	35.1	490	837	677	4.12e-90	296	57.6
8WTZ_D	7CAL_D	35.1	490	837	677	4.12e-90	296	57.6
8WTZ_D	7XUF_A	36.5	441	837	662	1.53e-82	276	51.9
8WTZ_D	7XUF_C	36.5	441	837	662	1.53e-82	276	51.9
8WTZ_D	7WM1_B	36.5	441	837	690	2.82e-82	276	51.9
8WTZ_D	7WM1_D	36.5	441	837	690	2.82e-82	276	51.9
8WTZ_D	9IS8_B	36.5	441	837	710	3.10e-82	276	51.9
8WUI_A	7WSW_A	35.1	771	838	879	2.79e-107	348	90.3
8WUI_A	7WSW_B	35.1	771	838	879	2.79e-107	348	90.3
8WUI_A	7WSW_C	35.1	771	838	879	2.79e-107	348	90.3
8WUI_A	7WSW_D	35.1	771	838	879	2.79e-107	348	90.3
8WUI_A	7T4X_A	36.7	684	838	857	3.45e-106	344	80.9
8WUI_A	7T4X_B	36.7	684	838	857	3.45e-106	344	80.9
8WUI_A	7T4X_C	36.7	684	838	857	3.45e-106	344	80.9
8WUI_A	7T4X_D	36.7	684	838	857	3.45e-106	344	80.9
8WUI_A	7XUF_B	36.7	684	838	857	3.45e-106	344	80.9
8WUI_A	7XUF_D	36.7	684	838	857	3.45e-106	344	80.9
8WUI_A	7WM1_A	36.7	684	838	885	6.26e-106	344	80.9
8WUI_A	7WM1_C	36.7	684	838	885	6.26e-106	344	80.9
8WUI_A	9IS8_A	36.7	684	838	885	6.26e-106	344	80.9
8WUI_A	9IS8_C	36.7	684	838	885	6.26e-106	344	80.9
8WUI_A	9IS8_D	36.7	684	838	885	6.26e-106	344	80.9
8WUI_A	7WM2_A	36.7	684	838	895	7.71e-106	344	80.9
8WUI_A	7WM2_B	36.7	684	838	895	7.71e-106	344	80.9
8WUI_A	7WM2_C	36.7	684	838	895	7.71e-106	344	80.9
8WUI_A	7WM2_D	36.7	684	838	895	7.71e-106	344	80.9
8WUI_A	7FCV_A	36.7	684	838	857	9.33e-106	343	80.9
8WUI_A	7FCV_B	36.7	684	838	857	9.33e-106	343	80.9
8WUI_A	7FCV_C	36.7	684	838	857	9.33e-106	343	80.9
8WUI_A	7FCV_D	36.7	684	838	857	9.33e-106	343	80.9
8WUI_A	7CAL_A	35.1	490	838	677	1.57e-89	295	57.5
8WUI_A	7CAL_B	35.1	490	838	677	1.57e-89	295	57.5
8WUI_A	7CAL_C	35.1	490	838	677	1.57e-89	295	57.5
8WUI_A	7CAL_D	35.1	490	838	677	1.57e-89	295	57.5
8WUI_A	7XUF_A	36.7	441	838	662	1.56e-82	276	51.8
8WUI_A	7XUF_C	36.7	441	838	662	1.56e-82	276	51.8
8WUI_A	7WM1_B	36.7	441	838	690	2.87e-82	276	51.8
8WUI_A	7WM1_D	36.7	441	838	690	2.87e-82	276	51.8
8WUI_A	9IS8_B	36.7	441	838	710	3.16e-82	276	51.8
8WUI_B	7WSW_A	35.1	771	838	879	2.79e-107	348	90.3
8WUI_B	7WSW_B	35.1	771	838	879	2.79e-107	348	90.3
8WUI_B	7WSW_C	35.1	771	838	879	2.79e-107	348	90.3
8WUI_B	7WSW_D	35.1	771	838	879	2.79e-107	348	90.3
8WUI_B	7T4X_A	36.7	684	838	857	3.45e-106	344	80.9
8WUI_B	7T4X_B	36.7	684	838	857	3.45e-106	344	80.9
8WUI_B	7T4X_C	36.7	684	838	857	3.45e-106	344	80.9
8WUI_B	7T4X_D	36.7	684	838	857	3.45e-106	344	80.9
8WUI_B	7XUF_B	36.7	684	838	857	3.45e-106	344	80.9
8WUI_B	7XUF_D	36.7	684	838	857	3.45e-106	344	80.9
8WUI_B	7WM1_A	36.7	684	838	885	6.26e-106	344	80.9
8WUI_B	7WM1_C	36.7	684	838	885	6.26e-106	344	80.9
8WUI_B	9IS8_A	36.7	684	838	885	6.26e-106	344	80.9
8WUI_B	9IS8_C	36.7	684	838	885	6.26e-106	344	80.9
8WUI_B	9IS8_D	36.7	684	838	885	6.26e-106	344	80.9
8WUI_B	7WM2_A	36.7	684	838	895	7.71e-106	344	80.9
8WUI_B	7WM2_B	36.7	684	838	895	7.71e-106	344	80.9
8WUI_B	7WM2_C	36.7	684	838	895	7.71e-106	344	80.9
8WUI_B	7WM2_D	36.7	684	838	895	7.71e-106	344	80.9
8WUI_B	7FCV_A	36.7	684	838	857	9.33e-106	343	80.9
8WUI_B	7FCV_B	36.7	684	838	857	9.33e-106	343	80.9
8WUI_B	7FCV_C	36.7	684	838	857	9.33e-106	343	80.9
8WUI_B	7FCV_D	36.7	684	838	857	9.33e-106	343	80.9
8WUI_B	7CAL_A	35.1	490	838	677	1.57e-89	295	57.5
8WUI_B	7CAL_B	35.1	490	838	677	1.57e-89	295	57.5
8WUI_B	7CAL_C	35.1	490	838	677	1.57e-89	295	57.5
8WUI_B	7CAL_D	35.1	490	838	677	1.57e-89	295	57.5
8WUI_B	7XUF_A	36.7	441	838	662	1.56e-82	276	51.8
8WUI_B	7XUF_C	36.7	441	838	662	1.56e-82	276	51.8
8WUI_B	7WM1_B	36.7	441	838	690	2.87e-82	276	51.8
8WUI_B	7WM1_D	36.7	441	838	690	2.87e-82	276	51.8
8WUI_B	9IS8_B	36.7	441	838	710	3.16e-82	276	51.8
8WUI_C	7WSW_A	35.1	771	838	879	2.79e-107	348	90.3
8WUI_C	7WSW_B	35.1	771	838	879	2.79e-107	348	90.3
8WUI_C	7WSW_C	35.1	771	838	879	2.79e-107	348	90.3
8WUI_C	7WSW_D	35.1	771	838	879	2.79e-107	348	90.3
8WUI_C	7T4X_A	36.7	684	838	857	3.45e-106	344	80.9
8WUI_C	7T4X_B	36.7	684	838	857	3.45e-106	344	80.9
8WUI_C	7T4X_C	36.7	684	838	857	3.45e-106	344	80.9
8WUI_C	7T4X_D	36.7	684	838	857	3.45e-106	344	80.9
8WUI_C	7XUF_B	36.7	684	838	857	3.45e-106	344	80.9
8WUI_C	7XUF_D	36.7	684	838	857	3.45e-106	344	80.9
8WUI_C	7WM1_A	36.7	684	838	885	6.26e-106	344	80.9
8WUI_C	7WM1_C	36.7	684	838	885	6.26e-106	344	80.9
8WUI_C	9IS8_A	36.7	684	838	885	6.26e-106	344	80.9
8WUI_C	9IS8_C	36.7	684	838	885	6.26e-106	344	80.9
8WUI_C	9IS8_D	36.7	684	838	885	6.26e-106	344	80.9
8WUI_C	7WM2_A	36.7	684	838	895	7.71e-106	344	80.9
8WUI_C	7WM2_B	36.7	684	838	895	7.71e-106	344	80.9
8WUI_C	7WM2_C	36.7	684	838	895	7.71e-106	344	80.9
8WUI_C	7WM2_D	36.7	684	838	895	7.71e-106	344	80.9
8WUI_C	7FCV_A	36.7	684	838	857	9.33e-106	343	80.9
8WUI_C	7FCV_B	36.7	684	838	857	9.33e-106	343	80.9
8WUI_C	7FCV_C	36.7	684	838	857	9.33e-106	343	80.9
8WUI_C	7FCV_D	36.7	684	838	857	9.33e-106	343	80.9
8WUI_C	7CAL_A	35.1	490	838	677	1.57e-89	295	57.5
8WUI_C	7CAL_B	35.1	490	838	677	1.57e-89	295	57.5
8WUI_C	7CAL_C	35.1	490	838	677	1.57e-89	295	57.5
8WUI_C	7CAL_D	35.1	490	838	677	1.57e-89	295	57.5
8WUI_C	7XUF_A	36.7	441	838	662	1.56e-82	276	51.8
8WUI_C	7XUF_C	36.7	441	838	662	1.56e-82	276	51.8
8WUI_C	7WM1_B	36.7	441	838	690	2.87e-82	276	51.8
8WUI_C	7WM1_D	36.7	441	838	690	2.87e-82	276	51.8
8WUI_C	9IS8_B	36.7	441	838	710	3.16e-82	276	51.8
8WUI_D	7WSW_A	35.1	771	838	879	2.79e-107	348	90.3
8WUI_D	7WSW_B	35.1	771	838	879	2.79e-107	348	90.3
8WUI_D	7WSW_C	35.1	771	838	879	2.79e-107	348	90.3
8WUI_D	7WSW_D	35.1	771	838	879	2.79e-107	348	90.3
8WUI_D	7T4X_A	36.7	684	838	857	3.45e-106	344	80.9
8WUI_D	7T4X_B	36.7	684	838	857	3.45e-106	344	80.9
8WUI_D	7T4X_C	36.7	684	838	857	3.45e-106	344	80.9
8WUI_D	7T4X_D	36.7	684	838	857	3.45e-106	344	80.9
8WUI_D	7XUF_B	36.7	684	838	857	3.45e-106	344	80.9
8WUI_D	7XUF_D	36.7	684	838	857	3.45e-106	344	80.9
8WUI_D	7WM1_A	36.7	684	838	885	6.26e-106	344	80.9
8WUI_D	7WM1_C	36.7	684	838	885	6.26e-106	344	80.9
8WUI_D	9IS8_A	36.7	684	838	885	6.26e-106	344	80.9
8WUI_D	9IS8_C	36.7	684	838	885	6.26e-106	344	80.9
8WUI_D	9IS8_D	36.7	684	838	885	6.26e-106	344	80.9
8WUI_D	7WM2_A	36.7	684	838	895	7.71e-106	344	80.9
8WUI_D	7WM2_B	36.7	684	838	895	7.71e-106	344	80.9
8WUI_D	7WM2_C	36.7	684	838	895	7.71e-106	344	80.9
8WUI_D	7WM2_D	36.7	684	838	895	7.71e-106	344	80.9
8WUI_D	7FCV_A	36.7	684	838	857	9.33e-106	343	80.9
8WUI_D	7FCV_B	36.7	684	838	857	9.33e-106	343	80.9
8WUI_D	7FCV_C	36.7	684	838	857	9.33e-106	343	80.9
8WUI_D	7FCV_D	36.7	684	838	857	9.33e-106	343	80.9
8WUI_D	7CAL_A	35.1	490	838	677	1.57e-89	295	57.5
8WUI_D	7CAL_B	35.1	490	838	677	1.57e-89	295	57.5
8WUI_D	7CAL_C	35.1	490	838	677	1.57e-89	295	57.5
8WUI_D	7CAL_D	35.1	490	838	677	1.57e-89	295	57.5
8WUI_D	7XUF_A	36.7	441	838	662	1.56e-82	276	51.8
8WUI_D	7XUF_C	36.7	441	838	662	1.56e-82	276	51.8
8WUI_D	7WM1_B	36.7	441	838	690	2.87e-82	276	51.8
8WUI_D	7WM1_D	36.7	441	838	690	2.87e-82	276	51.8
8WUI_D	9IS8_B	36.7	441	838	710	3.16e-82	276	51.8
9J0X_A	7T4X_A	37.6	672	820	857	4.48e-105	341	80.6
9J0X_A	7T4X_B	37.6	672	820	857	4.48e-105	341	80.6
9J0X_A	7T4X_C	37.6	672	820	857	4.48e-105	341	80.6
9J0X_A	7T4X_D	37.6	672	820	857	4.48e-105	341	80.6
9J0X_A	7XUF_B	37.6	672	820	857	4.48e-105	341	80.6
9J0X_A	7XUF_D	37.6	672	820	857	4.48e-105	341	80.6
9J0X_A	7WSW_A	37.6	672	820	879	7.14e-105	341	80.6
9J0X_A	7WSW_B	37.6	672	820	879	7.14e-105	341	80.6
9J0X_A	7WSW_C	37.6	672	820	879	7.14e-105	341	80.6
9J0X_A	7WSW_D	37.6	672	820	879	7.14e-105	341	80.6
9J0X_A	7WM1_A	37.6	672	820	885	8.09e-105	341	80.6
9J0X_A	7WM1_C	37.6	672	820	885	8.09e-105	341	80.6
9J0X_A	9IS8_A	37.6	672	820	885	8.09e-105	341	80.6
9J0X_A	9IS8_C	37.6	672	820	885	8.09e-105	341	80.6
9J0X_A	9IS8_D	37.6	672	820	885	8.09e-105	341	80.6
9J0X_A	7WM2_A	37.6	672	820	895	9.94e-105	341	80.6
9J0X_A	7WM2_B	37.6	672	820	895	9.94e-105	341	80.6
9J0X_A	7WM2_C	37.6	672	820	895	9.94e-105	341	80.6
9J0X_A	7WM2_D	37.6	672	820	895	9.94e-105	341	80.6
9J0X_A	7FCV_A	37.6	672	820	857	1.21e-104	340	80.6
9J0X_A	7FCV_B	37.6	672	820	857	1.21e-104	340	80.6
9J0X_A	7FCV_C	37.6	672	820	857	1.21e-104	340	80.6
9J0X_A	7FCV_D	37.6	672	820	857	1.21e-104	340	80.6
9J0X_A	7CAL_A	37.0	454	820	677	4.12e-89	293	54.8
9J0X_A	7CAL_B	37.0	454	820	677	4.12e-89	293	54.8
9J0X_A	7CAL_C	37.0	454	820	677	4.12e-89	293	54.8
9J0X_A	7CAL_D	37.0	454	820	677	4.12e-89	293	54.8
9J0X_A	7XUF_A	35.7	479	820	662	2.15e-82	275	57.3
9J0X_A	7XUF_C	35.7	479	820	662	2.15e-82	275	57.3
9J0X_A	7WM1_B	35.7	479	820	690	3.96e-82	275	57.3
9J0X_A	7WM1_D	35.7	479	820	690	3.96e-82	275	57.3
9J0X_A	9IS8_B	35.7	479	820	710	6.04e-82	275	57.3
9J0X_B	7T4X_A	37.6	672	820	857	4.48e-105	341	80.6
9J0X_B	7T4X_B	37.6	672	820	857	4.48e-105	341	80.6
9J0X_B	7T4X_C	37.6	672	820	857	4.48e-105	341	80.6
9J0X_B	7T4X_D	37.6	672	820	857	4.48e-105	341	80.6
9J0X_B	7XUF_B	37.6	672	820	857	4.48e-105	341	80.6
9J0X_B	7XUF_D	37.6	672	820	857	4.48e-105	341	80.6
9J0X_B	7WSW_A	37.6	672	820	879	7.14e-105	341	80.6
9J0X_B	7WSW_B	37.6	672	820	879	7.14e-105	341	80.6
9J0X_B	7WSW_C	37.6	672	820	879	7.14e-105	341	80.6
9J0X_B	7WSW_D	37.6	672	820	879	7.14e-105	341	80.6
9J0X_B	7WM1_A	37.6	672	820	885	8.09e-105	341	80.6
9J0X_B	7WM1_C	37.6	672	820	885	8.09e-105	341	80.6
9J0X_B	9IS8_A	37.6	672	820	885	8.09e-105	341	80.6
9J0X_B	9IS8_C	37.6	672	820	885	8.09e-105	341	80.6
9J0X_B	9IS8_D	37.6	672	820	885	8.09e-105	341	80.6
9J0X_B	7WM2_A	37.6	672	820	895	9.94e-105	341	80.6
9J0X_B	7WM2_B	37.6	672	820	895	9.94e-105	341	80.6
9J0X_B	7WM2_C	37.6	672	820	895	9.94e-105	341	80.6
9J0X_B	7WM2_D	37.6	672	820	895	9.94e-105	341	80.6
9J0X_B	7FCV_A	37.6	672	820	857	1.21e-104	340	80.6
9J0X_B	7FCV_B	37.6	672	820	857	1.21e-104	340	80.6
9J0X_B	7FCV_C	37.6	672	820	857	1.21e-104	340	80.6
9J0X_B	7FCV_D	37.6	672	820	857	1.21e-104	340	80.6
9J0X_B	7CAL_A	37.0	454	820	677	4.12e-89	293	54.8
9J0X_B	7CAL_B	37.0	454	820	677	4.12e-89	293	54.8
9J0X_B	7CAL_C	37.0	454	820	677	4.12e-89	293	54.8
9J0X_B	7CAL_D	37.0	454	820	677	4.12e-89	293	54.8
9J0X_B	7XUF_A	35.7	479	820	662	2.15e-82	275	57.3
9J0X_B	7XUF_C	35.7	479	820	662	2.15e-82	275	57.3
9J0X_B	7WM1_B	35.7	479	820	690	3.96e-82	275	57.3
9J0X_B	7WM1_D	35.7	479	820	690	3.96e-82	275	57.3
9J0X_B	9IS8_B	35.7	479	820	710	6.04e-82	275	57.3
9J0X_C	7T4X_A	37.6	672	820	857	4.48e-105	341	80.6
9J0X_C	7T4X_B	37.6	672	820	857	4.48e-105	341	80.6
9J0X_C	7T4X_C	37.6	672	820	857	4.48e-105	341	80.6
9J0X_C	7T4X_D	37.6	672	820	857	4.48e-105	341	80.6
9J0X_C	7XUF_B	37.6	672	820	857	4.48e-105	341	80.6
9J0X_C	7XUF_D	37.6	672	820	857	4.48e-105	341	80.6
9J0X_C	7WSW_A	37.6	672	820	879	7.14e-105	341	80.6
9J0X_C	7WSW_B	37.6	672	820	879	7.14e-105	341	80.6
9J0X_C	7WSW_C	37.6	672	820	879	7.14e-105	341	80.6
9J0X_C	7WSW_D	37.6	672	820	879	7.14e-105	341	80.6
9J0X_C	7WM1_A	37.6	672	820	885	8.09e-105	341	80.6
9J0X_C	7WM1_C	37.6	672	820	885	8.09e-105	341	80.6
9J0X_C	9IS8_A	37.6	672	820	885	8.09e-105	341	80.6
9J0X_C	9IS8_C	37.6	672	820	885	8.09e-105	341	80.6
9J0X_C	9IS8_D	37.6	672	820	885	8.09e-105	341	80.6
9J0X_C	7WM2_A	37.6	672	820	895	9.94e-105	341	80.6
9J0X_C	7WM2_B	37.6	672	820	895	9.94e-105	341	80.6
9J0X_C	7WM2_C	37.6	672	820	895	9.94e-105	341	80.6
9J0X_C	7WM2_D	37.6	672	820	895	9.94e-105	341	80.6
9J0X_C	7FCV_A	37.6	672	820	857	1.21e-104	340	80.6
9J0X_C	7FCV_B	37.6	672	820	857	1.21e-104	340	80.6
9J0X_C	7FCV_C	37.6	672	820	857	1.21e-104	340	80.6
9J0X_C	7FCV_D	37.6	672	820	857	1.21e-104	340	80.6
9J0X_C	7CAL_A	37.0	454	820	677	4.12e-89	293	54.8
9J0X_C	7CAL_B	37.0	454	820	677	4.12e-89	293	54.8
9J0X_C	7CAL_C	37.0	454	820	677	4.12e-89	293	54.8
9J0X_C	7CAL_D	37.0	454	820	677	4.12e-89	293	54.8
9J0X_C	7XUF_A	35.7	479	820	662	2.15e-82	275	57.3
9J0X_C	7XUF_C	35.7	479	820	662	2.15e-82	275	57.3
9J0X_C	7WM1_B	35.7	479	820	690	3.96e-82	275	57.3
9J0X_C	7WM1_D	35.7	479	820	690	3.96e-82	275	57.3
9J0X_C	9IS8_B	35.7	479	820	710	6.04e-82	275	57.3
9J0X_D	7T4X_A	37.6	672	820	857	4.48e-105	341	80.6
9J0X_D	7T4X_B	37.6	672	820	857	4.48e-105	341	80.6
9J0X_D	7T4X_C	37.6	672	820	857	4.48e-105	341	80.6
9J0X_D	7T4X_D	37.6	672	820	857	4.48e-105	341	80.6
9J0X_D	7XUF_B	37.6	672	820	857	4.48e-105	341	80.6
9J0X_D	7XUF_D	37.6	672	820	857	4.48e-105	341	80.6
9J0X_D	7WSW_A	37.6	672	820	879	7.14e-105	341	80.6
9J0X_D	7WSW_B	37.6	672	820	879	7.14e-105	341	80.6
9J0X_D	7WSW_C	37.6	672	820	879	7.14e-105	341	80.6
9J0X_D	7WSW_D	37.6	672	820	879	7.14e-105	341	80.6
9J0X_D	7WM1_A	37.6	672	820	885	8.09e-105	341	80.6
9J0X_D	7WM1_C	37.6	672	820	885	8.09e-105	341	80.6
9J0X_D	9IS8_A	37.6	672	820	885	8.09e-105	341	80.6
9J0X_D	9IS8_C	37.6	672	820	885	8.09e-105	341	80.6
9J0X_D	9IS8_D	37.6	672	820	885	8.09e-105	341	80.6
9J0X_D	7WM2_A	37.6	672	820	895	9.94e-105	341	80.6
9J0X_D	7WM2_B	37.6	672	820	895	9.94e-105	341	80.6
9J0X_D	7WM2_C	37.6	672	820	895	9.94e-105	341	80.6
9J0X_D	7WM2_D	37.6	672	820	895	9.94e-105	341	80.6
9J0X_D	7FCV_A	37.6	672	820	857	1.21e-104	340	80.6
9J0X_D	7FCV_B	37.6	672	820	857	1.21e-104	340	80.6
9J0X_D	7FCV_C	37.6	672	820	857	1.21e-104	340	80.6
9J0X_D	7FCV_D	37.6	672	820	857	1.21e-104	340	80.6
9J0X_D	7CAL_A	37.0	454	820	677	4.12e-89	293	54.8
9J0X_D	7CAL_B	37.0	454	820	677	4.12e-89	293	54.8
9J0X_D	7CAL_C	37.0	454	820	677	4.12e-89	293	54.8
9J0X_D	7CAL_D	37.0	454	820	677	4.12e-89	293	54.8
9J0X_D	7XUF_A	35.7	479	820	662	2.15e-82	275	57.3
9J0X_D	7XUF_C	35.7	479	820	662	2.15e-82	275	57.3
9J0X_D	7WM1_B	35.7	479	820	690	3.96e-82	275	57.3
9J0X_D	7WM1_D	35.7	479	820	690	3.96e-82	275	57.3
9J0X_D	9IS8_B	35.7	479	820	710	6.04e-82	275	57.3
9J0Y_A	7T4X_A	37.5	672	820	857	1.24e-103	337	80.6
9J0Y_A	7T4X_B	37.5	672	820	857	1.24e-103	337	80.6
9J0Y_A	7T4X_C	37.5	672	820	857	1.24e-103	337	80.6
9J0Y_A	7T4X_D	37.5	672	820	857	1.24e-103	337	80.6
9J0Y_A	7XUF_B	37.5	672	820	857	1.24e-103	337	80.6
9J0Y_A	7XUF_D	37.5	672	820	857	1.24e-103	337	80.6
9J0Y_A	7WSW_A	37.5	672	820	879	1.96e-103	337	80.6
9J0Y_A	7WSW_B	37.5	672	820	879	1.96e-103	337	80.6
9J0Y_A	7WSW_C	37.5	672	820	879	1.96e-103	337	80.6
9J0Y_A	7WSW_D	37.5	672	820	879	1.96e-103	337	80.6
9J0Y_A	7WM1_A	37.5	672	820	885	2.22e-103	337	80.6
9J0Y_A	7WM1_C	37.5	672	820	885	2.22e-103	337	80.6
9J0Y_A	9IS8_A	37.5	672	820	885	2.22e-103	337	80.6
9J0Y_A	9IS8_C	37.5	672	820	885	2.22e-103	337	80.6
9J0Y_A	9IS8_D	37.5	672	820	885	2.22e-103	337	80.6
9J0Y_A	7WM2_A	37.5	672	820	895	2.72e-103	337	80.6
9J0Y_A	7WM2_B	37.5	672	820	895	2.72e-103	337	80.6
9J0Y_A	7WM2_C	37.5	672	820	895	2.72e-103	337	80.6
9J0Y_A	7WM2_D	37.5	672	820	895	2.72e-103	337	80.6
9J0Y_A	7FCV_A	37.5	672	820	857	3.35e-103	336	80.6
9J0Y_A	7FCV_B	37.5	672	820	857	3.35e-103	336	80.6
9J0Y_A	7FCV_C	37.5	672	820	857	3.35e-103	336	80.6
9J0Y_A	7FCV_D	37.5	672	820	857	3.35e-103	336	80.6
9J0Y_A	7CAL_A	36.8	454	820	677	1.12e-87	290	54.8
9J0Y_A	7CAL_B	36.8	454	820	677	1.12e-87	290	54.8
9J0Y_A	7CAL_C	36.8	454	820	677	1.12e-87	290	54.8
9J0Y_A	7CAL_D	36.8	454	820	677	1.12e-87	290	54.8
9J0Y_A	7XUF_A	35.7	479	820	662	1.55e-82	275	57.3
9J0Y_A	7XUF_C	35.7	479	820	662	1.55e-82	275	57.3
9J0Y_A	7WM1_B	35.7	479	820	690	2.86e-82	275	57.3
9J0Y_A	7WM1_D	35.7	479	820	690	2.86e-82	275	57.3
9J0Y_A	9IS8_B	35.7	479	820	710	4.36e-82	275	57.3
9J0Y_B	7T4X_A	37.5	672	820	857	1.24e-103	337	80.6
9J0Y_B	7T4X_B	37.5	672	820	857	1.24e-103	337	80.6
9J0Y_B	7T4X_C	37.5	672	820	857	1.24e-103	337	80.6
9J0Y_B	7T4X_D	37.5	672	820	857	1.24e-103	337	80.6
9J0Y_B	7XUF_B	37.5	672	820	857	1.24e-103	337	80.6
9J0Y_B	7XUF_D	37.5	672	820	857	1.24e-103	337	80.6
9J0Y_B	7WSW_A	37.5	672	820	879	1.96e-103	337	80.6
9J0Y_B	7WSW_B	37.5	672	820	879	1.96e-103	337	80.6
9J0Y_B	7WSW_C	37.5	672	820	879	1.96e-103	337	80.6
9J0Y_B	7WSW_D	37.5	672	820	879	1.96e-103	337	80.6
9J0Y_B	7WM1_A	37.5	672	820	885	2.22e-103	337	80.6
9J0Y_B	7WM1_C	37.5	672	820	885	2.22e-103	337	80.6
9J0Y_B	9IS8_A	37.5	672	820	885	2.22e-103	337	80.6
9J0Y_B	9IS8_C	37.5	672	820	885	2.22e-103	337	80.6
9J0Y_B	9IS8_D	37.5	672	820	885	2.22e-103	337	80.6
9J0Y_B	7WM2_A	37.5	672	820	895	2.72e-103	337	80.6
9J0Y_B	7WM2_B	37.5	672	820	895	2.72e-103	337	80.6
9J0Y_B	7WM2_C	37.5	672	820	895	2.72e-103	337	80.6
9J0Y_B	7WM2_D	37.5	672	820	895	2.72e-103	337	80.6
9J0Y_B	7FCV_A	37.5	672	820	857	3.35e-103	336	80.6
9J0Y_B	7FCV_B	37.5	672	820	857	3.35e-103	336	80.6
9J0Y_B	7FCV_C	37.5	672	820	857	3.35e-103	336	80.6
9J0Y_B	7FCV_D	37.5	672	820	857	3.35e-103	336	80.6
9J0Y_B	7CAL_A	36.8	454	820	677	1.12e-87	290	54.8
9J0Y_B	7CAL_B	36.8	454	820	677	1.12e-87	290	54.8
9J0Y_B	7CAL_C	36.8	454	820	677	1.12e-87	290	54.8
9J0Y_B	7CAL_D	36.8	454	820	677	1.12e-87	290	54.8
9J0Y_B	7XUF_A	35.7	479	820	662	1.55e-82	275	57.3
9J0Y_B	7XUF_C	35.7	479	820	662	1.55e-82	275	57.3
9J0Y_B	7WM1_B	35.7	479	820	690	2.86e-82	275	57.3
9J0Y_B	7WM1_D	35.7	479	820	690	2.86e-82	275	57.3
9J0Y_B	9IS8_B	35.7	479	820	710	4.36e-82	275	57.3
9J0Y_C	7T4X_A	37.5	672	820	857	1.24e-103	337	80.6
9J0Y_C	7T4X_B	37.5	672	820	857	1.24e-103	337	80.6
9J0Y_C	7T4X_C	37.5	672	820	857	1.24e-103	337	80.6
9J0Y_C	7T4X_D	37.5	672	820	857	1.24e-103	337	80.6
9J0Y_C	7XUF_B	37.5	672	820	857	1.24e-103	337	80.6
9J0Y_C	7XUF_D	37.5	672	820	857	1.24e-103	337	80.6
9J0Y_C	7WSW_A	37.5	672	820	879	1.96e-103	337	80.6
9J0Y_C	7WSW_B	37.5	672	820	879	1.96e-103	337	80.6
9J0Y_C	7WSW_C	37.5	672	820	879	1.96e-103	337	80.6
9J0Y_C	7WSW_D	37.5	672	820	879	1.96e-103	337	80.6
9J0Y_C	7WM1_A	37.5	672	820	885	2.22e-103	337	80.6
9J0Y_C	7WM1_C	37.5	672	820	885	2.22e-103	337	80.6
9J0Y_C	9IS8_A	37.5	672	820	885	2.22e-103	337	80.6
9J0Y_C	9IS8_C	37.5	672	820	885	2.22e-103	337	80.6
9J0Y_C	9IS8_D	37.5	672	820	885	2.22e-103	337	80.6
9J0Y_C	7WM2_A	37.5	672	820	895	2.72e-103	337	80.6
9J0Y_C	7WM2_B	37.5	672	820	895	2.72e-103	337	80.6
9J0Y_C	7WM2_C	37.5	672	820	895	2.72e-103	337	80.6
9J0Y_C	7WM2_D	37.5	672	820	895	2.72e-103	337	80.6
9J0Y_C	7FCV_A	37.5	672	820	857	3.35e-103	336	80.6
9J0Y_C	7FCV_B	37.5	672	820	857	3.35e-103	336	80.6
9J0Y_C	7FCV_C	37.5	672	820	857	3.35e-103	336	80.6
9J0Y_C	7FCV_D	37.5	672	820	857	3.35e-103	336	80.6
9J0Y_C	7CAL_A	36.8	454	820	677	1.12e-87	290	54.8
9J0Y_C	7CAL_B	36.8	454	820	677	1.12e-87	290	54.8
9J0Y_C	7CAL_C	36.8	454	820	677	1.12e-87	290	54.8
9J0Y_C	7CAL_D	36.8	454	820	677	1.12e-87	290	54.8
9J0Y_C	7XUF_A	35.7	479	820	662	1.55e-82	275	57.3
9J0Y_C	7XUF_C	35.7	479	820	662	1.55e-82	275	57.3
9J0Y_C	7WM1_B	35.7	479	820	690	2.86e-82	275	57.3
9J0Y_C	7WM1_D	35.7	479	820	690	2.86e-82	275	57.3
9J0Y_C	9IS8_B	35.7	479	820	710	4.36e-82	275	57.3
9J0Y_D	7T4X_A	37.5	672	820	857	1.24e-103	337	80.6
9J0Y_D	7T4X_B	37.5	672	820	857	1.24e-103	337	80.6
9J0Y_D	7T4X_C	37.5	672	820	857	1.24e-103	337	80.6
9J0Y_D	7T4X_D	37.5	672	820	857	1.24e-103	337	80.6
9J0Y_D	7XUF_B	37.5	672	820	857	1.24e-103	337	80.6
9J0Y_D	7XUF_D	37.5	672	820	857	1.24e-103	337	80.6
9J0Y_D	7WSW_A	37.5	672	820	879	1.96e-103	337	80.6
9J0Y_D	7WSW_B	37.5	672	820	879	1.96e-103	337	80.6
9J0Y_D	7WSW_C	37.5	672	820	879	1.96e-103	337	80.6
9J0Y_D	7WSW_D	37.5	672	820	879	1.96e-103	337	80.6
9J0Y_D	7WM1_A	37.5	672	820	885	2.22e-103	337	80.6
9J0Y_D	7WM1_C	37.5	672	820	885	2.22e-103	337	80.6
9J0Y_D	9IS8_A	37.5	672	820	885	2.22e-103	337	80.6
9J0Y_D	9IS8_C	37.5	672	820	885	2.22e-103	337	80.6
9J0Y_D	9IS8_D	37.5	672	820	885	2.22e-103	337	80.6
9J0Y_D	7WM2_A	37.5	672	820	895	2.72e-103	337	80.6
9J0Y_D	7WM2_B	37.5	672	820	895	2.72e-103	337	80.6
9J0Y_D	7WM2_C	37.5	672	820	895	2.72e-103	337	80.6
9J0Y_D	7WM2_D	37.5	672	820	895	2.72e-103	337	80.6
9J0Y_D	7FCV_A	37.5	672	820	857	3.35e-103	336	80.6
9J0Y_D	7FCV_B	37.5	672	820	857	3.35e-103	336	80.6
9J0Y_D	7FCV_C	37.5	672	820	857	3.35e-103	336	80.6
9J0Y_D	7FCV_D	37.5	672	820	857	3.35e-103	336	80.6
9J0Y_D	7CAL_A	36.8	454	820	677	1.12e-87	290	54.8
9J0Y_D	7CAL_B	36.8	454	820	677	1.12e-87	290	54.8
9J0Y_D	7CAL_C	36.8	454	820	677	1.12e-87	290	54.8
9J0Y_D	7CAL_D	36.8	454	820	677	1.12e-87	290	54.8
9J0Y_D	7XUF_A	35.7	479	820	662	1.55e-82	275	57.3
9J0Y_D	7XUF_C	35.7	479	820	662	1.55e-82	275	57.3
9J0Y_D	7WM1_B	35.7	479	820	690	2.86e-82	275	57.3
9J0Y_D	7WM1_D	35.7	479	820	690	2.86e-82	275	57.3
9J0Y_D	9IS8_B	35.7	479	820	710	4.36e-82	275	57.3
9J0Z_A	7T4X_A	37.6	672	770	857	9.57e-106	341	85.8
9J0Z_A	7T4X_B	37.6	672	770	857	9.57e-106	341	85.8
9J0Z_A	7T4X_C	37.6	672	770	857	9.57e-106	341	85.8
9J0Z_A	7T4X_D	37.6	672	770	857	9.57e-106	341	85.8
9J0Z_A	7XUF_B	37.6	672	770	857	9.57e-106	341	85.8
9J0Z_A	7XUF_D	37.6	672	770	857	9.57e-106	341	85.8
9J0Z_A	7WSW_A	37.6	672	770	879	1.52e-105	341	85.8
9J0Z_A	7WSW_B	37.6	672	770	879	1.52e-105	341	85.8
9J0Z_A	7WSW_C	37.6	672	770	879	1.52e-105	341	85.8
9J0Z_A	7WSW_D	37.6	672	770	879	1.52e-105	341	85.8
9J0Z_A	7WM1_A	37.6	672	770	885	1.73e-105	341	85.8
9J0Z_A	7WM1_C	37.6	672	770	885	1.73e-105	341	85.8
9J0Z_A	9IS8_A	37.6	672	770	885	1.73e-105	341	85.8
9J0Z_A	9IS8_C	37.6	672	770	885	1.73e-105	341	85.8
9J0Z_A	9IS8_D	37.6	672	770	885	1.73e-105	341	85.8
9J0Z_A	7WM2_A	37.6	672	770	895	2.12e-105	341	85.8
9J0Z_A	7WM2_B	37.6	672	770	895	2.12e-105	341	85.8
9J0Z_A	7WM2_C	37.6	672	770	895	2.12e-105	341	85.8
9J0Z_A	7WM2_D	37.6	672	770	895	2.12e-105	341	85.8
9J0Z_A	7FCV_A	37.6	672	770	857	2.60e-105	340	85.8
9J0Z_A	7FCV_B	37.6	672	770	857	2.60e-105	340	85.8
9J0Z_A	7FCV_C	37.6	672	770	857	2.60e-105	340	85.8
9J0Z_A	7FCV_D	37.6	672	770	857	2.60e-105	340	85.8
9J0Z_A	7CAL_A	37.0	454	770	677	1.03e-89	294	58.3
9J0Z_A	7CAL_B	37.0	454	770	677	1.03e-89	294	58.3
9J0Z_A	7CAL_C	37.0	454	770	677	1.03e-89	294	58.3
9J0Z_A	7CAL_D	37.0	454	770	677	1.03e-89	294	58.3
9J0Z_A	7XUF_A	35.8	469	770	662	1.14e-81	272	59.7
9J0Z_A	7XUF_C	35.8	469	770	662	1.14e-81	272	59.7
9J0Z_A	7WM1_B	35.8	469	770	690	2.08e-81	272	59.7
9J0Z_A	7WM1_D	35.8	469	770	690	2.08e-81	272	59.7
9J0Z_A	9IS8_B	35.8	469	770	710	3.15e-81	272	59.7
9J0Z_B	7T4X_A	37.6	672	770	857	9.57e-106	341	85.8
9J0Z_B	7T4X_B	37.6	672	770	857	9.57e-106	341	85.8
9J0Z_B	7T4X_C	37.6	672	770	857	9.57e-106	341	85.8
9J0Z_B	7T4X_D	37.6	672	770	857	9.57e-106	341	85.8
9J0Z_B	7XUF_B	37.6	672	770	857	9.57e-106	341	85.8
9J0Z_B	7XUF_D	37.6	672	770	857	9.57e-106	341	85.8
9J0Z_B	7WSW_A	37.6	672	770	879	1.52e-105	341	85.8
9J0Z_B	7WSW_B	37.6	672	770	879	1.52e-105	341	85.8
9J0Z_B	7WSW_C	37.6	672	770	879	1.52e-105	341	85.8
9J0Z_B	7WSW_D	37.6	672	770	879	1.52e-105	341	85.8
9J0Z_B	7WM1_A	37.6	672	770	885	1.73e-105	341	85.8
9J0Z_B	7WM1_C	37.6	672	770	885	1.73e-105	341	85.8
9J0Z_B	9IS8_A	37.6	672	770	885	1.73e-105	341	85.8
9J0Z_B	9IS8_C	37.6	672	770	885	1.73e-105	341	85.8
9J0Z_B	9IS8_D	37.6	672	770	885	1.73e-105	341	85.8
9J0Z_B	7WM2_A	37.6	672	770	895	2.12e-105	341	85.8
9J0Z_B	7WM2_B	37.6	672	770	895	2.12e-105	341	85.8
9J0Z_B	7WM2_C	37.6	672	770	895	2.12e-105	341	85.8
9J0Z_B	7WM2_D	37.6	672	770	895	2.12e-105	341	85.8
9J0Z_B	7FCV_A	37.6	672	770	857	2.60e-105	340	85.8
9J0Z_B	7FCV_B	37.6	672	770	857	2.60e-105	340	85.8
9J0Z_B	7FCV_C	37.6	672	770	857	2.60e-105	340	85.8
9J0Z_B	7FCV_D	37.6	672	770	857	2.60e-105	340	85.8
9J0Z_B	7CAL_A	37.0	454	770	677	1.03e-89	294	58.3
9J0Z_B	7CAL_B	37.0	454	770	677	1.03e-89	294	58.3
9J0Z_B	7CAL_C	37.0	454	770	677	1.03e-89	294	58.3
9J0Z_B	7CAL_D	37.0	454	770	677	1.03e-89	294	58.3
9J0Z_B	7XUF_A	35.8	469	770	662	1.14e-81	272	59.7
9J0Z_B	7XUF_C	35.8	469	770	662	1.14e-81	272	59.7
9J0Z_B	7WM1_B	35.8	469	770	690	2.08e-81	272	59.7
9J0Z_B	7WM1_D	35.8	469	770	690	2.08e-81	272	59.7
9J0Z_B	9IS8_B	35.8	469	770	710	3.15e-81	272	59.7
9J0Z_C	7T4X_A	37.6	672	770	857	9.57e-106	341	85.8
9J0Z_C	7T4X_B	37.6	672	770	857	9.57e-106	341	85.8
9J0Z_C	7T4X_C	37.6	672	770	857	9.57e-106	341	85.8
9J0Z_C	7T4X_D	37.6	672	770	857	9.57e-106	341	85.8
9J0Z_C	7XUF_B	37.6	672	770	857	9.57e-106	341	85.8
9J0Z_C	7XUF_D	37.6	672	770	857	9.57e-106	341	85.8
9J0Z_C	7WSW_A	37.6	672	770	879	1.52e-105	341	85.8
9J0Z_C	7WSW_B	37.6	672	770	879	1.52e-105	341	85.8
9J0Z_C	7WSW_C	37.6	672	770	879	1.52e-105	341	85.8
9J0Z_C	7WSW_D	37.6	672	770	879	1.52e-105	341	85.8
9J0Z_C	7WM1_A	37.6	672	770	885	1.73e-105	341	85.8
9J0Z_C	7WM1_C	37.6	672	770	885	1.73e-105	341	85.8
9J0Z_C	9IS8_A	37.6	672	770	885	1.73e-105	341	85.8
9J0Z_C	9IS8_C	37.6	672	770	885	1.73e-105	341	85.8
9J0Z_C	9IS8_D	37.6	672	770	885	1.73e-105	341	85.8
9J0Z_C	7WM2_A	37.6	672	770	895	2.12e-105	341	85.8
9J0Z_C	7WM2_B	37.6	672	770	895	2.12e-105	341	85.8
9J0Z_C	7WM2_C	37.6	672	770	895	2.12e-105	341	85.8
9J0Z_C	7WM2_D	37.6	672	770	895	2.12e-105	341	85.8
9J0Z_C	7FCV_A	37.6	672	770	857	2.60e-105	340	85.8
9J0Z_C	7FCV_B	37.6	672	770	857	2.60e-105	340	85.8
9J0Z_C	7FCV_C	37.6	672	770	857	2.60e-105	340	85.8
9J0Z_C	7FCV_D	37.6	672	770	857	2.60e-105	340	85.8
9J0Z_C	7CAL_A	37.0	454	770	677	1.03e-89	294	58.3
9J0Z_C	7CAL_B	37.0	454	770	677	1.03e-89	294	58.3
9J0Z_C	7CAL_C	37.0	454	770	677	1.03e-89	294	58.3
9J0Z_C	7CAL_D	37.0	454	770	677	1.03e-89	294	58.3
9J0Z_C	7XUF_A	35.8	469	770	662	1.14e-81	272	59.7
9J0Z_C	7XUF_C	35.8	469	770	662	1.14e-81	272	59.7
9J0Z_C	7WM1_B	35.8	469	770	690	2.08e-81	272	59.7
9J0Z_C	7WM1_D	35.8	469	770	690	2.08e-81	272	59.7
9J0Z_C	9IS8_B	35.8	469	770	710	3.15e-81	272	59.7
9J0Z_D	7T4X_A	37.6	672	770	857	9.57e-106	341	85.8
9J0Z_D	7T4X_B	37.6	672	770	857	9.57e-106	341	85.8
9J0Z_D	7T4X_C	37.6	672	770	857	9.57e-106	341	85.8
9J0Z_D	7T4X_D	37.6	672	770	857	9.57e-106	341	85.8
9J0Z_D	7XUF_B	37.6	672	770	857	9.57e-106	341	85.8
9J0Z_D	7XUF_D	37.6	672	770	857	9.57e-106	341	85.8
9J0Z_D	7WSW_A	37.6	672	770	879	1.52e-105	341	85.8
9J0Z_D	7WSW_B	37.6	672	770	879	1.52e-105	341	85.8
9J0Z_D	7WSW_C	37.6	672	770	879	1.52e-105	341	85.8
9J0Z_D	7WSW_D	37.6	672	770	879	1.52e-105	341	85.8
9J0Z_D	7WM1_A	37.6	672	770	885	1.73e-105	341	85.8
9J0Z_D	7WM1_C	37.6	672	770	885	1.73e-105	341	85.8
9J0Z_D	9IS8_A	37.6	672	770	885	1.73e-105	341	85.8
9J0Z_D	9IS8_C	37.6	672	770	885	1.73e-105	341	85.8
9J0Z_D	9IS8_D	37.6	672	770	885	1.73e-105	341	85.8
9J0Z_D	7WM2_A	37.6	672	770	895	2.12e-105	341	85.8
9J0Z_D	7WM2_B	37.6	672	770	895	2.12e-105	341	85.8
9J0Z_D	7WM2_C	37.6	672	770	895	2.12e-105	341	85.8
9J0Z_D	7WM2_D	37.6	672	770	895	2.12e-105	341	85.8
9J0Z_D	7FCV_A	37.6	672	770	857	2.60e-105	340	85.8
9J0Z_D	7FCV_B	37.6	672	770	857	2.60e-105	340	85.8
9J0Z_D	7FCV_C	37.6	672	770	857	2.60e-105	340	85.8
9J0Z_D	7FCV_D	37.6	672	770	857	2.60e-105	340	85.8
9J0Z_D	7CAL_A	37.0	454	770	677	1.03e-89	294	58.3
9J0Z_D	7CAL_B	37.0	454	770	677	1.03e-89	294	58.3
9J0Z_D	7CAL_C	37.0	454	770	677	1.03e-89	294	58.3
9J0Z_D	7CAL_D	37.0	454	770	677	1.03e-89	294	58.3
9J0Z_D	7XUF_A	35.8	469	770	662	1.14e-81	272	59.7
9J0Z_D	7XUF_C	35.8	469	770	662	1.14e-81	272	59.7
9J0Z_D	7WM1_B	35.8	469	770	690	2.08e-81	272	59.7
9J0Z_D	7WM1_D	35.8	469	770	690	2.08e-81	272	59.7
9J0Z_D	9IS8_B	35.8	469	770	710	3.15e-81	272	59.7
9J10_A	7T4X_A	37.6	672	820	857	4.48e-105	341	80.6
9J10_A	7T4X_B	37.6	672	820	857	4.48e-105	341	80.6
9J10_A	7T4X_C	37.6	672	820	857	4.48e-105	341	80.6
9J10_A	7T4X_D	37.6	672	820	857	4.48e-105	341	80.6
9J10_A	7XUF_B	37.6	672	820	857	4.48e-105	341	80.6
9J10_A	7XUF_D	37.6	672	820	857	4.48e-105	341	80.6
9J10_A	7WSW_A	37.6	672	820	879	7.14e-105	341	80.6
9J10_A	7WSW_B	37.6	672	820	879	7.14e-105	341	80.6
9J10_A	7WSW_C	37.6	672	820	879	7.14e-105	341	80.6
9J10_A	7WSW_D	37.6	672	820	879	7.14e-105	341	80.6
9J10_A	7WM1_A	37.6	672	820	885	8.09e-105	341	80.6
9J10_A	7WM1_C	37.6	672	820	885	8.09e-105	341	80.6
9J10_A	9IS8_A	37.6	672	820	885	8.09e-105	341	80.6
9J10_A	9IS8_C	37.6	672	820	885	8.09e-105	341	80.6
9J10_A	9IS8_D	37.6	672	820	885	8.09e-105	341	80.6
9J10_A	7WM2_A	37.6	672	820	895	9.94e-105	341	80.6
9J10_A	7WM2_B	37.6	672	820	895	9.94e-105	341	80.6
9J10_A	7WM2_C	37.6	672	820	895	9.94e-105	341	80.6
9J10_A	7WM2_D	37.6	672	820	895	9.94e-105	341	80.6
9J10_A	7FCV_A	37.6	672	820	857	1.21e-104	340	80.6
9J10_A	7FCV_B	37.6	672	820	857	1.21e-104	340	80.6
9J10_A	7FCV_C	37.6	672	820	857	1.21e-104	340	80.6
9J10_A	7FCV_D	37.6	672	820	857	1.21e-104	340	80.6
9J10_A	7CAL_A	37.0	454	820	677	4.12e-89	293	54.8
9J10_A	7CAL_B	37.0	454	820	677	4.12e-89	293	54.8
9J10_A	7CAL_C	37.0	454	820	677	4.12e-89	293	54.8
9J10_A	7CAL_D	37.0	454	820	677	4.12e-89	293	54.8
9J10_A	7XUF_A	35.7	479	820	662	2.15e-82	275	57.3
9J10_A	7XUF_C	35.7	479	820	662	2.15e-82	275	57.3
9J10_A	7WM1_B	35.7	479	820	690	3.96e-82	275	57.3
9J10_A	7WM1_D	35.7	479	820	690	3.96e-82	275	57.3
9J10_A	9IS8_B	35.7	479	820	710	6.04e-82	275	57.3
9J10_B	7T4X_A	37.6	672	820	857	4.48e-105	341	80.6
9J10_B	7T4X_B	37.6	672	820	857	4.48e-105	341	80.6
9J10_B	7T4X_C	37.6	672	820	857	4.48e-105	341	80.6
9J10_B	7T4X_D	37.6	672	820	857	4.48e-105	341	80.6
9J10_B	7XUF_B	37.6	672	820	857	4.48e-105	341	80.6
9J10_B	7XUF_D	37.6	672	820	857	4.48e-105	341	80.6
9J10_B	7WSW_A	37.6	672	820	879	7.14e-105	341	80.6
9J10_B	7WSW_B	37.6	672	820	879	7.14e-105	341	80.6
9J10_B	7WSW_C	37.6	672	820	879	7.14e-105	341	80.6
9J10_B	7WSW_D	37.6	672	820	879	7.14e-105	341	80.6
9J10_B	7WM1_A	37.6	672	820	885	8.09e-105	341	80.6
9J10_B	7WM1_C	37.6	672	820	885	8.09e-105	341	80.6
9J10_B	9IS8_A	37.6	672	820	885	8.09e-105	341	80.6
9J10_B	9IS8_C	37.6	672	820	885	8.09e-105	341	80.6
9J10_B	9IS8_D	37.6	672	820	885	8.09e-105	341	80.6
9J10_B	7WM2_A	37.6	672	820	895	9.94e-105	341	80.6
9J10_B	7WM2_B	37.6	672	820	895	9.94e-105	341	80.6
9J10_B	7WM2_C	37.6	672	820	895	9.94e-105	341	80.6
9J10_B	7WM2_D	37.6	672	820	895	9.94e-105	341	80.6
9J10_B	7FCV_A	37.6	672	820	857	1.21e-104	340	80.6
9J10_B	7FCV_B	37.6	672	820	857	1.21e-104	340	80.6
9J10_B	7FCV_C	37.6	672	820	857	1.21e-104	340	80.6
9J10_B	7FCV_D	37.6	672	820	857	1.21e-104	340	80.6
9J10_B	7CAL_A	37.0	454	820	677	4.12e-89	293	54.8
9J10_B	7CAL_B	37.0	454	820	677	4.12e-89	293	54.8
9J10_B	7CAL_C	37.0	454	820	677	4.12e-89	293	54.8
9J10_B	7CAL_D	37.0	454	820	677	4.12e-89	293	54.8
9J10_B	7XUF_A	35.7	479	820	662	2.15e-82	275	57.3
9J10_B	7XUF_C	35.7	479	820	662	2.15e-82	275	57.3
9J10_B	7WM1_B	35.7	479	820	690	3.96e-82	275	57.3
9J10_B	7WM1_D	35.7	479	820	690	3.96e-82	275	57.3
9J10_B	9IS8_B	35.7	479	820	710	6.04e-82	275	57.3
9J10_C	7T4X_A	37.6	672	820	857	4.48e-105	341	80.6
9J10_C	7T4X_B	37.6	672	820	857	4.48e-105	341	80.6
9J10_C	7T4X_C	37.6	672	820	857	4.48e-105	341	80.6
9J10_C	7T4X_D	37.6	672	820	857	4.48e-105	341	80.6
9J10_C	7XUF_B	37.6	672	820	857	4.48e-105	341	80.6
9J10_C	7XUF_D	37.6	672	820	857	4.48e-105	341	80.6
9J10_C	7WSW_A	37.6	672	820	879	7.14e-105	341	80.6
9J10_C	7WSW_B	37.6	672	820	879	7.14e-105	341	80.6
9J10_C	7WSW_C	37.6	672	820	879	7.14e-105	341	80.6
9J10_C	7WSW_D	37.6	672	820	879	7.14e-105	341	80.6
9J10_C	7WM1_A	37.6	672	820	885	8.09e-105	341	80.6
9J10_C	7WM1_C	37.6	672	820	885	8.09e-105	341	80.6
9J10_C	9IS8_A	37.6	672	820	885	8.09e-105	341	80.6
9J10_C	9IS8_C	37.6	672	820	885	8.09e-105	341	80.6
9J10_C	9IS8_D	37.6	672	820	885	8.09e-105	341	80.6
9J10_C	7WM2_A	37.6	672	820	895	9.94e-105	341	80.6
9J10_C	7WM2_B	37.6	672	820	895	9.94e-105	341	80.6
9J10_C	7WM2_C	37.6	672	820	895	9.94e-105	341	80.6
9J10_C	7WM2_D	37.6	672	820	895	9.94e-105	341	80.6
9J10_C	7FCV_A	37.6	672	820	857	1.21e-104	340	80.6
9J10_C	7FCV_B	37.6	672	820	857	1.21e-104	340	80.6
9J10_C	7FCV_C	37.6	672	820	857	1.21e-104	340	80.6
9J10_C	7FCV_D	37.6	672	820	857	1.21e-104	340	80.6
9J10_C	7CAL_A	37.0	454	820	677	4.12e-89	293	54.8
9J10_C	7CAL_B	37.0	454	820	677	4.12e-89	293	54.8
9J10_C	7CAL_C	37.0	454	820	677	4.12e-89	293	54.8
9J10_C	7CAL_D	37.0	454	820	677	4.12e-89	293	54.8
9J10_C	7XUF_A	35.7	479	820	662	2.15e-82	275	57.3
9J10_C	7XUF_C	35.7	479	820	662	2.15e-82	275	57.3
9J10_C	7WM1_B	35.7	479	820	690	3.96e-82	275	57.3
9J10_C	7WM1_D	35.7	479	820	690	3.96e-82	275	57.3
9J10_C	9IS8_B	35.7	479	820	710	6.04e-82	275	57.3
9J10_D	7T4X_A	37.6	672	820	857	4.48e-105	341	80.6
9J10_D	7T4X_B	37.6	672	820	857	4.48e-105	341	80.6
9J10_D	7T4X_C	37.6	672	820	857	4.48e-105	341	80.6
9J10_D	7T4X_D	37.6	672	820	857	4.48e-105	341	80.6
9J10_D	7XUF_B	37.6	672	820	857	4.48e-105	341	80.6
9J10_D	7XUF_D	37.6	672	820	857	4.48e-105	341	80.6
9J10_D	7WSW_A	37.6	672	820	879	7.14e-105	341	80.6
9J10_D	7WSW_B	37.6	672	820	879	7.14e-105	341	80.6
9J10_D	7WSW_C	37.6	672	820	879	7.14e-105	341	80.6
9J10_D	7WSW_D	37.6	672	820	879	7.14e-105	341	80.6
9J10_D	7WM1_A	37.6	672	820	885	8.09e-105	341	80.6
9J10_D	7WM1_C	37.6	672	820	885	8.09e-105	341	80.6
9J10_D	9IS8_A	37.6	672	820	885	8.09e-105	341	80.6
9J10_D	9IS8_C	37.6	672	820	885	8.09e-105	341	80.6
9J10_D	9IS8_D	37.6	672	820	885	8.09e-105	341	80.6
9J10_D	7WM2_A	37.6	672	820	895	9.94e-105	341	80.6
9J10_D	7WM2_B	37.6	672	820	895	9.94e-105	341	80.6
9J10_D	7WM2_C	37.6	672	820	895	9.94e-105	341	80.6
9J10_D	7WM2_D	37.6	672	820	895	9.94e-105	341	80.6
9J10_D	7FCV_A	37.6	672	820	857	1.21e-104	340	80.6
9J10_D	7FCV_B	37.6	672	820	857	1.21e-104	340	80.6
9J10_D	7FCV_C	37.6	672	820	857	1.21e-104	340	80.6
9J10_D	7FCV_D	37.6	672	820	857	1.21e-104	340	80.6
9J10_D	7CAL_A	37.0	454	820	677	4.12e-89	293	54.8
9J10_D	7CAL_B	37.0	454	820	677	4.12e-89	293	54.8
9J10_D	7CAL_C	37.0	454	820	677	4.12e-89	293	54.8
9J10_D	7CAL_D	37.0	454	820	677	4.12e-89	293	54.8
9J10_D	7XUF_A	35.7	479	820	662	2.15e-82	275	57.3
9J10_D	7XUF_C	35.7	479	820	662	2.15e-82	275	57.3
9J10_D	7WM1_B	35.7	479	820	690	3.96e-82	275	57.3
9J10_D	7WM1_D	35.7	479	820	690	3.96e-82	275	57.3
9J10_D	9IS8_B	35.7	479	820	710	6.04e-82	275	57.3
9KHF_A	7T4X_A	37.8	669	763	857	3.05e-105	340	86.2
9KHF_A	7T4X_B	37.8	669	763	857	3.05e-105	340	86.2
9KHF_A	7T4X_C	37.8	669	763	857	3.05e-105	340	86.2
9KHF_A	7T4X_D	37.8	669	763	857	3.05e-105	340	86.2
9KHF_A	7XUF_B	37.8	669	763	857	3.05e-105	340	86.2
9KHF_A	7XUF_D	37.8	669	763	857	3.05e-105	340	86.2
9KHF_A	7WSW_A	37.8	669	763	879	4.84e-105	340	86.2
9KHF_A	7WSW_B	37.8	669	763	879	4.84e-105	340	86.2
9KHF_A	7WSW_C	37.8	669	763	879	4.84e-105	340	86.2
9KHF_A	7WSW_D	37.8	669	763	879	4.84e-105	340	86.2
9KHF_A	7WM1_A	37.8	669	763	885	5.48e-105	340	86.2
9KHF_A	7WM1_C	37.8	669	763	885	5.48e-105	340	86.2
9KHF_A	9IS8_A	37.8	669	763	885	5.48e-105	340	86.2
9KHF_A	9IS8_C	37.8	669	763	885	5.48e-105	340	86.2
9KHF_A	9IS8_D	37.8	669	763	885	5.48e-105	340	86.2
9KHF_A	7WM2_A	37.8	669	763	895	6.73e-105	340	86.2
9KHF_A	7WM2_B	37.8	669	763	895	6.73e-105	340	86.2
9KHF_A	7WM2_C	37.8	669	763	895	6.73e-105	340	86.2
9KHF_A	7WM2_D	37.8	669	763	895	6.73e-105	340	86.2
9KHF_A	7FCV_A	37.8	669	763	857	8.27e-105	338	86.2
9KHF_A	7FCV_B	37.8	669	763	857	8.27e-105	338	86.2
9KHF_A	7FCV_C	37.8	669	763	857	8.27e-105	338	86.2
9KHF_A	7FCV_D	37.8	669	763	857	8.27e-105	338	86.2
9KHF_A	7CAL_A	36.8	451	763	677	9.08e-89	291	58.5
9KHF_A	7CAL_B	36.8	451	763	677	9.08e-89	291	58.5
9KHF_A	7CAL_C	36.8	451	763	677	9.08e-89	291	58.5
9KHF_A	7CAL_D	36.8	451	763	677	9.08e-89	291	58.5
9KHF_A	7XUF_A	36.1	463	763	662	7.11e-82	272	59.5
9KHF_A	7XUF_C	36.1	463	763	662	7.11e-82	272	59.5
9KHF_A	7WM1_B	36.1	463	763	690	1.30e-81	272	59.5
9KHF_A	7WM1_D	36.1	463	763	690	1.30e-81	272	59.5
9KHF_A	9IS8_B	36.1	463	763	710	1.97e-81	272	59.5
9KHF_B	7T4X_A	37.8	669	763	857	3.05e-105	340	86.2
9KHF_B	7T4X_B	37.8	669	763	857	3.05e-105	340	86.2
9KHF_B	7T4X_C	37.8	669	763	857	3.05e-105	340	86.2
9KHF_B	7T4X_D	37.8	669	763	857	3.05e-105	340	86.2
9KHF_B	7XUF_B	37.8	669	763	857	3.05e-105	340	86.2
9KHF_B	7XUF_D	37.8	669	763	857	3.05e-105	340	86.2
9KHF_B	7WSW_A	37.8	669	763	879	4.84e-105	340	86.2
9KHF_B	7WSW_B	37.8	669	763	879	4.84e-105	340	86.2
9KHF_B	7WSW_C	37.8	669	763	879	4.84e-105	340	86.2
9KHF_B	7WSW_D	37.8	669	763	879	4.84e-105	340	86.2
9KHF_B	7WM1_A	37.8	669	763	885	5.48e-105	340	86.2
9KHF_B	7WM1_C	37.8	669	763	885	5.48e-105	340	86.2
9KHF_B	9IS8_A	37.8	669	763	885	5.48e-105	340	86.2
9KHF_B	9IS8_C	37.8	669	763	885	5.48e-105	340	86.2
9KHF_B	9IS8_D	37.8	669	763	885	5.48e-105	340	86.2
9KHF_B	7WM2_A	37.8	669	763	895	6.73e-105	340	86.2
9KHF_B	7WM2_B	37.8	669	763	895	6.73e-105	340	86.2
9KHF_B	7WM2_C	37.8	669	763	895	6.73e-105	340	86.2
9KHF_B	7WM2_D	37.8	669	763	895	6.73e-105	340	86.2
9KHF_B	7FCV_A	37.8	669	763	857	8.27e-105	338	86.2
9KHF_B	7FCV_B	37.8	669	763	857	8.27e-105	338	86.2
9KHF_B	7FCV_C	37.8	669	763	857	8.27e-105	338	86.2
9KHF_B	7FCV_D	37.8	669	763	857	8.27e-105	338	86.2
9KHF_B	7CAL_A	36.8	451	763	677	9.08e-89	291	58.5
9KHF_B	7CAL_B	36.8	451	763	677	9.08e-89	291	58.5
9KHF_B	7CAL_C	36.8	451	763	677	9.08e-89	291	58.5
9KHF_B	7CAL_D	36.8	451	763	677	9.08e-89	291	58.5
9KHF_B	7XUF_A	36.1	463	763	662	7.11e-82	272	59.5
9KHF_B	7XUF_C	36.1	463	763	662	7.11e-82	272	59.5
9KHF_B	7WM1_B	36.1	463	763	690	1.30e-81	272	59.5
9KHF_B	7WM1_D	36.1	463	763	690	1.30e-81	272	59.5
9KHF_B	9IS8_B	36.1	463	763	710	1.97e-81	272	59.5
9KHF_C	7T4X_A	37.8	669	763	857	3.05e-105	340	86.2
9KHF_C	7T4X_B	37.8	669	763	857	3.05e-105	340	86.2
9KHF_C	7T4X_C	37.8	669	763	857	3.05e-105	340	86.2
9KHF_C	7T4X_D	37.8	669	763	857	3.05e-105	340	86.2
9KHF_C	7XUF_B	37.8	669	763	857	3.05e-105	340	86.2
9KHF_C	7XUF_D	37.8	669	763	857	3.05e-105	340	86.2
9KHF_C	7WSW_A	37.8	669	763	879	4.84e-105	340	86.2
9KHF_C	7WSW_B	37.8	669	763	879	4.84e-105	340	86.2
9KHF_C	7WSW_C	37.8	669	763	879	4.84e-105	340	86.2
9KHF_C	7WSW_D	37.8	669	763	879	4.84e-105	340	86.2
9KHF_C	7WM1_A	37.8	669	763	885	5.48e-105	340	86.2
9KHF_C	7WM1_C	37.8	669	763	885	5.48e-105	340	86.2
9KHF_C	9IS8_A	37.8	669	763	885	5.48e-105	340	86.2
9KHF_C	9IS8_C	37.8	669	763	885	5.48e-105	340	86.2
9KHF_C	9IS8_D	37.8	669	763	885	5.48e-105	340	86.2
9KHF_C	7WM2_A	37.8	669	763	895	6.73e-105	340	86.2
9KHF_C	7WM2_B	37.8	669	763	895	6.73e-105	340	86.2
9KHF_C	7WM2_C	37.8	669	763	895	6.73e-105	340	86.2
9KHF_C	7WM2_D	37.8	669	763	895	6.73e-105	340	86.2
9KHF_C	7FCV_A	37.8	669	763	857	8.27e-105	338	86.2
9KHF_C	7FCV_B	37.8	669	763	857	8.27e-105	338	86.2
9KHF_C	7FCV_C	37.8	669	763	857	8.27e-105	338	86.2
9KHF_C	7FCV_D	37.8	669	763	857	8.27e-105	338	86.2
9KHF_C	7CAL_A	36.8	451	763	677	9.08e-89	291	58.5
9KHF_C	7CAL_B	36.8	451	763	677	9.08e-89	291	58.5
9KHF_C	7CAL_C	36.8	451	763	677	9.08e-89	291	58.5
9KHF_C	7CAL_D	36.8	451	763	677	9.08e-89	291	58.5
9KHF_C	7XUF_A	36.1	463	763	662	7.11e-82	272	59.5
9KHF_C	7XUF_C	36.1	463	763	662	7.11e-82	272	59.5
9KHF_C	7WM1_B	36.1	463	763	690	1.30e-81	272	59.5
9KHF_C	7WM1_D	36.1	463	763	690	1.30e-81	272	59.5
9KHF_C	9IS8_B	36.1	463	763	710	1.97e-81	272	59.5
9KHF_D	7T4X_A	37.8	669	763	857	3.05e-105	340	86.2
9KHF_D	7T4X_B	37.8	669	763	857	3.05e-105	340	86.2
9KHF_D	7T4X_C	37.8	669	763	857	3.05e-105	340	86.2
9KHF_D	7T4X_D	37.8	669	763	857	3.05e-105	340	86.2
9KHF_D	7XUF_B	37.8	669	763	857	3.05e-105	340	86.2
9KHF_D	7XUF_D	37.8	669	763	857	3.05e-105	340	86.2
9KHF_D	7WSW_A	37.8	669	763	879	4.84e-105	340	86.2
9KHF_D	7WSW_B	37.8	669	763	879	4.84e-105	340	86.2
9KHF_D	7WSW_C	37.8	669	763	879	4.84e-105	340	86.2
9KHF_D	7WSW_D	37.8	669	763	879	4.84e-105	340	86.2
9KHF_D	7WM1_A	37.8	669	763	885	5.48e-105	340	86.2
9KHF_D	7WM1_C	37.8	669	763	885	5.48e-105	340	86.2
9KHF_D	9IS8_A	37.8	669	763	885	5.48e-105	340	86.2
9KHF_D	9IS8_C	37.8	669	763	885	5.48e-105	340	86.2
9KHF_D	9IS8_D	37.8	669	763	885	5.48e-105	340	86.2
9KHF_D	7WM2_A	37.8	669	763	895	6.73e-105	340	86.2
9KHF_D	7WM2_B	37.8	669	763	895	6.73e-105	340	86.2
9KHF_D	7WM2_C	37.8	669	763	895	6.73e-105	340	86.2
9KHF_D	7WM2_D	37.8	669	763	895	6.73e-105	340	86.2
9KHF_D	7FCV_A	37.8	669	763	857	8.27e-105	338	86.2
9KHF_D	7FCV_B	37.8	669	763	857	8.27e-105	338	86.2
9KHF_D	7FCV_C	37.8	669	763	857	8.27e-105	338	86.2
9KHF_D	7FCV_D	37.8	669	763	857	8.27e-105	338	86.2
9KHF_D	7CAL_A	36.8	451	763	677	9.08e-89	291	58.5
9KHF_D	7CAL_B	36.8	451	763	677	9.08e-89	291	58.5
9KHF_D	7CAL_C	36.8	451	763	677	9.08e-89	291	58.5
9KHF_D	7CAL_D	36.8	451	763	677	9.08e-89	291	58.5
9KHF_D	7XUF_A	36.1	463	763	662	7.11e-82	272	59.5
9KHF_D	7XUF_C	36.1	463	763	662	7.11e-82	272	59.5
9KHF_D	7WM1_B	36.1	463	763	690	1.30e-81	272	59.5
9KHF_D	7WM1_D	36.1	463	763	690	1.30e-81	272	59.5
9KHF_D	9IS8_B	36.1	463	763	710	1.97e-81	272	59.5
9L9U_A	7T4X_A	37.6	672	834	857	6.22e-105	341	79.3
9L9U_A	7T4X_B	37.6	672	834	857	6.22e-105	341	79.3
9L9U_A	7T4X_C	37.6	672	834	857	6.22e-105	341	79.3
9L9U_A	7T4X_D	37.6	672	834	857	6.22e-105	341	79.3
9L9U_A	7XUF_B	37.6	672	834	857	6.22e-105	341	79.3
9L9U_A	7XUF_D	37.6	672	834	857	6.22e-105	341	79.3
9L9U_A	7WSW_A	37.6	672	834	879	9.91e-105	341	79.3
9L9U_A	7WSW_B	37.6	672	834	879	9.91e-105	341	79.3
9L9U_A	7WSW_C	37.6	672	834	879	9.91e-105	341	79.3
9L9U_A	7WSW_D	37.6	672	834	879	9.91e-105	341	79.3
9L9U_A	7WM1_A	37.6	672	834	885	1.12e-104	341	79.3
9L9U_A	7WM1_C	37.6	672	834	885	1.12e-104	341	79.3
9L9U_A	9IS8_A	37.6	672	834	885	1.12e-104	341	79.3
9L9U_A	9IS8_C	37.6	672	834	885	1.12e-104	341	79.3
9L9U_A	9IS8_D	37.6	672	834	885	1.12e-104	341	79.3
9L9U_A	7WM2_A	37.6	672	834	895	1.38e-104	341	79.3
9L9U_A	7WM2_B	37.6	672	834	895	1.38e-104	341	79.3
9L9U_A	7WM2_C	37.6	672	834	895	1.38e-104	341	79.3
9L9U_A	7WM2_D	37.6	672	834	895	1.38e-104	341	79.3
9L9U_A	7FCV_A	37.6	672	834	857	1.68e-104	340	79.3
9L9U_A	7FCV_B	37.6	672	834	857	1.68e-104	340	79.3
9L9U_A	7FCV_C	37.6	672	834	857	1.68e-104	340	79.3
9L9U_A	7FCV_D	37.6	672	834	857	1.68e-104	340	79.3
9L9U_A	7CAL_A	37.0	454	834	677	5.45e-89	293	53.8
9L9U_A	7CAL_B	37.0	454	834	677	5.45e-89	293	53.8
9L9U_A	7CAL_C	37.0	454	834	677	5.45e-89	293	53.8
9L9U_A	7CAL_D	37.0	454	834	677	5.45e-89	293	53.8
9L9U_A	7XUF_A	35.7	479	834	662	2.79e-82	275	56.4
9L9U_A	7XUF_C	35.7	479	834	662	2.79e-82	275	56.4
9L9U_A	7WM1_B	35.7	479	834	690	5.13e-82	275	56.4
9L9U_A	7WM1_D	35.7	479	834	690	5.13e-82	275	56.4
9L9U_A	9IS8_B	35.7	479	834	710	7.82e-82	275	56.4
9L9U_B	7T4X_A	37.6	672	834	857	6.22e-105	341	79.3
9L9U_B	7T4X_B	37.6	672	834	857	6.22e-105	341	79.3
9L9U_B	7T4X_C	37.6	672	834	857	6.22e-105	341	79.3
9L9U_B	7T4X_D	37.6	672	834	857	6.22e-105	341	79.3
9L9U_B	7XUF_B	37.6	672	834	857	6.22e-105	341	79.3
9L9U_B	7XUF_D	37.6	672	834	857	6.22e-105	341	79.3
9L9U_B	7WSW_A	37.6	672	834	879	9.91e-105	341	79.3
9L9U_B	7WSW_B	37.6	672	834	879	9.91e-105	341	79.3
9L9U_B	7WSW_C	37.6	672	834	879	9.91e-105	341	79.3
9L9U_B	7WSW_D	37.6	672	834	879	9.91e-105	341	79.3
9L9U_B	7WM1_A	37.6	672	834	885	1.12e-104	341	79.3
9L9U_B	7WM1_C	37.6	672	834	885	1.12e-104	341	79.3
9L9U_B	9IS8_A	37.6	672	834	885	1.12e-104	341	79.3
9L9U_B	9IS8_C	37.6	672	834	885	1.12e-104	341	79.3
9L9U_B	9IS8_D	37.6	672	834	885	1.12e-104	341	79.3
9L9U_B	7WM2_A	37.6	672	834	895	1.38e-104	341	79.3
9L9U_B	7WM2_B	37.6	672	834	895	1.38e-104	341	79.3
9L9U_B	7WM2_C	37.6	672	834	895	1.38e-104	341	79.3
9L9U_B	7WM2_D	37.6	672	834	895	1.38e-104	341	79.3
9L9U_B	7FCV_A	37.6	672	834	857	1.68e-104	340	79.3
9L9U_B	7FCV_B	37.6	672	834	857	1.68e-104	340	79.3
9L9U_B	7FCV_C	37.6	672	834	857	1.68e-104	340	79.3
9L9U_B	7FCV_D	37.6	672	834	857	1.68e-104	340	79.3
9L9U_B	7CAL_A	37.0	454	834	677	5.45e-89	293	53.8
9L9U_B	7CAL_B	37.0	454	834	677	5.45e-89	293	53.8
9L9U_B	7CAL_C	37.0	454	834	677	5.45e-89	293	53.8
9L9U_B	7CAL_D	37.0	454	834	677	5.45e-89	293	53.8
9L9U_B	7XUF_A	35.7	479	834	662	2.79e-82	275	56.4
9L9U_B	7XUF_C	35.7	479	834	662	2.79e-82	275	56.4
9L9U_B	7WM1_B	35.7	479	834	690	5.13e-82	275	56.4
9L9U_B	7WM1_D	35.7	479	834	690	5.13e-82	275	56.4
9L9U_B	9IS8_B	35.7	479	834	710	7.82e-82	275	56.4
9L9U_C	7T4X_A	37.6	672	834	857	6.22e-105	341	79.3
9L9U_C	7T4X_B	37.6	672	834	857	6.22e-105	341	79.3
9L9U_C	7T4X_C	37.6	672	834	857	6.22e-105	341	79.3
9L9U_C	7T4X_D	37.6	672	834	857	6.22e-105	341	79.3
9L9U_C	7XUF_B	37.6	672	834	857	6.22e-105	341	79.3
9L9U_C	7XUF_D	37.6	672	834	857	6.22e-105	341	79.3
9L9U_C	7WSW_A	37.6	672	834	879	9.91e-105	341	79.3
9L9U_C	7WSW_B	37.6	672	834	879	9.91e-105	341	79.3
9L9U_C	7WSW_C	37.6	672	834	879	9.91e-105	341	79.3
9L9U_C	7WSW_D	37.6	672	834	879	9.91e-105	341	79.3
9L9U_C	7WM1_A	37.6	672	834	885	1.12e-104	341	79.3
9L9U_C	7WM1_C	37.6	672	834	885	1.12e-104	341	79.3
9L9U_C	9IS8_A	37.6	672	834	885	1.12e-104	341	79.3
9L9U_C	9IS8_C	37.6	672	834	885	1.12e-104	341	79.3
9L9U_C	9IS8_D	37.6	672	834	885	1.12e-104	341	79.3
9L9U_C	7WM2_A	37.6	672	834	895	1.38e-104	341	79.3
9L9U_C	7WM2_B	37.6	672	834	895	1.38e-104	341	79.3
9L9U_C	7WM2_C	37.6	672	834	895	1.38e-104	341	79.3
9L9U_C	7WM2_D	37.6	672	834	895	1.38e-104	341	79.3
9L9U_C	7FCV_A	37.6	672	834	857	1.68e-104	340	79.3
9L9U_C	7FCV_B	37.6	672	834	857	1.68e-104	340	79.3
9L9U_C	7FCV_C	37.6	672	834	857	1.68e-104	340	79.3
9L9U_C	7FCV_D	37.6	672	834	857	1.68e-104	340	79.3
9L9U_C	7CAL_A	37.0	454	834	677	5.45e-89	293	53.8
9L9U_C	7CAL_B	37.0	454	834	677	5.45e-89	293	53.8
9L9U_C	7CAL_C	37.0	454	834	677	5.45e-89	293	53.8
9L9U_C	7CAL_D	37.0	454	834	677	5.45e-89	293	53.8
9L9U_C	7XUF_A	35.7	479	834	662	2.79e-82	275	56.4
9L9U_C	7XUF_C	35.7	479	834	662	2.79e-82	275	56.4
9L9U_C	7WM1_B	35.7	479	834	690	5.13e-82	275	56.4
9L9U_C	7WM1_D	35.7	479	834	690	5.13e-82	275	56.4
9L9U_C	9IS8_B	35.7	479	834	710	7.82e-82	275	56.4
9L9U_D	7T4X_A	37.6	672	834	857	6.22e-105	341	79.3
9L9U_D	7T4X_B	37.6	672	834	857	6.22e-105	341	79.3
9L9U_D	7T4X_C	37.6	672	834	857	6.22e-105	341	79.3
9L9U_D	7T4X_D	37.6	672	834	857	6.22e-105	341	79.3
9L9U_D	7XUF_B	37.6	672	834	857	6.22e-105	341	79.3
9L9U_D	7XUF_D	37.6	672	834	857	6.22e-105	341	79.3
9L9U_D	7WSW_A	37.6	672	834	879	9.91e-105	341	79.3
9L9U_D	7WSW_B	37.6	672	834	879	9.91e-105	341	79.3
9L9U_D	7WSW_C	37.6	672	834	879	9.91e-105	341	79.3
9L9U_D	7WSW_D	37.6	672	834	879	9.91e-105	341	79.3
9L9U_D	7WM1_A	37.6	672	834	885	1.12e-104	341	79.3
9L9U_D	7WM1_C	37.6	672	834	885	1.12e-104	341	79.3
9L9U_D	9IS8_A	37.6	672	834	885	1.12e-104	341	79.3
9L9U_D	9IS8_C	37.6	672	834	885	1.12e-104	341	79.3
9L9U_D	9IS8_D	37.6	672	834	885	1.12e-104	341	79.3
9L9U_D	7WM2_A	37.6	672	834	895	1.38e-104	341	79.3
9L9U_D	7WM2_B	37.6	672	834	895	1.38e-104	341	79.3
9L9U_D	7WM2_C	37.6	672	834	895	1.38e-104	341	79.3
9L9U_D	7WM2_D	37.6	672	834	895	1.38e-104	341	79.3
9L9U_D	7FCV_A	37.6	672	834	857	1.68e-104	340	79.3
9L9U_D	7FCV_B	37.6	672	834	857	1.68e-104	340	79.3
9L9U_D	7FCV_C	37.6	672	834	857	1.68e-104	340	79.3
9L9U_D	7FCV_D	37.6	672	834	857	1.68e-104	340	79.3
9L9U_D	7CAL_A	37.0	454	834	677	5.45e-89	293	53.8
9L9U_D	7CAL_B	37.0	454	834	677	5.45e-89	293	53.8
9L9U_D	7CAL_C	37.0	454	834	677	5.45e-89	293	53.8
9L9U_D	7CAL_D	37.0	454	834	677	5.45e-89	293	53.8
9L9U_D	7XUF_A	35.7	479	834	662	2.79e-82	275	56.4
9L9U_D	7XUF_C	35.7	479	834	662	2.79e-82	275	56.4
9L9U_D	7WM1_B	35.7	479	834	690	5.13e-82	275	56.4
9L9U_D	7WM1_D	35.7	479	834	690	5.13e-82	275	56.4
9L9U_D	9IS8_B	35.7	479	834	710	7.82e-82	275	56.4
9LA0_A	7T4X_A	37.6	672	834	857	6.22e-105	341	79.3
9LA0_A	7T4X_B	37.6	672	834	857	6.22e-105	341	79.3
9LA0_A	7T4X_C	37.6	672	834	857	6.22e-105	341	79.3
9LA0_A	7T4X_D	37.6	672	834	857	6.22e-105	341	79.3
9LA0_A	7XUF_B	37.6	672	834	857	6.22e-105	341	79.3
9LA0_A	7XUF_D	37.6	672	834	857	6.22e-105	341	79.3
9LA0_A	7WSW_A	37.6	672	834	879	9.91e-105	341	79.3
9LA0_A	7WSW_B	37.6	672	834	879	9.91e-105	341	79.3
9LA0_A	7WSW_C	37.6	672	834	879	9.91e-105	341	79.3
9LA0_A	7WSW_D	37.6	672	834	879	9.91e-105	341	79.3
9LA0_A	7WM1_A	37.6	672	834	885	1.12e-104	341	79.3
9LA0_A	7WM1_C	37.6	672	834	885	1.12e-104	341	79.3
9LA0_A	9IS8_A	37.6	672	834	885	1.12e-104	341	79.3
9LA0_A	9IS8_C	37.6	672	834	885	1.12e-104	341	79.3
9LA0_A	9IS8_D	37.6	672	834	885	1.12e-104	341	79.3
9LA0_A	7WM2_A	37.6	672	834	895	1.38e-104	341	79.3
9LA0_A	7WM2_B	37.6	672	834	895	1.38e-104	341	79.3
9LA0_A	7WM2_C	37.6	672	834	895	1.38e-104	341	79.3
9LA0_A	7WM2_D	37.6	672	834	895	1.38e-104	341	79.3
9LA0_A	7FCV_A	37.6	672	834	857	1.68e-104	340	79.3
9LA0_A	7FCV_B	37.6	672	834	857	1.68e-104	340	79.3
9LA0_A	7FCV_C	37.6	672	834	857	1.68e-104	340	79.3
9LA0_A	7FCV_D	37.6	672	834	857	1.68e-104	340	79.3
9LA0_A	7CAL_A	37.0	454	834	677	5.45e-89	293	53.8
9LA0_A	7CAL_B	37.0	454	834	677	5.45e-89	293	53.8
9LA0_A	7CAL_C	37.0	454	834	677	5.45e-89	293	53.8
9LA0_A	7CAL_D	37.0	454	834	677	5.45e-89	293	53.8
9LA0_A	7XUF_A	35.7	479	834	662	2.79e-82	275	56.4
9LA0_A	7XUF_C	35.7	479	834	662	2.79e-82	275	56.4
9LA0_A	7WM1_B	35.7	479	834	690	5.13e-82	275	56.4
9LA0_A	7WM1_D	35.7	479	834	690	5.13e-82	275	56.4
9LA0_A	9IS8_B	35.7	479	834	710	7.82e-82	275	56.4
9LA0_B	7T4X_A	37.6	672	834	857	6.22e-105	341	79.3
9LA0_B	7T4X_B	37.6	672	834	857	6.22e-105	341	79.3
9LA0_B	7T4X_C	37.6	672	834	857	6.22e-105	341	79.3
9LA0_B	7T4X_D	37.6	672	834	857	6.22e-105	341	79.3
9LA0_B	7XUF_B	37.6	672	834	857	6.22e-105	341	79.3
9LA0_B	7XUF_D	37.6	672	834	857	6.22e-105	341	79.3
9LA0_B	7WSW_A	37.6	672	834	879	9.91e-105	341	79.3
9LA0_B	7WSW_B	37.6	672	834	879	9.91e-105	341	79.3
9LA0_B	7WSW_C	37.6	672	834	879	9.91e-105	341	79.3
9LA0_B	7WSW_D	37.6	672	834	879	9.91e-105	341	79.3
9LA0_B	7WM1_A	37.6	672	834	885	1.12e-104	341	79.3
9LA0_B	7WM1_C	37.6	672	834	885	1.12e-104	341	79.3
9LA0_B	9IS8_A	37.6	672	834	885	1.12e-104	341	79.3
9LA0_B	9IS8_C	37.6	672	834	885	1.12e-104	341	79.3
9LA0_B	9IS8_D	37.6	672	834	885	1.12e-104	341	79.3
9LA0_B	7WM2_A	37.6	672	834	895	1.38e-104	341	79.3
9LA0_B	7WM2_B	37.6	672	834	895	1.38e-104	341	79.3
9LA0_B	7WM2_C	37.6	672	834	895	1.38e-104	341	79.3
9LA0_B	7WM2_D	37.6	672	834	895	1.38e-104	341	79.3
9LA0_B	7FCV_A	37.6	672	834	857	1.68e-104	340	79.3
9LA0_B	7FCV_B	37.6	672	834	857	1.68e-104	340	79.3
9LA0_B	7FCV_C	37.6	672	834	857	1.68e-104	340	79.3
9LA0_B	7FCV_D	37.6	672	834	857	1.68e-104	340	79.3
9LA0_B	7CAL_A	37.0	454	834	677	5.45e-89	293	53.8
9LA0_B	7CAL_B	37.0	454	834	677	5.45e-89	293	53.8
9LA0_B	7CAL_C	37.0	454	834	677	5.45e-89	293	53.8
9LA0_B	7CAL_D	37.0	454	834	677	5.45e-89	293	53.8
9LA0_B	7XUF_A	35.7	479	834	662	2.79e-82	275	56.4
9LA0_B	7XUF_C	35.7	479	834	662	2.79e-82	275	56.4
9LA0_B	7WM1_B	35.7	479	834	690	5.13e-82	275	56.4
9LA0_B	7WM1_D	35.7	479	834	690	5.13e-82	275	56.4
9LA0_B	9IS8_B	35.7	479	834	710	7.82e-82	275	56.4
9LA0_C	7T4X_A	37.6	672	834	857	6.22e-105	341	79.3
9LA0_C	7T4X_B	37.6	672	834	857	6.22e-105	341	79.3
9LA0_C	7T4X_C	37.6	672	834	857	6.22e-105	341	79.3
9LA0_C	7T4X_D	37.6	672	834	857	6.22e-105	341	79.3
9LA0_C	7XUF_B	37.6	672	834	857	6.22e-105	341	79.3
9LA0_C	7XUF_D	37.6	672	834	857	6.22e-105	341	79.3
9LA0_C	7WSW_A	37.6	672	834	879	9.91e-105	341	79.3
9LA0_C	7WSW_B	37.6	672	834	879	9.91e-105	341	79.3
9LA0_C	7WSW_C	37.6	672	834	879	9.91e-105	341	79.3
9LA0_C	7WSW_D	37.6	672	834	879	9.91e-105	341	79.3
9LA0_C	7WM1_A	37.6	672	834	885	1.12e-104	341	79.3
9LA0_C	7WM1_C	37.6	672	834	885	1.12e-104	341	79.3
9LA0_C	9IS8_A	37.6	672	834	885	1.12e-104	341	79.3
9LA0_C	9IS8_C	37.6	672	834	885	1.12e-104	341	79.3
9LA0_C	9IS8_D	37.6	672	834	885	1.12e-104	341	79.3
9LA0_C	7WM2_A	37.6	672	834	895	1.38e-104	341	79.3
9LA0_C	7WM2_B	37.6	672	834	895	1.38e-104	341	79.3
9LA0_C	7WM2_C	37.6	672	834	895	1.38e-104	341	79.3
9LA0_C	7WM2_D	37.6	672	834	895	1.38e-104	341	79.3
9LA0_C	7FCV_A	37.6	672	834	857	1.68e-104	340	79.3
9LA0_C	7FCV_B	37.6	672	834	857	1.68e-104	340	79.3
9LA0_C	7FCV_C	37.6	672	834	857	1.68e-104	340	79.3
9LA0_C	7FCV_D	37.6	672	834	857	1.68e-104	340	79.3
9LA0_C	7CAL_A	37.0	454	834	677	5.45e-89	293	53.8
9LA0_C	7CAL_B	37.0	454	834	677	5.45e-89	293	53.8
9LA0_C	7CAL_C	37.0	454	834	677	5.45e-89	293	53.8
9LA0_C	7CAL_D	37.0	454	834	677	5.45e-89	293	53.8
9LA0_C	7XUF_A	35.7	479	834	662	2.79e-82	275	56.4
9LA0_C	7XUF_C	35.7	479	834	662	2.79e-82	275	56.4
9LA0_C	7WM1_B	35.7	479	834	690	5.13e-82	275	56.4
9LA0_C	7WM1_D	35.7	479	834	690	5.13e-82	275	56.4
9LA0_C	9IS8_B	35.7	479	834	710	7.82e-82	275	56.4
9LA0_D	7T4X_A	37.6	672	834	857	6.22e-105	341	79.3
9LA0_D	7T4X_B	37.6	672	834	857	6.22e-105	341	79.3
9LA0_D	7T4X_C	37.6	672	834	857	6.22e-105	341	79.3
9LA0_D	7T4X_D	37.6	672	834	857	6.22e-105	341	79.3
9LA0_D	7XUF_B	37.6	672	834	857	6.22e-105	341	79.3
9LA0_D	7XUF_D	37.6	672	834	857	6.22e-105	341	79.3
9LA0_D	7WSW_A	37.6	672	834	879	9.91e-105	341	79.3
9LA0_D	7WSW_B	37.6	672	834	879	9.91e-105	341	79.3
9LA0_D	7WSW_C	37.6	672	834	879	9.91e-105	341	79.3
9LA0_D	7WSW_D	37.6	672	834	879	9.91e-105	341	79.3
9LA0_D	7WM1_A	37.6	672	834	885	1.12e-104	341	79.3
9LA0_D	7WM1_C	37.6	672	834	885	1.12e-104	341	79.3
9LA0_D	9IS8_A	37.6	672	834	885	1.12e-104	341	79.3
9LA0_D	9IS8_C	37.6	672	834	885	1.12e-104	341	79.3
9LA0_D	9IS8_D	37.6	672	834	885	1.12e-104	341	79.3
9LA0_D	7WM2_A	37.6	672	834	895	1.38e-104	341	79.3
9LA0_D	7WM2_B	37.6	672	834	895	1.38e-104	341	79.3
9LA0_D	7WM2_C	37.6	672	834	895	1.38e-104	341	79.3
9LA0_D	7WM2_D	37.6	672	834	895	1.38e-104	341	79.3
9LA0_D	7FCV_A	37.6	672	834	857	1.68e-104	340	79.3
9LA0_D	7FCV_B	37.6	672	834	857	1.68e-104	340	79.3
9LA0_D	7FCV_C	37.6	672	834	857	1.68e-104	340	79.3
9LA0_D	7FCV_D	37.6	672	834	857	1.68e-104	340	79.3
9LA0_D	7CAL_A	37.0	454	834	677	5.45e-89	293	53.8
9LA0_D	7CAL_B	37.0	454	834	677	5.45e-89	293	53.8
9LA0_D	7CAL_C	37.0	454	834	677	5.45e-89	293	53.8
9LA0_D	7CAL_D	37.0	454	834	677	5.45e-89	293	53.8
9LA0_D	7XUF_A	35.7	479	834	662	2.79e-82	275	56.4
9LA0_D	7XUF_C	35.7	479	834	662	2.79e-82	275	56.4
9LA0_D	7WM1_B	35.7	479	834	690	5.13e-82	275	56.4
9LA0_D	7WM1_D	35.7	479	834	690	5.13e-82	275	56.4
9LA0_D	9IS8_B	35.7	479	834	710	7.82e-82	275	56.4
9LA1_A	7T4X_A	37.6	672	834	857	6.22e-105	341	79.3
9LA1_A	7T4X_B	37.6	672	834	857	6.22e-105	341	79.3
9LA1_A	7T4X_C	37.6	672	834	857	6.22e-105	341	79.3
9LA1_A	7T4X_D	37.6	672	834	857	6.22e-105	341	79.3
9LA1_A	7XUF_B	37.6	672	834	857	6.22e-105	341	79.3
9LA1_A	7XUF_D	37.6	672	834	857	6.22e-105	341	79.3
9LA1_A	7WSW_A	37.6	672	834	879	9.91e-105	341	79.3
9LA1_A	7WSW_B	37.6	672	834	879	9.91e-105	341	79.3
9LA1_A	7WSW_C	37.6	672	834	879	9.91e-105	341	79.3
9LA1_A	7WSW_D	37.6	672	834	879	9.91e-105	341	79.3
9LA1_A	7WM1_A	37.6	672	834	885	1.12e-104	341	79.3
9LA1_A	7WM1_C	37.6	672	834	885	1.12e-104	341	79.3
9LA1_A	9IS8_A	37.6	672	834	885	1.12e-104	341	79.3
9LA1_A	9IS8_C	37.6	672	834	885	1.12e-104	341	79.3
9LA1_A	9IS8_D	37.6	672	834	885	1.12e-104	341	79.3
9LA1_A	7WM2_A	37.6	672	834	895	1.38e-104	341	79.3
9LA1_A	7WM2_B	37.6	672	834	895	1.38e-104	341	79.3
9LA1_A	7WM2_C	37.6	672	834	895	1.38e-104	341	79.3
9LA1_A	7WM2_D	37.6	672	834	895	1.38e-104	341	79.3
9LA1_A	7FCV_A	37.6	672	834	857	1.68e-104	340	79.3
9LA1_A	7FCV_B	37.6	672	834	857	1.68e-104	340	79.3
9LA1_A	7FCV_C	37.6	672	834	857	1.68e-104	340	79.3
9LA1_A	7FCV_D	37.6	672	834	857	1.68e-104	340	79.3
9LA1_A	7CAL_A	37.0	454	834	677	5.45e-89	293	53.8
9LA1_A	7CAL_B	37.0	454	834	677	5.45e-89	293	53.8
9LA1_A	7CAL_C	37.0	454	834	677	5.45e-89	293	53.8
9LA1_A	7CAL_D	37.0	454	834	677	5.45e-89	293	53.8
9LA1_A	7XUF_A	35.7	479	834	662	2.79e-82	275	56.4
9LA1_A	7XUF_C	35.7	479	834	662	2.79e-82	275	56.4
9LA1_A	7WM1_B	35.7	479	834	690	5.13e-82	275	56.4
9LA1_A	7WM1_D	35.7	479	834	690	5.13e-82	275	56.4
9LA1_A	9IS8_B	35.7	479	834	710	7.82e-82	275	56.4
9LA1_B	7T4X_A	37.6	672	834	857	6.22e-105	341	79.3
9LA1_B	7T4X_B	37.6	672	834	857	6.22e-105	341	79.3
9LA1_B	7T4X_C	37.6	672	834	857	6.22e-105	341	79.3
9LA1_B	7T4X_D	37.6	672	834	857	6.22e-105	341	79.3
9LA1_B	7XUF_B	37.6	672	834	857	6.22e-105	341	79.3
9LA1_B	7XUF_D	37.6	672	834	857	6.22e-105	341	79.3
9LA1_B	7WSW_A	37.6	672	834	879	9.91e-105	341	79.3
9LA1_B	7WSW_B	37.6	672	834	879	9.91e-105	341	79.3
9LA1_B	7WSW_C	37.6	672	834	879	9.91e-105	341	79.3
9LA1_B	7WSW_D	37.6	672	834	879	9.91e-105	341	79.3
9LA1_B	7WM1_A	37.6	672	834	885	1.12e-104	341	79.3
9LA1_B	7WM1_C	37.6	672	834	885	1.12e-104	341	79.3
9LA1_B	9IS8_A	37.6	672	834	885	1.12e-104	341	79.3
9LA1_B	9IS8_C	37.6	672	834	885	1.12e-104	341	79.3
9LA1_B	9IS8_D	37.6	672	834	885	1.12e-104	341	79.3
9LA1_B	7WM2_A	37.6	672	834	895	1.38e-104	341	79.3
9LA1_B	7WM2_B	37.6	672	834	895	1.38e-104	341	79.3
9LA1_B	7WM2_C	37.6	672	834	895	1.38e-104	341	79.3
9LA1_B	7WM2_D	37.6	672	834	895	1.38e-104	341	79.3
9LA1_B	7FCV_A	37.6	672	834	857	1.68e-104	340	79.3
9LA1_B	7FCV_B	37.6	672	834	857	1.68e-104	340	79.3
9LA1_B	7FCV_C	37.6	672	834	857	1.68e-104	340	79.3
9LA1_B	7FCV_D	37.6	672	834	857	1.68e-104	340	79.3
9LA1_B	7CAL_A	37.0	454	834	677	5.45e-89	293	53.8
9LA1_B	7CAL_B	37.0	454	834	677	5.45e-89	293	53.8
9LA1_B	7CAL_C	37.0	454	834	677	5.45e-89	293	53.8
9LA1_B	7CAL_D	37.0	454	834	677	5.45e-89	293	53.8
9LA1_B	7XUF_A	35.7	479	834	662	2.79e-82	275	56.4
9LA1_B	7XUF_C	35.7	479	834	662	2.79e-82	275	56.4
9LA1_B	7WM1_B	35.7	479	834	690	5.13e-82	275	56.4
9LA1_B	7WM1_D	35.7	479	834	690	5.13e-82	275	56.4
9LA1_B	9IS8_B	35.7	479	834	710	7.82e-82	275	56.4
9LA1_C	7T4X_A	37.6	672	834	857	6.22e-105	341	79.3
9LA1_C	7T4X_B	37.6	672	834	857	6.22e-105	341	79.3
9LA1_C	7T4X_C	37.6	672	834	857	6.22e-105	341	79.3
9LA1_C	7T4X_D	37.6	672	834	857	6.22e-105	341	79.3
9LA1_C	7XUF_B	37.6	672	834	857	6.22e-105	341	79.3
9LA1_C	7XUF_D	37.6	672	834	857	6.22e-105	341	79.3
9LA1_C	7WSW_A	37.6	672	834	879	9.91e-105	341	79.3
9LA1_C	7WSW_B	37.6	672	834	879	9.91e-105	341	79.3
9LA1_C	7WSW_C	37.6	672	834	879	9.91e-105	341	79.3
9LA1_C	7WSW_D	37.6	672	834	879	9.91e-105	341	79.3
9LA1_C	7WM1_A	37.6	672	834	885	1.12e-104	341	79.3
9LA1_C	7WM1_C	37.6	672	834	885	1.12e-104	341	79.3
9LA1_C	9IS8_A	37.6	672	834	885	1.12e-104	341	79.3
9LA1_C	9IS8_C	37.6	672	834	885	1.12e-104	341	79.3
9LA1_C	9IS8_D	37.6	672	834	885	1.12e-104	341	79.3
9LA1_C	7WM2_A	37.6	672	834	895	1.38e-104	341	79.3
9LA1_C	7WM2_B	37.6	672	834	895	1.38e-104	341	79.3
9LA1_C	7WM2_C	37.6	672	834	895	1.38e-104	341	79.3
9LA1_C	7WM2_D	37.6	672	834	895	1.38e-104	341	79.3
9LA1_C	7FCV_A	37.6	672	834	857	1.68e-104	340	79.3
9LA1_C	7FCV_B	37.6	672	834	857	1.68e-104	340	79.3
9LA1_C	7FCV_C	37.6	672	834	857	1.68e-104	340	79.3
9LA1_C	7FCV_D	37.6	672	834	857	1.68e-104	340	79.3
9LA1_C	7CAL_A	37.0	454	834	677	5.45e-89	293	53.8
9LA1_C	7CAL_B	37.0	454	834	677	5.45e-89	293	53.8
9LA1_C	7CAL_C	37.0	454	834	677	5.45e-89	293	53.8
9LA1_C	7CAL_D	37.0	454	834	677	5.45e-89	293	53.8
9LA1_C	7XUF_A	35.7	479	834	662	2.79e-82	275	56.4
9LA1_C	7XUF_C	35.7	479	834	662	2.79e-82	275	56.4
9LA1_C	7WM1_B	35.7	479	834	690	5.13e-82	275	56.4
9LA1_C	7WM1_D	35.7	479	834	690	5.13e-82	275	56.4
9LA1_C	9IS8_B	35.7	479	834	710	7.82e-82	275	56.4
9LA1_D	7T4X_A	37.6	672	834	857	6.22e-105	341	79.3
9LA1_D	7T4X_B	37.6	672	834	857	6.22e-105	341	79.3
9LA1_D	7T4X_C	37.6	672	834	857	6.22e-105	341	79.3
9LA1_D	7T4X_D	37.6	672	834	857	6.22e-105	341	79.3
9LA1_D	7XUF_B	37.6	672	834	857	6.22e-105	341	79.3
9LA1_D	7XUF_D	37.6	672	834	857	6.22e-105	341	79.3
9LA1_D	7WSW_A	37.6	672	834	879	9.91e-105	341	79.3
9LA1_D	7WSW_B	37.6	672	834	879	9.91e-105	341	79.3
9LA1_D	7WSW_C	37.6	672	834	879	9.91e-105	341	79.3
9LA1_D	7WSW_D	37.6	672	834	879	9.91e-105	341	79.3
9LA1_D	7WM1_A	37.6	672	834	885	1.12e-104	341	79.3
9LA1_D	7WM1_C	37.6	672	834	885	1.12e-104	341	79.3
9LA1_D	9IS8_A	37.6	672	834	885	1.12e-104	341	79.3
9LA1_D	9IS8_C	37.6	672	834	885	1.12e-104	341	79.3
9LA1_D	9IS8_D	37.6	672	834	885	1.12e-104	341	79.3
9LA1_D	7WM2_A	37.6	672	834	895	1.38e-104	341	79.3
9LA1_D	7WM2_B	37.6	672	834	895	1.38e-104	341	79.3
9LA1_D	7WM2_C	37.6	672	834	895	1.38e-104	341	79.3
9LA1_D	7WM2_D	37.6	672	834	895	1.38e-104	341	79.3
9LA1_D	7FCV_A	37.6	672	834	857	1.68e-104	340	79.3
9LA1_D	7FCV_B	37.6	672	834	857	1.68e-104	340	79.3
9LA1_D	7FCV_C	37.6	672	834	857	1.68e-104	340	79.3
9LA1_D	7FCV_D	37.6	672	834	857	1.68e-104	340	79.3
9LA1_D	7CAL_A	37.0	454	834	677	5.45e-89	293	53.8
9LA1_D	7CAL_B	37.0	454	834	677	5.45e-89	293	53.8
9LA1_D	7CAL_C	37.0	454	834	677	5.45e-89	293	53.8
9LA1_D	7CAL_D	37.0	454	834	677	5.45e-89	293	53.8
9LA1_D	7XUF_A	35.7	479	834	662	2.79e-82	275	56.4
9LA1_D	7XUF_C	35.7	479	834	662	2.79e-82	275	56.4
9LA1_D	7WM1_B	35.7	479	834	690	5.13e-82	275	56.4
9LA1_D	7WM1_D	35.7	479	834	690	5.13e-82	275	56.4
9LA1_D	9IS8_B	35.7	479	834	710	7.82e-82	275	56.4
9LA2_A	7T4X_A	37.6	672	834	857	6.22e-105	341	79.3
9LA2_A	7T4X_B	37.6	672	834	857	6.22e-105	341	79.3
9LA2_A	7T4X_C	37.6	672	834	857	6.22e-105	341	79.3
9LA2_A	7T4X_D	37.6	672	834	857	6.22e-105	341	79.3
9LA2_A	7XUF_B	37.6	672	834	857	6.22e-105	341	79.3
9LA2_A	7XUF_D	37.6	672	834	857	6.22e-105	341	79.3
9LA2_A	7WSW_A	37.6	672	834	879	9.91e-105	341	79.3
9LA2_A	7WSW_B	37.6	672	834	879	9.91e-105	341	79.3
9LA2_A	7WSW_C	37.6	672	834	879	9.91e-105	341	79.3
9LA2_A	7WSW_D	37.6	672	834	879	9.91e-105	341	79.3
9LA2_A	7WM1_A	37.6	672	834	885	1.12e-104	341	79.3
9LA2_A	7WM1_C	37.6	672	834	885	1.12e-104	341	79.3
9LA2_A	9IS8_A	37.6	672	834	885	1.12e-104	341	79.3
9LA2_A	9IS8_C	37.6	672	834	885	1.12e-104	341	79.3
9LA2_A	9IS8_D	37.6	672	834	885	1.12e-104	341	79.3
9LA2_A	7WM2_A	37.6	672	834	895	1.38e-104	341	79.3
9LA2_A	7WM2_B	37.6	672	834	895	1.38e-104	341	79.3
9LA2_A	7WM2_C	37.6	672	834	895	1.38e-104	341	79.3
9LA2_A	7WM2_D	37.6	672	834	895	1.38e-104	341	79.3
9LA2_A	7FCV_A	37.6	672	834	857	1.68e-104	340	79.3
9LA2_A	7FCV_B	37.6	672	834	857	1.68e-104	340	79.3
9LA2_A	7FCV_C	37.6	672	834	857	1.68e-104	340	79.3
9LA2_A	7FCV_D	37.6	672	834	857	1.68e-104	340	79.3
9LA2_A	7CAL_A	37.0	454	834	677	5.45e-89	293	53.8
9LA2_A	7CAL_B	37.0	454	834	677	5.45e-89	293	53.8
9LA2_A	7CAL_C	37.0	454	834	677	5.45e-89	293	53.8
9LA2_A	7CAL_D	37.0	454	834	677	5.45e-89	293	53.8
9LA2_A	7XUF_A	35.7	479	834	662	2.79e-82	275	56.4
9LA2_A	7XUF_C	35.7	479	834	662	2.79e-82	275	56.4
9LA2_A	7WM1_B	35.7	479	834	690	5.13e-82	275	56.4
9LA2_A	7WM1_D	35.7	479	834	690	5.13e-82	275	56.4
9LA2_A	9IS8_B	35.7	479	834	710	7.82e-82	275	56.4
9LA2_B	7T4X_A	37.6	672	834	857	6.22e-105	341	79.3
9LA2_B	7T4X_B	37.6	672	834	857	6.22e-105	341	79.3
9LA2_B	7T4X_C	37.6	672	834	857	6.22e-105	341	79.3
9LA2_B	7T4X_D	37.6	672	834	857	6.22e-105	341	79.3
9LA2_B	7XUF_B	37.6	672	834	857	6.22e-105	341	79.3
9LA2_B	7XUF_D	37.6	672	834	857	6.22e-105	341	79.3
9LA2_B	7WSW_A	37.6	672	834	879	9.91e-105	341	79.3
9LA2_B	7WSW_B	37.6	672	834	879	9.91e-105	341	79.3
9LA2_B	7WSW_C	37.6	672	834	879	9.91e-105	341	79.3
9LA2_B	7WSW_D	37.6	672	834	879	9.91e-105	341	79.3
9LA2_B	7WM1_A	37.6	672	834	885	1.12e-104	341	79.3
9LA2_B	7WM1_C	37.6	672	834	885	1.12e-104	341	79.3
9LA2_B	9IS8_A	37.6	672	834	885	1.12e-104	341	79.3
9LA2_B	9IS8_C	37.6	672	834	885	1.12e-104	341	79.3
9LA2_B	9IS8_D	37.6	672	834	885	1.12e-104	341	79.3
9LA2_B	7WM2_A	37.6	672	834	895	1.38e-104	341	79.3
9LA2_B	7WM2_B	37.6	672	834	895	1.38e-104	341	79.3
9LA2_B	7WM2_C	37.6	672	834	895	1.38e-104	341	79.3
9LA2_B	7WM2_D	37.6	672	834	895	1.38e-104	341	79.3
9LA2_B	7FCV_A	37.6	672	834	857	1.68e-104	340	79.3
9LA2_B	7FCV_B	37.6	672	834	857	1.68e-104	340	79.3
9LA2_B	7FCV_C	37.6	672	834	857	1.68e-104	340	79.3
9LA2_B	7FCV_D	37.6	672	834	857	1.68e-104	340	79.3
9LA2_B	7CAL_A	37.0	454	834	677	5.45e-89	293	53.8
9LA2_B	7CAL_B	37.0	454	834	677	5.45e-89	293	53.8
9LA2_B	7CAL_C	37.0	454	834	677	5.45e-89	293	53.8
9LA2_B	7CAL_D	37.0	454	834	677	5.45e-89	293	53.8
9LA2_B	7XUF_A	35.7	479	834	662	2.79e-82	275	56.4
9LA2_B	7XUF_C	35.7	479	834	662	2.79e-82	275	56.4
9LA2_B	7WM1_B	35.7	479	834	690	5.13e-82	275	56.4
9LA2_B	7WM1_D	35.7	479	834	690	5.13e-82	275	56.4
9LA2_B	9IS8_B	35.7	479	834	710	7.82e-82	275	56.4
9LA2_C	7T4X_A	37.6	672	834	857	6.22e-105	341	79.3
9LA2_C	7T4X_B	37.6	672	834	857	6.22e-105	341	79.3
9LA2_C	7T4X_C	37.6	672	834	857	6.22e-105	341	79.3
9LA2_C	7T4X_D	37.6	672	834	857	6.22e-105	341	79.3
9LA2_C	7XUF_B	37.6	672	834	857	6.22e-105	341	79.3
9LA2_C	7XUF_D	37.6	672	834	857	6.22e-105	341	79.3
9LA2_C	7WSW_A	37.6	672	834	879	9.91e-105	341	79.3
9LA2_C	7WSW_B	37.6	672	834	879	9.91e-105	341	79.3
9LA2_C	7WSW_C	37.6	672	834	879	9.91e-105	341	79.3
9LA2_C	7WSW_D	37.6	672	834	879	9.91e-105	341	79.3
9LA2_C	7WM1_A	37.6	672	834	885	1.12e-104	341	79.3
9LA2_C	7WM1_C	37.6	672	834	885	1.12e-104	341	79.3
9LA2_C	9IS8_A	37.6	672	834	885	1.12e-104	341	79.3
9LA2_C	9IS8_C	37.6	672	834	885	1.12e-104	341	79.3
9LA2_C	9IS8_D	37.6	672	834	885	1.12e-104	341	79.3
9LA2_C	7WM2_A	37.6	672	834	895	1.38e-104	341	79.3
9LA2_C	7WM2_B	37.6	672	834	895	1.38e-104	341	79.3
9LA2_C	7WM2_C	37.6	672	834	895	1.38e-104	341	79.3
9LA2_C	7WM2_D	37.6	672	834	895	1.38e-104	341	79.3
9LA2_C	7FCV_A	37.6	672	834	857	1.68e-104	340	79.3
9LA2_C	7FCV_B	37.6	672	834	857	1.68e-104	340	79.3
9LA2_C	7FCV_C	37.6	672	834	857	1.68e-104	340	79.3
9LA2_C	7FCV_D	37.6	672	834	857	1.68e-104	340	79.3
9LA2_C	7CAL_A	37.0	454	834	677	5.45e-89	293	53.8
9LA2_C	7CAL_B	37.0	454	834	677	5.45e-89	293	53.8
9LA2_C	7CAL_C	37.0	454	834	677	5.45e-89	293	53.8
9LA2_C	7CAL_D	37.0	454	834	677	5.45e-89	293	53.8
9LA2_C	7XUF_A	35.7	479	834	662	2.79e-82	275	56.4
9LA2_C	7XUF_C	35.7	479	834	662	2.79e-82	275	56.4
9LA2_C	7WM1_B	35.7	479	834	690	5.13e-82	275	56.4
9LA2_C	7WM1_D	35.7	479	834	690	5.13e-82	275	56.4
9LA2_C	9IS8_B	35.7	479	834	710	7.82e-82	275	56.4
9LA2_D	7T4X_A	37.6	672	834	857	6.22e-105	341	79.3
9LA2_D	7T4X_B	37.6	672	834	857	6.22e-105	341	79.3
9LA2_D	7T4X_C	37.6	672	834	857	6.22e-105	341	79.3
9LA2_D	7T4X_D	37.6	672	834	857	6.22e-105	341	79.3
9LA2_D	7XUF_B	37.6	672	834	857	6.22e-105	341	79.3
9LA2_D	7XUF_D	37.6	672	834	857	6.22e-105	341	79.3
9LA2_D	7WSW_A	37.6	672	834	879	9.91e-105	341	79.3
9LA2_D	7WSW_B	37.6	672	834	879	9.91e-105	341	79.3
9LA2_D	7WSW_C	37.6	672	834	879	9.91e-105	341	79.3
9LA2_D	7WSW_D	37.6	672	834	879	9.91e-105	341	79.3
9LA2_D	7WM1_A	37.6	672	834	885	1.12e-104	341	79.3
9LA2_D	7WM1_C	37.6	672	834	885	1.12e-104	341	79.3
9LA2_D	9IS8_A	37.6	672	834	885	1.12e-104	341	79.3
9LA2_D	9IS8_C	37.6	672	834	885	1.12e-104	341	79.3
9LA2_D	9IS8_D	37.6	672	834	885	1.12e-104	341	79.3
9LA2_D	7WM2_A	37.6	672	834	895	1.38e-104	341	79.3
9LA2_D	7WM2_B	37.6	672	834	895	1.38e-104	341	79.3
9LA2_D	7WM2_C	37.6	672	834	895	1.38e-104	341	79.3
9LA2_D	7WM2_D	37.6	672	834	895	1.38e-104	341	79.3
9LA2_D	7FCV_A	37.6	672	834	857	1.68e-104	340	79.3
9LA2_D	7FCV_B	37.6	672	834	857	1.68e-104	340	79.3
9LA2_D	7FCV_C	37.6	672	834	857	1.68e-104	340	79.3
9LA2_D	7FCV_D	37.6	672	834	857	1.68e-104	340	79.3
9LA2_D	7CAL_A	37.0	454	834	677	5.45e-89	293	53.8
9LA2_D	7CAL_B	37.0	454	834	677	5.45e-89	293	53.8
9LA2_D	7CAL_C	37.0	454	834	677	5.45e-89	293	53.8
9LA2_D	7CAL_D	37.0	454	834	677	5.45e-89	293	53.8
9LA2_D	7XUF_A	35.7	479	834	662	2.79e-82	275	56.4
9LA2_D	7XUF_C	35.7	479	834	662	2.79e-82	275	56.4
9LA2_D	7WM1_B	35.7	479	834	690	5.13e-82	275	56.4
9LA2_D	7WM1_D	35.7	479	834	690	5.13e-82	275	56.4
9LA2_D	9IS8_B	35.7	479	834	710	7.82e-82	275	56.4
9LA3_A	7T4X_A	37.6	672	834	857	6.22e-105	341	79.3
9LA3_A	7T4X_B	37.6	672	834	857	6.22e-105	341	79.3
9LA3_A	7T4X_C	37.6	672	834	857	6.22e-105	341	79.3
9LA3_A	7T4X_D	37.6	672	834	857	6.22e-105	341	79.3
9LA3_A	7XUF_B	37.6	672	834	857	6.22e-105	341	79.3
9LA3_A	7XUF_D	37.6	672	834	857	6.22e-105	341	79.3
9LA3_A	7WSW_A	37.6	672	834	879	9.91e-105	341	79.3
9LA3_A	7WSW_B	37.6	672	834	879	9.91e-105	341	79.3
9LA3_A	7WSW_C	37.6	672	834	879	9.91e-105	341	79.3
9LA3_A	7WSW_D	37.6	672	834	879	9.91e-105	341	79.3
9LA3_A	7WM1_A	37.6	672	834	885	1.12e-104	341	79.3
9LA3_A	7WM1_C	37.6	672	834	885	1.12e-104	341	79.3
9LA3_A	9IS8_A	37.6	672	834	885	1.12e-104	341	79.3
9LA3_A	9IS8_C	37.6	672	834	885	1.12e-104	341	79.3
9LA3_A	9IS8_D	37.6	672	834	885	1.12e-104	341	79.3
9LA3_A	7WM2_A	37.6	672	834	895	1.38e-104	341	79.3
9LA3_A	7WM2_B	37.6	672	834	895	1.38e-104	341	79.3
9LA3_A	7WM2_C	37.6	672	834	895	1.38e-104	341	79.3
9LA3_A	7WM2_D	37.6	672	834	895	1.38e-104	341	79.3
9LA3_A	7FCV_A	37.6	672	834	857	1.68e-104	340	79.3
9LA3_A	7FCV_B	37.6	672	834	857	1.68e-104	340	79.3
9LA3_A	7FCV_C	37.6	672	834	857	1.68e-104	340	79.3
9LA3_A	7FCV_D	37.6	672	834	857	1.68e-104	340	79.3
9LA3_A	7CAL_A	37.0	454	834	677	5.45e-89	293	53.8
9LA3_A	7CAL_B	37.0	454	834	677	5.45e-89	293	53.8
9LA3_A	7CAL_C	37.0	454	834	677	5.45e-89	293	53.8
9LA3_A	7CAL_D	37.0	454	834	677	5.45e-89	293	53.8
9LA3_A	7XUF_A	35.7	479	834	662	2.79e-82	275	56.4
9LA3_A	7XUF_C	35.7	479	834	662	2.79e-82	275	56.4
9LA3_A	7WM1_B	35.7	479	834	690	5.13e-82	275	56.4
9LA3_A	7WM1_D	35.7	479	834	690	5.13e-82	275	56.4
9LA3_A	9IS8_B	35.7	479	834	710	7.82e-82	275	56.4
9LA3_B	7T4X_A	37.6	672	834	857	6.22e-105	341	79.3
9LA3_B	7T4X_B	37.6	672	834	857	6.22e-105	341	79.3
9LA3_B	7T4X_C	37.6	672	834	857	6.22e-105	341	79.3
9LA3_B	7T4X_D	37.6	672	834	857	6.22e-105	341	79.3
9LA3_B	7XUF_B	37.6	672	834	857	6.22e-105	341	79.3
9LA3_B	7XUF_D	37.6	672	834	857	6.22e-105	341	79.3
9LA3_B	7WSW_A	37.6	672	834	879	9.91e-105	341	79.3
9LA3_B	7WSW_B	37.6	672	834	879	9.91e-105	341	79.3
9LA3_B	7WSW_C	37.6	672	834	879	9.91e-105	341	79.3
9LA3_B	7WSW_D	37.6	672	834	879	9.91e-105	341	79.3
9LA3_B	7WM1_A	37.6	672	834	885	1.12e-104	341	79.3
9LA3_B	7WM1_C	37.6	672	834	885	1.12e-104	341	79.3
9LA3_B	9IS8_A	37.6	672	834	885	1.12e-104	341	79.3
9LA3_B	9IS8_C	37.6	672	834	885	1.12e-104	341	79.3
9LA3_B	9IS8_D	37.6	672	834	885	1.12e-104	341	79.3
9LA3_B	7WM2_A	37.6	672	834	895	1.38e-104	341	79.3
9LA3_B	7WM2_B	37.6	672	834	895	1.38e-104	341	79.3
9LA3_B	7WM2_C	37.6	672	834	895	1.38e-104	341	79.3
9LA3_B	7WM2_D	37.6	672	834	895	1.38e-104	341	79.3
9LA3_B	7FCV_A	37.6	672	834	857	1.68e-104	340	79.3
9LA3_B	7FCV_B	37.6	672	834	857	1.68e-104	340	79.3
9LA3_B	7FCV_C	37.6	672	834	857	1.68e-104	340	79.3
9LA3_B	7FCV_D	37.6	672	834	857	1.68e-104	340	79.3
9LA3_B	7CAL_A	37.0	454	834	677	5.45e-89	293	53.8
9LA3_B	7CAL_B	37.0	454	834	677	5.45e-89	293	53.8
9LA3_B	7CAL_C	37.0	454	834	677	5.45e-89	293	53.8
9LA3_B	7CAL_D	37.0	454	834	677	5.45e-89	293	53.8
9LA3_B	7XUF_A	35.7	479	834	662	2.79e-82	275	56.4
9LA3_B	7XUF_C	35.7	479	834	662	2.79e-82	275	56.4
9LA3_B	7WM1_B	35.7	479	834	690	5.13e-82	275	56.4
9LA3_B	7WM1_D	35.7	479	834	690	5.13e-82	275	56.4
9LA3_B	9IS8_B	35.7	479	834	710	7.82e-82	275	56.4
9LA3_C	7T4X_A	37.6	672	834	857	6.22e-105	341	79.3
9LA3_C	7T4X_B	37.6	672	834	857	6.22e-105	341	79.3
9LA3_C	7T4X_C	37.6	672	834	857	6.22e-105	341	79.3
9LA3_C	7T4X_D	37.6	672	834	857	6.22e-105	341	79.3
9LA3_C	7XUF_B	37.6	672	834	857	6.22e-105	341	79.3
9LA3_C	7XUF_D	37.6	672	834	857	6.22e-105	341	79.3
9LA3_C	7WSW_A	37.6	672	834	879	9.91e-105	341	79.3
9LA3_C	7WSW_B	37.6	672	834	879	9.91e-105	341	79.3
9LA3_C	7WSW_C	37.6	672	834	879	9.91e-105	341	79.3
9LA3_C	7WSW_D	37.6	672	834	879	9.91e-105	341	79.3
9LA3_C	7WM1_A	37.6	672	834	885	1.12e-104	341	79.3
9LA3_C	7WM1_C	37.6	672	834	885	1.12e-104	341	79.3
9LA3_C	9IS8_A	37.6	672	834	885	1.12e-104	341	79.3
9LA3_C	9IS8_C	37.6	672	834	885	1.12e-104	341	79.3
9LA3_C	9IS8_D	37.6	672	834	885	1.12e-104	341	79.3
9LA3_C	7WM2_A	37.6	672	834	895	1.38e-104	341	79.3
9LA3_C	7WM2_B	37.6	672	834	895	1.38e-104	341	79.3
9LA3_C	7WM2_C	37.6	672	834	895	1.38e-104	341	79.3
9LA3_C	7WM2_D	37.6	672	834	895	1.38e-104	341	79.3
9LA3_C	7FCV_A	37.6	672	834	857	1.68e-104	340	79.3
9LA3_C	7FCV_B	37.6	672	834	857	1.68e-104	340	79.3
9LA3_C	7FCV_C	37.6	672	834	857	1.68e-104	340	79.3
9LA3_C	7FCV_D	37.6	672	834	857	1.68e-104	340	79.3
9LA3_C	7CAL_A	37.0	454	834	677	5.45e-89	293	53.8
9LA3_C	7CAL_B	37.0	454	834	677	5.45e-89	293	53.8
9LA3_C	7CAL_C	37.0	454	834	677	5.45e-89	293	53.8
9LA3_C	7CAL_D	37.0	454	834	677	5.45e-89	293	53.8
9LA3_C	7XUF_A	35.7	479	834	662	2.79e-82	275	56.4
9LA3_C	7XUF_C	35.7	479	834	662	2.79e-82	275	56.4
9LA3_C	7WM1_B	35.7	479	834	690	5.13e-82	275	56.4
9LA3_C	7WM1_D	35.7	479	834	690	5.13e-82	275	56.4
9LA3_C	9IS8_B	35.7	479	834	710	7.82e-82	275	56.4
9LA3_D	7T4X_A	37.6	672	834	857	6.22e-105	341	79.3
9LA3_D	7T4X_B	37.6	672	834	857	6.22e-105	341	79.3
9LA3_D	7T4X_C	37.6	672	834	857	6.22e-105	341	79.3
9LA3_D	7T4X_D	37.6	672	834	857	6.22e-105	341	79.3
9LA3_D	7XUF_B	37.6	672	834	857	6.22e-105	341	79.3
9LA3_D	7XUF_D	37.6	672	834	857	6.22e-105	341	79.3
9LA3_D	7WSW_A	37.6	672	834	879	9.91e-105	341	79.3
9LA3_D	7WSW_B	37.6	672	834	879	9.91e-105	341	79.3
9LA3_D	7WSW_C	37.6	672	834	879	9.91e-105	341	79.3
9LA3_D	7WSW_D	37.6	672	834	879	9.91e-105	341	79.3
9LA3_D	7WM1_A	37.6	672	834	885	1.12e-104	341	79.3
9LA3_D	7WM1_C	37.6	672	834	885	1.12e-104	341	79.3
9LA3_D	9IS8_A	37.6	672	834	885	1.12e-104	341	79.3
9LA3_D	9IS8_C	37.6	672	834	885	1.12e-104	341	79.3
9LA3_D	9IS8_D	37.6	672	834	885	1.12e-104	341	79.3
9LA3_D	7WM2_A	37.6	672	834	895	1.38e-104	341	79.3
9LA3_D	7WM2_B	37.6	672	834	895	1.38e-104	341	79.3
9LA3_D	7WM2_C	37.6	672	834	895	1.38e-104	341	79.3
9LA3_D	7WM2_D	37.6	672	834	895	1.38e-104	341	79.3
9LA3_D	7FCV_A	37.6	672	834	857	1.68e-104	340	79.3
9LA3_D	7FCV_B	37.6	672	834	857	1.68e-104	340	79.3
9LA3_D	7FCV_C	37.6	672	834	857	1.68e-104	340	79.3
9LA3_D	7FCV_D	37.6	672	834	857	1.68e-104	340	79.3
9LA3_D	7CAL_A	37.0	454	834	677	5.45e-89	293	53.8
9LA3_D	7CAL_B	37.0	454	834	677	5.45e-89	293	53.8
9LA3_D	7CAL_C	37.0	454	834	677	5.45e-89	293	53.8
9LA3_D	7CAL_D	37.0	454	834	677	5.45e-89	293	53.8
9LA3_D	7XUF_A	35.7	479	834	662	2.79e-82	275	56.4
9LA3_D	7XUF_C	35.7	479	834	662	2.79e-82	275	56.4
9LA3_D	7WM1_B	35.7	479	834	690	5.13e-82	275	56.4
9LA3_D	7WM1_D	35.7	479	834	690	5.13e-82	275	56.4
9LA3_D	9IS8_B	35.7	479	834	710	7.82e-82	275	56.4
9LA7_A	7T4X_A	37.6	672	834	857	6.22e-105	341	79.3
9LA7_A	7T4X_B	37.6	672	834	857	6.22e-105	341	79.3
9LA7_A	7T4X_C	37.6	672	834	857	6.22e-105	341	79.3
9LA7_A	7T4X_D	37.6	672	834	857	6.22e-105	341	79.3
9LA7_A	7XUF_B	37.6	672	834	857	6.22e-105	341	79.3
9LA7_A	7XUF_D	37.6	672	834	857	6.22e-105	341	79.3
9LA7_A	7WSW_A	37.6	672	834	879	9.91e-105	341	79.3
9LA7_A	7WSW_B	37.6	672	834	879	9.91e-105	341	79.3
9LA7_A	7WSW_C	37.6	672	834	879	9.91e-105	341	79.3
9LA7_A	7WSW_D	37.6	672	834	879	9.91e-105	341	79.3
9LA7_A	7WM1_A	37.6	672	834	885	1.12e-104	341	79.3
9LA7_A	7WM1_C	37.6	672	834	885	1.12e-104	341	79.3
9LA7_A	9IS8_A	37.6	672	834	885	1.12e-104	341	79.3
9LA7_A	9IS8_C	37.6	672	834	885	1.12e-104	341	79.3
9LA7_A	9IS8_D	37.6	672	834	885	1.12e-104	341	79.3
9LA7_A	7WM2_A	37.6	672	834	895	1.38e-104	341	79.3
9LA7_A	7WM2_B	37.6	672	834	895	1.38e-104	341	79.3
9LA7_A	7WM2_C	37.6	672	834	895	1.38e-104	341	79.3
9LA7_A	7WM2_D	37.6	672	834	895	1.38e-104	341	79.3
9LA7_A	7FCV_A	37.6	672	834	857	1.68e-104	340	79.3
9LA7_A	7FCV_B	37.6	672	834	857	1.68e-104	340	79.3
9LA7_A	7FCV_C	37.6	672	834	857	1.68e-104	340	79.3
9LA7_A	7FCV_D	37.6	672	834	857	1.68e-104	340	79.3
9LA7_A	7CAL_A	37.0	454	834	677	5.45e-89	293	53.8
9LA7_A	7CAL_B	37.0	454	834	677	5.45e-89	293	53.8
9LA7_A	7CAL_C	37.0	454	834	677	5.45e-89	293	53.8
9LA7_A	7CAL_D	37.0	454	834	677	5.45e-89	293	53.8
9LA7_A	7XUF_A	35.7	479	834	662	2.79e-82	275	56.4
9LA7_A	7XUF_C	35.7	479	834	662	2.79e-82	275	56.4
9LA7_A	7WM1_B	35.7	479	834	690	5.13e-82	275	56.4
9LA7_A	7WM1_D	35.7	479	834	690	5.13e-82	275	56.4
9LA7_A	9IS8_B	35.7	479	834	710	7.82e-82	275	56.4
9LA7_B	7T4X_A	37.6	672	834	857	6.22e-105	341	79.3
9LA7_B	7T4X_B	37.6	672	834	857	6.22e-105	341	79.3
9LA7_B	7T4X_C	37.6	672	834	857	6.22e-105	341	79.3
9LA7_B	7T4X_D	37.6	672	834	857	6.22e-105	341	79.3
9LA7_B	7XUF_B	37.6	672	834	857	6.22e-105	341	79.3
9LA7_B	7XUF_D	37.6	672	834	857	6.22e-105	341	79.3
9LA7_B	7WSW_A	37.6	672	834	879	9.91e-105	341	79.3
9LA7_B	7WSW_B	37.6	672	834	879	9.91e-105	341	79.3
9LA7_B	7WSW_C	37.6	672	834	879	9.91e-105	341	79.3
9LA7_B	7WSW_D	37.6	672	834	879	9.91e-105	341	79.3
9LA7_B	7WM1_A	37.6	672	834	885	1.12e-104	341	79.3
9LA7_B	7WM1_C	37.6	672	834	885	1.12e-104	341	79.3
9LA7_B	9IS8_A	37.6	672	834	885	1.12e-104	341	79.3
9LA7_B	9IS8_C	37.6	672	834	885	1.12e-104	341	79.3
9LA7_B	9IS8_D	37.6	672	834	885	1.12e-104	341	79.3
9LA7_B	7WM2_A	37.6	672	834	895	1.38e-104	341	79.3
9LA7_B	7WM2_B	37.6	672	834	895	1.38e-104	341	79.3
9LA7_B	7WM2_C	37.6	672	834	895	1.38e-104	341	79.3
9LA7_B	7WM2_D	37.6	672	834	895	1.38e-104	341	79.3
9LA7_B	7FCV_A	37.6	672	834	857	1.68e-104	340	79.3
9LA7_B	7FCV_B	37.6	672	834	857	1.68e-104	340	79.3
9LA7_B	7FCV_C	37.6	672	834	857	1.68e-104	340	79.3
9LA7_B	7FCV_D	37.6	672	834	857	1.68e-104	340	79.3
9LA7_B	7CAL_A	37.0	454	834	677	5.45e-89	293	53.8
9LA7_B	7CAL_B	37.0	454	834	677	5.45e-89	293	53.8
9LA7_B	7CAL_C	37.0	454	834	677	5.45e-89	293	53.8
9LA7_B	7CAL_D	37.0	454	834	677	5.45e-89	293	53.8
9LA7_B	7XUF_A	35.7	479	834	662	2.79e-82	275	56.4
9LA7_B	7XUF_C	35.7	479	834	662	2.79e-82	275	56.4
9LA7_B	7WM1_B	35.7	479	834	690	5.13e-82	275	56.4
9LA7_B	7WM1_D	35.7	479	834	690	5.13e-82	275	56.4
9LA7_B	9IS8_B	35.7	479	834	710	7.82e-82	275	56.4
9LA7_C	7T4X_A	37.6	672	834	857	6.22e-105	341	79.3
9LA7_C	7T4X_B	37.6	672	834	857	6.22e-105	341	79.3
9LA7_C	7T4X_C	37.6	672	834	857	6.22e-105	341	79.3
9LA7_C	7T4X_D	37.6	672	834	857	6.22e-105	341	79.3
9LA7_C	7XUF_B	37.6	672	834	857	6.22e-105	341	79.3
9LA7_C	7XUF_D	37.6	672	834	857	6.22e-105	341	79.3
9LA7_C	7WSW_A	37.6	672	834	879	9.91e-105	341	79.3
9LA7_C	7WSW_B	37.6	672	834	879	9.91e-105	341	79.3
9LA7_C	7WSW_C	37.6	672	834	879	9.91e-105	341	79.3
9LA7_C	7WSW_D	37.6	672	834	879	9.91e-105	341	79.3
9LA7_C	7WM1_A	37.6	672	834	885	1.12e-104	341	79.3
9LA7_C	7WM1_C	37.6	672	834	885	1.12e-104	341	79.3
9LA7_C	9IS8_A	37.6	672	834	885	1.12e-104	341	79.3
9LA7_C	9IS8_C	37.6	672	834	885	1.12e-104	341	79.3
9LA7_C	9IS8_D	37.6	672	834	885	1.12e-104	341	79.3
9LA7_C	7WM2_A	37.6	672	834	895	1.38e-104	341	79.3
9LA7_C	7WM2_B	37.6	672	834	895	1.38e-104	341	79.3
9LA7_C	7WM2_C	37.6	672	834	895	1.38e-104	341	79.3
9LA7_C	7WM2_D	37.6	672	834	895	1.38e-104	341	79.3
9LA7_C	7FCV_A	37.6	672	834	857	1.68e-104	340	79.3
9LA7_C	7FCV_B	37.6	672	834	857	1.68e-104	340	79.3
9LA7_C	7FCV_C	37.6	672	834	857	1.68e-104	340	79.3
9LA7_C	7FCV_D	37.6	672	834	857	1.68e-104	340	79.3
9LA7_C	7CAL_A	37.0	454	834	677	5.45e-89	293	53.8
9LA7_C	7CAL_B	37.0	454	834	677	5.45e-89	293	53.8
9LA7_C	7CAL_C	37.0	454	834	677	5.45e-89	293	53.8
9LA7_C	7CAL_D	37.0	454	834	677	5.45e-89	293	53.8
9LA7_C	7XUF_A	35.7	479	834	662	2.79e-82	275	56.4
9LA7_C	7XUF_C	35.7	479	834	662	2.79e-82	275	56.4
9LA7_C	7WM1_B	35.7	479	834	690	5.13e-82	275	56.4
9LA7_C	7WM1_D	35.7	479	834	690	5.13e-82	275	56.4
9LA7_C	9IS8_B	35.7	479	834	710	7.82e-82	275	56.4
9LA7_D	7T4X_A	37.6	672	834	857	6.22e-105	341	79.3
9LA7_D	7T4X_B	37.6	672	834	857	6.22e-105	341	79.3
9LA7_D	7T4X_C	37.6	672	834	857	6.22e-105	341	79.3
9LA7_D	7T4X_D	37.6	672	834	857	6.22e-105	341	79.3
9LA7_D	7XUF_B	37.6	672	834	857	6.22e-105	341	79.3
9LA7_D	7XUF_D	37.6	672	834	857	6.22e-105	341	79.3
9LA7_D	7WSW_A	37.6	672	834	879	9.91e-105	341	79.3
9LA7_D	7WSW_B	37.6	672	834	879	9.91e-105	341	79.3
9LA7_D	7WSW_C	37.6	672	834	879	9.91e-105	341	79.3
9LA7_D	7WSW_D	37.6	672	834	879	9.91e-105	341	79.3
9LA7_D	7WM1_A	37.6	672	834	885	1.12e-104	341	79.3
9LA7_D	7WM1_C	37.6	672	834	885	1.12e-104	341	79.3
9LA7_D	9IS8_A	37.6	672	834	885	1.12e-104	341	79.3
9LA7_D	9IS8_C	37.6	672	834	885	1.12e-104	341	79.3
9LA7_D	9IS8_D	37.6	672	834	885	1.12e-104	341	79.3
9LA7_D	7WM2_A	37.6	672	834	895	1.38e-104	341	79.3
9LA7_D	7WM2_B	37.6	672	834	895	1.38e-104	341	79.3
9LA7_D	7WM2_C	37.6	672	834	895	1.38e-104	341	79.3
9LA7_D	7WM2_D	37.6	672	834	895	1.38e-104	341	79.3
9LA7_D	7FCV_A	37.6	672	834	857	1.68e-104	340	79.3
9LA7_D	7FCV_B	37.6	672	834	857	1.68e-104	340	79.3
9LA7_D	7FCV_C	37.6	672	834	857	1.68e-104	340	79.3
9LA7_D	7FCV_D	37.6	672	834	857	1.68e-104	340	79.3
9LA7_D	7CAL_A	37.0	454	834	677	5.45e-89	293	53.8
9LA7_D	7CAL_B	37.0	454	834	677	5.45e-89	293	53.8
9LA7_D	7CAL_C	37.0	454	834	677	5.45e-89	293	53.8
9LA7_D	7CAL_D	37.0	454	834	677	5.45e-89	293	53.8
9LA7_D	7XUF_A	35.7	479	834	662	2.79e-82	275	56.4
9LA7_D	7XUF_C	35.7	479	834	662	2.79e-82	275	56.4
9LA7_D	7WM1_B	35.7	479	834	690	5.13e-82	275	56.4
9LA7_D	7WM1_D	35.7	479	834	690	5.13e-82	275	56.4
9LA7_D	9IS8_B	35.7	479	834	710	7.82e-82	275	56.4
6J5T_A	7W5C_A	28.4	208	426	355	7.59e-13	67.0	46.9
6J5T_A	6DTL_A	26.9	208	426	364	1.89e-10	59.7	46.7
6J5T_A	6DTL_B	26.9	208	426	364	1.89e-10	59.7	46.7
6J5T_A	5CI6_A	26.9	208	426	370	1.94e-10	59.7	46.7
6J5T_A	5CI6_B	26.9	208	426	370	1.94e-10	59.7	46.7
6J5T_D	7W5C_A	28.4	208	426	355	7.59e-13	67.0	46.9
6J5T_D	6DTL_A	26.9	208	426	364	1.89e-10	59.7	46.7
6J5T_D	6DTL_B	26.9	208	426	364	1.89e-10	59.7	46.7
6J5T_D	5CI6_A	26.9	208	426	370	1.94e-10	59.7	46.7
6J5T_D	5CI6_B	26.9	208	426	370	1.94e-10	59.7	46.7
6J5T_I	7W5C_A	28.4	208	426	355	7.59e-13	67.0	46.9
6J5T_I	6DTL_A	26.9	208	426	364	1.89e-10	59.7	46.7
6J5T_I	6DTL_B	26.9	208	426	364	1.89e-10	59.7	46.7
6J5T_I	5CI6_A	26.9	208	426	370	1.94e-10	59.7	46.7
6J5T_I	5CI6_B	26.9	208	426	370	1.94e-10	59.7	46.7
6J5T_J	7W5C_A	28.4	208	426	355	7.59e-13	67.0	46.9
6J5T_J	6DTL_A	26.9	208	426	364	1.89e-10	59.7	46.7
6J5T_J	6DTL_B	26.9	208	426	364	1.89e-10	59.7	46.7
6J5T_J	5CI6_A	26.9	208	426	370	1.94e-10	59.7	46.7
6J5T_J	5CI6_B	26.9	208	426	370	1.94e-10	59.7	46.7
6J5T_M	7W5C_A	28.4	208	426	355	7.59e-13	67.0	46.9
6J5T_M	6DTL_A	26.9	208	426	364	1.89e-10	59.7	46.7
6J5T_M	6DTL_B	26.9	208	426	364	1.89e-10	59.7	46.7
6J5T_M	5CI6_A	26.9	208	426	370	1.94e-10	59.7	46.7
6J5T_M	5CI6_B	26.9	208	426	370	1.94e-10	59.7	46.7
6J5U_C	7W5C_A	28.4	208	426	355	7.59e-13	67.0	46.9
6J5U_C	6DTL_A	26.9	208	426	364	1.89e-10	59.7	46.7
6J5U_C	6DTL_B	26.9	208	426	364	1.89e-10	59.7	46.7
6J5U_C	5CI6_A	26.9	208	426	370	1.94e-10	59.7	46.7
6J5U_C	5CI6_B	26.9	208	426	370	1.94e-10	59.7	46.7
6J5V_C	7W5C_A	28.4	208	426	355	7.59e-13	67.0	46.9
6J5V_C	6DTL_A	26.9	208	426	364	1.89e-10	59.7	46.7
6J5V_C	6DTL_B	26.9	208	426	364	1.89e-10	59.7	46.7
6J5V_C	5CI6_A	26.9	208	426	370	1.94e-10	59.7	46.7
6J5V_C	5CI6_B	26.9	208	426	370	1.94e-10	59.7	46.7
6J6I_A	7W5C_A	28.4	208	426	355	7.59e-13	67.0	46.9
6J6I_A	6DTL_A	26.9	208	426	364	1.89e-10	59.7	46.7
6J6I_A	6DTL_B	26.9	208	426	364	1.89e-10	59.7	46.7
6J6I_A	5CI6_A	26.9	208	426	370	1.94e-10	59.7	46.7
6J6I_A	5CI6_B	26.9	208	426	370	1.94e-10	59.7	46.7
3OB4_A	3DM0_A	99.5	370	500	694	5.76e-265	735	74.0
3OB4_A	9VBD_A	97.5	366	500	893	2.59e-254	716	73.2
3OB4_A	9VBV_A	97.5	366	500	893	2.59e-254	716	73.2
7VN2_A	3DM0_A	99.5	369	439	694	3.02e-265	733	84.1
7VN2_A	9VBD_A	97.5	367	439	893	8.38e-256	717	83.6
7VN2_A	9VBV_A	97.5	367	439	893	8.38e-256	717	83.6
7VN2_C	3DM0_A	99.5	369	439	694	3.02e-265	733	84.1
7VN2_C	9VBD_A	97.5	367	439	893	8.38e-256	717	83.6
7VN2_C	9VBV_A	97.5	367	439	893	8.38e-256	717	83.6
7VN3_A	3DM0_A	99.5	369	439	694	3.02e-265	733	84.1
7VN3_A	9VBD_A	97.5	367	439	893	8.38e-256	717	83.6
7VN3_A	9VBV_A	97.5	367	439	893	8.38e-256	717	83.6
7VN3_B	3DM0_A	99.5	369	439	694	3.02e-265	733	84.1
7VN3_B	9VBD_A	97.5	367	439	893	8.38e-256	717	83.6
7VN3_B	9VBV_A	97.5	367	439	893	8.38e-256	717	83.6
7VN3_C	3DM0_A	99.5	369	439	694	3.02e-265	733	84.1
7VN3_C	9VBD_A	97.5	367	439	893	8.38e-256	717	83.6
7VN3_C	9VBV_A	97.5	367	439	893	8.38e-256	717	83.6
7VN3_D	3DM0_A	99.5	369	439	694	3.02e-265	733	84.1
7VN3_D	9VBD_A	97.5	367	439	893	8.38e-256	717	83.6
7VN3_D	9VBV_A	97.5	367	439	893	8.38e-256	717	83.6
7VN4_A	3DM0_A	99.5	369	439	694	3.02e-265	733	84.1
7VN4_A	9VBD_A	97.5	367	439	893	8.38e-256	717	83.6
7VN4_A	9VBV_A	97.5	367	439	893	8.38e-256	717	83.6
7VN4_B	3DM0_A	99.5	369	439	694	3.02e-265	733	84.1
7VN4_B	9VBD_A	97.5	367	439	893	8.38e-256	717	83.6
7VN4_B	9VBV_A	97.5	367	439	893	8.38e-256	717	83.6
7VN4_C	3DM0_A	99.5	369	439	694	3.02e-265	733	84.1
7VN4_C	9VBD_A	97.5	367	439	893	8.38e-256	717	83.6
7VN4_C	9VBV_A	97.5	367	439	893	8.38e-256	717	83.6
7VN4_D	3DM0_A	99.5	369	439	694	3.02e-265	733	84.1
7VN4_D	9VBD_A	97.5	367	439	893	8.38e-256	717	83.6
7VN4_D	9VBV_A	97.5	367	439	893	8.38e-256	717	83.6
7VN5_A	3DM0_A	99.5	369	439	694	3.02e-265	733	84.1
7VN5_A	9VBD_A	97.5	367	439	893	8.38e-256	717	83.6
7VN5_A	9VBV_A	97.5	367	439	893	8.38e-256	717	83.6
7VN5_B	3DM0_A	99.5	369	439	694	3.02e-265	733	84.1
7VN5_B	9VBD_A	97.5	367	439	893	8.38e-256	717	83.6
7VN5_B	9VBV_A	97.5	367	439	893	8.38e-256	717	83.6
7VN5_C	3DM0_A	99.5	369	439	694	3.02e-265	733	84.1
7VN5_C	9VBD_A	97.5	367	439	893	8.38e-256	717	83.6
7VN5_C	9VBV_A	97.5	367	439	893	8.38e-256	717	83.6
7VN5_D	3DM0_A	99.5	369	439	694	3.02e-265	733	84.1
7VN5_D	9VBD_A	97.5	367	439	893	8.38e-256	717	83.6
7VN5_D	9VBV_A	97.5	367	439	893	8.38e-256	717	83.6
7VN6_A	3DM0_A	99.5	369	439	694	3.02e-265	733	84.1
7VN6_A	9VBD_A	97.5	367	439	893	8.38e-256	717	83.6
7VN6_A	9VBV_A	97.5	367	439	893	8.38e-256	717	83.6
7VN6_B	3DM0_A	99.5	369	439	694	3.02e-265	733	84.1
7VN6_B	9VBD_A	97.5	367	439	893	8.38e-256	717	83.6
7VN6_B	9VBV_A	97.5	367	439	893	8.38e-256	717	83.6
7VN6_C	3DM0_A	99.5	369	439	694	3.02e-265	733	84.1
7VN6_C	9VBD_A	97.5	367	439	893	8.38e-256	717	83.6
7VN6_C	9VBV_A	97.5	367	439	893	8.38e-256	717	83.6
7VN6_D	3DM0_A	99.5	369	439	694	3.02e-265	733	84.1
7VN6_D	9VBD_A	97.5	367	439	893	8.38e-256	717	83.6
7VN6_D	9VBV_A	97.5	367	439	893	8.38e-256	717	83.6
7VN7_A	3DM0_A	99.5	369	439	694	3.02e-265	733	84.1
7VN7_A	9VBD_A	97.5	367	439	893	8.38e-256	717	83.6
7VN7_A	9VBV_A	97.5	367	439	893	8.38e-256	717	83.6
7VN7_B	3DM0_A	99.5	369	439	694	3.02e-265	733	84.1
7VN7_B	9VBD_A	97.5	367	439	893	8.38e-256	717	83.6
7VN7_B	9VBV_A	97.5	367	439	893	8.38e-256	717	83.6
7VN7_C	3DM0_A	99.5	369	439	694	3.02e-265	733	84.1
7VN7_C	9VBD_A	97.5	367	439	893	8.38e-256	717	83.6
7VN7_C	9VBV_A	97.5	367	439	893	8.38e-256	717	83.6
7VN7_D	3DM0_A	99.5	369	439	694	3.02e-265	733	84.1
7VN7_D	9VBD_A	97.5	367	439	893	8.38e-256	717	83.6
7VN7_D	9VBV_A	97.5	367	439	893	8.38e-256	717	83.6
7VN8_A	3DM0_A	99.5	369	439	694	3.02e-265	733	84.1
7VN8_A	9VBD_A	97.5	367	439	893	8.38e-256	717	83.6
7VN8_A	9VBV_A	97.5	367	439	893	8.38e-256	717	83.6
7VN8_B	3DM0_A	99.5	369	439	694	3.02e-265	733	84.1
7VN8_B	9VBD_A	97.5	367	439	893	8.38e-256	717	83.6
7VN8_B	9VBV_A	97.5	367	439	893	8.38e-256	717	83.6
7VN8_C	3DM0_A	99.5	369	439	694	3.02e-265	733	84.1
7VN8_C	9VBD_A	97.5	367	439	893	8.38e-256	717	83.6
7VN8_C	9VBV_A	97.5	367	439	893	8.38e-256	717	83.6
7VN8_D	3DM0_A	99.5	369	439	694	3.02e-265	733	84.1
7VN8_D	9VBD_A	97.5	367	439	893	8.38e-256	717	83.6
7VN8_D	9VBV_A	97.5	367	439	893	8.38e-256	717	83.6
4BQE_A	4DPP_A	94.3	35	874	360	1.04e-11	65.1	4.0
4BQE_A	4DPP_B	94.3	35	874	360	1.04e-11	65.1	4.0
4BQE_A	4DPQ_A	94.3	35	874	360	1.04e-11	65.1	4.0
4BQE_A	4DPQ_B	94.3	35	874	360	1.04e-11	65.1	4.0
4BQE_B	4DPP_A	94.3	35	874	360	1.04e-11	65.1	4.0
4BQE_B	4DPP_B	94.3	35	874	360	1.04e-11	65.1	4.0
4BQE_B	4DPQ_A	94.3	35	874	360	1.04e-11	65.1	4.0
4BQE_B	4DPQ_B	94.3	35	874	360	1.04e-11	65.1	4.0
4BQF_A	4DPP_A	94.3	35	874	360	1.04e-11	65.1	4.0
4BQF_A	4DPP_B	94.3	35	874	360	1.04e-11	65.1	4.0
4BQF_A	4DPQ_A	94.3	35	874	360	1.04e-11	65.1	4.0
4BQF_A	4DPQ_B	94.3	35	874	360	1.04e-11	65.1	4.0
4BQF_B	4DPP_A	94.3	35	874	360	1.04e-11	65.1	4.0
4BQF_B	4DPP_B	94.3	35	874	360	1.04e-11	65.1	4.0
4BQF_B	4DPQ_A	94.3	35	874	360	1.04e-11	65.1	4.0
4BQF_B	4DPQ_B	94.3	35	874	360	1.04e-11	65.1	4.0
4BQI_A	4DPP_A	94.3	35	874	360	1.04e-11	65.1	4.0
4BQI_A	4DPP_B	94.3	35	874	360	1.04e-11	65.1	4.0
4BQI_A	4DPQ_A	94.3	35	874	360	1.04e-11	65.1	4.0
4BQI_A	4DPQ_B	94.3	35	874	360	1.04e-11	65.1	4.0
4BQI_B	4DPP_A	94.3	35	874	360	1.04e-11	65.1	4.0
4BQI_B	4DPP_B	94.3	35	874	360	1.04e-11	65.1	4.0
4BQI_B	4DPQ_A	94.3	35	874	360	1.04e-11	65.1	4.0
4BQI_B	4DPQ_B	94.3	35	874	360	1.04e-11	65.1	4.0
2FLH_A	4C9C_A	28.8	125	155	162	5.36e-10	52.8	80.0
2FLH_A	4C9C_B	28.8	125	155	162	5.36e-10	52.8	80.0
2FLH_A	4C9I_A	28.8	125	155	162	5.36e-10	52.8	80.0
2FLH_A	4C9I_B	28.8	125	155	162	5.36e-10	52.8	80.0
2FLH_A	4C9I_C	28.8	125	155	162	5.36e-10	52.8	80.0
2FLH_A	4C9I_D	28.8	125	155	162	5.36e-10	52.8	80.0
2FLH_A	4C9I_E	28.8	125	155	162	5.36e-10	52.8	80.0
2FLH_A	4C9I_F	28.8	125	155	162	5.36e-10	52.8	80.0
2FLH_A	2LPX_A	28.8	125	155	170	6.02e-10	52.8	80.0
2FLH_B	4C9C_A	28.8	125	155	162	5.36e-10	52.8	80.0
2FLH_B	4C9C_B	28.8	125	155	162	5.36e-10	52.8	80.0
2FLH_B	4C9I_A	28.8	125	155	162	5.36e-10	52.8	80.0
2FLH_B	4C9I_B	28.8	125	155	162	5.36e-10	52.8	80.0
2FLH_B	4C9I_C	28.8	125	155	162	5.36e-10	52.8	80.0
2FLH_B	4C9I_D	28.8	125	155	162	5.36e-10	52.8	80.0
2FLH_B	4C9I_E	28.8	125	155	162	5.36e-10	52.8	80.0
2FLH_B	4C9I_F	28.8	125	155	162	5.36e-10	52.8	80.0
2FLH_B	2LPX_A	28.8	125	155	170	6.02e-10	52.8	80.0
2FLH_C	4C9C_A	28.8	125	155	162	5.36e-10	52.8	80.0
2FLH_C	4C9C_B	28.8	125	155	162	5.36e-10	52.8	80.0
2FLH_C	4C9I_A	28.8	125	155	162	5.36e-10	52.8	80.0
2FLH_C	4C9I_B	28.8	125	155	162	5.36e-10	52.8	80.0
2FLH_C	4C9I_C	28.8	125	155	162	5.36e-10	52.8	80.0
2FLH_C	4C9I_D	28.8	125	155	162	5.36e-10	52.8	80.0
2FLH_C	4C9I_E	28.8	125	155	162	5.36e-10	52.8	80.0
2FLH_C	4C9I_F	28.8	125	155	162	5.36e-10	52.8	80.0
2FLH_C	2LPX_A	28.8	125	155	170	6.02e-10	52.8	80.0
2FLH_D	4C9C_A	28.8	125	155	162	5.36e-10	52.8	80.0
2FLH_D	4C9C_B	28.8	125	155	162	5.36e-10	52.8	80.0
2FLH_D	4C9I_A	28.8	125	155	162	5.36e-10	52.8	80.0
2FLH_D	4C9I_B	28.8	125	155	162	5.36e-10	52.8	80.0
2FLH_D	4C9I_C	28.8	125	155	162	5.36e-10	52.8	80.0
2FLH_D	4C9I_D	28.8	125	155	162	5.36e-10	52.8	80.0
2FLH_D	4C9I_E	28.8	125	155	162	5.36e-10	52.8	80.0
2FLH_D	4C9I_F	28.8	125	155	162	5.36e-10	52.8	80.0
2FLH_D	2LPX_A	28.8	125	155	170	6.02e-10	52.8	80.0
3C0V_A	4C9C_A	28.8	125	155	162	5.36e-10	52.8	80.0
3C0V_A	4C9C_B	28.8	125	155	162	5.36e-10	52.8	80.0
3C0V_A	4C9I_A	28.8	125	155	162	5.36e-10	52.8	80.0
3C0V_A	4C9I_B	28.8	125	155	162	5.36e-10	52.8	80.0
3C0V_A	4C9I_C	28.8	125	155	162	5.36e-10	52.8	80.0
3C0V_A	4C9I_D	28.8	125	155	162	5.36e-10	52.8	80.0
3C0V_A	4C9I_E	28.8	125	155	162	5.36e-10	52.8	80.0
3C0V_A	4C9I_F	28.8	125	155	162	5.36e-10	52.8	80.0
3C0V_A	2LPX_A	28.8	125	155	170	6.02e-10	52.8	80.0
3C0V_B	4C9C_A	28.8	125	155	162	5.36e-10	52.8	80.0
3C0V_B	4C9C_B	28.8	125	155	162	5.36e-10	52.8	80.0
3C0V_B	4C9I_A	28.8	125	155	162	5.36e-10	52.8	80.0
3C0V_B	4C9I_B	28.8	125	155	162	5.36e-10	52.8	80.0
3C0V_B	4C9I_C	28.8	125	155	162	5.36e-10	52.8	80.0
3C0V_B	4C9I_D	28.8	125	155	162	5.36e-10	52.8	80.0
3C0V_B	4C9I_E	28.8	125	155	162	5.36e-10	52.8	80.0
3C0V_B	4C9I_F	28.8	125	155	162	5.36e-10	52.8	80.0
3C0V_B	2LPX_A	28.8	125	155	170	6.02e-10	52.8	80.0
3C0V_C	4C9C_A	28.8	125	155	162	5.36e-10	52.8	80.0
3C0V_C	4C9C_B	28.8	125	155	162	5.36e-10	52.8	80.0
3C0V_C	4C9I_A	28.8	125	155	162	5.36e-10	52.8	80.0
3C0V_C	4C9I_B	28.8	125	155	162	5.36e-10	52.8	80.0
3C0V_C	4C9I_C	28.8	125	155	162	5.36e-10	52.8	80.0
3C0V_C	4C9I_D	28.8	125	155	162	5.36e-10	52.8	80.0
3C0V_C	4C9I_E	28.8	125	155	162	5.36e-10	52.8	80.0
3C0V_C	4C9I_F	28.8	125	155	162	5.36e-10	52.8	80.0
3C0V_C	2LPX_A	28.8	125	155	170	6.02e-10	52.8	80.0
3C0V_D	4C9C_A	28.8	125	155	162	5.36e-10	52.8	80.0
3C0V_D	4C9C_B	28.8	125	155	162	5.36e-10	52.8	80.0
3C0V_D	4C9I_A	28.8	125	155	162	5.36e-10	52.8	80.0
3C0V_D	4C9I_B	28.8	125	155	162	5.36e-10	52.8	80.0
3C0V_D	4C9I_C	28.8	125	155	162	5.36e-10	52.8	80.0
3C0V_D	4C9I_D	28.8	125	155	162	5.36e-10	52.8	80.0
3C0V_D	4C9I_E	28.8	125	155	162	5.36e-10	52.8	80.0
3C0V_D	4C9I_F	28.8	125	155	162	5.36e-10	52.8	80.0
3C0V_D	2LPX_A	28.8	125	155	170	6.02e-10	52.8	80.0
4PSB_A	4C9C_A	28.8	125	155	162	5.36e-10	52.8	80.0
4PSB_A	4C9C_B	28.8	125	155	162	5.36e-10	52.8	80.0
4PSB_A	4C9I_A	28.8	125	155	162	5.36e-10	52.8	80.0
4PSB_A	4C9I_B	28.8	125	155	162	5.36e-10	52.8	80.0
4PSB_A	4C9I_C	28.8	125	155	162	5.36e-10	52.8	80.0
4PSB_A	4C9I_D	28.8	125	155	162	5.36e-10	52.8	80.0
4PSB_A	4C9I_E	28.8	125	155	162	5.36e-10	52.8	80.0
4PSB_A	4C9I_F	28.8	125	155	162	5.36e-10	52.8	80.0
4PSB_A	2LPX_A	28.8	125	155	170	6.02e-10	52.8	80.0
8WTM_A	8I38_A	28.5	671	736	662	4.55e-67	231	89.4
8WTM_A	8I38_B	28.5	671	736	662	4.55e-67	231	89.4
8WTM_A	8I39_A	28.5	671	736	662	4.55e-67	231	89.4
8WTM_A	8I39_B	28.5	671	736	662	4.55e-67	231	89.4
8WTM_A	8I3C_A	28.5	671	736	662	4.55e-67	231	89.4
8WTM_A	8I3C_B	28.5	671	736	662	4.55e-67	231	89.4
8WTM_A	8I3D_A	28.5	671	736	662	4.55e-67	231	89.4
8WTM_A	8I3D_B	28.5	671	736	662	4.55e-67	231	89.4
8WTM_A	8IWJ_A	28.5	671	736	662	4.55e-67	231	89.4
8WTM_A	8IWJ_B	28.5	671	736	662	4.55e-67	231	89.4
8WTM_A	8IWK_A	28.5	671	736	662	4.55e-67	231	89.4
8WTM_A	8IWK_C	28.5	671	736	662	4.55e-67	231	89.4
8WTM_A	8K0X_A	28.5	671	736	662	4.55e-67	231	89.4
8WTM_A	8K0X_C	28.5	671	736	662	4.55e-67	231	89.4
8WTM_A	8K0Z_A	28.5	671	736	662	4.55e-67	231	89.4
8WTM_A	8K0Z_B	28.5	671	736	662	4.55e-67	231	89.4
8WTM_A	8WBA_A	28.5	671	736	698	8.63e-67	231	89.4
8WTM_A	8WBA_B	28.5	671	736	698	8.63e-67	231	89.4
8WTM_A	8WBX_A	28.5	671	736	698	8.63e-67	231	89.4
8WTM_A	8WBX_B	28.5	671	736	698	8.63e-67	231	89.4
8WTM_A	8WD6_A	28.5	671	736	698	8.63e-67	231	89.4
8WTM_A	8WD6_B	28.5	671	736	698	8.63e-67	231	89.4
8WTM_A	8I3A_A	28.3	671	736	662	1.20e-66	230	89.4
8WTM_A	8I3A_B	28.3	671	736	662	1.20e-66	230	89.4
8WTM_A	8I3B_A	28.3	671	736	662	1.20e-66	230	89.4
8WTM_A	8I3B_B	28.3	671	736	662	1.20e-66	230	89.4
8WTM_A	8IWN_A	28.3	671	736	662	1.20e-66	230	89.4
8WTM_A	8IWN_C	28.3	671	736	662	1.20e-66	230	89.4
8WTM_A	8WAM_A	28.3	671	736	698	2.26e-66	230	89.4
8WTM_A	8WAM_B	28.3	671	736	698	2.26e-66	230	89.4
8WTM_B	8I38_A	28.5	671	736	662	4.55e-67	231	89.4
8WTM_B	8I38_B	28.5	671	736	662	4.55e-67	231	89.4
8WTM_B	8I39_A	28.5	671	736	662	4.55e-67	231	89.4
8WTM_B	8I39_B	28.5	671	736	662	4.55e-67	231	89.4
8WTM_B	8I3C_A	28.5	671	736	662	4.55e-67	231	89.4
8WTM_B	8I3C_B	28.5	671	736	662	4.55e-67	231	89.4
8WTM_B	8I3D_A	28.5	671	736	662	4.55e-67	231	89.4
8WTM_B	8I3D_B	28.5	671	736	662	4.55e-67	231	89.4
8WTM_B	8IWJ_A	28.5	671	736	662	4.55e-67	231	89.4
8WTM_B	8IWJ_B	28.5	671	736	662	4.55e-67	231	89.4
8WTM_B	8IWK_A	28.5	671	736	662	4.55e-67	231	89.4
8WTM_B	8IWK_C	28.5	671	736	662	4.55e-67	231	89.4
8WTM_B	8K0X_A	28.5	671	736	662	4.55e-67	231	89.4
8WTM_B	8K0X_C	28.5	671	736	662	4.55e-67	231	89.4
8WTM_B	8K0Z_A	28.5	671	736	662	4.55e-67	231	89.4
8WTM_B	8K0Z_B	28.5	671	736	662	4.55e-67	231	89.4
8WTM_B	8WBA_A	28.5	671	736	698	8.63e-67	231	89.4
8WTM_B	8WBA_B	28.5	671	736	698	8.63e-67	231	89.4
8WTM_B	8WBX_A	28.5	671	736	698	8.63e-67	231	89.4
8WTM_B	8WBX_B	28.5	671	736	698	8.63e-67	231	89.4
8WTM_B	8WD6_A	28.5	671	736	698	8.63e-67	231	89.4
8WTM_B	8WD6_B	28.5	671	736	698	8.63e-67	231	89.4
8WTM_B	8I3A_A	28.3	671	736	662	1.20e-66	230	89.4
8WTM_B	8I3A_B	28.3	671	736	662	1.20e-66	230	89.4
8WTM_B	8I3B_A	28.3	671	736	662	1.20e-66	230	89.4
8WTM_B	8I3B_B	28.3	671	736	662	1.20e-66	230	89.4
8WTM_B	8IWN_A	28.3	671	736	662	1.20e-66	230	89.4
8WTM_B	8IWN_C	28.3	671	736	662	1.20e-66	230	89.4
8WTM_B	8WAM_A	28.3	671	736	698	2.26e-66	230	89.4
8WTM_B	8WAM_B	28.3	671	736	698	2.26e-66	230	89.4
8WTN_A	8I38_A	28.5	671	736	662	4.55e-67	231	89.4
8WTN_A	8I38_B	28.5	671	736	662	4.55e-67	231	89.4
8WTN_A	8I39_A	28.5	671	736	662	4.55e-67	231	89.4
8WTN_A	8I39_B	28.5	671	736	662	4.55e-67	231	89.4
8WTN_A	8I3C_A	28.5	671	736	662	4.55e-67	231	89.4
8WTN_A	8I3C_B	28.5	671	736	662	4.55e-67	231	89.4
8WTN_A	8I3D_A	28.5	671	736	662	4.55e-67	231	89.4
8WTN_A	8I3D_B	28.5	671	736	662	4.55e-67	231	89.4
8WTN_A	8IWJ_A	28.5	671	736	662	4.55e-67	231	89.4
8WTN_A	8IWJ_B	28.5	671	736	662	4.55e-67	231	89.4
8WTN_A	8IWK_A	28.5	671	736	662	4.55e-67	231	89.4
8WTN_A	8IWK_C	28.5	671	736	662	4.55e-67	231	89.4
8WTN_A	8K0X_A	28.5	671	736	662	4.55e-67	231	89.4
8WTN_A	8K0X_C	28.5	671	736	662	4.55e-67	231	89.4
8WTN_A	8K0Z_A	28.5	671	736	662	4.55e-67	231	89.4
8WTN_A	8K0Z_B	28.5	671	736	662	4.55e-67	231	89.4
8WTN_A	8WBA_A	28.5	671	736	698	8.63e-67	231	89.4
8WTN_A	8WBA_B	28.5	671	736	698	8.63e-67	231	89.4
8WTN_A	8WBX_A	28.5	671	736	698	8.63e-67	231	89.4
8WTN_A	8WBX_B	28.5	671	736	698	8.63e-67	231	89.4
8WTN_A	8WD6_A	28.5	671	736	698	8.63e-67	231	89.4
8WTN_A	8WD6_B	28.5	671	736	698	8.63e-67	231	89.4
8WTN_A	8I3A_A	28.3	671	736	662	1.20e-66	230	89.4
8WTN_A	8I3A_B	28.3	671	736	662	1.20e-66	230	89.4
8WTN_A	8I3B_A	28.3	671	736	662	1.20e-66	230	89.4
8WTN_A	8I3B_B	28.3	671	736	662	1.20e-66	230	89.4
8WTN_A	8IWN_A	28.3	671	736	662	1.20e-66	230	89.4
8WTN_A	8IWN_C	28.3	671	736	662	1.20e-66	230	89.4
8WTN_A	8WAM_A	28.3	671	736	698	2.26e-66	230	89.4
8WTN_A	8WAM_B	28.3	671	736	698	2.26e-66	230	89.4
8WTN_B	8I38_A	28.5	671	736	662	4.55e-67	231	89.4
8WTN_B	8I38_B	28.5	671	736	662	4.55e-67	231	89.4
8WTN_B	8I39_A	28.5	671	736	662	4.55e-67	231	89.4
8WTN_B	8I39_B	28.5	671	736	662	4.55e-67	231	89.4
8WTN_B	8I3C_A	28.5	671	736	662	4.55e-67	231	89.4
8WTN_B	8I3C_B	28.5	671	736	662	4.55e-67	231	89.4
8WTN_B	8I3D_A	28.5	671	736	662	4.55e-67	231	89.4
8WTN_B	8I3D_B	28.5	671	736	662	4.55e-67	231	89.4
8WTN_B	8IWJ_A	28.5	671	736	662	4.55e-67	231	89.4
8WTN_B	8IWJ_B	28.5	671	736	662	4.55e-67	231	89.4
8WTN_B	8IWK_A	28.5	671	736	662	4.55e-67	231	89.4
8WTN_B	8IWK_C	28.5	671	736	662	4.55e-67	231	89.4
8WTN_B	8K0X_A	28.5	671	736	662	4.55e-67	231	89.4
8WTN_B	8K0X_C	28.5	671	736	662	4.55e-67	231	89.4
8WTN_B	8K0Z_A	28.5	671	736	662	4.55e-67	231	89.4
8WTN_B	8K0Z_B	28.5	671	736	662	4.55e-67	231	89.4
8WTN_B	8WBA_A	28.5	671	736	698	8.63e-67	231	89.4
8WTN_B	8WBA_B	28.5	671	736	698	8.63e-67	231	89.4
8WTN_B	8WBX_A	28.5	671	736	698	8.63e-67	231	89.4
8WTN_B	8WBX_B	28.5	671	736	698	8.63e-67	231	89.4
8WTN_B	8WD6_A	28.5	671	736	698	8.63e-67	231	89.4
8WTN_B	8WD6_B	28.5	671	736	698	8.63e-67	231	89.4
8WTN_B	8I3A_A	28.3	671	736	662	1.20e-66	230	89.4
8WTN_B	8I3A_B	28.3	671	736	662	1.20e-66	230	89.4
8WTN_B	8I3B_A	28.3	671	736	662	1.20e-66	230	89.4
8WTN_B	8I3B_B	28.3	671	736	662	1.20e-66	230	89.4
8WTN_B	8IWN_A	28.3	671	736	662	1.20e-66	230	89.4
8WTN_B	8IWN_C	28.3	671	736	662	1.20e-66	230	89.4
8WTN_B	8WAM_A	28.3	671	736	698	2.26e-66	230	89.4
8WTN_B	8WAM_B	28.3	671	736	698	2.26e-66	230	89.4
8WTO_A	8I38_A	28.5	671	736	662	4.55e-67	231	89.4
8WTO_A	8I38_B	28.5	671	736	662	4.55e-67	231	89.4
8WTO_A	8I39_A	28.5	671	736	662	4.55e-67	231	89.4
8WTO_A	8I39_B	28.5	671	736	662	4.55e-67	231	89.4
8WTO_A	8I3C_A	28.5	671	736	662	4.55e-67	231	89.4
8WTO_A	8I3C_B	28.5	671	736	662	4.55e-67	231	89.4
8WTO_A	8I3D_A	28.5	671	736	662	4.55e-67	231	89.4
8WTO_A	8I3D_B	28.5	671	736	662	4.55e-67	231	89.4
8WTO_A	8IWJ_A	28.5	671	736	662	4.55e-67	231	89.4
8WTO_A	8IWJ_B	28.5	671	736	662	4.55e-67	231	89.4
8WTO_A	8IWK_A	28.5	671	736	662	4.55e-67	231	89.4
8WTO_A	8IWK_C	28.5	671	736	662	4.55e-67	231	89.4
8WTO_A	8K0X_A	28.5	671	736	662	4.55e-67	231	89.4
8WTO_A	8K0X_C	28.5	671	736	662	4.55e-67	231	89.4
8WTO_A	8K0Z_A	28.5	671	736	662	4.55e-67	231	89.4
8WTO_A	8K0Z_B	28.5	671	736	662	4.55e-67	231	89.4
8WTO_A	8WBA_A	28.5	671	736	698	8.63e-67	231	89.4
8WTO_A	8WBA_B	28.5	671	736	698	8.63e-67	231	89.4
8WTO_A	8WBX_A	28.5	671	736	698	8.63e-67	231	89.4
8WTO_A	8WBX_B	28.5	671	736	698	8.63e-67	231	89.4
8WTO_A	8WD6_A	28.5	671	736	698	8.63e-67	231	89.4
8WTO_A	8WD6_B	28.5	671	736	698	8.63e-67	231	89.4
8WTO_A	8I3A_A	28.3	671	736	662	1.20e-66	230	89.4
8WTO_A	8I3A_B	28.3	671	736	662	1.20e-66	230	89.4
8WTO_A	8I3B_A	28.3	671	736	662	1.20e-66	230	89.4
8WTO_A	8I3B_B	28.3	671	736	662	1.20e-66	230	89.4
8WTO_A	8IWN_A	28.3	671	736	662	1.20e-66	230	89.4
8WTO_A	8IWN_C	28.3	671	736	662	1.20e-66	230	89.4
8WTO_A	8WAM_A	28.3	671	736	698	2.26e-66	230	89.4
8WTO_A	8WAM_B	28.3	671	736	698	2.26e-66	230	89.4
8WTO_B	8I38_A	28.5	671	736	662	4.55e-67	231	89.4
8WTO_B	8I38_B	28.5	671	736	662	4.55e-67	231	89.4
8WTO_B	8I39_A	28.5	671	736	662	4.55e-67	231	89.4
8WTO_B	8I39_B	28.5	671	736	662	4.55e-67	231	89.4
8WTO_B	8I3C_A	28.5	671	736	662	4.55e-67	231	89.4
8WTO_B	8I3C_B	28.5	671	736	662	4.55e-67	231	89.4
8WTO_B	8I3D_A	28.5	671	736	662	4.55e-67	231	89.4
8WTO_B	8I3D_B	28.5	671	736	662	4.55e-67	231	89.4
8WTO_B	8IWJ_A	28.5	671	736	662	4.55e-67	231	89.4
8WTO_B	8IWJ_B	28.5	671	736	662	4.55e-67	231	89.4
8WTO_B	8IWK_A	28.5	671	736	662	4.55e-67	231	89.4
8WTO_B	8IWK_C	28.5	671	736	662	4.55e-67	231	89.4
8WTO_B	8K0X_A	28.5	671	736	662	4.55e-67	231	89.4
8WTO_B	8K0X_C	28.5	671	736	662	4.55e-67	231	89.4
8WTO_B	8K0Z_A	28.5	671	736	662	4.55e-67	231	89.4
8WTO_B	8K0Z_B	28.5	671	736	662	4.55e-67	231	89.4
8WTO_B	8WBA_A	28.5	671	736	698	8.63e-67	231	89.4
8WTO_B	8WBA_B	28.5	671	736	698	8.63e-67	231	89.4
8WTO_B	8WBX_A	28.5	671	736	698	8.63e-67	231	89.4
8WTO_B	8WBX_B	28.5	671	736	698	8.63e-67	231	89.4
8WTO_B	8WD6_A	28.5	671	736	698	8.63e-67	231	89.4
8WTO_B	8WD6_B	28.5	671	736	698	8.63e-67	231	89.4
8WTO_B	8I3A_A	28.3	671	736	662	1.20e-66	230	89.4
8WTO_B	8I3A_B	28.3	671	736	662	1.20e-66	230	89.4
8WTO_B	8I3B_A	28.3	671	736	662	1.20e-66	230	89.4
8WTO_B	8I3B_B	28.3	671	736	662	1.20e-66	230	89.4
8WTO_B	8IWN_A	28.3	671	736	662	1.20e-66	230	89.4
8WTO_B	8IWN_C	28.3	671	736	662	1.20e-66	230	89.4
8WTO_B	8WAM_A	28.3	671	736	698	2.26e-66	230	89.4
8WTO_B	8WAM_B	28.3	671	736	698	2.26e-66	230	89.4
8WTP_A	8I38_A	28.5	671	736	662	4.55e-67	231	89.4
8WTP_A	8I38_B	28.5	671	736	662	4.55e-67	231	89.4
8WTP_A	8I39_A	28.5	671	736	662	4.55e-67	231	89.4
8WTP_A	8I39_B	28.5	671	736	662	4.55e-67	231	89.4
8WTP_A	8I3C_A	28.5	671	736	662	4.55e-67	231	89.4
8WTP_A	8I3C_B	28.5	671	736	662	4.55e-67	231	89.4
8WTP_A	8I3D_A	28.5	671	736	662	4.55e-67	231	89.4
8WTP_A	8I3D_B	28.5	671	736	662	4.55e-67	231	89.4
8WTP_A	8IWJ_A	28.5	671	736	662	4.55e-67	231	89.4
8WTP_A	8IWJ_B	28.5	671	736	662	4.55e-67	231	89.4
8WTP_A	8IWK_A	28.5	671	736	662	4.55e-67	231	89.4
8WTP_A	8IWK_C	28.5	671	736	662	4.55e-67	231	89.4
8WTP_A	8K0X_A	28.5	671	736	662	4.55e-67	231	89.4
8WTP_A	8K0X_C	28.5	671	736	662	4.55e-67	231	89.4
8WTP_A	8K0Z_A	28.5	671	736	662	4.55e-67	231	89.4
8WTP_A	8K0Z_B	28.5	671	736	662	4.55e-67	231	89.4
8WTP_A	8WBA_A	28.5	671	736	698	8.63e-67	231	89.4
8WTP_A	8WBA_B	28.5	671	736	698	8.63e-67	231	89.4
8WTP_A	8WBX_A	28.5	671	736	698	8.63e-67	231	89.4
8WTP_A	8WBX_B	28.5	671	736	698	8.63e-67	231	89.4
8WTP_A	8WD6_A	28.5	671	736	698	8.63e-67	231	89.4
8WTP_A	8WD6_B	28.5	671	736	698	8.63e-67	231	89.4
8WTP_A	8I3A_A	28.3	671	736	662	1.20e-66	230	89.4
8WTP_A	8I3A_B	28.3	671	736	662	1.20e-66	230	89.4
8WTP_A	8I3B_A	28.3	671	736	662	1.20e-66	230	89.4
8WTP_A	8I3B_B	28.3	671	736	662	1.20e-66	230	89.4
8WTP_A	8IWN_A	28.3	671	736	662	1.20e-66	230	89.4
8WTP_A	8IWN_C	28.3	671	736	662	1.20e-66	230	89.4
8WTP_A	8WAM_A	28.3	671	736	698	2.26e-66	230	89.4
8WTP_A	8WAM_B	28.3	671	736	698	2.26e-66	230	89.4
8WTP_B	8I38_A	28.5	671	736	662	4.55e-67	231	89.4
8WTP_B	8I38_B	28.5	671	736	662	4.55e-67	231	89.4
8WTP_B	8I39_A	28.5	671	736	662	4.55e-67	231	89.4
8WTP_B	8I39_B	28.5	671	736	662	4.55e-67	231	89.4
8WTP_B	8I3C_A	28.5	671	736	662	4.55e-67	231	89.4
8WTP_B	8I3C_B	28.5	671	736	662	4.55e-67	231	89.4
8WTP_B	8I3D_A	28.5	671	736	662	4.55e-67	231	89.4
8WTP_B	8I3D_B	28.5	671	736	662	4.55e-67	231	89.4
8WTP_B	8IWJ_A	28.5	671	736	662	4.55e-67	231	89.4
8WTP_B	8IWJ_B	28.5	671	736	662	4.55e-67	231	89.4
8WTP_B	8IWK_A	28.5	671	736	662	4.55e-67	231	89.4
8WTP_B	8IWK_C	28.5	671	736	662	4.55e-67	231	89.4
8WTP_B	8K0X_A	28.5	671	736	662	4.55e-67	231	89.4
8WTP_B	8K0X_C	28.5	671	736	662	4.55e-67	231	89.4
8WTP_B	8K0Z_A	28.5	671	736	662	4.55e-67	231	89.4
8WTP_B	8K0Z_B	28.5	671	736	662	4.55e-67	231	89.4
8WTP_B	8WBA_A	28.5	671	736	698	8.63e-67	231	89.4
8WTP_B	8WBA_B	28.5	671	736	698	8.63e-67	231	89.4
8WTP_B	8WBX_A	28.5	671	736	698	8.63e-67	231	89.4
8WTP_B	8WBX_B	28.5	671	736	698	8.63e-67	231	89.4
8WTP_B	8WD6_A	28.5	671	736	698	8.63e-67	231	89.4
8WTP_B	8WD6_B	28.5	671	736	698	8.63e-67	231	89.4
8WTP_B	8I3A_A	28.3	671	736	662	1.20e-66	230	89.4
8WTP_B	8I3A_B	28.3	671	736	662	1.20e-66	230	89.4
8WTP_B	8I3B_A	28.3	671	736	662	1.20e-66	230	89.4
8WTP_B	8I3B_B	28.3	671	736	662	1.20e-66	230	89.4
8WTP_B	8IWN_A	28.3	671	736	662	1.20e-66	230	89.4
8WTP_B	8IWN_C	28.3	671	736	662	1.20e-66	230	89.4
8WTP_B	8WAM_A	28.3	671	736	698	2.26e-66	230	89.4
8WTP_B	8WAM_B	28.3	671	736	698	2.26e-66	230	89.4
1LK9_A	3BWN_A	36.2	365	448	391	1.07e-74	237	79.9
1LK9_A	3BWN_B	36.2	365	448	391	1.07e-74	237	79.9
1LK9_A	3BWN_C	36.2	365	448	391	1.07e-74	237	79.9
1LK9_A	3BWN_D	36.2	365	448	391	1.07e-74	237	79.9
1LK9_A	3BWN_E	36.2	365	448	391	1.07e-74	237	79.9
1LK9_A	3BWN_F	36.2	365	448	391	1.07e-74	237	79.9
1LK9_A	3BWO_A	36.2	365	448	391	1.07e-74	237	79.9
1LK9_A	3BWO_B	36.2	365	448	391	1.07e-74	237	79.9
1LK9_A	3BWO_C	36.2	365	448	391	1.07e-74	237	79.9
1LK9_A	3BWO_D	36.2	365	448	391	1.07e-74	237	79.9
1LK9_A	3BWO_E	36.2	365	448	391	1.07e-74	237	79.9
1LK9_A	3BWO_F	36.2	365	448	391	1.07e-74	237	79.9
1LK9_B	3BWN_A	36.2	365	448	391	1.07e-74	237	79.9
1LK9_B	3BWN_B	36.2	365	448	391	1.07e-74	237	79.9
1LK9_B	3BWN_C	36.2	365	448	391	1.07e-74	237	79.9
1LK9_B	3BWN_D	36.2	365	448	391	1.07e-74	237	79.9
1LK9_B	3BWN_E	36.2	365	448	391	1.07e-74	237	79.9
1LK9_B	3BWN_F	36.2	365	448	391	1.07e-74	237	79.9
1LK9_B	3BWO_A	36.2	365	448	391	1.07e-74	237	79.9
1LK9_B	3BWO_B	36.2	365	448	391	1.07e-74	237	79.9
1LK9_B	3BWO_C	36.2	365	448	391	1.07e-74	237	79.9
1LK9_B	3BWO_D	36.2	365	448	391	1.07e-74	237	79.9
1LK9_B	3BWO_E	36.2	365	448	391	1.07e-74	237	79.9
1LK9_B	3BWO_F	36.2	365	448	391	1.07e-74	237	79.9
2HOR_A	3BWN_A	36.2	365	427	391	8.21e-75	236	83.8
2HOR_A	3BWN_B	36.2	365	427	391	8.21e-75	236	83.8
2HOR_A	3BWN_C	36.2	365	427	391	8.21e-75	236	83.8
2HOR_A	3BWN_D	36.2	365	427	391	8.21e-75	236	83.8
2HOR_A	3BWN_E	36.2	365	427	391	8.21e-75	236	83.8
2HOR_A	3BWN_F	36.2	365	427	391	8.21e-75	236	83.8
2HOR_A	3BWO_A	36.2	365	427	391	8.21e-75	236	83.8
2HOR_A	3BWO_B	36.2	365	427	391	8.21e-75	236	83.8
2HOR_A	3BWO_C	36.2	365	427	391	8.21e-75	236	83.8
2HOR_A	3BWO_D	36.2	365	427	391	8.21e-75	236	83.8
2HOR_A	3BWO_E	36.2	365	427	391	8.21e-75	236	83.8
2HOR_A	3BWO_F	36.2	365	427	391	8.21e-75	236	83.8
2HOX_A	3BWN_A	36.2	365	427	391	8.21e-75	236	83.8
2HOX_A	3BWN_B	36.2	365	427	391	8.21e-75	236	83.8
2HOX_A	3BWN_C	36.2	365	427	391	8.21e-75	236	83.8
2HOX_A	3BWN_D	36.2	365	427	391	8.21e-75	236	83.8
2HOX_A	3BWN_E	36.2	365	427	391	8.21e-75	236	83.8
2HOX_A	3BWN_F	36.2	365	427	391	8.21e-75	236	83.8
2HOX_A	3BWO_A	36.2	365	427	391	8.21e-75	236	83.8
2HOX_A	3BWO_B	36.2	365	427	391	8.21e-75	236	83.8
2HOX_A	3BWO_C	36.2	365	427	391	8.21e-75	236	83.8
2HOX_A	3BWO_D	36.2	365	427	391	8.21e-75	236	83.8
2HOX_A	3BWO_E	36.2	365	427	391	8.21e-75	236	83.8
2HOX_A	3BWO_F	36.2	365	427	391	8.21e-75	236	83.8
2HOX_B	3BWN_A	36.2	365	427	391	8.21e-75	236	83.8
2HOX_B	3BWN_B	36.2	365	427	391	8.21e-75	236	83.8
2HOX_B	3BWN_C	36.2	365	427	391	8.21e-75	236	83.8
2HOX_B	3BWN_D	36.2	365	427	391	8.21e-75	236	83.8
2HOX_B	3BWN_E	36.2	365	427	391	8.21e-75	236	83.8
2HOX_B	3BWN_F	36.2	365	427	391	8.21e-75	236	83.8
2HOX_B	3BWO_A	36.2	365	427	391	8.21e-75	236	83.8
2HOX_B	3BWO_B	36.2	365	427	391	8.21e-75	236	83.8
2HOX_B	3BWO_C	36.2	365	427	391	8.21e-75	236	83.8
2HOX_B	3BWO_D	36.2	365	427	391	8.21e-75	236	83.8
2HOX_B	3BWO_E	36.2	365	427	391	8.21e-75	236	83.8
2HOX_B	3BWO_F	36.2	365	427	391	8.21e-75	236	83.8
2HOX_C	3BWN_A	36.2	365	427	391	8.21e-75	236	83.8
2HOX_C	3BWN_B	36.2	365	427	391	8.21e-75	236	83.8
2HOX_C	3BWN_C	36.2	365	427	391	8.21e-75	236	83.8
2HOX_C	3BWN_D	36.2	365	427	391	8.21e-75	236	83.8
2HOX_C	3BWN_E	36.2	365	427	391	8.21e-75	236	83.8
2HOX_C	3BWN_F	36.2	365	427	391	8.21e-75	236	83.8
2HOX_C	3BWO_A	36.2	365	427	391	8.21e-75	236	83.8
2HOX_C	3BWO_B	36.2	365	427	391	8.21e-75	236	83.8
2HOX_C	3BWO_C	36.2	365	427	391	8.21e-75	236	83.8
2HOX_C	3BWO_D	36.2	365	427	391	8.21e-75	236	83.8
2HOX_C	3BWO_E	36.2	365	427	391	8.21e-75	236	83.8
2HOX_C	3BWO_F	36.2	365	427	391	8.21e-75	236	83.8
2HOX_D	3BWN_A	36.2	365	427	391	8.21e-75	236	83.8
2HOX_D	3BWN_B	36.2	365	427	391	8.21e-75	236	83.8
2HOX_D	3BWN_C	36.2	365	427	391	8.21e-75	236	83.8
2HOX_D	3BWN_D	36.2	365	427	391	8.21e-75	236	83.8
2HOX_D	3BWN_E	36.2	365	427	391	8.21e-75	236	83.8
2HOX_D	3BWN_F	36.2	365	427	391	8.21e-75	236	83.8
2HOX_D	3BWO_A	36.2	365	427	391	8.21e-75	236	83.8
2HOX_D	3BWO_B	36.2	365	427	391	8.21e-75	236	83.8
2HOX_D	3BWO_C	36.2	365	427	391	8.21e-75	236	83.8
2HOX_D	3BWO_D	36.2	365	427	391	8.21e-75	236	83.8
2HOX_D	3BWO_E	36.2	365	427	391	8.21e-75	236	83.8
2HOX_D	3BWO_F	36.2	365	427	391	8.21e-75	236	83.8
8WOP_A	7O6P_A	36.2	130	370	303	6.26e-05	42.0	29.2
8WOP_A	7O6P_B	36.2	130	370	303	6.26e-05	42.0	29.2
8WOP_A	7O6P_C	36.2	130	370	303	6.26e-05	42.0	29.2
8WOP_A	7O6P_D	36.2	130	370	303	6.26e-05	42.0	29.2
8WOP_A	1T3K_A	40.0	95	370	152	8.01e-04	37.4	24.3
8WOP_B	7O6P_A	36.2	130	370	303	6.26e-05	42.0	29.2
8WOP_B	7O6P_B	36.2	130	370	303	6.26e-05	42.0	29.2
8WOP_B	7O6P_C	36.2	130	370	303	6.26e-05	42.0	29.2
8WOP_B	7O6P_D	36.2	130	370	303	6.26e-05	42.0	29.2
8WOP_B	1T3K_A	40.0	95	370	152	8.01e-04	37.4	24.3
8WOV_A	7O6P_A	36.2	130	370	303	6.26e-05	42.0	29.2
8WOV_A	7O6P_B	36.2	130	370	303	6.26e-05	42.0	29.2
8WOV_A	7O6P_C	36.2	130	370	303	6.26e-05	42.0	29.2
8WOV_A	7O6P_D	36.2	130	370	303	6.26e-05	42.0	29.2
8WOV_A	1T3K_A	40.0	95	370	152	8.01e-04	37.4	24.3
8WOV_B	7O6P_A	36.2	130	370	303	6.26e-05	42.0	29.2
8WOV_B	7O6P_B	36.2	130	370	303	6.26e-05	42.0	29.2
8WOV_B	7O6P_C	36.2	130	370	303	6.26e-05	42.0	29.2
8WOV_B	7O6P_D	36.2	130	370	303	6.26e-05	42.0	29.2
8WOV_B	1T3K_A	40.0	95	370	152	8.01e-04	37.4	24.3
8WOW_A	7O6P_A	36.2	130	370	303	6.26e-05	42.0	29.2
8WOW_A	7O6P_B	36.2	130	370	303	6.26e-05	42.0	29.2
8WOW_A	7O6P_C	36.2	130	370	303	6.26e-05	42.0	29.2
8WOW_A	7O6P_D	36.2	130	370	303	6.26e-05	42.0	29.2
8WOW_A	1T3K_A	40.0	95	370	152	8.01e-04	37.4	24.3
8WOW_B	7O6P_A	36.2	130	370	303	6.26e-05	42.0	29.2
8WOW_B	7O6P_B	36.2	130	370	303	6.26e-05	42.0	29.2
8WOW_B	7O6P_C	36.2	130	370	303	6.26e-05	42.0	29.2
8WOW_B	7O6P_D	36.2	130	370	303	6.26e-05	42.0	29.2
8WOW_B	1T3K_A	40.0	95	370	152	8.01e-04	37.4	24.3
7WNQ_A	9M7R_A	53.8	370	556	635	4.04e-141	420	66.5
7WNQ_A	9M7R_B	53.8	370	556	635	4.04e-141	420	66.5
7WNQ_A	9M7R_C	53.8	370	556	635	4.04e-141	420	66.5
7WNQ_A	9M7S_A	53.8	370	556	635	4.04e-141	420	66.5
7WNQ_A	9M7S_B	53.8	370	556	635	4.04e-141	420	66.5
7WNQ_A	9M7W_A	53.8	370	556	635	4.04e-141	420	66.5
7WNQ_A	9M7S_C	40.9	298	556	385	9.78e-71	229	52.5
7WNQ_A	9M7U_A	40.9	298	556	385	9.78e-71	229	52.5
7WNQ_A	9M7U_B	40.9	298	556	385	9.78e-71	229	52.5
7WNQ_A	9M7U_C	40.9	298	556	385	9.78e-71	229	52.5
7WNQ_A	9M7W_B	40.9	298	556	385	9.78e-71	229	52.5
7WNQ_A	9M7W_C	40.9	298	556	385	9.78e-71	229	52.5
7WNQ_B	9M7R_A	53.8	370	556	635	4.04e-141	420	66.5
7WNQ_B	9M7R_B	53.8	370	556	635	4.04e-141	420	66.5
7WNQ_B	9M7R_C	53.8	370	556	635	4.04e-141	420	66.5
7WNQ_B	9M7S_A	53.8	370	556	635	4.04e-141	420	66.5
7WNQ_B	9M7S_B	53.8	370	556	635	4.04e-141	420	66.5
7WNQ_B	9M7W_A	53.8	370	556	635	4.04e-141	420	66.5
7WNQ_B	9M7S_C	40.9	298	556	385	9.78e-71	229	52.5
7WNQ_B	9M7U_A	40.9	298	556	385	9.78e-71	229	52.5
7WNQ_B	9M7U_B	40.9	298	556	385	9.78e-71	229	52.5
7WNQ_B	9M7U_C	40.9	298	556	385	9.78e-71	229	52.5
7WNQ_B	9M7W_B	40.9	298	556	385	9.78e-71	229	52.5
7WNQ_B	9M7W_C	40.9	298	556	385	9.78e-71	229	52.5
7WNQ_C	9M7R_A	53.8	370	556	635	4.04e-141	420	66.5
7WNQ_C	9M7R_B	53.8	370	556	635	4.04e-141	420	66.5
7WNQ_C	9M7R_C	53.8	370	556	635	4.04e-141	420	66.5
7WNQ_C	9M7S_A	53.8	370	556	635	4.04e-141	420	66.5
7WNQ_C	9M7S_B	53.8	370	556	635	4.04e-141	420	66.5
7WNQ_C	9M7W_A	53.8	370	556	635	4.04e-141	420	66.5
7WNQ_C	9M7S_C	40.9	298	556	385	9.78e-71	229	52.5
7WNQ_C	9M7U_A	40.9	298	556	385	9.78e-71	229	52.5
7WNQ_C	9M7U_B	40.9	298	556	385	9.78e-71	229	52.5
7WNQ_C	9M7U_C	40.9	298	556	385	9.78e-71	229	52.5
7WNQ_C	9M7W_B	40.9	298	556	385	9.78e-71	229	52.5
7WNQ_C	9M7W_C	40.9	298	556	385	9.78e-71	229	52.5
9KBY_A	7ELD_A	28.9	1752	1720	1909	6.29e-174	573	91.7
9KBY_A	7ELE_A	28.9	1752	1720	1909	6.29e-174	573	91.7
9KBY_A	7VG2_A	28.2	1775	1720	1621	2.47e-158	524	98.1
9KBY_A	7VG3_A	28.2	1775	1720	1621	2.47e-158	524	98.1
9KBZ_A	7ELD_A	28.9	1752	1720	1909	6.29e-174	573	91.7
9KBZ_A	7ELE_A	28.9	1752	1720	1909	6.29e-174	573	91.7
9KBZ_A	7VG2_A	28.2	1775	1720	1621	2.47e-158	524	98.1
9KBZ_A	7VG3_A	28.2	1775	1720	1621	2.47e-158	524	98.1
