epoch,train_loss,validation_micro_fmax,validation_macro_fmax,validation_micro_aupr,validation_macro_aupr,validation_micro_auroc,validation_macro_auroc,validation_smin,validation_micro_fmax_threshold,validation_rare_term_micro_fmax_train_count_1_to_10,rare_term_count,brier_score,expected_calibration_error_10_bins,threshold_sensitivity
1,0.7247200238077264,0.018791409641081183,0.0971959175979771,0.007486517964333323,0.04825210341548579,0.5722242998192728,0.48889630704704223,24.409827676154574,0.7762303352355957,0.0017156337121574,490,0.27397340536117554,0.4947586898179368,"[{'threshold': 0.1, 'micro_f1': 0.011402245028945223}, {'threshold': 0.2, 'micro_f1': 0.011591017346725229}, {'threshold': 0.3, 'micro_f1': 0.011830128062112356}, {'threshold': 0.4, 'micro_f1': 0.012323294406883836}, {'threshold': 0.5, 'micro_f1': 0.01353997510520421}, {'threshold': 0.6, 'micro_f1': 0.015876616012701295}, {'threshold': 0.7, 'micro_f1': 0.016249153689911984}, {'threshold': 0.8, 'micro_f1': 0.01824632539280284}, {'threshold': 0.9, 'micro_f1': 0.0}]"
2,0.6771136478373879,0.017442494276621628,0.10051279695799255,0.0076250199003681865,0.05156837404077985,0.5816758111781533,0.5028675042325123,24.409827676154574,0.6444937586784363,0.002017400075599755,490,0.27293023467063904,0.49440035760129575,"[{'threshold': 0.1, 'micro_f1': 0.011401772436799164}, {'threshold': 0.2, 'micro_f1': 0.011586513360024734}, {'threshold': 0.3, 'micro_f1': 0.011943296466670469}, {'threshold': 0.4, 'micro_f1': 0.012627738218187749}, {'threshold': 0.5, 'micro_f1': 0.013545223972999421}, {'threshold': 0.6, 'micro_f1': 0.016525207268091726}, {'threshold': 0.7, 'micro_f1': 0.015328887396248141}, {'threshold': 0.8, 'micro_f1': 0.014284534720502022}, {'threshold': 0.9, 'micro_f1': 0.005285761480013214}]"
3,0.6441983706072757,0.02103800734296031,0.10065492076639468,0.007933756349035762,0.050150717909295775,0.5866833605613921,0.5164025795450593,24.409827676154574,0.8540694713592529,0.0013561620613305506,490,0.27111127972602844,0.49378765267030345,"[{'threshold': 0.1, 'micro_f1': 0.01139915240935489}, {'threshold': 0.2, 'micro_f1': 0.011599731191398125}, {'threshold': 0.3, 'micro_f1': 0.011985374529146001}, {'threshold': 0.4, 'micro_f1': 0.01270380709633046}, {'threshold': 0.5, 'micro_f1': 0.013830932999373826}, {'threshold': 0.6, 'micro_f1': 0.016975181548210195}, {'threshold': 0.7, 'micro_f1': 0.015457971237406753}, {'threshold': 0.8, 'micro_f1': 0.015318911893046143}, {'threshold': 0.9, 'micro_f1': 0.004817618719889882}]"
4,0.6180937265094958,0.01875195332797319,0.10806962270924483,0.007834979198865036,0.05093613758036944,0.5901554570626155,0.5288158993187009,24.409827676154574,0.8511390089988708,0.0014681948032708337,490,0.2701069712638855,0.49353079936168226,"[{'threshold': 0.1, 'micro_f1': 0.011392900709326666}, {'threshold': 0.2, 'micro_f1': 0.011587861625495341}, {'threshold': 0.3, 'micro_f1': 0.011998136371944976}, {'threshold': 0.4, 'micro_f1': 0.012891449624181468}, {'threshold': 0.5, 'micro_f1': 0.013985102934065576}, {'threshold': 0.6, 'micro_f1': 0.016351824480596328}, {'threshold': 0.7, 'micro_f1': 0.017310324467942353}, {'threshold': 0.8, 'micro_f1': 0.014897199122493751}, {'threshold': 0.9, 'micro_f1': 0.0}]"
5,0.5930256799647683,0.020041616470987754,0.11424291160714868,0.008138671844635986,0.054963003842500684,0.5967419626985604,0.5412354053444342,24.409827676154574,0.8018887042999268,0.0014032738765735054,490,0.26900514960289,0.4928455259410674,"[{'threshold': 0.1, 'micro_f1': 0.011391857043362593}, {'threshold': 0.2, 'micro_f1': 0.01157833314393625}, {'threshold': 0.3, 'micro_f1': 0.01204083005922913}, {'threshold': 0.4, 'micro_f1': 0.013150741931370509}, {'threshold': 0.5, 'micro_f1': 0.013765923927541411}, {'threshold': 0.6, 'micro_f1': 0.016193164874053163}, {'threshold': 0.7, 'micro_f1': 0.019472954230235782}, {'threshold': 0.8, 'micro_f1': 0.0196319018404908}, {'threshold': 0.9, 'micro_f1': 0.0}]"
6,0.5779917961672733,0.0234005916372794,0.12207549624167471,0.008527619725373203,0.061630219726191704,0.6020004590291127,0.5483041371108919,24.409827676154574,0.786194920539856,0.0016333251445729826,490,0.26842471957206726,0.49224271807179043,"[{'threshold': 0.1, 'micro_f1': 0.011392571862430742}, {'threshold': 0.2, 'micro_f1': 0.011592284755775064}, {'threshold': 0.3, 'micro_f1': 0.01212864784420093}, {'threshold': 0.4, 'micro_f1': 0.013258202400047027}, {'threshold': 0.5, 'micro_f1': 0.01398834388811344}, {'threshold': 0.6, 'micro_f1': 0.01623802470613464}, {'threshold': 0.7, 'micro_f1': 0.02103868135508987}, {'threshold': 0.8, 'micro_f1': 0.021599913166178226}, {'threshold': 0.9, 'micro_f1': 0.0}]"
7,0.5630118210064737,0.024023110840523346,0.12810619998393577,0.008746793887029496,0.06321351139149384,0.6103787085549072,0.557976023800001,24.409827676154574,0.7713156342506409,0.001664876476895072,490,0.26739826798439026,0.49196560821326857,"[{'threshold': 0.1, 'micro_f1': 0.011389927479862488}, {'threshold': 0.2, 'micro_f1': 0.011575423269457642}, {'threshold': 0.3, 'micro_f1': 0.012144878092223798}, {'threshold': 0.4, 'micro_f1': 0.013299487799041861}, {'threshold': 0.5, 'micro_f1': 0.014324820749991146}, {'threshold': 0.6, 'micro_f1': 0.01674243039207728}, {'threshold': 0.7, 'micro_f1': 0.023035132198478813}, {'threshold': 0.8, 'micro_f1': 0.02035858877964141}, {'threshold': 0.9, 'micro_f1': 0.0}]"
8,0.5504639446735382,0.028834904686268658,0.13694203446859493,0.009300442431470076,0.07135177598714952,0.6161781219729128,0.5683914865026231,24.409827676154574,0.7597240209579468,0.001891195530528674,490,0.26601555943489075,0.4911181188452276,"[{'threshold': 0.1, 'micro_f1': 0.01138882720672641}, {'threshold': 0.2, 'micro_f1': 0.01154593790364288}, {'threshold': 0.3, 'micro_f1': 0.012066323776043126}, {'threshold': 0.4, 'micro_f1': 0.013327028503733606}, {'threshold': 0.5, 'micro_f1': 0.01448677814257718}, {'threshold': 0.6, 'micro_f1': 0.01734247510315515}, {'threshold': 0.7, 'micro_f1': 0.023871349824609357}, {'threshold': 0.8, 'micro_f1': 0.021646646646646645}, {'threshold': 0.9, 'micro_f1': 0.0}]"
9,0.5390223873289008,0.031067620342829,0.1517084011858177,0.009993913099070405,0.0834264181834978,0.6250675375010575,0.5756631484994991,24.409827676154574,0.7729893326759338,0.0020718924398156575,490,0.2653537392616272,0.49074680633435325,"[{'threshold': 0.1, 'micro_f1': 0.0113879271413518}, {'threshold': 0.2, 'micro_f1': 0.0115449301231264}, {'threshold': 0.3, 'micro_f1': 0.012103655828761556}, {'threshold': 0.4, 'micro_f1': 0.013326600362510283}, {'threshold': 0.5, 'micro_f1': 0.014551629813045622}, {'threshold': 0.6, 'micro_f1': 0.017528383139762495}, {'threshold': 0.7, 'micro_f1': 0.026921406860616587}, {'threshold': 0.8, 'micro_f1': 0.024434207891047464}, {'threshold': 0.9, 'micro_f1': 0.0}]"
10,0.5287697390506142,0.03628047838289796,0.1565991334891259,0.011006754933081096,0.09012328040192517,0.6345631353688806,0.586644876821282,24.409827676154574,0.7450124621391296,0.0023225150902946826,490,0.26401403546333313,0.4901694221937431,"[{'threshold': 0.1, 'micro_f1': 0.011386427348497676}, {'threshold': 0.2, 'micro_f1': 0.011539913634971099}, {'threshold': 0.3, 'micro_f1': 0.012108486819917537}, {'threshold': 0.4, 'micro_f1': 0.01351693110424875}, {'threshold': 0.5, 'micro_f1': 0.015122767000966588}, {'threshold': 0.6, 'micro_f1': 0.01895673824420425}, {'threshold': 0.7, 'micro_f1': 0.029311475409836064}, {'threshold': 0.8, 'micro_f1': 0.029428653459661207}, {'threshold': 0.9, 'micro_f1': 0.0008196721311475409}]"
11,0.5189140304138786,0.0412958896718868,0.15994532401744688,0.011634188117941414,0.09379390439257536,0.6362702130317675,0.5931909646970743,24.409827676154574,0.761006236076355,0.002374417565578237,490,0.2630549669265747,0.4888569717926346,"[{'threshold': 0.1, 'micro_f1': 0.011386341657980787}, {'threshold': 0.2, 'micro_f1': 0.01154889315682898}, {'threshold': 0.3, 'micro_f1': 0.012136770810574612}, {'threshold': 0.4, 'micro_f1': 0.013480271079041277}, {'threshold': 0.5, 'micro_f1': 0.015173466283763927}, {'threshold': 0.6, 'micro_f1': 0.019768614909098713}, {'threshold': 0.7, 'micro_f1': 0.029424603495384217}, {'threshold': 0.8, 'micro_f1': 0.03306474020561267}, {'threshold': 0.9, 'micro_f1': 0.0008179959100204497}]"
12,0.5122386885316749,0.047834563431010876,0.16675621837908022,0.013555495957456148,0.09753874516445278,0.652492959565162,0.6004655442594352,24.409827676154574,0.7513178586959839,0.002754820936386825,490,0.2622402012348175,0.48854923881433704,"[{'threshold': 0.1, 'micro_f1': 0.011384956506907726}, {'threshold': 0.2, 'micro_f1': 0.011534301007884865}, {'threshold': 0.3, 'micro_f1': 0.012142284907706646}, {'threshold': 0.4, 'micro_f1': 0.013791767036741294}, {'threshold': 0.5, 'micro_f1': 0.015522462098116016}, {'threshold': 0.6, 'micro_f1': 0.020961849434030067}, {'threshold': 0.7, 'micro_f1': 0.032188841201716736}, {'threshold': 0.8, 'micro_f1': 0.04014012552911983}, {'threshold': 0.9, 'micro_f1': 0.007037880356033946}]"
13,0.5047290707889356,0.05093488072170075,0.17347160451670612,0.01476236970418796,0.10450129553602164,0.6597569420933556,0.6090161852805714,24.375163134121983,0.787423312664032,0.0029536643898679495,490,0.2615269720554352,0.4884417451454826,"[{'threshold': 0.1, 'micro_f1': 0.01138448534677032}, {'threshold': 0.2, 'micro_f1': 0.011519555569097022}, {'threshold': 0.3, 'micro_f1': 0.012129786269201422}, {'threshold': 0.4, 'micro_f1': 0.013692959165520876}, {'threshold': 0.5, 'micro_f1': 0.016173344277831434}, {'threshold': 0.6, 'micro_f1': 0.02150287994870264}, {'threshold': 0.7, 'micro_f1': 0.033767011144169995}, {'threshold': 0.8, 'micro_f1': 0.04469532941540364}, {'threshold': 0.9, 'micro_f1': 0.010447137484329292}]"
14,0.49739320497763784,0.0504260946220008,0.1728105805184453,0.01584420639060441,0.10298724033820002,0.6558976697273335,0.6114690128100727,24.303770768613894,0.7818416357040405,0.004535147391921563,490,0.26031601428985596,0.48703975157061535,"[{'threshold': 0.1, 'micro_f1': 0.011384556732163192}, {'threshold': 0.2, 'micro_f1': 0.011526030126237473}, {'threshold': 0.3, 'micro_f1': 0.012106761604581408}, {'threshold': 0.4, 'micro_f1': 0.01345170566354993}, {'threshold': 0.5, 'micro_f1': 0.01580470644114861}, {'threshold': 0.6, 'micro_f1': 0.021704522522926522}, {'threshold': 0.7, 'micro_f1': 0.034244157311304105}, {'threshold': 0.8, 'micro_f1': 0.04754236638294609}, {'threshold': 0.9, 'micro_f1': 0.01209341117597998}]"
15,0.49260294813858835,0.059781287970343704,0.178430122737994,0.019978816201315638,0.1098900968167245,0.6606043291305028,0.6145678606902755,24.182234377952128,0.8266347050666809,0.005891016199861791,490,0.25922855734825134,0.48666689928078033,"[{'threshold': 0.1, 'micro_f1': 0.011383543143478038}, {'threshold': 0.2, 'micro_f1': 0.011510714707050155}, {'threshold': 0.3, 'micro_f1': 0.01207154027324937}, {'threshold': 0.4, 'micro_f1': 0.013488301524394819}, {'threshold': 0.5, 'micro_f1': 0.01619543683333552}, {'threshold': 0.6, 'micro_f1': 0.022748662856093473}, {'threshold': 0.7, 'micro_f1': 0.036691077566880885}, {'threshold': 0.8, 'micro_f1': 0.05919132972071696}, {'threshold': 0.9, 'micro_f1': 0.01887188089746278}]"
16,0.48698278508688275,0.07045227247421945,0.1857258098591875,0.02106455334993921,0.11435381275793224,0.6715070749387444,0.623792460815942,24.208833876828308,0.8249024748802185,0.003980099502151234,490,0.25935330986976624,0.4863639123980677,"[{'threshold': 0.1, 'micro_f1': 0.011383543143478038}, {'threshold': 0.2, 'micro_f1': 0.011522027592424464}, {'threshold': 0.3, 'micro_f1': 0.01214000584831113}, {'threshold': 0.4, 'micro_f1': 0.013632214899977391}, {'threshold': 0.5, 'micro_f1': 0.01654588799949478}, {'threshold': 0.6, 'micro_f1': 0.023309521922724237}, {'threshold': 0.7, 'micro_f1': 0.03555299663541985}, {'threshold': 0.8, 'micro_f1': 0.06495861253448955}, {'threshold': 0.9, 'micro_f1': 0.02145657107489168}]"
17,0.48112574533412333,0.07616104698670062,0.18897020498555936,0.025199754082382456,0.11708683366300084,0.6754040403836818,0.6288703940096828,24.066309881131467,0.8057209253311157,0.012461059189588805,490,0.25836387276649475,0.4860391687574227,"[{'threshold': 0.1, 'micro_f1': 0.011382544007362667}, {'threshold': 0.2, 'micro_f1': 0.011497881068555007}, {'threshold': 0.3, 'micro_f1': 0.012087553529530429}, {'threshold': 0.4, 'micro_f1': 0.013670825223757524}, {'threshold': 0.5, 'micro_f1': 0.016578581950464886}, {'threshold': 0.6, 'micro_f1': 0.02344535130268088}, {'threshold': 0.7, 'micro_f1': 0.03993546550251495}, {'threshold': 0.8, 'micro_f1': 0.0740428402766065}, {'threshold': 0.9, 'micro_f1': 0.024660397074190172}]"
18,0.47518101271830104,0.08581818181768344,0.19405450836457727,0.028037371602080113,0.12327012876555013,0.6783013947059908,0.6318401022442178,23.96892778127977,0.816612184047699,0.011560693641147968,490,0.25738486647605896,0.4848985683905856,"[{'threshold': 0.1, 'micro_f1': 0.01138251546319365}, {'threshold': 0.2, 'micro_f1': 0.01150816610331212}, {'threshold': 0.3, 'micro_f1': 0.012127760952519287}, {'threshold': 0.4, 'micro_f1': 0.013454154816630998}, {'threshold': 0.5, 'micro_f1': 0.016906984974229752}, {'threshold': 0.6, 'micro_f1': 0.023800289129438313}, {'threshold': 0.7, 'micro_f1': 0.04038949721517069}, {'threshold': 0.8, 'micro_f1': 0.07874408173436331}, {'threshold': 0.9, 'micro_f1': 0.022869022869022863}]"
19,0.4714844110764955,0.09764138980422864,0.20049042086320457,0.033023466889745764,0.12796733590039536,0.6893101118892967,0.6408194758128015,23.825109339647785,0.8279263973236084,0.007984031935637787,490,0.25750532746315,0.48563836971106333,"[{'threshold': 0.1, 'micro_f1': 0.01138217294433167}, {'threshold': 0.2, 'micro_f1': 0.011495796445602105}, {'threshold': 0.3, 'micro_f1': 0.012100401725772857}, {'threshold': 0.4, 'micro_f1': 0.0137298705360039}, {'threshold': 0.5, 'micro_f1': 0.017246220931772784}, {'threshold': 0.6, 'micro_f1': 0.024657924743443558}, {'threshold': 0.7, 'micro_f1': 0.041278295605858856}, {'threshold': 0.8, 'micro_f1': 0.08575478384124732}, {'threshold': 0.9, 'micro_f1': 0.03207665069777129}]"
20,0.46586598283366154,0.10242137489516505,0.20308727123015527,0.03728845113365779,0.13070618632072625,0.6878745061037941,0.6407352351767228,23.74960851110888,0.8381807208061218,0.010869565216905496,490,0.2568264901638031,0.4847221686446873,"[{'threshold': 0.1, 'micro_f1': 0.01138237274449595}, {'threshold': 0.2, 'micro_f1': 0.011494442240744565}, {'threshold': 0.3, 'micro_f1': 0.012113893341420092}, {'threshold': 0.4, 'micro_f1': 0.013591677772891225}, {'threshold': 0.5, 'micro_f1': 0.017198111998633123}, {'threshold': 0.6, 'micro_f1': 0.02482128082570937}, {'threshold': 0.7, 'micro_f1': 0.040870827285921625}, {'threshold': 0.8, 'micro_f1': 0.0899145299145299}, {'threshold': 0.9, 'micro_f1': 0.04250051578295852}]"
21,0.46279193633481075,0.10914021014524657,0.20965477990898532,0.04126516237534111,0.13652730101974378,0.6930183110822205,0.6466129378506293,23.563317369223213,0.8166761994361877,0.01269841269797934,490,0.2550038993358612,0.48350247144521,"[{'threshold': 0.1, 'micro_f1': 0.011381773365045493}, {'threshold': 0.2, 'micro_f1': 0.01148093999405067}, {'threshold': 0.3, 'micro_f1': 0.01203608125704185}, {'threshold': 0.4, 'micro_f1': 0.013598338573942634}, {'threshold': 0.5, 'micro_f1': 0.01756099667021053}, {'threshold': 0.6, 'micro_f1': 0.025222551928783383}, {'threshold': 0.7, 'micro_f1': 0.04445363382611393}, {'threshold': 0.8, 'micro_f1': 0.09660786974219808}, {'threshold': 0.9, 'micro_f1': 0.04089219330855018}]"
22,0.45917860740109495,0.11551983927625513,0.2143915254845287,0.04834095374610313,0.13991222381825782,0.6973801887017004,0.6523094178453862,23.469120771374406,0.8241303563117981,0.01398601398564074,490,0.2541891634464264,0.48289738235013474,"[{'threshold': 0.1, 'micro_f1': 0.011381659204688071}, {'threshold': 0.2, 'micro_f1': 0.011480271526774853}, {'threshold': 0.3, 'micro_f1': 0.012064930182671721}, {'threshold': 0.4, 'micro_f1': 0.013623082481056339}, {'threshold': 0.5, 'micro_f1': 0.01766758583664804}, {'threshold': 0.6, 'micro_f1': 0.02642933857565461}, {'threshold': 0.7, 'micro_f1': 0.04756478433358656}, {'threshold': 0.8, 'micro_f1': 0.10165725395796683}, {'threshold': 0.9, 'micro_f1': 0.044019933554817266}]"
23,0.45529538800841884,0.12077688917865956,0.21754254979132112,0.05386590856535606,0.14443704689879733,0.7032949604143839,0.6553446620814996,23.3246506719761,0.8521214127540588,0.014320987654220452,490,0.25501197576522827,0.48367228159442516,"[{'threshold': 0.1, 'micro_f1': 0.011381644934804412}, {'threshold': 0.2, 'micro_f1': 0.011475681550469592}, {'threshold': 0.3, 'micro_f1': 0.01200025876568767}, {'threshold': 0.4, 'micro_f1': 0.013796091829507104}, {'threshold': 0.5, 'micro_f1': 0.017973953137217894}, {'threshold': 0.6, 'micro_f1': 0.02614419481442566}, {'threshold': 0.7, 'micro_f1': 0.0462046204620462}, {'threshold': 0.8, 'micro_f1': 0.10564464981426111}, {'threshold': 0.9, 'micro_f1': 0.053475935828877}]"
24,0.4524104733216135,0.12923163365595028,0.2199715917026485,0.056497302677652614,0.1465323864333128,0.7048280982026192,0.6553206099036893,23.196110054844397,0.8308368921279907,0.017008797653840793,490,0.2521766722202301,0.48120858383530263,"[{'threshold': 0.1, 'micro_f1': 0.011381445160190268}, {'threshold': 0.2, 'micro_f1': 0.011473402452044467}, {'threshold': 0.3, 'micro_f1': 0.012059104165431286}, {'threshold': 0.4, 'micro_f1': 0.01363094451810966}, {'threshold': 0.5, 'micro_f1': 0.018178819778467966}, {'threshold': 0.6, 'micro_f1': 0.02802776728617757}, {'threshold': 0.7, 'micro_f1': 0.05062736768344757}, {'threshold': 0.8, 'micro_f1': 0.11165750650853339}, {'threshold': 0.9, 'micro_f1': 0.05842137973896829}]"
25,0.44843381862891346,0.1341007194240073,0.22546946556659378,0.06396347023346914,0.1533605591764677,0.7071989200265041,0.6597278405856138,23.162149780487812,0.8342731595039368,0.02269503546085205,490,0.2524660527706146,0.48150604972519934,"[{'threshold': 0.1, 'micro_f1': 0.011381216854932739}, {'threshold': 0.2, 'micro_f1': 0.011469383574375854}, {'threshold': 0.3, 'micro_f1': 0.01208105949059636}, {'threshold': 0.4, 'micro_f1': 0.013729954166624878}, {'threshold': 0.5, 'micro_f1': 0.018156455262406362}, {'threshold': 0.6, 'micro_f1': 0.02764513048191838}, {'threshold': 0.7, 'micro_f1': 0.049817581653926336}, {'threshold': 0.8, 'micro_f1': 0.11702332754964331}, {'threshold': 0.9, 'micro_f1': 0.07022587268993838}]"
26,0.44408968122381914,0.14652767581808426,0.22554179278525596,0.0724630184304864,0.15407504374266567,0.7099239391868277,0.6616795036970462,22.76472218127621,0.8369209170341492,0.022354173943277083,490,0.25091856718063354,0.48010679012274815,"[{'threshold': 0.1, 'micro_f1': 0.011381302468330943}, {'threshold': 0.2, 'micro_f1': 0.011467527426608457}, {'threshold': 0.3, 'micro_f1': 0.012024614903896013}, {'threshold': 0.4, 'micro_f1': 0.013613494124570177}, {'threshold': 0.5, 'micro_f1': 0.018504724847137298}, {'threshold': 0.6, 'micro_f1': 0.02853146114864865}, {'threshold': 0.7, 'micro_f1': 0.053078366544544724}, {'threshold': 0.8, 'micro_f1': 0.12297546309766266}, {'threshold': 0.9, 'micro_f1': 0.08068810157689943}]"
27,0.44117145412846615,0.15007751937942798,0.23040109884960003,0.0726370039129633,0.16316451395204304,0.7083379030072059,0.665618144972978,22.962324090089773,0.842694878578186,0.02729411764687694,490,0.24943366646766663,0.4784778638743494,"[{'threshold': 0.1, 'micro_f1': 0.011381302468330943}, {'threshold': 0.2, 'micro_f1': 0.011475028213134416}, {'threshold': 0.3, 'micro_f1': 0.012004808406607507}, {'threshold': 0.4, 'micro_f1': 0.013705634294797698}, {'threshold': 0.5, 'micro_f1': 0.018373764600179695}, {'threshold': 0.6, 'micro_f1': 0.028496035129890622}, {'threshold': 0.7, 'micro_f1': 0.05146007759852971}, {'threshold': 0.8, 'micro_f1': 0.12623544378119186}, {'threshold': 0.9, 'micro_f1': 0.08179959100204498}]"
28,0.438010068943626,0.15545992469021833,0.23431681757618622,0.08063318458089985,0.16418941696156816,0.7139980339583912,0.6683224829876094,22.603729134409832,0.8255164623260498,0.023121387283093715,490,0.2488938868045807,0.47841798522463047,"[{'threshold': 0.1, 'micro_f1': 0.011381002827072193}, {'threshold': 0.2, 'micro_f1': 0.011467365273623164}, {'threshold': 0.3, 'micro_f1': 0.01199773292389544}, {'threshold': 0.4, 'micro_f1': 0.013824931228020677}, {'threshold': 0.5, 'micro_f1': 0.018796313030905475}, {'threshold': 0.6, 'micro_f1': 0.029410145605681098}, {'threshold': 0.7, 'micro_f1': 0.0547887323943662}, {'threshold': 0.8, 'micro_f1': 0.13251558415443393}, {'threshold': 0.9, 'micro_f1': 0.08215239268843703}]"
29,0.4359864316488567,0.15828877005305084,0.2399695473081304,0.08174759897771348,0.17022165658295232,0.7213702835407665,0.6716454764558374,22.497497150344287,0.8395819067955017,0.02908726178516367,490,0.24767830967903137,0.4769658393426418,"[{'threshold': 0.1, 'micro_f1': 0.011381188317419562}, {'threshold': 0.2, 'micro_f1': 0.011476038047732933}, {'threshold': 0.3, 'micro_f1': 0.012078919570227125}, {'threshold': 0.4, 'micro_f1': 0.013830524518670026}, {'threshold': 0.5, 'micro_f1': 0.019102741385946656}, {'threshold': 0.6, 'micro_f1': 0.03049204959782751}, {'threshold': 0.7, 'micro_f1': 0.05760601433102314}, {'threshold': 0.8, 'micro_f1': 0.13188780584841853}, {'threshold': 0.9, 'micro_f1': 0.08585961342828076}]"
30,0.4315649936073705,0.16727914155475218,0.2415499546592708,0.08896844025361642,0.17401404640108728,0.7262683673286634,0.6791642220088141,22.189725084307202,0.8363297581672668,0.029677419354599766,490,0.2470543086528778,0.47661086588935025,"[{'threshold': 0.1, 'micro_f1': 0.01138098855883437}, {'threshold': 0.2, 'micro_f1': 0.011463585106692232}, {'threshold': 0.3, 'micro_f1': 0.011999719557115969}, {'threshold': 0.4, 'micro_f1': 0.013919326032924494}, {'threshold': 0.5, 'micro_f1': 0.019139469278227565}, {'threshold': 0.6, 'micro_f1': 0.030828109720492745}, {'threshold': 0.7, 'micro_f1': 0.06054958183990442}, {'threshold': 0.8, 'micro_f1': 0.14058220914900088}, {'threshold': 0.9, 'micro_f1': 0.08654827515819553}]"
31,0.4293479888062728,0.17369955500955114,0.24708772136662097,0.0972861967301826,0.18010828756741099,0.7245146244985309,0.6775722829322588,21.840049470003418,0.8405776023864746,0.03718768158025782,490,0.24550387263298035,0.475256717349132,"[{'threshold': 0.1, 'micro_f1': 0.011380831610579486}, {'threshold': 0.2, 'micro_f1': 0.011467234847048773}, {'threshold': 0.3, 'micro_f1': 0.011990720856933978}, {'threshold': 0.4, 'micro_f1': 0.013906874993660251}, {'threshold': 0.5, 'micro_f1': 0.019268260698518162}, {'threshold': 0.6, 'micro_f1': 0.03182500598350728}, {'threshold': 0.7, 'micro_f1': 0.06084274414208248}, {'threshold': 0.8, 'micro_f1': 0.1430897618562996}, {'threshold': 0.9, 'micro_f1': 0.09274770173646577}]"
32,0.4268578043109492,0.17296416938072198,0.2493194616052732,0.09479807292154926,0.1798276247879261,0.7301145012755939,0.6839066482557485,22.15293589993516,0.8562694191932678,0.04528853177475349,490,0.24636811017990112,0.47572766834879987,"[{'threshold': 0.1, 'micro_f1': 0.01138114551141813}, {'threshold': 0.2, 'micro_f1': 0.011468063907587887}, {'threshold': 0.3, 'micro_f1': 0.012038688063975792}, {'threshold': 0.4, 'micro_f1': 0.014090460758066789}, {'threshold': 0.5, 'micro_f1': 0.01949748452292926}, {'threshold': 0.6, 'micro_f1': 0.03158422341920044}, {'threshold': 0.7, 'micro_f1': 0.060096718155781964}, {'threshold': 0.8, 'micro_f1': 0.13818392357425455}, {'threshold': 0.9, 'micro_f1': 0.09649300628420837}]"
33,0.42388004754718983,0.18477359429387236,0.25251419330246416,0.1050031098211182,0.18442099505426485,0.7293587071701305,0.6844051824965972,21.673239065264067,0.8472223877906799,0.04161412358110233,490,0.24271291494369507,0.4730796879224396,"[{'threshold': 0.1, 'micro_f1': 0.011380489193048349}, {'threshold': 0.2, 'micro_f1': 0.011454134861897771}, {'threshold': 0.3, 'micro_f1': 0.012005266410511325}, {'threshold': 0.4, 'micro_f1': 0.013862441922461726}, {'threshold': 0.5, 'micro_f1': 0.019558765688132442}, {'threshold': 0.6, 'micro_f1': 0.03431687961516071}, {'threshold': 0.7, 'micro_f1': 0.0667252940529845}, {'threshold': 0.8, 'micro_f1': 0.16021541568495454}, {'threshold': 0.9, 'micro_f1': 0.09117043121149895}]"
34,0.41951418864099604,0.18898708361623467,0.2541063426890476,0.1085502231341604,0.18499511687022085,0.7388456484728122,0.6895765871119164,21.508046057704306,0.858244001865387,0.05389797882546581,490,0.2437058538198471,0.47396621504399084,"[{'threshold': 0.1, 'micro_f1': 0.011380531994112913}, {'threshold': 0.2, 'micro_f1': 0.011456998377535495}, {'threshold': 0.3, 'micro_f1': 0.012007672015945759}, {'threshold': 0.4, 'micro_f1': 0.014031837054869555}, {'threshold': 0.5, 'micro_f1': 0.019886960199461123}, {'threshold': 0.6, 'micro_f1': 0.03401023609047383}, {'threshold': 0.7, 'micro_f1': 0.0650453682211437}, {'threshold': 0.8, 'micro_f1': 0.15966744830526536}, {'threshold': 0.9, 'micro_f1': 0.1008574928542262}]"
35,0.41743262096455225,0.19007092198550138,0.25819413991104634,0.11445869949506646,0.1887300593876548,0.7375346515799407,0.6956711447513466,21.23612303769273,0.8666839599609375,0.04231311706603328,490,0.2408079355955124,0.47084620751801515,"[{'threshold': 0.1, 'micro_f1': 0.01138051772705562}, {'threshold': 0.2, 'micro_f1': 0.011464597968363067}, {'threshold': 0.3, 'micro_f1': 0.012006844872481213}, {'threshold': 0.4, 'micro_f1': 0.014127030311328666}, {'threshold': 0.5, 'micro_f1': 0.020264852387316245}, {'threshold': 0.6, 'micro_f1': 0.03497215123008444}, {'threshold': 0.7, 'micro_f1': 0.06561024583491616}, {'threshold': 0.8, 'micro_f1': 0.16225596529284161}, {'threshold': 0.9, 'micro_f1': 0.11664984863773964}]"
36,0.4152565272230851,0.19330364505982486,0.26074750787379086,0.11519810220926832,0.1928079114702916,0.7447466215281958,0.6957692905019089,21.449990710606414,0.8485608100891113,0.06068601583072818,490,0.24086405336856842,0.4713059585524147,"[{'threshold': 0.1, 'micro_f1': 0.011380531994112913}, {'threshold': 0.2, 'micro_f1': 0.011457114105230197}, {'threshold': 0.3, 'micro_f1': 0.012031086132250518}, {'threshold': 0.4, 'micro_f1': 0.014088773912451493}, {'threshold': 0.5, 'micro_f1': 0.020647546323651955}, {'threshold': 0.6, 'micro_f1': 0.03584324845104843}, {'threshold': 0.7, 'micro_f1': 0.06888381145806888}, {'threshold': 0.8, 'micro_f1': 0.16920663379650377}, {'threshold': 0.9, 'micro_f1': 0.10367346938775508}]"
37,0.4122156042801706,0.19340659340623642,0.25887036069241043,0.1150500688157469,0.19032831131608705,0.7434851082808441,0.6931424023216494,21.35659437995667,0.8543118834495544,0.05932203389795332,490,0.2396179437637329,0.4700734676408237,"[{'threshold': 0.1, 'micro_f1': 0.011380560528334813}, {'threshold': 0.2, 'micro_f1': 0.011453151762465115}, {'threshold': 0.3, 'micro_f1': 0.011990346413181583}, {'threshold': 0.4, 'micro_f1': 0.014215539703558157}, {'threshold': 0.5, 'micro_f1': 0.0206183025188847}, {'threshold': 0.6, 'micro_f1': 0.036166191498222124}, {'threshold': 0.7, 'micro_f1': 0.07102175646428978}, {'threshold': 0.8, 'micro_f1': 0.1688224799286351}, {'threshold': 0.9, 'micro_f1': 0.1112690355329949}]"
38,0.40947043268304123,0.20286588311021675,0.26496977992897036,0.12443089008542729,0.1982190173221454,0.7402537498268137,0.6954905397725515,21.045972791246623,0.843574583530426,0.06094808126374079,490,0.23804053664207458,0.4687116600288381,"[{'threshold': 0.1, 'micro_f1': 0.01138066039923828}, {'threshold': 0.2, 'micro_f1': 0.011452588002170867}, {'threshold': 0.3, 'micro_f1': 0.011962066385169402}, {'threshold': 0.4, 'micro_f1': 0.014143598763932284}, {'threshold': 0.5, 'micro_f1': 0.02060863287317596}, {'threshold': 0.6, 'micro_f1': 0.03641163126417818}, {'threshold': 0.7, 'micro_f1': 0.07168416030534351}, {'threshold': 0.8, 'micro_f1': 0.17767653758542137}, {'threshold': 0.9, 'micro_f1': 0.12204485754697916}]"
39,0.40836384233675505,0.20100322465035897,0.26691162793299006,0.1294949973401873,0.19717421049361875,0.745023133815188,0.6963428916463846,20.86352306682258,0.8623764514923096,0.06179196704393945,490,0.23769812285900116,0.4687568044101411,"[{'threshold': 0.1, 'micro_f1': 0.01138047492609837}, {'threshold': 0.2, 'micro_f1': 0.011446274788803994}, {'threshold': 0.3, 'micro_f1': 0.011917375715738214}, {'threshold': 0.4, 'micro_f1': 0.014050517144185556}, {'threshold': 0.5, 'micro_f1': 0.021078306568975975}, {'threshold': 0.6, 'micro_f1': 0.037708533239062}, {'threshold': 0.7, 'micro_f1': 0.07473189318747503}, {'threshold': 0.8, 'micro_f1': 0.17605961807172796}, {'threshold': 0.9, 'micro_f1': 0.14339924106251245}]"
40,0.40405740110497723,0.2025171624709404,0.27463179216950295,0.12784073069899338,0.20457426037944396,0.7461262588914648,0.7005924447146292,20.81158337309487,0.8291518688201904,0.06271777003446849,490,0.23499822616577148,0.46538366741734305,"[{'threshold': 0.1, 'micro_f1': 0.011380646131859039}, {'threshold': 0.2, 'micro_f1': 0.011458560898702735}, {'threshold': 0.3, 'micro_f1': 0.011943156078092978}, {'threshold': 0.4, 'micro_f1': 0.014359338530543619}, {'threshold': 0.5, 'micro_f1': 0.02132477765214842}, {'threshold': 0.6, 'micro_f1': 0.03823664785803174}, {'threshold': 0.7, 'micro_f1': 0.07320475497331393}, {'threshold': 0.8, 'micro_f1': 0.180091533180778}, {'threshold': 0.9, 'micro_f1': 0.1459767853629746}]"
41,0.4021791511460354,0.21016339379359897,0.27263891000953333,0.13197277894462703,0.2004764844527533,0.7523296481428903,0.701350929489823,20.748858338025713,0.834125816822052,0.07168458781323829,490,0.23519429564476013,0.46612146320261916,"[{'threshold': 0.1, 'micro_f1': 0.011380489193048349}, {'threshold': 0.2, 'micro_f1': 0.011447068975087423}, {'threshold': 0.3, 'micro_f1': 0.011935348407256198}, {'threshold': 0.4, 'micro_f1': 0.014343866427487237}, {'threshold': 0.5, 'micro_f1': 0.0213935072669038}, {'threshold': 0.6, 'micro_f1': 0.03962176085190243}, {'threshold': 0.7, 'micro_f1': 0.07634412016894788}, {'threshold': 0.8, 'micro_f1': 0.18570584760779676}, {'threshold': 0.9, 'micro_f1': 0.14063745019920315}]"
42,0.39763149493619016,0.21380773624900393,0.2794793290000878,0.13279416370368669,0.20792218116636108,0.7507324064903501,0.7047840284649132,20.789134569998932,0.8447458148002625,0.0826666666662577,490,0.2321757823228836,0.4629984482371351,"[{'threshold': 0.1, 'micro_f1': 0.01138066039923828}, {'threshold': 0.2, 'micro_f1': 0.011453869025083418}, {'threshold': 0.3, 'micro_f1': 0.0118896662637107}, {'threshold': 0.4, 'micro_f1': 0.01435087523225437}, {'threshold': 0.5, 'micro_f1': 0.021799632023274194}, {'threshold': 0.6, 'micro_f1': 0.04088276556710673}, {'threshold': 0.7, 'micro_f1': 0.08099460035997601}, {'threshold': 0.8, 'micro_f1': 0.18865196964221173}, {'threshold': 0.9, 'micro_f1': 0.1413259229853116}]"
43,0.3958264332068594,0.2218332272433926,0.2828096196269725,0.13768182893027014,0.21198423308510184,0.7501591422002618,0.70209769969831,20.60376643239891,0.8410837054252625,0.08959537572211501,490,0.2314685881137848,0.4623681237038687,"[{'threshold': 0.1, 'micro_f1': 0.01138043212546306}, {'threshold': 0.2, 'micro_f1': 0.011449654453617796}, {'threshold': 0.3, 'micro_f1': 0.011939536102914984}, {'threshold': 0.4, 'micro_f1': 0.014345010791964137}, {'threshold': 0.5, 'micro_f1': 0.02193214283324747}, {'threshold': 0.6, 'micro_f1': 0.04088851419460074}, {'threshold': 0.7, 'micro_f1': 0.07850492787231866}, {'threshold': 0.8, 'micro_f1': 0.1931735657225853}, {'threshold': 0.9, 'micro_f1': 0.16463174478140996}]"
44,0.39371673307920757,0.21995537137352403,0.28101979884240136,0.13767202089917757,0.20704336869590748,0.7593577416803476,0.7041385602067575,20.69526618388445,0.8440595269203186,0.08695652173865484,490,0.23114249110221863,0.46203832613364315,"[{'threshold': 0.1, 'micro_f1': 0.011380674666653294}, {'threshold': 0.2, 'micro_f1': 0.011454019194381295}, {'threshold': 0.3, 'micro_f1': 0.0119081898744056}, {'threshold': 0.4, 'micro_f1': 0.014419446852540619}, {'threshold': 0.5, 'micro_f1': 0.02225014062115818}, {'threshold': 0.6, 'micro_f1': 0.041771371238689604}, {'threshold': 0.7, 'micro_f1': 0.08330772645020315}, {'threshold': 0.8, 'micro_f1': 0.19016161377845933}, {'threshold': 0.9, 'micro_f1': 0.1569169960474308}]"
45,0.38917639914311863,0.22503701266617873,0.28613669776720424,0.14372389151546994,0.21688804210617274,0.7576854659877091,0.7063140223723604,20.433643863723248,0.8476007580757141,0.09976247030828883,490,0.2288067638874054,0.45977795655951653,"[{'threshold': 0.1, 'micro_f1': 0.011380460659184162}, {'threshold': 0.2, 'micro_f1': 0.01144979892820595}, {'threshold': 0.3, 'micro_f1': 0.011867840545049533}, {'threshold': 0.4, 'micro_f1': 0.014538067198882664}, {'threshold': 0.5, 'micro_f1': 0.022647884593414734}, {'threshold': 0.6, 'micro_f1': 0.04310881623190627}, {'threshold': 0.7, 'micro_f1': 0.08436724565756824}, {'threshold': 0.8, 'micro_f1': 0.1992002908033442}, {'threshold': 0.9, 'micro_f1': 0.16260801256873525}]"
46,0.38663778179570246,0.22981892029072523,0.2863288462438941,0.14689421825731713,0.21799786017404776,0.7578598648305757,0.7052200869549702,20.299268884353456,0.8516021370887756,0.1115384615379765,490,0.22632957994937897,0.45734652204606446,"[{'threshold': 0.1, 'micro_f1': 0.01138051772705562}, {'threshold': 0.2, 'micro_f1': 0.011451041560188639}, {'threshold': 0.3, 'micro_f1': 0.011946496263694296}, {'threshold': 0.4, 'micro_f1': 0.014592495846327443}, {'threshold': 0.5, 'micro_f1': 0.023111294083409343}, {'threshold': 0.6, 'micro_f1': 0.04458611535676937}, {'threshold': 0.7, 'micro_f1': 0.08756488377341458}, {'threshold': 0.8, 'micro_f1': 0.1995597945707997}, {'threshold': 0.9, 'micro_f1': 0.17175273865414709}]"
47,0.382939833088925,0.23399339933955798,0.2914501382752601,0.1476185965646785,0.21851479082217906,0.7598679812261641,0.7089049587395487,20.266185468250747,0.8503789305686951,0.1202404809614334,490,0.22524656355381012,0.45598886211216705,"[{'threshold': 0.1, 'micro_f1': 0.011380860146303854}, {'threshold': 0.2, 'micro_f1': 0.011455450744339185}, {'threshold': 0.3, 'micro_f1': 0.011930875389534178}, {'threshold': 0.4, 'micro_f1': 0.014705089836494347}, {'threshold': 0.5, 'micro_f1': 0.023035994639784153}, {'threshold': 0.6, 'micro_f1': 0.045848510226114685}, {'threshold': 0.7, 'micro_f1': 0.09138110072689512}, {'threshold': 0.8, 'micro_f1': 0.20499757399320714}, {'threshold': 0.9, 'micro_f1': 0.17841282100791656}]"
48,0.37995733273656745,0.2361477572555602,0.2938806984310695,0.15003928822817164,0.22086993608838673,0.770355069719645,0.7140510134627431,20.276455715786042,0.847607433795929,0.1366742596805936,490,0.22592633962631226,0.4572195497858509,"[{'threshold': 0.1, 'micro_f1': 0.011380760271894611}, {'threshold': 0.2, 'micro_f1': 0.011447256707948614}, {'threshold': 0.3, 'micro_f1': 0.011869213289011587}, {'threshold': 0.4, 'micro_f1': 0.014692150102788243}, {'threshold': 0.5, 'micro_f1': 0.023528566295364713}, {'threshold': 0.6, 'micro_f1': 0.04698206213822585}, {'threshold': 0.7, 'micro_f1': 0.09412921029750879}, {'threshold': 0.8, 'micro_f1': 0.21003095975232194}, {'threshold': 0.9, 'micro_f1': 0.17087378640776696}]"
49,0.3776797658518741,0.2368820651253373,0.2977333650988976,0.152740633812216,0.22717720714874942,0.7659381687110847,0.7115727967354957,20.04238630292744,0.8505373001098633,0.12875536480636993,490,0.22096878290176392,0.45182202941350613,"[{'threshold': 0.1, 'micro_f1': 0.011380617597207874}, {'threshold': 0.2, 'micro_f1': 0.011451287228672388}, {'threshold': 0.3, 'micro_f1': 0.011895944883111347}, {'threshold': 0.4, 'micro_f1': 0.014872715440496342}, {'threshold': 0.5, 'micro_f1': 0.024222865478070937}, {'threshold': 0.6, 'micro_f1': 0.04970591752644568}, {'threshold': 0.7, 'micro_f1': 0.09659975419909873}, {'threshold': 0.8, 'micro_f1': 0.2142489711934156}, {'threshold': 0.9, 'micro_f1': 0.17932367149758452}]"
50,0.3737592615579304,0.23186463394166948,0.295624660178249,0.1524814916356911,0.2215031565570922,0.7675966866708563,0.7103807226067234,20.226534744815954,0.8468003869056702,0.09219190968923516,490,0.22000692784786224,0.4509683577026996,"[{'threshold': 0.1, 'micro_f1': 0.011380546261205977}, {'threshold': 0.2, 'micro_f1': 0.011450232373847437}, {'threshold': 0.3, 'micro_f1': 0.011929169042391009}, {'threshold': 0.4, 'micro_f1': 0.01488290333803307}, {'threshold': 0.5, 'micro_f1': 0.0244845608254707}, {'threshold': 0.6, 'micro_f1': 0.05061717431844419}, {'threshold': 0.7, 'micro_f1': 0.10655840622776545}, {'threshold': 0.8, 'micro_f1': 0.21685189971568877}, {'threshold': 0.9, 'micro_f1': 0.17028772753963592}]"
51,0.37045601418143825,0.23623114726282066,0.3046123848441606,0.15637250956426926,0.22869653536134288,0.7756453539988054,0.7124237078036125,20.03728365533936,0.8513011336326599,0.11085972850641922,490,0.220096156001091,0.4510377881091118,"[{'threshold': 0.1, 'micro_f1': 0.0113805890626998}, {'threshold': 0.2, 'micro_f1': 0.011441748632225364}, {'threshold': 0.3, 'micro_f1': 0.011925733733194057}, {'threshold': 0.4, 'micro_f1': 0.014958794486353542}, {'threshold': 0.5, 'micro_f1': 0.024755490685085795}, {'threshold': 0.6, 'micro_f1': 0.0524043373652813}, {'threshold': 0.7, 'micro_f1': 0.10390251934793347}, {'threshold': 0.8, 'micro_f1': 0.22202212503215846}, {'threshold': 0.9, 'micro_f1': 0.18304431599229284}]"
52,0.3674221672509846,0.2393495934955483,0.3061502051145627,0.15618296295340756,0.233529376087961,0.776792183576092,0.7139085650383451,20.08853919507938,0.838938295841217,0.13172043010711595,490,0.21691788733005524,0.4478294343532168,"[{'threshold': 0.1, 'micro_f1': 0.011380774539560039}, {'threshold': 0.2, 'micro_f1': 0.011443480937835529}, {'threshold': 0.3, 'micro_f1': 0.011908937368810131}, {'threshold': 0.4, 'micro_f1': 0.01502877037163981}, {'threshold': 0.5, 'micro_f1': 0.025657651350308487}, {'threshold': 0.6, 'micro_f1': 0.05373672986337325}, {'threshold': 0.7, 'micro_f1': 0.11330744793505118}, {'threshold': 0.8, 'micro_f1': 0.2267334563669918}, {'threshold': 0.9, 'micro_f1': 0.15730337078651682}]"
53,0.36389997570138227,0.24350247524710653,0.30243082044938624,0.15874593200563425,0.23048833241513386,0.7787464752634342,0.7130765275412162,20.085202463570845,0.8309389352798462,0.15146831530094731,490,0.21683304011821747,0.44762744430073564,"[{'threshold': 0.1, 'micro_f1': 0.011381216854932739}, {'threshold': 0.2, 'micro_f1': 0.011453639908673954}, {'threshold': 0.3, 'micro_f1': 0.01193227118552452}, {'threshold': 0.4, 'micro_f1': 0.015022134647940836}, {'threshold': 0.5, 'micro_f1': 0.025813871761285582}, {'threshold': 0.6, 'micro_f1': 0.05567721194613987}, {'threshold': 0.7, 'micro_f1': 0.11367473269555431}, {'threshold': 0.8, 'micro_f1': 0.2284250960307298}, {'threshold': 0.9, 'micro_f1': 0.16568972254787023}]"
54,0.36055558606197957,0.24454725710471423,0.3081073461639312,0.1611898001209475,0.2353258506700168,0.784181953145697,0.716306522400688,19.89035545356162,0.8522543907165527,0.17757009345744396,490,0.2153208702802658,0.4454114079341778,"[{'threshold': 0.1, 'micro_f1': 0.011381502237935834}, {'threshold': 0.2, 'micro_f1': 0.011446609867488241}, {'threshold': 0.3, 'micro_f1': 0.011969204941684478}, {'threshold': 0.4, 'micro_f1': 0.015293557902750023}, {'threshold': 0.5, 'micro_f1': 0.026343515240567238}, {'threshold': 0.6, 'micro_f1': 0.055965193496679645}, {'threshold': 0.7, 'micro_f1': 0.11168185584092792}, {'threshold': 0.8, 'micro_f1': 0.21771901643395525}, {'threshold': 0.9, 'micro_f1': 0.1914367269267364}]"
55,0.357653608447627,0.24785658612585273,0.30390981590786215,0.1649971738459586,0.2277982172746613,0.7795276630494354,0.7146577211965747,19.863118659911194,0.8264466524124146,0.16039279869021494,490,0.21174736320972443,0.4423760443419783,"[{'threshold': 0.1, 'micro_f1': 0.01138078880726124}, {'threshold': 0.2, 'micro_f1': 0.011443322121316877}, {'threshold': 0.3, 'micro_f1': 0.011938916290839475}, {'threshold': 0.4, 'micro_f1': 0.015302780280429308}, {'threshold': 0.5, 'micro_f1': 0.02708822720250566}, {'threshold': 0.6, 'micro_f1': 0.058774245963237534}, {'threshold': 0.7, 'micro_f1': 0.12171895393242133}, {'threshold': 0.8, 'micro_f1': 0.23064384678076608}, {'threshold': 0.9, 'micro_f1': 0.17437097717963718}]"
56,0.35510780717197216,0.25105386416820535,0.3126887836492497,0.16869929986471494,0.23861418167903037,0.7863183165182422,0.7181485084751239,19.906068937517343,0.82890385389328,0.15730337078606485,490,0.21111977100372314,0.44156680592946196,"[{'threshold': 0.1, 'micro_f1': 0.011381074168797954}, {'threshold': 0.2, 'micro_f1': 0.011453050570633035}, {'threshold': 0.3, 'micro_f1': 0.01195942802027785}, {'threshold': 0.4, 'micro_f1': 0.015489971335628287}, {'threshold': 0.5, 'micro_f1': 0.02800595073169276}, {'threshold': 0.6, 'micro_f1': 0.06009063098970564}, {'threshold': 0.7, 'micro_f1': 0.12133573664737692}, {'threshold': 0.8, 'micro_f1': 0.23410749834107494}, {'threshold': 0.9, 'micro_f1': 0.18382780686445604}]"
57,0.35083159365152056,0.25432383462324315,0.3114052329750062,0.17074891341400814,0.2423005504219271,0.7883984553067441,0.7187084194207641,19.772825731516146,0.8472520112991333,0.20289855072414373,490,0.2092539221048355,0.43911082451159306,"[{'threshold': 0.1, 'micro_f1': 0.011381174048716641}, {'threshold': 0.2, 'micro_f1': 0.01145952966653653}, {'threshold': 0.3, 'micro_f1': 0.01200134926411845}, {'threshold': 0.4, 'micro_f1': 0.01575926995586064}, {'threshold': 0.5, 'micro_f1': 0.028100288962331077}, {'threshold': 0.6, 'micro_f1': 0.06155058665005657}, {'threshold': 0.7, 'micro_f1': 0.12332691494857465}, {'threshold': 0.8, 'micro_f1': 0.23248572911261026}, {'threshold': 0.9, 'micro_f1': 0.19973368841544603}]"
58,0.347007145379719,0.2553121396800707,0.31186583861973405,0.16785631825406072,0.241920707449756,0.7842766105212748,0.7169815714001053,19.704252447833404,0.8494559526443481,0.19918699186942665,490,0.2071925848722458,0.4367174313578911,"[{'threshold': 0.1, 'micro_f1': 0.011381174048716641}, {'threshold': 0.2, 'micro_f1': 0.011463338801695614}, {'threshold': 0.3, 'micro_f1': 0.012049664044609278}, {'threshold': 0.4, 'micro_f1': 0.015871587338729194}, {'threshold': 0.5, 'micro_f1': 0.028485684015479615}, {'threshold': 0.6, 'micro_f1': 0.06116735996651231}, {'threshold': 0.7, 'micro_f1': 0.12385521151330135}, {'threshold': 0.8, 'micro_f1': 0.22681491170699802}, {'threshold': 0.9, 'micro_f1': 0.1974510176906981}]"
59,0.3430151973900042,0.253963170536032,0.31452308893333725,0.17269379550421518,0.24293279799787934,0.7817028523953549,0.7123727259457662,19.715164965038504,0.8354869484901428,0.2067183462527362,490,0.2041790932416916,0.4337944769423202,"[{'threshold': 0.1, 'micro_f1': 0.01138088868217132}, {'threshold': 0.2, 'micro_f1': 0.011460427409501163}, {'threshold': 0.3, 'micro_f1': 0.012067870802472267}, {'threshold': 0.4, 'micro_f1': 0.01588777080043677}, {'threshold': 0.5, 'micro_f1': 0.0291639093151433}, {'threshold': 0.6, 'micro_f1': 0.06554383401930074}, {'threshold': 0.7, 'micro_f1': 0.13270988756961227}, {'threshold': 0.8, 'micro_f1': 0.2388019060585432}, {'threshold': 0.9, 'micro_f1': 0.1860285604013894}]"
60,0.33885984797226754,0.25816993464013965,0.31303420000016235,0.1737148812192613,0.2430222993140628,0.7838326971901185,0.7085272892186023,19.443054591726465,0.8395379781723022,0.24024024023978266,490,0.2030080258846283,0.43274129035212994,"[{'threshold': 0.1, 'micro_f1': 0.01138088868217132}, {'threshold': 0.2, 'micro_f1': 0.011458661016927739}, {'threshold': 0.3, 'micro_f1': 0.011978509386728273}, {'threshold': 0.4, 'micro_f1': 0.015930138099106417}, {'threshold': 0.5, 'micro_f1': 0.02995770233014842}, {'threshold': 0.6, 'micro_f1': 0.06701023359614736}, {'threshold': 0.7, 'micro_f1': 0.13840642640034737}, {'threshold': 0.8, 'micro_f1': 0.24037275592709328}, {'threshold': 0.9, 'micro_f1': 0.18908531898539582}]"
61,0.3350272348052577,0.2570727718720622,0.31643793429119405,0.1770541332681418,0.24733377404958784,0.7917352438997363,0.7193759263459187,19.635412133281744,0.841727614402771,0.22272727272677298,490,0.20209351181983948,0.43151949434753956,"[{'threshold': 0.1, 'micro_f1': 0.011380845878423782}, {'threshold': 0.2, 'micro_f1': 0.011449378635575703}, {'threshold': 0.3, 'micro_f1': 0.012060099541930937}, {'threshold': 0.4, 'micro_f1': 0.016184128435266575}, {'threshold': 0.5, 'micro_f1': 0.030430026565896207}, {'threshold': 0.6, 'micro_f1': 0.06908804939853785}, {'threshold': 0.7, 'micro_f1': 0.13992214532871972}, {'threshold': 0.8, 'micro_f1': 0.23978052126200272}, {'threshold': 0.9, 'micro_f1': 0.1899291594868849}]"
62,0.33084783365851955,0.25598650927451444,0.31887107623127525,0.1756774395432809,0.2470530783087042,0.7900840909411733,0.7110807415384107,19.568558225409998,0.8487033843994141,0.21081081081032396,490,0.1981136053800583,0.42683746938383815,"[{'threshold': 0.1, 'micro_f1': 0.011381302468330943}, {'threshold': 0.2, 'micro_f1': 0.011455736153751766}, {'threshold': 0.3, 'micro_f1': 0.012122003534079417}, {'threshold': 0.4, 'micro_f1': 0.016514370309867785}, {'threshold': 0.5, 'micro_f1': 0.031818181818181815}, {'threshold': 0.6, 'micro_f1': 0.07242408016522604}, {'threshold': 0.7, 'micro_f1': 0.14096965625349905}, {'threshold': 0.8, 'micro_f1': 0.24248275862068963}, {'threshold': 0.9, 'micro_f1': 0.18998073217726394}]"
63,0.3276804858132413,0.2569209993244223,0.3247046714648485,0.17541124116774018,0.25297180096126054,0.7862389239561881,0.7187984702685531,19.60837233635824,0.8474432229995728,0.21973094170353655,490,0.19367577135562897,0.4217702768505452,"[{'threshold': 0.1, 'micro_f1': 0.011381159780049496}, {'threshold': 0.2, 'micro_f1': 0.011426025158522491}, {'threshold': 0.3, 'micro_f1': 0.01216100805040252}, {'threshold': 0.4, 'micro_f1': 0.016933497536945813}, {'threshold': 0.5, 'micro_f1': 0.033140341035384276}, {'threshold': 0.6, 'micro_f1': 0.0745604532955587}, {'threshold': 0.7, 'micro_f1': 0.14759575229686195}, {'threshold': 0.8, 'micro_f1': 0.2416481069042316}, {'threshold': 0.9, 'micro_f1': 0.1869949980761831}]"
64,0.32342283035579483,0.2627712854754259,0.32039403507628167,0.17965200422026512,0.2507186943679812,0.7955850238924007,0.718833336054464,19.429190610339752,0.8495723009109497,0.26446280991687243,490,0.19416441023349762,0.4221172155630441,"[{'threshold': 0.1, 'micro_f1': 0.01138147369899149}, {'threshold': 0.2, 'micro_f1': 0.01147120552724253}, {'threshold': 0.3, 'micro_f1': 0.012198083398955934}, {'threshold': 0.4, 'micro_f1': 0.017055006815375133}, {'threshold': 0.5, 'micro_f1': 0.03332880874567989}, {'threshold': 0.6, 'micro_f1': 0.07637509086503513}, {'threshold': 0.7, 'micro_f1': 0.14568704686875605}, {'threshold': 0.8, 'micro_f1': 0.24745900528526898}, {'threshold': 0.9, 'micro_f1': 0.2062322946175637}]"
65,0.3182846320302863,0.2605097649781102,0.32270119394598773,0.18089707070962582,0.25121019453632987,0.7975602324345886,0.7173468818218741,19.801178389959794,0.8445741534233093,0.21120689655122687,490,0.190144881606102,0.4174707120882225,"[{'threshold': 0.1, 'micro_f1': 0.01138171628458052}, {'threshold': 0.2, 'micro_f1': 0.01147363647648652}, {'threshold': 0.3, 'micro_f1': 0.0123446119141375}, {'threshold': 0.4, 'micro_f1': 0.017519558570914345}, {'threshold': 0.5, 'micro_f1': 0.03502268664925065}, {'threshold': 0.6, 'micro_f1': 0.07740521286433538}, {'threshold': 0.7, 'micro_f1': 0.1543774613753408}, {'threshold': 0.8, 'micro_f1': 0.244435111297774}, {'threshold': 0.9, 'micro_f1': 0.19923371647509575}]"
66,0.3145232097098702,0.2611842105259374,0.32542809446056115,0.18164649663756194,0.2549701657833312,0.7923257903125168,0.716066486525654,19.56698477103969,0.8434852361679077,0.21212121212071455,490,0.1887194961309433,0.4158004895200554,"[{'threshold': 0.1, 'micro_f1': 0.011381373813813362}, {'threshold': 0.2, 'micro_f1': 0.011479380077990842}, {'threshold': 0.3, 'micro_f1': 0.012336224027878215}, {'threshold': 0.4, 'micro_f1': 0.0176318008210052}, {'threshold': 0.5, 'micro_f1': 0.03503669232146053}, {'threshold': 0.6, 'micro_f1': 0.08066690315714793}, {'threshold': 0.7, 'micro_f1': 0.15476041536344298}, {'threshold': 0.8, 'micro_f1': 0.25207717222926346}, {'threshold': 0.9, 'micro_f1': 0.21139740455143874}]"
67,0.31048386536146466,0.264397507977083,0.3270091403658412,0.1872394056626671,0.2579925661114947,0.8002017255254474,0.7185406693813193,19.666727196702787,0.8232024908065796,0.21874999999950082,490,0.18754442036151886,0.4142094105624687,"[{'threshold': 0.1, 'micro_f1': 0.011382130130923334}, {'threshold': 0.2, 'micro_f1': 0.011440794080930487}, {'threshold': 0.3, 'micro_f1': 0.012428076271405103}, {'threshold': 0.4, 'micro_f1': 0.017779683890832555}, {'threshold': 0.5, 'micro_f1': 0.03618171310723068}, {'threshold': 0.6, 'micro_f1': 0.08267813700948419}, {'threshold': 0.7, 'micro_f1': 0.15674944676665845}, {'threshold': 0.8, 'micro_f1': 0.2582516227040464}, {'threshold': 0.9, 'micro_f1': 0.21997376803447627}]"
68,0.3066896987588782,0.2645979312642303,0.3261838945655844,0.1859564046061099,0.25363720271700446,0.7995679418206282,0.715481839251214,19.545525293059164,0.8451245427131653,0.22170900692790652,490,0.18356192111968994,0.4096813631525314,"[{'threshold': 0.1, 'micro_f1': 0.011381801905492678}, {'threshold': 0.2, 'micro_f1': 0.011430254375207874}, {'threshold': 0.3, 'micro_f1': 0.012465490077042047}, {'threshold': 0.4, 'micro_f1': 0.018332238116901718}, {'threshold': 0.5, 'micro_f1': 0.038060482785438665}, {'threshold': 0.6, 'micro_f1': 0.08947499568725921}, {'threshold': 0.7, 'micro_f1': 0.1663376760100013}, {'threshold': 0.8, 'micro_f1': 0.25324768022840827}, {'threshold': 0.9, 'micro_f1': 0.20300323132484316}]"
69,0.30201942795201353,0.2700526478781825,0.3272784315693119,0.19007670580185926,0.25624576480179956,0.8021270544467995,0.7178950911256939,19.4077201410932,0.8254488110542297,0.26804123711301614,490,0.1810983419418335,0.406428686402065,"[{'threshold': 0.1, 'micro_f1': 0.01138198742188832}, {'threshold': 0.2, 'micro_f1': 0.011501179868993856}, {'threshold': 0.3, 'micro_f1': 0.012578782398505095}, {'threshold': 0.4, 'micro_f1': 0.018604719931199498}, {'threshold': 0.5, 'micro_f1': 0.03860287340076444}, {'threshold': 0.6, 'micro_f1': 0.09088060169225948}, {'threshold': 0.7, 'micro_f1': 0.16747668461841586}, {'threshold': 0.8, 'micro_f1': 0.2638381567856139}, {'threshold': 0.9, 'micro_f1': 0.21997755331088661}]"
70,0.2977881362563685,0.2729770992362157,0.3279556745136393,0.19097822742351472,0.2579182797417988,0.8011901906762107,0.7184812089845513,19.25337611908336,0.8181523680686951,0.26775956284104535,490,0.17752748727798462,0.4019899181715219,"[{'threshold': 0.1, 'micro_f1': 0.011383628791878224}, {'threshold': 0.2, 'micro_f1': 0.011514998559669209}, {'threshold': 0.3, 'micro_f1': 0.012697204950483279}, {'threshold': 0.4, 'micro_f1': 0.019146357609149515}, {'threshold': 0.5, 'micro_f1': 0.04040234268943851}, {'threshold': 0.6, 'micro_f1': 0.09473618689959956}, {'threshold': 0.7, 'micro_f1': 0.17574864997545409}, {'threshold': 0.8, 'micro_f1': 0.2639068564036222}, {'threshold': 0.9, 'micro_f1': 0.21720308676830413}]"
71,0.2946191743800515,0.2700152206997251,0.32469568646592795,0.19172129195964766,0.25926431223129237,0.8045934585663836,0.7136465844964271,19.362893373737524,0.8215407729148865,0.28405797101402314,490,0.17709320783615112,0.4014545345724369,"[{'threshold': 0.1, 'micro_f1': 0.011383528868869973}, {'threshold': 0.2, 'micro_f1': 0.011468779009864628}, {'threshold': 0.3, 'micro_f1': 0.012653012044608338}, {'threshold': 0.4, 'micro_f1': 0.019052098056706445}, {'threshold': 0.5, 'micro_f1': 0.04210498906363921}, {'threshold': 0.6, 'micro_f1': 0.09622192319635649}, {'threshold': 0.7, 'micro_f1': 0.17489189374699704}, {'threshold': 0.8, 'micro_f1': 0.26164017442678295}, {'threshold': 0.9, 'micro_f1': 0.21682242990654202}]"
72,0.28811757940995064,0.27159479808303394,0.32752781621432103,0.1990058071312582,0.2622775446058167,0.8040641077293592,0.7089732684789157,19.28419514365833,0.7904284596443176,0.2978723404250791,490,0.1738605946302414,0.3973930716468412,"[{'threshold': 0.1, 'micro_f1': 0.01138330048000963}, {'threshold': 0.2, 'micro_f1': 0.011497705187898525}, {'threshold': 0.3, 'micro_f1': 0.01274948338440282}, {'threshold': 0.4, 'micro_f1': 0.019597888163138608}, {'threshold': 0.5, 'micro_f1': 0.04283187274666811}, {'threshold': 0.6, 'micro_f1': 0.10407269686901802}, {'threshold': 0.7, 'micro_f1': 0.1893021914648212}, {'threshold': 0.8, 'micro_f1': 0.26969481902058196}, {'threshold': 0.9, 'micro_f1': 0.2125258604476208}]"
73,0.2846118111359446,0.273576890398861,0.3294050802299379,0.1946791119852755,0.25883484244307636,0.8060839708339683,0.7156084651289323,19.36882359155379,0.793769359588623,0.25388601036220076,490,0.17049704492092133,0.39292480859045387,"[{'threshold': 0.1, 'micro_f1': 0.011383928571428571}, {'threshold': 0.2, 'micro_f1': 0.011541474052800515}, {'threshold': 0.3, 'micro_f1': 0.012969187372334563}, {'threshold': 0.4, 'micro_f1': 0.020297740126840453}, {'threshold': 0.5, 'micro_f1': 0.0447183643603923}, {'threshold': 0.6, 'micro_f1': 0.10414835845782916}, {'threshold': 0.7, 'micro_f1': 0.18864590236359619}, {'threshold': 0.8, 'micro_f1': 0.2704834233971082}, {'threshold': 0.9, 'micro_f1': 0.1929050814956855}]"
74,0.28074263240161695,0.2765294407081647,0.3303364308654519,0.1981490837718625,0.2620434229589156,0.8058376023948973,0.717533697964404,19.30747399042073,0.8388312458992004,0.2792022792018045,490,0.1682911366224289,0.39046463390277614,"[{'threshold': 0.1, 'micro_f1': 0.011384428239100583}, {'threshold': 0.2, 'micro_f1': 0.011499668401902016}, {'threshold': 0.3, 'micro_f1': 0.012920876267522488}, {'threshold': 0.4, 'micro_f1': 0.020626464237179325}, {'threshold': 0.5, 'micro_f1': 0.047163131030006196}, {'threshold': 0.6, 'micro_f1': 0.10991636798088411}, {'threshold': 0.7, 'micro_f1': 0.19319914608112226}, {'threshold': 0.8, 'micro_f1': 0.26592309950102727}, {'threshold': 0.9, 'micro_f1': 0.2098671726755218}]"
75,0.2758863273419832,0.28160297075619645,0.33206331127258204,0.20243892926526755,0.2581653071031198,0.8136272353812605,0.7211700672587131,19.194013629060752,0.8200778365135193,0.2824207492790675,490,0.16507524251937866,0.3858700744496851,"[{'threshold': 0.1, 'micro_f1': 0.011386127437331146}, {'threshold': 0.2, 'micro_f1': 0.011560604363993003}, {'threshold': 0.3, 'micro_f1': 0.013301203291215499}, {'threshold': 0.4, 'micro_f1': 0.021502707320733803}, {'threshold': 0.5, 'micro_f1': 0.04842130964916297}, {'threshold': 0.6, 'micro_f1': 0.11673057907049658}, {'threshold': 0.7, 'micro_f1': 0.19667101326992403}, {'threshold': 0.8, 'micro_f1': 0.2714162099798096}, {'threshold': 0.9, 'micro_f1': 0.22064056939501775}]"
76,0.27136110663414004,0.27510191755958685,0.3318914454807192,0.20073908635241278,0.2615566696298328,0.8094900777344688,0.7195027521488334,19.226881229429196,0.8075564503669739,0.31410256410213566,490,0.16214588284492493,0.38280281226313784,"[{'threshold': 0.1, 'micro_f1': 0.011384428239100583}, {'threshold': 0.2, 'micro_f1': 0.0115265485589246}, {'threshold': 0.3, 'micro_f1': 0.013216553159860768}, {'threshold': 0.4, 'micro_f1': 0.02189956467938503}, {'threshold': 0.5, 'micro_f1': 0.051290855283595754}, {'threshold': 0.6, 'micro_f1': 0.12088592265669151}, {'threshold': 0.7, 'micro_f1': 0.20448018380241237}, {'threshold': 0.8, 'micro_f1': 0.27125625183877605}, {'threshold': 0.9, 'micro_f1': 0.19832189168573605}]"
77,0.2666528356702704,0.2764423076918739,0.3379074588379437,0.20270701227403307,0.265421261585328,0.8138166789116902,0.7283356354432057,19.316111100936855,0.8175623416900635,0.29629629629584986,490,0.15774063766002655,0.3761115143764147,"[{'threshold': 0.1, 'micro_f1': 0.011390484842173152}, {'threshold': 0.2, 'micro_f1': 0.011603081898700253}, {'threshold': 0.3, 'micro_f1': 0.013633114003150941}, {'threshold': 0.4, 'micro_f1': 0.02301930722428449}, {'threshold': 0.5, 'micro_f1': 0.05344363802466629}, {'threshold': 0.6, 'micro_f1': 0.12144737191928323}, {'threshold': 0.7, 'micro_f1': 0.1973591686850535}, {'threshold': 0.8, 'micro_f1': 0.270031365839749}, {'threshold': 0.9, 'micro_f1': 0.22941720629047174}]"
78,0.2625845198568545,0.2786186627475352,0.33733293783061374,0.20468299492546704,0.2690834724970459,0.817987602009216,0.729039894272251,19.304062496828347,0.8015418648719788,0.3055555555551771,490,0.153458371758461,0.3708612686243757,"[{'threshold': 0.1, 'micro_f1': 0.011387698575973186}, {'threshold': 0.2, 'micro_f1': 0.0116520334577221}, {'threshold': 0.3, 'micro_f1': 0.013960904742219334}, {'threshold': 0.4, 'micro_f1': 0.024185099430185396}, {'threshold': 0.5, 'micro_f1': 0.05725019471297017}, {'threshold': 0.6, 'micro_f1': 0.12938225514787377}, {'threshold': 0.7, 'micro_f1': 0.21035487742156692}, {'threshold': 0.8, 'micro_f1': 0.2783957845433255}, {'threshold': 0.9, 'micro_f1': 0.22690014903129654}]"
79,0.2575276412461933,0.28419234091518203,0.333520543922181,0.20726527394910207,0.2614516607944013,0.819857154280507,0.7242648297510821,19.20188666909823,0.7947116494178772,0.3192182410419256,490,0.1527327001094818,0.36980220965510274,"[{'threshold': 0.1, 'micro_f1': 0.011388998663881518}, {'threshold': 0.2, 'micro_f1': 0.011635189416873368}, {'threshold': 0.3, 'micro_f1': 0.014000298600648779}, {'threshold': 0.4, 'micro_f1': 0.024243024926904208}, {'threshold': 0.5, 'micro_f1': 0.05862629452468304}, {'threshold': 0.6, 'micro_f1': 0.13457253430280286}, {'threshold': 0.7, 'micro_f1': 0.2145381120646138}, {'threshold': 0.8, 'micro_f1': 0.2815831751131882}, {'threshold': 0.9, 'micro_f1': 0.20794876624599734}]"
80,0.2528913686149999,0.28127696289859755,0.33817469573230496,0.20914301030717958,0.2682677493478005,0.8197533503639817,0.7286624008178035,19.24756515164201,0.789010763168335,0.3255813953484291,490,0.14884275197982788,0.3647453963138485,"[{'threshold': 0.1, 'micro_f1': 0.011388612892542076}, {'threshold': 0.2, 'micro_f1': 0.011683265877937315}, {'threshold': 0.3, 'micro_f1': 0.014231750928742341}, {'threshold': 0.4, 'micro_f1': 0.02548295995980387}, {'threshold': 0.5, 'micro_f1': 0.061929337038507344}, {'threshold': 0.6, 'micro_f1': 0.1410345921929546}, {'threshold': 0.7, 'micro_f1': 0.21885138097325732}, {'threshold': 0.8, 'micro_f1': 0.27592371871275323}, {'threshold': 0.9, 'micro_f1': 0.2111027190332326}]"
81,0.24864785781032162,0.2891407918511075,0.33611641001284126,0.2102794770838502,0.2686749842223294,0.8193450887786728,0.7179421803841066,19.105350125965483,0.8398813605308533,0.31511254019249924,490,0.14732012152671814,0.3623680935390376,"[{'threshold': 0.1, 'micro_f1': 0.011396547892994475}, {'threshold': 0.2, 'micro_f1': 0.011660873436188891}, {'threshold': 0.3, 'micro_f1': 0.014185118425574593}, {'threshold': 0.4, 'micro_f1': 0.02588628549823856}, {'threshold': 0.5, 'micro_f1': 0.06378929585491701}, {'threshold': 0.6, 'micro_f1': 0.14319899244332493}, {'threshold': 0.7, 'micro_f1': 0.22161925601750543}, {'threshold': 0.8, 'micro_f1': 0.2768453883855636}, {'threshold': 0.9, 'micro_f1': 0.21419160549595329}]"
82,0.24498603202794728,0.2832335329336962,0.33788038085164207,0.20921898888099855,0.26855904870348996,0.8194257441318502,0.7230732991707891,19.16266951098455,0.7983779311180115,0.3223684210522175,490,0.14322233200073242,0.3569419647303004,"[{'threshold': 0.1, 'micro_f1': 0.011390927912667043}, {'threshold': 0.2, 'micro_f1': 0.011714573119054597}, {'threshold': 0.3, 'micro_f1': 0.014447627799700885}, {'threshold': 0.4, 'micro_f1': 0.027000204434367275}, {'threshold': 0.5, 'micro_f1': 0.06765036752258106}, {'threshold': 0.6, 'micro_f1': 0.14675602846680025}, {'threshold': 0.7, 'micro_f1': 0.23118784012009755}, {'threshold': 0.8, 'micro_f1': 0.2828313253012048}, {'threshold': 0.9, 'micro_f1': 0.20968962906888716}]"
83,0.24021521853773217,0.2818194463759429,0.338809484782215,0.2168067383822366,0.2723075601036434,0.8230485604313744,0.7251114830951716,19.050279422868275,0.7763346433639526,0.32885906040228274,490,0.14147117733955383,0.3543960784526361,"[{'threshold': 0.1, 'micro_f1': 0.01139261325756672}, {'threshold': 0.2, 'micro_f1': 0.011753741483972834}, {'threshold': 0.3, 'micro_f1': 0.014652777397241508}, {'threshold': 0.4, 'micro_f1': 0.02754423106003327}, {'threshold': 0.5, 'micro_f1': 0.0701226697792393}, {'threshold': 0.6, 'micro_f1': 0.15958824971114458}, {'threshold': 0.7, 'micro_f1': 0.23400673400673397}, {'threshold': 0.8, 'micro_f1': 0.27943627822397327}, {'threshold': 0.9, 'micro_f1': 0.21106286577307906}]"
84,0.2353602851691999,0.2916666666662513,0.3381007909241791,0.21320910622263944,0.2684955241227509,0.8201827936257233,0.7203425252977237,19.231228991097222,0.8117300271987915,0.3223684210522175,490,0.1369117647409439,0.34767832741903615,"[{'threshold': 0.1, 'micro_f1': 0.01139702743021895}, {'threshold': 0.2, 'micro_f1': 0.011836465501377473}, {'threshold': 0.3, 'micro_f1': 0.0149743620770499}, {'threshold': 0.4, 'micro_f1': 0.028753748602472564}, {'threshold': 0.5, 'micro_f1': 0.07405358603107412}, {'threshold': 0.6, 'micro_f1': 0.1581305780839166}, {'threshold': 0.7, 'micro_f1': 0.23893974065598775}, {'threshold': 0.8, 'micro_f1': 0.28554289142171563}, {'threshold': 0.9, 'micro_f1': 0.19627234689996192}]"
85,0.230107780820445,0.2844589096822827,0.3350134773596077,0.21700828222946553,0.26818499470048307,0.8215185876521929,0.716762783779678,19.05276168136992,0.8291469216346741,0.3223684210522175,490,0.1345578283071518,0.3444088710757121,"[{'threshold': 0.1, 'micro_f1': 0.011395359940095837}, {'threshold': 0.2, 'micro_f1': 0.011889117820427543}, {'threshold': 0.3, 'micro_f1': 0.015264921738997062}, {'threshold': 0.4, 'micro_f1': 0.030108681518269485}, {'threshold': 0.5, 'micro_f1': 0.07701594647618089}, {'threshold': 0.6, 'micro_f1': 0.16505420212145938}, {'threshold': 0.7, 'micro_f1': 0.24270413677901145}, {'threshold': 0.8, 'micro_f1': 0.2753097612571774}, {'threshold': 0.9, 'micro_f1': 0.2281879194630872}]"
86,0.22702061565298784,0.28337567033541305,0.33822527655467644,0.2156347669956401,0.27038251855627554,0.8192679569772783,0.7217330288299544,19.28039336762757,0.7737506628036499,0.3096774193544137,490,0.13309988379478455,0.3425711574021875,"[{'threshold': 0.1, 'micro_f1': 0.01138665779111901}, {'threshold': 0.2, 'micro_f1': 0.011934687806362192}, {'threshold': 0.3, 'micro_f1': 0.015276666866792035}, {'threshold': 0.4, 'micro_f1': 0.030321079492134775}, {'threshold': 0.5, 'micro_f1': 0.07868424487664796}, {'threshold': 0.6, 'micro_f1': 0.16804474708171208}, {'threshold': 0.7, 'micro_f1': 0.24210102636345338}, {'threshold': 0.8, 'micro_f1': 0.2791962532104547}, {'threshold': 0.9, 'micro_f1': 0.21500938086303936}]"
87,0.2233161411787334,0.2863705972430677,0.3400130936864555,0.22241097065675863,0.2745146217806583,0.8273068852678805,0.7209536696987286,19.281567097185032,0.79777991771698,0.2996941896019961,490,0.12713299691677094,0.33337694665318657,"[{'threshold': 0.1, 'micro_f1': 0.01140097104475359}, {'threshold': 0.2, 'micro_f1': 0.01210040787580168}, {'threshold': 0.3, 'micro_f1': 0.016097600917055598}, {'threshold': 0.4, 'micro_f1': 0.03352074817119392}, {'threshold': 0.5, 'micro_f1': 0.08608022519352569}, {'threshold': 0.6, 'micro_f1': 0.1879054377639427}, {'threshold': 0.7, 'micro_f1': 0.25760733639016253}, {'threshold': 0.8, 'micro_f1': 0.28580208973570986}, {'threshold': 0.9, 'micro_f1': 0.20106626047220102}]"
88,0.21890376429808767,0.2871162203836673,0.33848739048605386,0.22030773828855682,0.26902491580910903,0.8224803309639407,0.7150307777818046,19.159791568275374,0.7732353210449219,0.30721003134752295,490,0.12852728366851807,0.33533601633699195,"[{'threshold': 0.1, 'micro_f1': 0.011409825995118347}, {'threshold': 0.2, 'micro_f1': 0.01203299770504683}, {'threshold': 0.3, 'micro_f1': 0.015971936703656372}, {'threshold': 0.4, 'micro_f1': 0.032497610469818396}, {'threshold': 0.5, 'micro_f1': 0.08344076583372192}, {'threshold': 0.6, 'micro_f1': 0.17912694430506773}, {'threshold': 0.7, 'micro_f1': 0.24385859796285198}, {'threshold': 0.8, 'micro_f1': 0.2828129736283722}, {'threshold': 0.9, 'micro_f1': 0.21330318447333707}]"
89,0.21241461822861119,0.2911411188599253,0.34560809957281824,0.2262379589621058,0.2788892071465592,0.8261919006261264,0.7205548432689414,19.341452195561526,0.7854666113853455,0.264864864864378,490,0.12380925565958023,0.32884663029911876,"[{'threshold': 0.1, 'micro_f1': 0.011394383603363697}, {'threshold': 0.2, 'micro_f1': 0.012160852375340803}, {'threshold': 0.3, 'micro_f1': 0.016449355618203786}, {'threshold': 0.4, 'micro_f1': 0.035299859557556504}, {'threshold': 0.5, 'micro_f1': 0.09248024938494216}, {'threshold': 0.6, 'micro_f1': 0.1932536569609155}, {'threshold': 0.7, 'micro_f1': 0.25210801579677655}, {'threshold': 0.8, 'micro_f1': 0.2827030378177309}, {'threshold': 0.9, 'micro_f1': 0.2158897905265144}]"
90,0.2103764761435358,0.29392198367057026,0.3456647601417734,0.22710569550105708,0.27819671090334036,0.8253707722695643,0.7167120220953527,18.98074389285602,0.8009988069534302,0.29878048780442645,490,0.12265054136514664,0.32628101343319543,"[{'threshold': 0.1, 'micro_f1': 0.011418251799314199}, {'threshold': 0.2, 'micro_f1': 0.01218031268356604}, {'threshold': 0.3, 'micro_f1': 0.016612868332951353}, {'threshold': 0.4, 'micro_f1': 0.03526205155541251}, {'threshold': 0.5, 'micro_f1': 0.09244627773312507}, {'threshold': 0.6, 'micro_f1': 0.19164812148186935}, {'threshold': 0.7, 'micro_f1': 0.2502793296089385}, {'threshold': 0.8, 'micro_f1': 0.2932047611872834}, {'threshold': 0.9, 'micro_f1': 0.2269583099644793}]"
91,0.20516761980558695,0.29626386456464326,0.34954299159156554,0.23207395928143712,0.2840782749447779,0.8277487185763176,0.72001061559342,19.019477302478034,0.7813675999641418,0.3299663299659303,490,0.11917155981063843,0.3211268907091515,"[{'threshold': 0.1, 'micro_f1': 0.011424490352147865}, {'threshold': 0.2, 'micro_f1': 0.012234309718956188}, {'threshold': 0.3, 'micro_f1': 0.01726218549542428}, {'threshold': 0.4, 'micro_f1': 0.03737799940331586}, {'threshold': 0.5, 'micro_f1': 0.09747519561184158}, {'threshold': 0.6, 'micro_f1': 0.1989518996818267}, {'threshold': 0.7, 'micro_f1': 0.26155484558040465}, {'threshold': 0.8, 'micro_f1': 0.29053018694452953}, {'threshold': 0.9, 'micro_f1': 0.2343314115677887}]"
92,0.20148253111462844,0.3001062054312204,0.34755251420426925,0.23787587546402714,0.28339092484032735,0.8266774574312141,0.7231105882931517,18.988619113930387,0.7998525500297546,0.3114186851207263,490,0.11518634855747223,0.3149024575033633,"[{'threshold': 0.1, 'micro_f1': 0.011430779020089083}, {'threshold': 0.2, 'micro_f1': 0.012366334472975922}, {'threshold': 0.3, 'micro_f1': 0.017794869069051027}, {'threshold': 0.4, 'micro_f1': 0.040098293640768896}, {'threshold': 0.5, 'micro_f1': 0.10367528899486807}, {'threshold': 0.6, 'micro_f1': 0.20872212945683136}, {'threshold': 0.7, 'micro_f1': 0.2663666559519982}, {'threshold': 0.8, 'micro_f1': 0.30003036744609773}, {'threshold': 0.9, 'micro_f1': 0.2472446730345334}]"
93,0.1962643049265209,0.29895052473719635,0.3485538955803982,0.23853201144545885,0.28761367317734904,0.8296908985869137,0.7232456720370829,19.182370298957707,0.7938069105148315,0.29801324503270243,490,0.11402393877506256,0.3127723303989964,"[{'threshold': 0.1, 'micro_f1': 0.011450178948566514}, {'threshold': 0.2, 'micro_f1': 0.012441679626749611}, {'threshold': 0.3, 'micro_f1': 0.01812527014075508}, {'threshold': 0.4, 'micro_f1': 0.04075328293572848}, {'threshold': 0.5, 'micro_f1': 0.10464528939438802}, {'threshold': 0.6, 'micro_f1': 0.21070811744386875}, {'threshold': 0.7, 'micro_f1': 0.270786874800892}, {'threshold': 0.8, 'micro_f1': 0.2961046865489957}, {'threshold': 0.9, 'micro_f1': 0.24203113417346178}]"
94,0.1925133753764002,0.29711946190918953,0.3437855053292894,0.2426023396657099,0.27959185650172974,0.8251527317789128,0.7154512926259545,18.994416576453318,0.7702665328979492,0.309278350515078,490,0.11072956025600433,0.30826866098097405,"[{'threshold': 0.1, 'micro_f1': 0.011447837848433763}, {'threshold': 0.2, 'micro_f1': 0.012432189066109664}, {'threshold': 0.3, 'micro_f1': 0.01848663080911659}, {'threshold': 0.4, 'micro_f1': 0.04289171998423926}, {'threshold': 0.5, 'micro_f1': 0.11424746605469498}, {'threshold': 0.6, 'micro_f1': 0.22434264028191922}, {'threshold': 0.7, 'micro_f1': 0.26933967606750475}, {'threshold': 0.8, 'micro_f1': 0.28943242395735336}, {'threshold': 0.9, 'micro_f1': 0.23056702966579043}]"
95,0.18885484400548433,0.3008536944358238,0.3474055145885248,0.24216498500670328,0.28121356674040887,0.8325087216510527,0.7107715638908176,18.93289245760769,0.7808765172958374,0.309278350515078,490,0.11122321337461472,0.30869892695629464,"[{'threshold': 0.1, 'micro_f1': 0.011470255122595162}, {'threshold': 0.2, 'micro_f1': 0.012486118730508923}, {'threshold': 0.3, 'micro_f1': 0.018660640584125702}, {'threshold': 0.4, 'micro_f1': 0.04317410048802815}, {'threshold': 0.5, 'micro_f1': 0.11390743380091516}, {'threshold': 0.6, 'micro_f1': 0.22566187200333543}, {'threshold': 0.7, 'micro_f1': 0.269458452093839}, {'threshold': 0.8, 'micro_f1': 0.2968653964351567}, {'threshold': 0.9, 'micro_f1': 0.23828052621826937}]"
96,0.18559481830973373,0.29913092234324334,0.3517340419833878,0.24388195560463932,0.2880134107607467,0.8309789082397142,0.7166876748641172,18.948638742091457,0.7689369320869446,0.3124999999996216,490,0.10730112344026566,0.30157542685458294,"[{'threshold': 0.1, 'micro_f1': 0.011458820420029683}, {'threshold': 0.2, 'micro_f1': 0.012763412767369}, {'threshold': 0.3, 'micro_f1': 0.01946423453302215}, {'threshold': 0.4, 'micro_f1': 0.045258196237017975}, {'threshold': 0.5, 'micro_f1': 0.1148452378662255}, {'threshold': 0.6, 'micro_f1': 0.22094601649785944}, {'threshold': 0.7, 'micro_f1': 0.2721015272101527}, {'threshold': 0.8, 'micro_f1': 0.29636391297733145}, {'threshold': 0.9, 'micro_f1': 0.2485337243401759}]"
97,0.18079358966727005,0.30355824597623005,0.3564772100071627,0.25010800982697207,0.290739556085153,0.8328747834415534,0.7127911159336765,18.880709179893355,0.7803181409835815,0.34385964912243644,490,0.10323862731456757,0.2949985530610431,"[{'threshold': 0.1, 'micro_f1': 0.011517253589747836}, {'threshold': 0.2, 'micro_f1': 0.012939720370186088}, {'threshold': 0.3, 'micro_f1': 0.02046453030107249}, {'threshold': 0.4, 'micro_f1': 0.0489480158419784}, {'threshold': 0.5, 'micro_f1': 0.12392826077952201}, {'threshold': 0.6, 'micro_f1': 0.23618201997780244}, {'threshold': 0.7, 'micro_f1': 0.2795175390063073}, {'threshold': 0.8, 'micro_f1': 0.29888268156424574}, {'threshold': 0.9, 'micro_f1': 0.2377935147223257}]"
98,0.17857423785485718,0.30481927710800116,0.3531200628100388,0.25041684847379375,0.29044361562312465,0.8272934149837621,0.7090445249656475,18.793409836155938,0.7737918496131897,0.3414634146337705,490,0.1007920652627945,0.2917365909613588,"[{'threshold': 0.1, 'micro_f1': 0.011445922660483441}, {'threshold': 0.2, 'micro_f1': 0.012843570973654173}, {'threshold': 0.3, 'micro_f1': 0.020651516699291276}, {'threshold': 0.4, 'micro_f1': 0.0516545601291364}, {'threshold': 0.5, 'micro_f1': 0.13269589028797163}, {'threshold': 0.6, 'micro_f1': 0.24287184454264785}, {'threshold': 0.7, 'micro_f1': 0.2744409319751785}, {'threshold': 0.8, 'micro_f1': 0.2937330569287195}, {'threshold': 0.9, 'micro_f1': 0.22209588781504638}]"
99,0.1745232836196297,0.2992465016142178,0.34788267825595653,0.24819913902896726,0.2824107754280363,0.8348487166219735,0.7193531723646807,18.99940546642993,0.7988858819007874,0.32142857142821496,490,0.10068652778863907,0.2908267287924428,"[{'threshold': 0.1, 'micro_f1': 0.011481141129582165}, {'threshold': 0.2, 'micro_f1': 0.012960681009443096}, {'threshold': 0.3, 'micro_f1': 0.02123568263523117}, {'threshold': 0.4, 'micro_f1': 0.05123146819703491}, {'threshold': 0.5, 'micro_f1': 0.13055513175388506}, {'threshold': 0.6, 'micro_f1': 0.23714549227576667}, {'threshold': 0.7, 'micro_f1': 0.27416638598854826}, {'threshold': 0.8, 'micro_f1': 0.29848905334566755}, {'threshold': 0.9, 'micro_f1': 0.22146892655367229}]"
100,0.16969887457395855,0.30274963820504847,0.35272566074390627,0.25313969211792664,0.288573720152369,0.8345643173726589,0.7248138304725951,18.846562213687307,0.7616214156150818,0.32131147540942007,490,0.09595267474651337,0.28306371095338745,"[{'threshold': 0.1, 'micro_f1': 0.011519496549651127}, {'threshold': 0.2, 'micro_f1': 0.013287441224906781}, {'threshold': 0.3, 'micro_f1': 0.022441573956544465}, {'threshold': 0.4, 'micro_f1': 0.05595667870036101}, {'threshold': 0.5, 'micro_f1': 0.14299135210656902}, {'threshold': 0.6, 'micro_f1': 0.2520391009277131}, {'threshold': 0.7, 'micro_f1': 0.2787678508202525}, {'threshold': 0.8, 'micro_f1': 0.2981012658227848}, {'threshold': 0.9, 'micro_f1': 0.21611374407582934}]"
101,0.16627812809065767,0.3008289374524691,0.346575038787604,0.24899816179084183,0.2812739600410559,0.8343248957513411,0.7154506066981129,18.850492541520374,0.7825661301612854,0.31715210355944723,490,0.09357926994562149,0.27847423452192144,"[{'threshold': 0.1, 'micro_f1': 0.011517731956110675}, {'threshold': 0.2, 'micro_f1': 0.013488215100149008}, {'threshold': 0.3, 'micro_f1': 0.023392429562175104}, {'threshold': 0.4, 'micro_f1': 0.05877967159676105}, {'threshold': 0.5, 'micro_f1': 0.14533233756534727}, {'threshold': 0.6, 'micro_f1': 0.2433677917548885}, {'threshold': 0.7, 'micro_f1': 0.2781318808668443}, {'threshold': 0.8, 'micro_f1': 0.290841004836948}, {'threshold': 0.9, 'micro_f1': 0.22226393842688189}]"
102,0.16332527979424125,0.301047496053499,0.3490888187236881,0.25342070538162753,0.2847423710649876,0.8364988681191543,0.7254292307775628,18.88404355388543,0.7599073648452759,0.3192182410419256,490,0.09213151037693024,0.2761535840872734,"[{'threshold': 0.1, 'micro_f1': 0.011606777988244154}, {'threshold': 0.2, 'micro_f1': 0.013544930089615112}, {'threshold': 0.3, 'micro_f1': 0.023821804496914817}, {'threshold': 0.4, 'micro_f1': 0.06018584959816303}, {'threshold': 0.5, 'micro_f1': 0.14964838255977497}, {'threshold': 0.6, 'micro_f1': 0.2510684442176436}, {'threshold': 0.7, 'micro_f1': 0.27824875159679474}, {'threshold': 0.8, 'micro_f1': 0.29749216300940434}, {'threshold': 0.9, 'micro_f1': 0.23719376391982178}]"
103,0.15839906648585672,0.30922242314604154,0.35735366025296655,0.25535678937037953,0.2934671791079075,0.8358682689777251,0.7179883186017882,18.88459307733709,0.7828764915466309,0.32131147540942007,490,0.0892007052898407,0.2707388367218485,"[{'threshold': 0.1, 'micro_f1': 0.011577951957320694}, {'threshold': 0.2, 'micro_f1': 0.013841311146575589}, {'threshold': 0.3, 'micro_f1': 0.02486712987134691}, {'threshold': 0.4, 'micro_f1': 0.06369547676681381}, {'threshold': 0.5, 'micro_f1': 0.15611018273947497}, {'threshold': 0.6, 'micro_f1': 0.25590370903381954}, {'threshold': 0.7, 'micro_f1': 0.2815798837623057}, {'threshold': 0.8, 'micro_f1': 0.2983167082294264}, {'threshold': 0.9, 'micro_f1': 0.24958525345622115}]"
104,0.15597973230638001,0.30888491353563874,0.35738196295900865,0.2646517127357599,0.2927169145230369,0.8410103079202083,0.7219020561891619,18.874039292557626,0.7734988927841187,0.33108108108068357,490,0.08635994046926498,0.2656705395799422,"[{'threshold': 0.1, 'micro_f1': 0.011628815705153254}, {'threshold': 0.2, 'micro_f1': 0.014022744545412053}, {'threshold': 0.3, 'micro_f1': 0.0262010262010262}, {'threshold': 0.4, 'micro_f1': 0.06787631695797844}, {'threshold': 0.5, 'micro_f1': 0.16793720066880155}, {'threshold': 0.6, 'micro_f1': 0.28333109108031745}, {'threshold': 0.7, 'micro_f1': 0.2862951447022243}, {'threshold': 0.8, 'micro_f1': 0.2959725257571027}, {'threshold': 0.9, 'micro_f1': 0.22005257228689445}]"
105,0.15295713700746236,0.3045474744477893,0.36048233981588534,0.26106015633387725,0.29645969332182326,0.8396829900002886,0.7265439422324539,18.970812225790684,0.7725920081138611,0.32885906040228274,490,0.08406685292720795,0.2613485681133693,"[{'threshold': 0.1, 'micro_f1': 0.01165829040526625}, {'threshold': 0.2, 'micro_f1': 0.014260710133103502}, {'threshold': 0.3, 'micro_f1': 0.02728565078921945}, {'threshold': 0.4, 'micro_f1': 0.07092858502336795}, {'threshold': 0.5, 'micro_f1': 0.17171747036040563}, {'threshold': 0.6, 'micro_f1': 0.2798772835029982}, {'threshold': 0.7, 'micro_f1': 0.290689238210399}, {'threshold': 0.8, 'micro_f1': 0.2962730974005637}, {'threshold': 0.9, 'micro_f1': 0.22427093132643458}]"
106,0.15011068362938731,0.3038888888884229,0.3545107065897229,0.2618531392219541,0.2928735735408728,0.833653849442359,0.716682929569768,18.915376989059904,0.7428039908409119,0.3096774193544137,490,0.08293323218822479,0.25982855098379093,"[{'threshold': 0.1, 'micro_f1': 0.011661563752451816}, {'threshold': 0.2, 'micro_f1': 0.014182165891042648}, {'threshold': 0.3, 'micro_f1': 0.02751245030184253}, {'threshold': 0.4, 'micro_f1': 0.07310471333020155}, {'threshold': 0.5, 'micro_f1': 0.17585081585081586}, {'threshold': 0.6, 'micro_f1': 0.2726820603907637}, {'threshold': 0.7, 'micro_f1': 0.288695652173913}, {'threshold': 0.8, 'micro_f1': 0.2969240426867545}, {'threshold': 0.9, 'micro_f1': 0.24375809136304785}]"
107,0.14570211360329074,0.3054405677109719,0.35952797537122416,0.2571699106488604,0.2992590357229547,0.8350746429575564,0.7134575409783219,19.002245895576756,0.7749091982841492,0.31034482758582344,490,0.0820760503411293,0.2570604994827549,"[{'threshold': 0.1, 'micro_f1': 0.011706949635096092}, {'threshold': 0.2, 'micro_f1': 0.014505271179982219}, {'threshold': 0.3, 'micro_f1': 0.02820615016709078}, {'threshold': 0.4, 'micro_f1': 0.0725684639127865}, {'threshold': 0.5, 'micro_f1': 0.17201724964063247}, {'threshold': 0.6, 'micro_f1': 0.26552197802197797}, {'threshold': 0.7, 'micro_f1': 0.2873085598955241}, {'threshold': 0.8, 'micro_f1': 0.30419309917994736}, {'threshold': 0.9, 'micro_f1': 0.23607770582793705}]"
108,0.1430968894770271,0.30936555891195566,0.3530255902433863,0.2715102617036769,0.2917544754413613,0.8422565595665343,0.7150195664317879,18.86334136733237,0.7837298512458801,0.3114186851207263,490,0.07872523367404938,0.2513145464116432,"[{'threshold': 0.1, 'micro_f1': 0.01175665060189805}, {'threshold': 0.2, 'micro_f1': 0.014881560613098003}, {'threshold': 0.3, 'micro_f1': 0.030097585193746085}, {'threshold': 0.4, 'micro_f1': 0.07966058916144851}, {'threshold': 0.5, 'micro_f1': 0.18810257755624057}, {'threshold': 0.6, 'micro_f1': 0.28500691764363206}, {'threshold': 0.7, 'micro_f1': 0.2998061076102762}, {'threshold': 0.8, 'micro_f1': 0.304044630404463}, {'threshold': 0.9, 'micro_f1': 0.24590465672740655}]"
109,0.1392611629084537,0.30639042894615315,0.3623249698992812,0.26662639784644004,0.2999073973055591,0.8418178591421692,0.710429501402994,18.91417900965888,0.7599495649337769,0.3221476510063095,490,0.07745598256587982,0.24884355975240074,"[{'threshold': 0.1, 'micro_f1': 0.011786767389144455}, {'threshold': 0.2, 'micro_f1': 0.015067992479191552}, {'threshold': 0.3, 'micro_f1': 0.03055625052122425}, {'threshold': 0.4, 'micro_f1': 0.08178281566551077}, {'threshold': 0.5, 'micro_f1': 0.1925836518473815}, {'threshold': 0.6, 'micro_f1': 0.2836570914272856}, {'threshold': 0.7, 'micro_f1': 0.2939495589514225}, {'threshold': 0.8, 'micro_f1': 0.29883268482490266}, {'threshold': 0.9, 'micro_f1': 0.23155929038281975}]"
110,0.13721631702623868,0.3064008394539197,0.3565103812478049,0.2722561748484965,0.2934911404811298,0.8438086647819297,0.7161034570238067,18.873963230499267,0.7778515815734863,0.32131147540942007,490,0.07546131312847137,0.24484225522368225,"[{'threshold': 0.1, 'micro_f1': 0.011856349468383515}, {'threshold': 0.2, 'micro_f1': 0.01541413915199067}, {'threshold': 0.3, 'micro_f1': 0.032234528256548045}, {'threshold': 0.4, 'micro_f1': 0.0857332138264292}, {'threshold': 0.5, 'micro_f1': 0.19991744634012107}, {'threshold': 0.6, 'micro_f1': 0.293879994014664}, {'threshold': 0.7, 'micro_f1': 0.29098966026587886}, {'threshold': 0.8, 'micro_f1': 0.30026393417171243}, {'threshold': 0.9, 'micro_f1': 0.23496762257169285}]"
111,0.13263553404494335,0.31079840929905544,0.3618896951181712,0.2755066363563964,0.29873158680344053,0.8442114607904833,0.7245979005682507,18.767845883607837,0.7868909239768982,0.3114186851207263,490,0.07158955186605453,0.2369015157715728,"[{'threshold': 0.1, 'micro_f1': 0.011970819597219049}, {'threshold': 0.2, 'micro_f1': 0.016177957532861477}, {'threshold': 0.3, 'micro_f1': 0.03495460409882062}, {'threshold': 0.4, 'micro_f1': 0.0913748215335517}, {'threshold': 0.5, 'micro_f1': 0.2046753998697257}, {'threshold': 0.6, 'micro_f1': 0.2927314460596786}, {'threshold': 0.7, 'micro_f1': 0.3028727092620109}, {'threshold': 0.8, 'micro_f1': 0.3041172800998128}, {'threshold': 0.9, 'micro_f1': 0.24222222222222217}]"
112,0.13113079494551608,0.31325966850781956,0.36343827693915354,0.2839473429996018,0.3028570701126023,0.8451448955684745,0.7182494486619806,18.66667707391855,0.7366222143173218,0.3266666666662606,490,0.07101338356733322,0.23588522000915174,"[{'threshold': 0.1, 'micro_f1': 0.011903564271905902}, {'threshold': 0.2, 'micro_f1': 0.01626825417304065}, {'threshold': 0.3, 'micro_f1': 0.0355713952765693}, {'threshold': 0.4, 'micro_f1': 0.09278906161352547}, {'threshold': 0.5, 'micro_f1': 0.21116699467891245}, {'threshold': 0.6, 'micro_f1': 0.31071944085694747}, {'threshold': 0.7, 'micro_f1': 0.30839281319222245}, {'threshold': 0.8, 'micro_f1': 0.30394287488357646}, {'threshold': 0.9, 'micro_f1': 0.24675805854020003}]"
113,0.12736119345614785,0.3144742383822416,0.3585725309971592,0.2803488778197312,0.29627842816896194,0.8485462943434156,0.7202539598082015,18.728750076972567,0.7360380291938782,0.3223684210522175,490,0.06998591125011444,0.23431758037929248,"[{'threshold': 0.1, 'micro_f1': 0.01197347331412135}, {'threshold': 0.2, 'micro_f1': 0.016332099726907894}, {'threshold': 0.3, 'micro_f1': 0.03631568772275952}, {'threshold': 0.4, 'micro_f1': 0.09659734223228651}, {'threshold': 0.5, 'micro_f1': 0.2222222222222222}, {'threshold': 0.6, 'micro_f1': 0.3076560659599528}, {'threshold': 0.7, 'micro_f1': 0.3050762060712936}, {'threshold': 0.8, 'micro_f1': 0.3029265255292652}, {'threshold': 0.9, 'micro_f1': 0.2328279992513569}]"
114,0.12572145681632194,0.3185396081053737,0.3611722448940129,0.2810506863504556,0.30076007867420285,0.8465674026022539,0.7195459851127113,18.899722597976773,0.6080267429351807,0.3114186851207263,490,0.06754635274410248,0.22937828536564306,"[{'threshold': 0.1, 'micro_f1': 0.011967410470661471}, {'threshold': 0.2, 'micro_f1': 0.016819545868010984}, {'threshold': 0.3, 'micro_f1': 0.03834113314868464}, {'threshold': 0.4, 'micro_f1': 0.10195880675102825}, {'threshold': 0.5, 'micro_f1': 0.22882068109968387}, {'threshold': 0.6, 'micro_f1': 0.31477773327993586}, {'threshold': 0.7, 'micro_f1': 0.30914907229686495}, {'threshold': 0.8, 'micro_f1': 0.2973696645140967}, {'threshold': 0.9, 'micro_f1': 0.2252100840336134}]"
115,0.1227036222031242,0.313039150629922,0.3536359161585708,0.2779222819978202,0.2898940024961224,0.8498279369645433,0.7223522179870377,18.673415590082143,0.6082146167755127,0.3277591973240107,490,0.06602655351161957,0.2256094045123292,"[{'threshold': 0.1, 'micro_f1': 0.012069442378975488}, {'threshold': 0.2, 'micro_f1': 0.017376324428369904}, {'threshold': 0.3, 'micro_f1': 0.03999341129962115}, {'threshold': 0.4, 'micro_f1': 0.1053531118993873}, {'threshold': 0.5, 'micro_f1': 0.22525597269624573}, {'threshold': 0.6, 'micro_f1': 0.3119719432488442}, {'threshold': 0.7, 'micro_f1': 0.30460060667340744}, {'threshold': 0.8, 'micro_f1': 0.30251837947755356}, {'threshold': 0.9, 'micro_f1': 0.23283361095687577}]"
116,0.12036559950364263,0.33186185406340246,0.36089626885172943,0.28713414929397746,0.2995874889967012,0.8465518528541109,0.7184807449414802,18.739995123409035,0.6020604372024536,0.31612903225763944,490,0.06295367330312729,0.21990255350106225,"[{'threshold': 0.1, 'micro_f1': 0.012085625676486588}, {'threshold': 0.2, 'micro_f1': 0.017856940114308033}, {'threshold': 0.3, 'micro_f1': 0.042545095661066124}, {'threshold': 0.4, 'micro_f1': 0.11552255483266351}, {'threshold': 0.5, 'micro_f1': 0.24545534381312023}, {'threshold': 0.6, 'micro_f1': 0.3309364834788563}, {'threshold': 0.7, 'micro_f1': 0.3129108598474888}, {'threshold': 0.8, 'micro_f1': 0.2945019920318725}, {'threshold': 0.9, 'micro_f1': 0.22051089406461302}]"
117,0.11710927400149797,0.33757742601466506,0.3601080836141476,0.29041621568349313,0.2947262646219728,0.8496797582522841,0.7290004445951346,18.68066421865777,0.6018050909042358,0.3124999999996216,490,0.06257254630327225,0.21862521609595487,"[{'threshold': 0.1, 'micro_f1': 0.012236197574782252}, {'threshold': 0.2, 'micro_f1': 0.01813390731199235}, {'threshold': 0.3, 'micro_f1': 0.04272654179446711}, {'threshold': 0.4, 'micro_f1': 0.11393642162872931}, {'threshold': 0.5, 'micro_f1': 0.24433875823552512}, {'threshold': 0.6, 'micro_f1': 0.3354904632152588}, {'threshold': 0.7, 'micro_f1': 0.3121220089403102}, {'threshold': 0.8, 'micro_f1': 0.30209656925031764}, {'threshold': 0.9, 'micro_f1': 0.22497187851518557}]"
118,0.11472590212759219,0.3325931408828285,0.36346116860856437,0.2893505783790886,0.30131733042949677,0.8512809568645104,0.7313185240071131,18.615558752501716,0.5927695631980896,0.32081911262759566,490,0.060058917850255966,0.21339298818746646,"[{'threshold': 0.1, 'micro_f1': 0.012243629406380716}, {'threshold': 0.2, 'micro_f1': 0.018904072754511145}, {'threshold': 0.3, 'micro_f1': 0.04632442578223263}, {'threshold': 0.4, 'micro_f1': 0.12367572547213265}, {'threshold': 0.5, 'micro_f1': 0.25416341698398864}, {'threshold': 0.6, 'micro_f1': 0.3239460658815497}, {'threshold': 0.7, 'micro_f1': 0.3063840920983778}, {'threshold': 0.8, 'micro_f1': 0.30473186119873813}, {'threshold': 0.9, 'micro_f1': 0.2256063169768753}]"
119,0.11206329127675609,0.3294881654271933,0.36529419573807775,0.29294658522972455,0.30332413570140504,0.8496557652209425,0.7264896865630238,18.593109739138125,0.5992805361747742,0.32142857142821496,490,0.0586688295006752,0.21036989975066064,"[{'threshold': 0.1, 'micro_f1': 0.012188255841342978}, {'threshold': 0.2, 'micro_f1': 0.01925050008488526}, {'threshold': 0.3, 'micro_f1': 0.048378809594634795}, {'threshold': 0.4, 'micro_f1': 0.12733378643105586}, {'threshold': 0.5, 'micro_f1': 0.2560877582864438}, {'threshold': 0.6, 'micro_f1': 0.32913561209629055}, {'threshold': 0.7, 'micro_f1': 0.3053515215110178}, {'threshold': 0.8, 'micro_f1': 0.3090020495033895}, {'threshold': 0.9, 'micro_f1': 0.23369868103288124}]"
120,0.10985555680174576,0.33237522863814223,0.3656657548208707,0.29209560665507595,0.30440125128551515,0.8521961383676488,0.7203751889669672,18.648639389578126,0.6010853052139282,0.3192182410419256,490,0.05796714127063751,0.20860382013396436,"[{'threshold': 0.1, 'micro_f1': 0.012348428749942148}, {'threshold': 0.2, 'micro_f1': 0.019519029183815408}, {'threshold': 0.3, 'micro_f1': 0.049158695756216626}, {'threshold': 0.4, 'micro_f1': 0.12975291903595929}, {'threshold': 0.5, 'micro_f1': 0.26458393597531576}, {'threshold': 0.6, 'micro_f1': 0.33145434047350614}, {'threshold': 0.7, 'micro_f1': 0.31277242108043846}, {'threshold': 0.8, 'micro_f1': 0.30705394190871366}, {'threshold': 0.9, 'micro_f1': 0.22471910112359547}]"
121,0.10732874305624711,0.3364535972180258,0.3608012926606767,0.29374171156201656,0.2986151967258099,0.8502533281487188,0.7133801724761935,18.67816930215767,0.6005991101264954,0.33333333333294035,490,0.056428104639053345,0.20573360922284858,"[{'threshold': 0.1, 'micro_f1': 0.012234857006015834}, {'threshold': 0.2, 'micro_f1': 0.019908987485779295}, {'threshold': 0.3, 'micro_f1': 0.05166459455725929}, {'threshold': 0.4, 'micro_f1': 0.13754090899239255}, {'threshold': 0.5, 'micro_f1': 0.27400280617358186}, {'threshold': 0.6, 'micro_f1': 0.3361493997332147}, {'threshold': 0.7, 'micro_f1': 0.31386178318406627}, {'threshold': 0.8, 'micro_f1': 0.2997257622197128}, {'threshold': 0.9, 'micro_f1': 0.22498586772187673}]"
122,0.10565991754594602,0.3440511573443784,0.36214704333573816,0.3013434139368838,0.30202245146975654,0.8501105686415025,0.70718621443861,18.52002052401692,0.6087272763252258,0.324503311257868,490,0.055986665189266205,0.20375487790775745,"[{'threshold': 0.1, 'micro_f1': 0.012300827991217473}, {'threshold': 0.2, 'micro_f1': 0.020326888921923778}, {'threshold': 0.3, 'micro_f1': 0.051835160107054044}, {'threshold': 0.4, 'micro_f1': 0.13448304800268546}, {'threshold': 0.5, 'micro_f1': 0.26698027168434696}, {'threshold': 0.6, 'micro_f1': 0.34126503417841997}, {'threshold': 0.7, 'micro_f1': 0.3183292255804903}, {'threshold': 0.8, 'micro_f1': 0.30352644836272036}, {'threshold': 0.9, 'micro_f1': 0.23266219239373598}]"
123,0.10229673346406536,0.3276170060731156,0.36696542417379785,0.29570486165559245,0.30620118277104735,0.8524338278937651,0.7249247200223915,18.721401125884395,0.6123829483985901,0.3344709897607015,490,0.05362629145383835,0.19733741114917538,"[{'threshold': 0.1, 'micro_f1': 0.012704773978796336}, {'threshold': 0.2, 'micro_f1': 0.02173651538760655}, {'threshold': 0.3, 'micro_f1': 0.05579456526013606}, {'threshold': 0.4, 'micro_f1': 0.13690947620780444}, {'threshold': 0.5, 'micro_f1': 0.2617009132420091}, {'threshold': 0.6, 'micro_f1': 0.3242923531896915}, {'threshold': 0.7, 'micro_f1': 0.31537383772767796}, {'threshold': 0.8, 'micro_f1': 0.3042270904041962}, {'threshold': 0.9, 'micro_f1': 0.26099547511312216}]"
124,0.10039103211540924,0.34416631310941187,0.37264807781113607,0.3030712277353108,0.3109153497510497,0.853896980292266,0.7258843629452685,18.641033070405328,0.5907271504402161,0.3223684210522175,490,0.052726615220308304,0.19641106145703113,"[{'threshold': 0.1, 'micro_f1': 0.012530832561582703}, {'threshold': 0.2, 'micro_f1': 0.02170587644175478}, {'threshold': 0.3, 'micro_f1': 0.05777705239105598}, {'threshold': 0.4, 'micro_f1': 0.14752283420979795}, {'threshold': 0.5, 'micro_f1': 0.2807178545936576}, {'threshold': 0.6, 'micro_f1': 0.34330459264472984}, {'threshold': 0.7, 'micro_f1': 0.3180258643441541}, {'threshold': 0.8, 'micro_f1': 0.3043478260869565}, {'threshold': 0.9, 'micro_f1': 0.24241309545705347}]"
125,0.0986124135161701,0.33988460151412164,0.3653308825148482,0.2978571784148844,0.30055437384758654,0.853467757016811,0.7207488227771347,18.782972858662323,0.6041726469993591,0.3322033898301132,490,0.05201989784836769,0.1946134334584801,"[{'threshold': 0.1, 'micro_f1': 0.012593460021491473}, {'threshold': 0.2, 'micro_f1': 0.02203432236640093}, {'threshold': 0.3, 'micro_f1': 0.05936294242429304}, {'threshold': 0.4, 'micro_f1': 0.14895452108440757}, {'threshold': 0.5, 'micro_f1': 0.2817639802631579}, {'threshold': 0.6, 'micro_f1': 0.3382952330320751}, {'threshold': 0.7, 'micro_f1': 0.3097509273979862}, {'threshold': 0.8, 'micro_f1': 0.30496678266371396}, {'threshold': 0.9, 'micro_f1': 0.23066938624142402}]"
126,0.0964898000422277,0.34564643799424327,0.3663770261005569,0.30677372092389504,0.307766147339063,0.8549578375525783,0.721848344296396,18.60515844314101,0.593796968460083,0.3175675675671701,490,0.050566453486680984,0.19102237744028625,"[{'threshold': 0.1, 'micro_f1': 0.01273791937132303}, {'threshold': 0.2, 'micro_f1': 0.022788499757099324}, {'threshold': 0.3, 'micro_f1': 0.061730864562587515}, {'threshold': 0.4, 'micro_f1': 0.15511327955171247}, {'threshold': 0.5, 'micro_f1': 0.28683568473533466}, {'threshold': 0.6, 'micro_f1': 0.34320274417764934}, {'threshold': 0.7, 'micro_f1': 0.3197458973001588}, {'threshold': 0.8, 'micro_f1': 0.3135943966889525}, {'threshold': 0.9, 'micro_f1': 0.23415721984761192}]"
127,0.09424571112582558,0.3554607824953405,0.369399795892954,0.31182973609206266,0.3115168136607088,0.8547687451621646,0.7199538436464304,18.441567034307855,0.5994014739990234,0.3071672354944899,490,0.048974715173244476,0.18760315687602888,"[{'threshold': 0.1, 'micro_f1': 0.012733843014823373}, {'threshold': 0.2, 'micro_f1': 0.02369025255687748}, {'threshold': 0.3, 'micro_f1': 0.06473529034739137}, {'threshold': 0.4, 'micro_f1': 0.16096866096866097}, {'threshold': 0.5, 'micro_f1': 0.29255083996463305}, {'threshold': 0.6, 'micro_f1': 0.3548237045306539}, {'threshold': 0.7, 'micro_f1': 0.3254754888829359}, {'threshold': 0.8, 'micro_f1': 0.3159429682436811}, {'threshold': 0.9, 'micro_f1': 0.2252934494509655}]"
128,0.09174840238533521,0.3482501925211301,0.37127011116808034,0.3115886001403698,0.31873605936160243,0.8554416756711524,0.7231240328060122,18.436090972626694,0.5895949006080627,0.3255813953484291,490,0.04809006676077843,0.18435382146825516,"[{'threshold': 0.1, 'micro_f1': 0.012982637055053967}, {'threshold': 0.2, 'micro_f1': 0.02464990294180666}, {'threshold': 0.3, 'micro_f1': 0.06600957476767108}, {'threshold': 0.4, 'micro_f1': 0.1591969532648995}, {'threshold': 0.5, 'micro_f1': 0.28662285350858596}, {'threshold': 0.6, 'micro_f1': 0.3464439655172413}, {'threshold': 0.7, 'micro_f1': 0.32716778171323624}, {'threshold': 0.8, 'micro_f1': 0.3146907618009035}, {'threshold': 0.9, 'micro_f1': 0.24903581267217625}]"
129,0.08999963151781183,0.35444705882304,0.3693421348071496,0.3128005307747904,0.314627920723183,0.8528903635492008,0.7157916711790346,18.40369848628323,0.5985785722732544,0.3266666666662606,490,0.04608076065778732,0.179993988632834,"[{'threshold': 0.1, 'micro_f1': 0.013099009083926338}, {'threshold': 0.2, 'micro_f1': 0.025406406110300497}, {'threshold': 0.3, 'micro_f1': 0.07070276848189838}, {'threshold': 0.4, 'micro_f1': 0.17320658781916656}, {'threshold': 0.5, 'micro_f1': 0.2996117835122174}, {'threshold': 0.6, 'micro_f1': 0.3536215396283655}, {'threshold': 0.7, 'micro_f1': 0.33028755710830415}, {'threshold': 0.8, 'micro_f1': 0.31491536250399227}, {'threshold': 0.9, 'micro_f1': 0.23386342376052383}]"
130,0.08988437487890846,0.3478805222674483,0.3746347766141289,0.3031548936098586,0.3183835207224365,0.8503401354358663,0.7189524919102929,18.53281569359363,0.5905584096908569,0.32131147540942007,490,0.04479575529694557,0.17643959158456757,"[{'threshold': 0.1, 'micro_f1': 0.013219806223185977}, {'threshold': 0.2, 'micro_f1': 0.02643398994351503}, {'threshold': 0.3, 'micro_f1': 0.07358065612782594}, {'threshold': 0.4, 'micro_f1': 0.1748670964822984}, {'threshold': 0.5, 'micro_f1': 0.3015115354017502}, {'threshold': 0.6, 'micro_f1': 0.3433813892529488}, {'threshold': 0.7, 'micro_f1': 0.331588132635253}, {'threshold': 0.8, 'micro_f1': 0.30945648759032357}, {'threshold': 0.9, 'micro_f1': 0.2328258447827701}]"
131,0.08675764171700728,0.34496296957210665,0.3742438548632971,0.3051939107678457,0.31349867084598404,0.8581616720207711,0.73498377495798,18.40470259062658,0.5850504636764526,0.325423728813164,490,0.04395495355129242,0.1746900274281749,"[{'threshold': 0.1, 'micro_f1': 0.013349591001219326}, {'threshold': 0.2, 'micro_f1': 0.02724923488157993}, {'threshold': 0.3, 'micro_f1': 0.07652955030947034}, {'threshold': 0.4, 'micro_f1': 0.1822259765226763}, {'threshold': 0.5, 'micro_f1': 0.3084787590340208}, {'threshold': 0.6, 'micro_f1': 0.34143540669856454}, {'threshold': 0.7, 'micro_f1': 0.3269921511241186}, {'threshold': 0.8, 'micro_f1': 0.3119732866910478}, {'threshold': 0.9, 'micro_f1': 0.23085543518864396}]"
132,0.08532379073532004,0.3515581265156528,0.3791645235945463,0.3157438786476083,0.3209463820801233,0.8584000540497507,0.7337813513904305,18.356475139198754,0.5899604558944702,0.31715210355944723,490,0.0419011153280735,0.1691840203168532,"[{'threshold': 0.1, 'micro_f1': 0.013639563679733636}, {'threshold': 0.2, 'micro_f1': 0.028938821250166193}, {'threshold': 0.3, 'micro_f1': 0.08218369082490787}, {'threshold': 0.4, 'micro_f1': 0.19001807653420755}, {'threshold': 0.5, 'micro_f1': 0.31861408928463264}, {'threshold': 0.6, 'micro_f1': 0.3451766767253966}, {'threshold': 0.7, 'micro_f1': 0.3288996372430471}, {'threshold': 0.8, 'micro_f1': 0.31814548361310946}, {'threshold': 0.9, 'micro_f1': 0.25128771155261215}]"
133,0.08363429888298637,0.3561897701996609,0.38092323123798894,0.31379566544082765,0.32563417703675485,0.8580236763689735,0.7207723638497427,18.474854301131273,0.5943924188613892,0.3266666666662606,490,0.04212018474936485,0.16939411215328254,"[{'threshold': 0.1, 'micro_f1': 0.013630671498826515}, {'threshold': 0.2, 'micro_f1': 0.028902697787208245}, {'threshold': 0.3, 'micro_f1': 0.08147048856585297}, {'threshold': 0.4, 'micro_f1': 0.18882489521454635}, {'threshold': 0.5, 'micro_f1': 0.3148191916804538}, {'threshold': 0.6, 'micro_f1': 0.3546395669104378}, {'threshold': 0.7, 'micro_f1': 0.33120510774142053}, {'threshold': 0.8, 'micro_f1': 0.3087818696883852}, {'threshold': 0.9, 'micro_f1': 0.2369492780451684}]"
134,0.08204638957977295,0.3598673300160971,0.37736136860768493,0.31802880198646744,0.32302798534547106,0.8567383062722671,0.7218676372620747,18.233956253471455,0.5918108820915222,0.31612903225763944,490,0.04016272351145744,0.1639558809362685,"[{'threshold': 0.1, 'micro_f1': 0.013882384595866278}, {'threshold': 0.2, 'micro_f1': 0.030709938156425948}, {'threshold': 0.3, 'micro_f1': 0.08633780861869562}, {'threshold': 0.4, 'micro_f1': 0.19500392772977218}, {'threshold': 0.5, 'micro_f1': 0.31712907117008443}, {'threshold': 0.6, 'micro_f1': 0.3586233124168092}, {'threshold': 0.7, 'micro_f1': 0.3362855254461335}, {'threshold': 0.8, 'micro_f1': 0.31397174254317106}, {'threshold': 0.9, 'micro_f1': 0.2591313828820643}]"
135,0.0800052843595806,0.3629275899030248,0.37723591474476875,0.3203844501362051,0.3242584052847485,0.8569556045361703,0.7265473730151617,18.399604228511205,0.5998427867889404,0.3344709897607015,490,0.03975488990545273,0.16304979831669422,"[{'threshold': 0.1, 'micro_f1': 0.013973989819730073}, {'threshold': 0.2, 'micro_f1': 0.030757825370675455}, {'threshold': 0.3, 'micro_f1': 0.08779742969843492}, {'threshold': 0.4, 'micro_f1': 0.19636689266982219}, {'threshold': 0.5, 'micro_f1': 0.3214395760152831}, {'threshold': 0.6, 'micro_f1': 0.3624658603199375}, {'threshold': 0.7, 'micro_f1': 0.33073196986006453}, {'threshold': 0.8, 'micro_f1': 0.31425435157597614}, {'threshold': 0.9, 'micro_f1': 0.2440915805022156}]"
136,0.07829069095222574,0.36121568267328114,0.3762932979044474,0.32167274953420977,0.3221668923474191,0.8574732293359014,0.7244360096853031,18.381362253638713,0.5854054093360901,0.33333333333294035,490,0.03932562097907066,0.16246103272063586,"[{'threshold': 0.1, 'micro_f1': 0.013935047121204884}, {'threshold': 0.2, 'micro_f1': 0.03123587772650572}, {'threshold': 0.3, 'micro_f1': 0.09069250317662007}, {'threshold': 0.4, 'micro_f1': 0.20714952647725757}, {'threshold': 0.5, 'micro_f1': 0.32889841730247804}, {'threshold': 0.6, 'micro_f1': 0.3567873523958231}, {'threshold': 0.7, 'micro_f1': 0.33090221501890865}, {'threshold': 0.8, 'micro_f1': 0.3095690747782002}, {'threshold': 0.9, 'micro_f1': 0.2372067245520044}]"
137,0.07710026992779029,0.35889019148058954,0.3748119800315683,0.32055731282724065,0.32018008233579554,0.8564249333624034,0.7219932547764787,18.345455258331018,0.547075092792511,0.3322033898301132,490,0.03829202055931091,0.15899581328174767,"[{'threshold': 0.1, 'micro_f1': 0.014249216745877358}, {'threshold': 0.2, 'micro_f1': 0.0325303828897504}, {'threshold': 0.3, 'micro_f1': 0.09209062542395875}, {'threshold': 0.4, 'micro_f1': 0.20726258859887803}, {'threshold': 0.5, 'micro_f1': 0.3291789315463142}, {'threshold': 0.6, 'micro_f1': 0.3483048391770501}, {'threshold': 0.7, 'micro_f1': 0.32989414444593324}, {'threshold': 0.8, 'micro_f1': 0.3175452399685287}, {'threshold': 0.9, 'micro_f1': 0.25541993077063213}]"
138,0.07642703221032494,0.361861726163095,0.3725100861046511,0.3210075857249779,0.3168862587814278,0.8555340523127126,0.719363212588848,18.314588278826754,0.5840242505073547,0.3344709897607015,490,0.038143862038850784,0.15809044080324017,"[{'threshold': 0.1, 'micro_f1': 0.01433653880023953}, {'threshold': 0.2, 'micro_f1': 0.03295477098815798}, {'threshold': 0.3, 'micro_f1': 0.09230478657384923}, {'threshold': 0.4, 'micro_f1': 0.20422721268163804}, {'threshold': 0.5, 'micro_f1': 0.32335403726708073}, {'threshold': 0.6, 'micro_f1': 0.3589253274691652}, {'threshold': 0.7, 'micro_f1': 0.33470471134704705}, {'threshold': 0.8, 'micro_f1': 0.3157894736842105}, {'threshold': 0.9, 'micro_f1': 0.26393917451122373}]"
139,0.0747743466182759,0.3590551181097769,0.3826405034271245,0.3182753451568112,0.323516434356583,0.8603674949110698,0.7345300303050843,18.232356384740314,0.5464621782302856,0.31715210355944723,490,0.03633475303649902,0.15306120234956208,"[{'threshold': 0.1, 'micro_f1': 0.01476267168527533}, {'threshold': 0.2, 'micro_f1': 0.03548206437650096}, {'threshold': 0.3, 'micro_f1': 0.09889839463817837}, {'threshold': 0.4, 'micro_f1': 0.2131425213453628}, {'threshold': 0.5, 'micro_f1': 0.3280289101629366}, {'threshold': 0.6, 'micro_f1': 0.3533493975903614}, {'threshold': 0.7, 'micro_f1': 0.33462618697338503}, {'threshold': 0.8, 'micro_f1': 0.3112779602690442}, {'threshold': 0.9, 'micro_f1': 0.24214587543634022}]"
140,0.07312232126530847,0.36374145072679814,0.3796335390462333,0.3265601795146477,0.3239090677197398,0.8611180284809645,0.7319917389724848,18.280998051675944,0.5918399095535278,0.3186440677962149,490,0.03526042401790619,0.1508317413140814,"[{'threshold': 0.1, 'micro_f1': 0.014885973587759614}, {'threshold': 0.2, 'micro_f1': 0.03688700942206395}, {'threshold': 0.3, 'micro_f1': 0.10466345049391225}, {'threshold': 0.4, 'micro_f1': 0.2243909544444849}, {'threshold': 0.5, 'micro_f1': 0.33798347107438015}, {'threshold': 0.6, 'micro_f1': 0.3618230776902363}, {'threshold': 0.7, 'micro_f1': 0.33134003805381895}, {'threshold': 0.8, 'micro_f1': 0.3154190658989123}, {'threshold': 0.9, 'micro_f1': 0.24179874677478802}]"
141,0.07126637893287759,0.36618921975073554,0.3781760912092175,0.3258372466494748,0.32048928574933744,0.8615404169570804,0.7214825871408692,18.334500536889173,0.5932353138923645,0.32081911262759566,490,0.03519316762685776,0.1499690651206839,"[{'threshold': 0.1, 'micro_f1': 0.015024841686100639}, {'threshold': 0.2, 'micro_f1': 0.03717383652039405}, {'threshold': 0.3, 'micro_f1': 0.10406854850961685}, {'threshold': 0.4, 'micro_f1': 0.22361908890574764}, {'threshold': 0.5, 'micro_f1': 0.33836543466944297}, {'threshold': 0.6, 'micro_f1': 0.36367146028375635}, {'threshold': 0.7, 'micro_f1': 0.3381706829982692}, {'threshold': 0.8, 'micro_f1': 0.3137990310986091}, {'threshold': 0.9, 'micro_f1': 0.25374224169404885}]"
142,0.06992208847874089,0.3614076050695762,0.37555049159282167,0.32227333175980183,0.31871172584438945,0.8634833727161444,0.7314406166939423,18.25955512392405,0.5635875463485718,0.3192182410419256,490,0.034510254859924316,0.14724298693593463,"[{'threshold': 0.1, 'micro_f1': 0.015396406498355778}, {'threshold': 0.2, 'micro_f1': 0.03879643812144656}, {'threshold': 0.3, 'micro_f1': 0.10613363721761092}, {'threshold': 0.4, 'micro_f1': 0.2183838884366262}, {'threshold': 0.5, 'micro_f1': 0.3350196028835209}, {'threshold': 0.6, 'micro_f1': 0.3527732851298639}, {'threshold': 0.7, 'micro_f1': 0.33754152823920264}, {'threshold': 0.8, 'micro_f1': 0.314018691588785}, {'threshold': 0.9, 'micro_f1': 0.2604128938790293}]"
143,0.06845899981103445,0.37544214249573793,0.3794953928407252,0.32933348061660317,0.3213256988945809,0.8593315032245333,0.7236548100562548,18.342818745554617,0.551226019859314,0.3276450511941486,490,0.03346773982048035,0.1454461462095169,"[{'threshold': 0.1, 'micro_f1': 0.015319203446632394}, {'threshold': 0.2, 'micro_f1': 0.03939943409447092}, {'threshold': 0.3, 'micro_f1': 0.11076670766707668}, {'threshold': 0.4, 'micro_f1': 0.235217970683419}, {'threshold': 0.5, 'micro_f1': 0.3526089295320064}, {'threshold': 0.6, 'micro_f1': 0.3742960579243764}, {'threshold': 0.7, 'micro_f1': 0.333197223356472}, {'threshold': 0.8, 'micro_f1': 0.3135933237040603}, {'threshold': 0.9, 'micro_f1': 0.23620881155127726}]"
144,0.06709407858158413,0.36937157800067744,0.37615737488754003,0.33159557635243864,0.31872546991334333,0.8622605164368291,0.7275602041568887,18.276026326151037,0.5403748154640198,0.324503311257868,490,0.031720954924821854,0.14004559052836807,"[{'threshold': 0.1, 'micro_f1': 0.015912557193695984}, {'threshold': 0.2, 'micro_f1': 0.04300283021074545}, {'threshold': 0.3, 'micro_f1': 0.11897247835822211}, {'threshold': 0.4, 'micro_f1': 0.24291209009080456}, {'threshold': 0.5, 'micro_f1': 0.3483528450857609}, {'threshold': 0.6, 'micro_f1': 0.36545051400927225}, {'threshold': 0.7, 'micro_f1': 0.3257400081844223}, {'threshold': 0.8, 'micro_f1': 0.319333119589612}, {'threshold': 0.9, 'micro_f1': 0.24194439329773518}]"
145,0.06453361546522693,0.3756053811654365,0.3810483954647012,0.32998914271853774,0.3219289409559486,0.8639770230611535,0.730253165408761,18.252371354733935,0.5686084628105164,0.33333333333294035,490,0.03144220635294914,0.13879687251062825,"[{'threshold': 0.1, 'micro_f1': 0.016149777055945738}, {'threshold': 0.2, 'micro_f1': 0.04345062215263635}, {'threshold': 0.3, 'micro_f1': 0.12096244339873924}, {'threshold': 0.4, 'micro_f1': 0.2440559162053447}, {'threshold': 0.5, 'micro_f1': 0.34684131532269064}, {'threshold': 0.6, 'micro_f1': 0.3707696915244084}, {'threshold': 0.7, 'micro_f1': 0.33508417508417504}, {'threshold': 0.8, 'micro_f1': 0.3172633253778838}, {'threshold': 0.9, 'micro_f1': 0.24803652968036524}]"
146,0.06419313102960586,0.37058764033529784,0.373915786329986,0.32534345849962787,0.3187439981890644,0.8595534087694887,0.7258246652898719,18.37909509975609,0.6009077429771423,0.324503311257868,490,0.031136397272348404,0.13737509509430965,"[{'threshold': 0.1, 'micro_f1': 0.016269900282552863}, {'threshold': 0.2, 'micro_f1': 0.04439046606953089}, {'threshold': 0.3, 'micro_f1': 0.11777031946442207}, {'threshold': 0.4, 'micro_f1': 0.2390675115387624}, {'threshold': 0.5, 'micro_f1': 0.34000957003212795}, {'threshold': 0.6, 'micro_f1': 0.3701462430660615}, {'threshold': 0.7, 'micro_f1': 0.33547695605573413}, {'threshold': 0.8, 'micro_f1': 0.31582288525630847}, {'threshold': 0.9, 'micro_f1': 0.24583257006777795}]"
147,0.06311381321988607,0.3658805820366339,0.3793164401169328,0.32529667593270906,0.3257692797733138,0.8643948771659581,0.732715831480042,18.377902076961153,0.5966323018074036,0.3192182410419256,490,0.02982645481824875,0.13356261464143493,"[{'threshold': 0.1, 'micro_f1': 0.016707021291113643}, {'threshold': 0.2, 'micro_f1': 0.047737923752289455}, {'threshold': 0.3, 'micro_f1': 0.12649598545674898}, {'threshold': 0.4, 'micro_f1': 0.2501649620587265}, {'threshold': 0.5, 'micro_f1': 0.3442441054091539}, {'threshold': 0.6, 'micro_f1': 0.3640065146579804}, {'threshold': 0.7, 'micro_f1': 0.3362879398334676}, {'threshold': 0.8, 'micro_f1': 0.3182467841829442}, {'threshold': 0.9, 'micro_f1': 0.25346968590211827}]"
